"Journal Ranking YTD","2026","Jan-Aug","Generated 2026-09-06"
Rank,ISSN,SJR,Journal Title,Medline %,FreeFull %,ORCID %,Retractions,Total,Jan,Feb,Mar,Apr,May,Jun,Jul,Aug,Sep,Oct,Nov,Dec,API_Ref,Withdrawn_URL
1,2045-2322,0.89,Sci Rep,0.51,1.00,0.16,171,28805,3570,3620,4280,4518,4331,4570,3238,678,,,,,A3:U3,
2,2168-8184,,Cureus,0.00,1.00,0.00,37,15653,2239,1940,2060,1698,1763,2165,1907,1881,,,,,A4:U4,
3,1932-6203,0.73,PLoS One,0.90,1.00,0.91,411,11444,1296,1525,1610,1515,1292,1471,1475,1260,,,,,A5:U5,
4,2692-8205,,bioRxiv,0.00,1.00,0.85,W4,9891,861,1806,685,1545,1505,1597,1128,764,,,,,A6:U6,https://pubmed.ncbi.nlm.nih.gov/?term=41497603+41847018+37066328+42094433
5,2041-1723,4.9,Nat Commun,0.58,1.00,0.99,28,8436,1050,1077,1225,1206,1256,1160,892,570,,,,,A7:U7,
6,1422-0067,1.32,Int J Mol Sci,0.98,1.00,0.93,38,7509,1128,957,836,422,1310,988,898,970,,,,,A8:U8,
7,1664-3224,1.96,Front Immunol,0.93,1.00,0.00,12,6570,584,736,840,720,894,981,933,882,,,,,A9:U9,
8,2077-0383,0.9,J Clin Med,0.00,1.00,0.96,0,6498,915,761,790,342,1181,859,907,743,,,,,A10:U10,
9,2296-858X,0.95,Front Med (Lausanne),0.00,1.00,0.00,6,5410,510,558,632,661,736,755,817,741,,,,,A11:U11,
10,1424-8220,0.8,Sensors (Basel),0.27,1.00,0.86,5,5318,753,649,609,273,995,691,690,658,,,,,A12:U12,
11,2296-2565,1.1,Front Public Health,0.93,1.00,0.00,4,4972,506,477,535,644,575,733,841,661,,,,,A13:U13,
12,1664-1078,0.94,Front Psychol,0.00,1.00,0.00,9,4712,440,426,581,604,545,699,702,715,,,,,A14:U14,
13,2470-1343,0.81,ACS Omega,0.00,1.00,0.98,34,4424,697,580,604,413,452,564,508,606,,,,,A15:U15,
14,2234-943X,1.02,Front Oncol,0.00,1.00,0.00,12,4154,384,427,513,460,594,593,572,611,,,,,A16:U16,
15,1879-0003,1.29,Int J Biol Macromol,0.74,0.11,0.00,192,3882,535,458,522,515,477,440,512,423,,,,,A17:U17,
16,2198-3844,3.29,Adv Sci (Weinh),0.41,0.98,0.94,7,3699,580,440,435,401,388,421,505,529,,,,,A18:U18,
17,1536-5964,0.53,Medicine (Baltimore),1.00,1.00,0.94,15,3596,601,520,319,222,700,417,510,307,,,,,A19:U19,
18,1996-1944,0.62,Materials (Basel),0.00,1.00,0.83,12,3562,445,382,448,205,697,508,469,408,,,,,A20:U20,
19,1944-8252,1.61,ACS Appl Mater Interfaces,0.25,0.13,1.00,3,3499,520,424,472,492,410,481,302,398,,,,,A21:U21,
20,2046-2069,0.86,RSC Adv,0.00,1.00,0.97,22,3403,420,343,420,360,437,157,801,465,,,,,A22:U22,
21,1521-3773,5.5,Angew Chem Int Ed Engl,0.13,0.34,0.96,4,3341,305,322,313,395,529,413,490,574,,,,,A23:U23,
22,1091-6490,3.28,Proc Natl Acad Sci U S A,0.70,0.61,0.92,14,3338,387,352,485,416,396,454,426,422,,,,,A24:U24,
23,1520-5126,5.49,J Am Chem Soc,0.22,0.29,1.00,3,3181,383,419,451,409,397,502,408,212,,,,,A25:U25,
24,1613-6829,2.65,Small,0.15,0.32,0.93,0,3180,465,309,280,307,382,343,523,571,,,,,A26:U26,
25,2589-0042,1.36,iScience,0.00,1.00,0.00,11,2990,367,319,368,338,355,417,420,406,,,,,A27:U27,
26,1873-7072,1.87,Food Chem,0.82,0.12,0.00,0,2950,399,398,400,336,386,370,338,323,,,,,A28:U28,
27,2304-8158,1.06,Foods,0.00,1.00,0.88,1,2945,408,386,319,157,560,419,329,367,,,,,A29:U29,
28,1420-3049,0.92,Molecules,0.69,1.00,0.91,33,2938,391,362,308,168,546,422,359,382,,,,,A30:U30,
29,1476-4687,19.71,Nature,0.19,0.19,0.41,16,2888,371,366,378,393,367,342,362,309,,,,,A31:U31,
30,2044-6055,0.93,BMJ Open,0.99,1.00,0.99,2,2827,305,357,353,288,422,385,406,311,,,,,A32:U32,
31,1664-462X,1.26,Front Plant Sci,0.00,1.00,0.00,0,2757,207,383,369,327,366,353,397,355,,,,,A33:U33,
32,2072-6643,1.5,Nutrients,0.99,1.00,0.97,5,2744,368,342,306,152,477,390,368,341,,,,,A34:U34,
33,2072-6694,1.41,Cancers (Basel),0.00,1.00,0.95,10,2720,345,368,330,139,491,343,348,356,,,,,A35:U35,
34,2075-4418,0.85,Diagnostics (Basel),0.00,1.00,0.96,3,2680,367,277,314,154,462,370,354,382,,,,,A36:U36,
35,2227-9032,0.86,Healthcare (Basel),0.00,1.00,0.95,0,2668,284,269,270,149,457,379,429,431,,,,,A37:U37,
36,1663-9812,1.25,Front Pharmacol,0.00,1.00,0.00,8,2654,278,271,282,335,366,385,418,319,,,,,A38:U38,
37,2076-2615,0.72,Animals (Basel),0.00,1.00,0.92,5,2630,352,342,301,133,443,364,343,352,,,,,A39:U39,
38,1521-4095,8.27,Adv Mater,0.15,0.35,0.96,0,2617,326,298,269,230,268,312,479,435,,,,,A40:U40,
39,1664-302X,1.26,Front Microbiol,0.00,1.00,0.00,5,2616,241,342,320,328,314,373,383,315,,,,,A41:U41,
40,2223-7747,0.96,Plants (Basel),0.00,1.00,0.89,3,2547,340,330,317,150,452,341,315,302,,,,,A42:U42,
41,1471-2458,1.36,BMC Public Health,0.81,1.00,0.27,6,2531,339,356,373,390,380,347,314,32,,,,,A43:U43,
42,1873-3336,2.62,J Hazard Mater,0.61,0.13,0.00,4,2449,336,329,268,316,321,296,296,287,,,,,A44:U44,
43,2296-861X,1.18,Front Nutr,0.00,1.00,0.00,2,2410,231,264,271,266,261,367,373,377,,,,,A45:U45,
44,2375-2548,4.53,Sci Adv,0.61,1.00,0.98,3,2369,287,223,232,263,318,282,409,355,,,,,A46:U46,
45,1664-2392,1.57,Front Endocrinol (Lausanne),0.93,1.00,0.00,7,2366,199,241,291,244,323,322,369,377,,,,,A47:U47,
46,1095-8630,1.92,J Environ Manage,0.93,0.23,0.00,5,2313,287,350,374,287,261,271,237,246,,,,,A48:U48,
47,1364-548X,0.91,Chem Commun (Camb),0.14,0.03,0.99,2,2249,281,243,249,274,266,303,328,305,,,,,A49:U49,
48,1520-6882,1.36,Anal Chem,0.73,0.18,0.99,0,2131,295,264,306,311,262,317,227,149,,,,,A50:U50,
49,NLM101767986,,medRxiv,0.00,1.00,0.83,W3,2128,151,392,179,194,322,361,345,184,,,,,A51:U51,https://pubmed.ncbi.nlm.nih.gov/?term=38293174+41891000+41890989
50,1094-4087,0.84,Opt Express,0.02,1.00,0.00,0,2114,,522,260,,450,366,127,389,,,,,A52:U52,
51,1664-2295,1.0,Front Neurol,0.08,1.00,0.00,2,2037,235,216,249,253,241,259,304,280,,,,,A53:U53,
52,2073-4360,0.93,Polymers (Basel),0.00,1.00,0.91,3,2035,306,238,235,118,369,290,238,241,,,,,A54:U54,
53,1079-7114,2.79,Phys Rev Lett,0.01,0.03,0.00,2,2015,294,153,348,228,235,187,293,277,,,,,A55:U55,
54,1664-0640,1.18,Front Psychiatry,0.00,1.00,0.00,3,1992,183,234,279,186,267,258,274,311,,,,,A56:U56,
55,1873-7145,1.67,Food Res Int,0.98,0.14,0.00,1,1982,304,297,245,129,377,75,94,461,,,,,A57:U57,
56,1520-5827,0.76,Langmuir,0.18,0.11,0.99,5,1911,225,228,240,272,247,304,230,165,,,,,A58:U58,
57,1520-5851,3.78,Environ Sci Technol,0.92,0.23,1.00,5,1879,247,269,262,245,237,254,203,162,,,,,A59:U59,
58,2227-9059,1.17,Biomedicines,0.00,1.00,0.95,3,1876,256,233,247,,440,232,244,224,,,,,A60:U60,
59,2297-055X,0.97,Front Cardiovasc Med,0.00,1.00,0.00,0,1868,156,196,246,206,209,284,288,283,,,,,A61:U61,
60,2076-2607,1.08,Microorganisms,0.00,1.00,0.90,0,1864,261,253,213,,439,220,217,261,,,,,A62:U62,
61,2574-3805,3.51,JAMA Netw Open,0.63,1.00,0.00,2,1834,219,274,243,237,209,211,227,214,,,,,A63:U63,
62,1520-5118,1.21,J Agric Food Chem,0.98,0.10,0.99,0,1775,255,224,262,221,221,259,207,126,,,,,A64:U64,
63,1472-6831,0.94,BMC Oral Health,0.80,1.00,0.38,1,1763,193,197,214,262,254,302,298,43,,,,,A65:U65,
64,1096-0953,1.84,Environ Res,0.84,0.21,0.00,114,1746,231,198,239,218,246,225,197,192,,,,,A66:U66,
65,2666-0849,0.32,JACC Case Rep,0.00,1.00,0.00,1,1736,168,106,278,206,251,232,287,208,,,,,A67:U67,
66,1520-510X,0.88,Inorg Chem,0.07,0.19,0.99,0,1699,213,195,236,223,223,265,205,139,,,,,A68:U68,
67,1523-7052,1.01,Org Lett,0.11,0.11,0.98,1,1690,242,206,223,227,202,266,218,106,,,,,A69:U69,
68,1463-9084,0.64,Phys Chem Chem Phys,0.10,0.04,0.98,1,1687,219,202,215,199,230,243,207,172,,,,,A70:U70,
69,1873-2976,1.98,Bioresour Technol,0.71,0.12,0.00,11,1676,189,160,195,191,258,231,250,202,,,,,A71:U71,
70,1940-087X,0.41,J Vis Exp,1.00,0.02,0.00,2,1647,119,97,167,164,137,296,218,449,,,,,A72:U72,
71,1756-1833,1.99,BMJ,0.05,0.07,0.08,1,1633,212,200,208,202,191,215,229,176,,,,,A73:U73,
72,1648-9144,0.74,Medicina (Kaunas),0.99,1.00,0.97,2,1616,234,188,188,,393,207,217,189,,,,,A74:U74,
73,2296-2360,0.73,Front Pediatr,0.00,1.00,0.00,0,1606,137,134,150,200,195,305,247,238,,,,,A75:U75,
74,1936-086X,4.1,ACS Nano,0.37,0.21,1.00,4,1592,223,262,212,194,202,212,169,118,,,,,A76:U76,
75,1471-2334,0.98,BMC Infect Dis,0.87,1.00,0.22,6,1570,254,239,212,235,252,217,146,15,,,,,A77:U77,
76,1175-5334,0.5,Zootaxa,0.90,0.00,0.00,0,1554,,,,,,,1554,,,,,,A78:U78,
77,1471-2229,1.19,BMC Plant Biol,0.85,1.00,0.18,1,1554,201,213,193,209,244,271,189,34,,,,,A79:U79,
78,1873-6297,0.92,Acta Psychol (Amst),0.93,0.99,0.00,1,1546,212,186,193,192,212,188,201,162,,,,,A80:U80,
79,1089-7690,0.88,J Chem Phys,0.05,0.03,1.00,0,1533,174,210,196,195,193,186,195,184,,,,,A81:U81,
80,2050-0904,,Clin Case Rep,0.00,1.00,0.97,5,1526,188,169,123,302,113,276,191,164,,,,,A82:U82,
81,1534-4681,1.02,Ann Surg Oncol,0.28,0.14,0.38,0,1509,171,195,215,179,148,192,244,165,,,,,A83:U83,
82,2073-4409,1.69,Cells,0.95,1.00,0.95,5,1505,212,174,185,169,215,176,183,191,,,,,A84:U84,
83,1095-7103,1.64,J Colloid Interface Sci,0.15,0.11,0.00,2,1495,192,169,174,191,184,204,184,197,,,,,A85:U85,
84,2693-5015,,Res Sq,0.00,1.00,0.42,0,1491,127,319,55,176,185,278,212,139,,,,,A86:U86,
85,2297-1769,0.75,Front Vet Sci,0.00,1.00,0.00,0,1462,145,195,185,168,188,205,191,185,,,,,A87:U87,
86,1472-6920,1.07,BMC Med Educ,0.85,1.00,0.37,2,1457,185,212,166,223,242,232,183,14,,,,,A88:U88,
87,2076-328X,0.83,Behav Sci (Basel),0.00,1.00,0.87,0,1457,161,150,164,,359,207,218,198,,,,,A89:U89,
88,2079-7737,0.93,Biology (Basel),0.00,1.00,0.89,0,1443,206,164,147,145,154,165,236,226,,,,,A90:U90,
89,2045-7758,0.8,Ecol Evol,0.00,1.00,0.96,2,1428,192,168,87,306,138,198,186,153,,,,,A91:U91,
90,2052-4463,1.91,Sci Data,0.52,1.00,0.52,0,1422,172,232,217,206,173,221,144,57,,,,,A92:U92,
91,1469-0705,2.3,Ultrasound Obstet Gynecol,0.06,0.05,0.11,0,1410,18,16,18,17,18,18,24,1281,,,,,A93:U93,
92,2398-8835,0.68,Health Sci Rep,0.00,1.00,0.97,0,1385,92,98,108,368,139,187,203,190,,,,,A94:U94,
93,2075-1729,0.87,Life (Basel),0.00,1.00,0.96,4,1384,183,181,167,1,331,175,174,172,,,,,A95:U95,
94,1879-2448,3.7,Water Res,0.72,0.18,0.00,3,1371,157,144,167,163,171,168,185,216,,,,,A96:U96,
95,2041-6520,2.01,Chem Sci,0.00,1.00,0.97,3,1368,205,176,165,142,174,173,163,170,,,,,A97:U97,
96,2235-2988,1.4,Front Cell Infect Microbiol,0.92,1.00,0.00,2,1360,147,134,173,142,154,207,207,196,,,,,A98:U98,
97,1831-4732,1.12,EFSA J,0.00,1.00,0.00,0,1335,39,33,20,400,721,26,79,17,,,,,A99:U99,
98,1424-8247,1.14,Pharmaceuticals (Basel),0.00,1.00,0.94,8,1323,191,151,178,2,280,170,159,192,,,,,A100:U100,
99,2040-3372,1.04,Nanoscale,0.18,0.04,0.98,1,1319,153,203,145,167,189,161,173,128,,,,,A101:U101,
100,1095-9203,10.95,Science,0.44,0.07,0.43,32,1300,181,152,148,184,141,156,204,134,,,,,A102:U102,
101,2050-7283,1.13,BMC Psychol,0.86,1.00,0.35,5,1295,147,179,201,202,229,191,128,18,,,,,A103:U103,
102,1873-6424,2.02,Environ Pollut,0.72,0.26,0.00,9,1291,105,130,132,159,200,188,189,188,,,,,A104:U104,
103,2399-3642,1.99,Commun Biol,0.77,1.00,0.99,1,1272,193,140,172,196,232,179,144,16,,,,,A105:U105,
104,2470-0053,0.68,Phys Rev E,0.09,0.02,0.00,1,1266,156,142,139,152,160,170,167,180,,,,,A106:U106,
105,1573-4978,0.74,Mol Biol Rep,0.95,0.13,0.41,12,1257,95,107,122,135,162,205,248,183,,,,,A107:U107,
106,2730-6011,0.73,Discov Oncol,0.00,0.88,0.14,1,1231,170,174,178,190,191,199,104,25,,,,,A108:U108,
107,1530-6992,2.59,Nano Lett,0.15,0.21,1.00,1,1228,175,165,157,196,142,148,153,92,,,,,A109:U109,
108,1472-6963,1.22,BMC Health Serv Res,0.88,1.00,0.31,0,1220,154,153,195,155,188,199,146,30,,,,,A110:U110,
109,2218-273X,1.4,Biomolecules,0.98,1.00,0.92,2,1219,179,160,143,,274,168,148,147,,,,,A111:U111,
110,1573-2517,2.0,J Affect Disord,0.82,0.39,0.00,2,1213,180,207,175,162,137,121,130,101,,,,,A112:U112,
111,1757-790X,0.2,BMJ Case Rep,0.90,0.09,0.83,1,1178,173,125,92,160,114,128,205,181,,,,,A113:U113,
112,2167-8359,0.69,PeerJ,1.00,1.00,0.12,2,1172,132,187,175,156,122,172,125,103,,,,,A114:U114,
113,1525-3171,1.09,Poult Sci,0.76,1.00,0.00,0,1165,171,166,167,131,164,156,128,82,,,,,A115:U115,
114,1538-3598,5.84,JAMA,0.09,0.07,0.00,1,1141,135,116,141,146,144,162,147,150,,,,,A116:U116,
115,1090-2414,1.51,Ecotoxicol Environ Saf,0.84,1.00,0.00,8,1139,208,149,130,103,134,124,143,148,,,,,A117:U117,
116,2165-0497,1.21,Microbiol Spectr,0.81,1.00,1.00,3,1132,94,123,171,129,120,137,216,142,,,,,A118:U118,
117,1873-3557,,Spectrochim Acta A Mol Biomol Spectrosc,0.52,0.09,0.00,1,1130,115,99,137,147,136,185,180,131,,,,,A119:U119,
118,1873-3573,0.98,Talanta,0.51,0.17,0.00,2,1129,142,110,129,152,140,158,154,144,,,,,A120:U120,
119,2296-875X,0.57,Front Surg,0.00,1.00,0.00,1,1129,99,95,136,127,119,198,197,158,,,,,A121:U121,
120,2227-9067,0.75,Children (Basel),0.00,1.00,0.95,2,1122,160,150,129,,275,128,131,149,,,,,A122:U122,
121,1948-7185,1.24,J Phys Chem Lett,0.10,0.21,0.99,0,1112,156,135,159,148,125,166,140,83,,,,,A123:U123,
122,1520-6904,0.6,J Org Chem,0.11,0.15,0.99,0,1105,167,135,136,146,127,177,116,101,,,,,A124:U124,
123,1479-5876,2.41,J Transl Med,0.83,1.00,0.71,4,1102,143,166,142,133,163,188,132,35,,,,,A125:U125,
124,1872-7573,1.28,J Ethnopharmacol,0.84,0.15,0.00,5,1098,139,142,144,147,152,182,104,88,,,,,A126:U126,
125,1471-2318,1.38,BMC Geriatr,0.87,1.00,0.27,1,1094,137,176,171,166,149,167,113,15,,,,,A127:U127,
126,1660-4601,0.93,Int J Environ Res Public Health,0.99,1.00,0.96,4,1091,139,135,135,2,275,135,122,148,,,,,A128:U128,
127,1878-1705,1.35,Int Immunopharmacol,0.79,0.14,0.00,14,1085,142,134,116,143,173,133,115,129,,,,,A129:U129,
128,2211-1247,3.81,Cell Rep,0.64,1.00,0.00,5,1077,140,108,149,124,103,175,141,137,,,,,A130:U130,
129,1940-6029,0.42,Methods Mol Biol,0.97,0.01,0.13,0,1068,160,78,26,151,253,2,155,243,,,,,A131:U131,
130,1097-6787,1.34,J Am Acad Dermatol,0.06,0.15,0.00,2,1065,84,147,125,101,157,172,134,145,,,,,A132:U132,
131,1471-2407,1.17,BMC Cancer,0.80,1.00,0.19,22,1062,143,140,133,163,157,161,146,19,,,,,A133:U133,
132,1471-2393,1.07,BMC Pregnancy Childbirth,0.81,1.00,0.30,3,1055,104,152,133,141,193,182,146,4,,,,,A134:U134,
133,2076-3921,1.71,Antioxidants (Basel),0.00,1.00,0.94,0,1049,149,124,132,,247,130,129,138,,,,,A135:U135,
134,2079-4991,0.81,Nanomaterials (Basel),0.00,1.00,0.88,8,1045,150,132,105,110,143,144,114,147,,,,,A136:U136,
135,1879-3363,1.47,Mar Pollut Bull,0.72,0.30,0.00,1,1044,145,121,170,136,123,127,125,97,,,,,A137:U137,
136,1999-4923,1.2,Pharmaceutics,0.00,1.00,0.93,1,1044,142,137,118,,235,134,137,141,,,,,A138:U138,
137,1438-8871,2.11,J Med Internet Res,0.93,1.00,0.91,2,1030,105,75,114,128,133,158,174,143,,,,,A139:U139,
138,1536-3732,0.39,J Craniofac Surg,0.22,0.01,0.52,0,1030,137,66,166,103,176,140,105,137,,,,,A140:U140,
139,1664-042X,1.07,Front Physiol,0.00,1.00,0.00,1,1020,95,97,117,112,150,147,155,147,,,,,A141:U141,
140,1477-9234,0.58,Dalton Trans,0.13,0.04,0.99,0,1017,144,135,126,129,119,114,141,109,,,,,A142:U142,
141,2049-0801,,Ann Med Surg (Lond),0.00,1.00,0.86,4,1006,256,196,33,40,60,175,137,109,,,,,A143:U143,
142,1539-4522,,Appl Opt,0.02,0.00,0.00,0,999,,,696,125,,138,,40,,,,,A144:U144,
143,1520-4804,1.73,J Med Chem,0.88,0.24,0.99,4,996,144,142,143,137,130,118,131,51,,,,,A145:U145,
144,1879-8365,0.31,Stud Health Technol Inform,1.00,0.02,0.00,1,995,,87,,,670,51,187,,,,,,A146:U146,
145,1618-095X,2.09,Phytomedicine,0.90,0.15,0.00,1,993,110,147,97,122,115,154,128,120,,,,,A147:U147,
146,2072-666X,0.58,Micromachines (Basel),0.00,1.00,0.85,1,989,144,131,114,,246,124,114,116,,,,,A148:U148,
147,2296-634X,1.56,Front Cell Dev Biol,0.00,1.00,0.00,6,984,97,85,139,107,121,160,138,137,,,,,A149:U149,
148,1362-4962,8.11,Nucleic Acids Res,0.93,1.00,0.93,6,983,196,107,117,111,129,129,98,96,,,,,A150:U150,
149,2073-4425,0.82,Genes (Basel),1.00,1.00,0.89,1,983,118,132,109,,236,130,119,139,,,,,A151:U151,
150,1090-2104,0.72,Biochem Biophys Res Commun,0.90,0.19,0.00,16,972,87,125,107,128,130,151,121,123,,,,,A152:U152,
151,2590-0064,1.89,Mater Today Bio,0.00,1.00,0.00,0,966,137,181,99,102,102,137,100,108,,,,,A153:U153,
152,2590-1575,1.6,Food Chem X,0.00,1.00,0.00,3,961,130,151,89,105,126,144,109,107,,,,,A154:U154,
153,2306-5354,0.81,Bioengineering (Basel),0.00,1.00,0.95,1,955,126,129,117,,219,122,133,109,,,,,A155:U155,
154,1467-3045,0.9,Curr Issues Mol Biol,0.00,1.00,0.88,0,951,223,114,100,91,111,103,106,103,,,,,A156:U156,
155,1573-2959,0.83,Environ Monit Assess,0.98,0.19,0.36,1,946,124,71,126,142,136,118,109,120,,,,,A157:U157,
156,1090-2120,0.75,Bioorg Chem,0.79,0.09,0.00,1,942,112,106,113,103,116,129,115,148,,,,,A158:U158,
157,1099-4300,0.48,Entropy (Basel),0.00,1.00,0.88,0,941,131,120,112,,215,137,117,109,,,,,A159:U159,
158,2047-9980,2.03,J Am Heart Assoc,0.88,1.00,0.98,0,939,79,118,132,108,112,95,180,115,,,,,A160:U160,
159,1521-3765,0.8,Chemistry,0.12,0.29,0.86,0,934,93,90,102,121,128,118,150,132,,,,,A161:U161,
160,1879-2782,1.55,Neural Netw,0.65,0.09,0.00,0,933,106,107,116,128,127,121,120,108,,,,,A162:U162,
161,1432-1912,0.88,Naunyn Schmiedebergs Arch Pharmacol,0.63,0.15,0.31,38,925,108,105,112,113,135,129,132,91,,,,,A163:U163,
162,1999-4915,1.11,Viruses,0.98,1.00,0.95,3,923,148,124,125,84,103,105,117,117,,,,,A164:U164,
163,0973-2063,,Bioinformation,0.00,1.00,0.00,0,921,,171,156,107,246,150,,91,,,,,A165:U165,
164,1879-1026,2.04,Sci Total Environ,0.41,0.38,0.00,46,917,178,110,119,86,76,82,100,166,,,,,A166:U166,
165,1539-4794,0.85,Opt Lett,0.02,0.00,0.00,2,909,143,139,83,171,161,120,92,,,,,,A167:U167,
166,1471-2431,0.73,BMC Pediatr,0.80,1.00,0.31,1,906,108,75,146,146,120,164,134,13,,,,,A168:U168,
167,1474-547X,14.82,Lancet,0.18,0.08,0.00,0,903,105,99,117,92,153,109,111,117,,,,,A169:U169,
168,1662-4548,1.07,Front Neurosci,0.00,1.00,0.00,4,899,87,109,111,123,102,110,119,138,,,,,A170:U170,
169,2072-1439,0.61,J Thorac Dis,0.00,1.00,0.49,2,898,80,50,130,86,191,118,130,113,,,,,A171:U171,
170,2076-3425,0.92,Brain Sci,0.00,1.00,0.92,3,898,119,130,95,89,112,113,112,128,,,,,A172:U172,
171,1533-4406,18.4,N Engl J Med,0.15,0.04,0.39,5,895,100,93,152,132,98,122,112,86,,,,,A173:U173,
172,1950-6007,2.07,Biomed Pharmacother,0.68,1.00,0.00,149,883,132,104,112,122,137,123,91,62,,,,,A174:U174,
173,2075-4450,0.76,Insects,0.00,1.00,0.90,0,878,128,103,121,90,91,125,94,126,,,,,A175:U175,
174,2076-0817,0.97,Pathogens,0.99,1.00,0.96,0,878,124,115,104,,215,99,121,100,,,,,A176:U176,
175,2296-4185,1.02,Front Bioeng Biotechnol,0.00,1.00,0.00,1,868,107,103,89,105,101,128,130,105,,,,,A177:U177,
176,1433-7339,1.03,Support Care Cancer,0.92,0.45,0.45,1,856,92,109,133,91,110,117,107,97,,,,,A178:U178,
177,1477-3155,2.52,J Nanobiotechnology,0.82,1.00,0.10,3,854,88,132,121,159,129,137,79,9,,,,,A179:U179,
178,1612-1880,0.45,Chem Biodivers,0.98,0.54,0.88,1,849,116,97,122,122,117,78,94,103,,,,,A180:U180,
179,2192-2659,2.19,Adv Healthc Mater,0.83,0.37,0.92,5,849,132,122,107,74,83,82,115,134,,,,,A181:U181,
180,2048-7177,0.88,Food Sci Nutr,0.00,1.00,0.94,2,848,92,99,43,159,73,153,123,106,,,,,A182:U182,
181,2306-7381,0.65,Vet Sci,0.00,1.00,0.93,0,844,111,98,98,,196,101,120,120,,,,,A183:U183,
182,1463-1326,2.27,Diabetes Obes Metab,0.72,0.48,0.97,1,842,104,86,108,94,96,124,116,114,,,,,A184:U184,
183,2624-9367,0.83,Front Sports Act Living,0.00,1.00,0.00,0,842,78,93,93,91,83,129,168,107,,,,,A185:U185,
184,1472-6955,1.37,BMC Nurs,0.00,1.00,0.39,1,836,99,120,113,105,109,124,137,29,,,,,A186:U186,
185,1614-7499,0.91,Environ Sci Pollut Res Int,0.81,0.24,0.82,83,833,127,87,152,85,94,91,124,73,,,,,A187:U187,
186,1530-6860,1.26,FASEB J,0.95,0.43,0.90,8,820,105,107,106,121,116,99,79,87,,,,,A188:U188,
187,1471-2261,0.8,BMC Cardiovasc Disord,0.81,1.00,0.24,1,819,91,94,126,118,122,135,127,6,,,,,A189:U189,
188,2079-6382,1.28,Antibiotics (Basel),0.00,1.00,0.96,1,816,111,122,91,97,103,106,84,102,,,,,A190:U190,
189,2352-3409,0.61,Data Brief,0.00,1.00,0.00,1,816,95,144,95,99,64,140,100,79,,,,,A191:U191,
190,1930-0433,,Radiol Case Rep,0.00,1.00,0.00,1,812,81,112,77,57,104,113,133,135,,,,,A192:U192,
191,2055-2076,0.99,Digit Health,0.00,1.00,0.99,3,812,80,85,154,86,104,114,90,99,,,,,A193:U193,
192,1471-2180,1.14,BMC Microbiol,0.85,1.00,0.16,2,793,132,93,132,103,114,112,98,9,,,,,A194:U194,
193,1873-4324,0.93,Anal Chim Acta,0.77,0.15,0.00,3,791,134,71,104,78,118,53,81,152,,,,,A195:U195,
194,1863-2491,0.94,J Robot Surg,0.96,0.31,0.33,1,788,75,96,84,83,85,86,133,146,,,,,A196:U196,
195,1083-351X,1.64,J Biol Chem,0.73,1.00,0.00,27,785,101,109,77,102,113,90,75,118,,,,,A197:U197,
196,1471-2474,0.85,BMC Musculoskelet Disord,0.86,1.00,0.25,2,777,99,104,108,116,131,103,106,10,,,,,A198:U198,
197,2042-8812,0.2,J Surg Case Rep,0.00,1.00,0.70,0,775,97,68,119,95,71,127,108,90,,,,,A199:U199,
198,2398-6352,4.22,NPJ Digit Med,0.00,1.00,0.08,1,775,107,87,102,105,128,123,99,24,,,,,A200:U200,
199,1879-1344,2.01,Carbohydr Polym,0.63,0.16,0.00,17,768,68,110,90,149,115,61,93,82,,,,,A201:U201,
200,2041-4889,3.29,Cell Death Dis,0.79,1.00,0.96,26,768,82,85,143,135,104,140,71,8,,,,,A202:U202,
201,2250-0685,,J Orthop Case Rep,0.00,1.00,0.00,0,766,144,72,74,82,94,100,99,101,,,,,A203:U203,
202,2767-3375,0.99,PLOS Glob Public Health,0.00,1.00,0.96,0,762,90,101,93,106,85,96,92,99,,,,,A204:U204,
203,1526-4998,0.81,Pest Manag Sci,0.62,0.31,0.96,1,753,110,91,73,94,105,92,96,92,,,,,A205:U205,
204,1471-2164,0.99,BMC Genomics,0.84,1.00,0.13,1,752,134,111,105,86,112,101,99,4,,,,,A206:U206,
205,1522-9645,5.33,Eur Heart J,0.12,1.00,0.94,0,752,90,88,107,79,93,107,69,119,,,,,A207:U207,
206,2310-2861,0.95,Gels,0.00,1.00,0.87,2,752,97,89,81,81,105,106,98,95,,,,,A208:U208,
207,1432-2218,1.03,Surg Endosc,0.66,0.24,0.87,0,751,72,68,64,,62,205,167,113,,,,,A209:U209,
208,1929-0748,0.53,JMIR Res Protoc,0.97,1.00,0.99,1,749,114,84,112,99,83,86,93,78,,,,,A210:U210,
209,1873-2518,1.19,Vaccine,0.86,0.55,0.00,3,747,92,93,104,86,101,85,95,91,,,,,A211:U211,
210,1549-960X,1.43,J Chem Inf Model,0.98,0.38,1.00,1,739,96,84,93,104,100,103,108,51,,,,,A212:U212,
211,1749-8090,0.45,J Cardiothorac Surg,0.81,1.00,0.20,0,739,44,47,56,208,81,199,100,4,,,,,A213:U213,
212,2050-084X,3.4,Elife,0.96,1.00,1.00,1,738,103,80,89,93,97,88,104,84,,,,,A214:U214,
213,2305-6304,1.16,Toxics,0.00,1.00,0.86,2,736,107,80,83,81,101,88,104,92,,,,,A215:U215,
214,1552-5279,4.53,Alzheimers Dement,0.94,0.99,0.64,2,729,93,89,79,109,89,96,78,96,,,,,A216:U216,
215,2076-393X,0.96,Vaccines (Basel),0.00,1.00,0.91,0,723,109,88,88,81,96,89,95,77,,,,,A217:U217,
216,1939-3539,4.83,IEEE Trans Pattern Anal Mach Intell,0.05,0.00,0.00,0,715,99,78,92,93,90,72,71,120,,,,,A218:U218,
217,1873-3476,0.98,Int J Pharm,0.87,0.38,0.00,1,713,73,72,95,76,102,96,108,91,,,,,A219:U219,
218,2210-2612,0.27,Int J Surg Case Rep,0.00,1.00,0.78,0,711,65,,217,94,99,59,67,110,,,,,A220:U220,
219,1873-5347,1.85,Soc Sci Med,0.79,0.63,0.00,0,704,81,90,75,79,108,64,104,103,,,,,A221:U221,
220,2624-8212,1.01,Front Artif Intell,0.00,1.00,0.00,0,701,70,66,69,85,83,107,115,106,,,,,A222:U222,
221,2045-7634,1.16,Cancer Med,0.96,1.00,0.90,8,692,61,96,92,121,95,87,69,71,,,,,A223:U223,
222,1873-4235,1.83,Biosens Bioelectron,0.99,0.14,0.00,5,691,77,84,72,74,106,95,96,87,,,,,A224:U224,
223,1525-3198,1.2,J Dairy Sci,0.72,1.00,0.00,4,687,68,105,123,82,105,77,76,51,,,,,A225:U225,
224,1530-0447,1.15,Pediatr Res,0.02,0.07,0.40,0,687,83,35,86,85,118,117,92,71,,,,,A226:U226,
225,2576-098X,0.25,Microbiol Resour Announc,0.00,1.00,1.00,0,685,54,92,111,87,81,100,95,65,,,,,A227:U227,
226,1590-3478,0.78,Neurol Sci,0.75,0.20,0.95,0,682,150,96,85,72,73,55,76,75,,,,,A228:U228,
227,1471-244X,1.42,BMC Psychiatry,0.89,1.00,0.25,1,679,123,74,94,84,115,116,57,16,,,,,A229:U229,
228,1873-2690,1.31,Plant Physiol Biochem,0.79,1.00,0.00,5,679,71,95,75,78,99,93,65,103,,,,,A230:U230,
229,0975-5764,0.29,Ann Afr Med,0.12,1.00,0.00,0,676,75,38,50,148,37,84,182,62,,,,,A231:U231,
230,2223-4292,0.67,Quant Imaging Med Surg,0.00,1.00,0.41,0,673,107,89,68,72,100,78,88,71,,,,,A232:U232,
231,2169-7574,0.69,Plast Reconstr Surg Glob Open,0.00,1.00,0.00,0,671,73,58,100,77,82,114,94,73,,,,,A233:U233,
232,1526-632X,2.05,Neurology,0.56,0.23,0.96,2,670,75,61,76,84,94,86,107,87,,,,,A234:U234,
233,1520-5207,0.79,J Phys Chem B,0.41,0.29,1.00,0,669,100,75,99,85,82,103,78,47,,,,,A235:U235,
234,1477-0539,0.48,Org Biomol Chem,0.24,0.03,0.99,0,667,80,83,89,77,88,88,88,74,,,,,A236:U236,
235,1759-9679,0.44,Anal Methods,0.64,0.01,0.94,0,666,62,82,86,60,89,94,96,97,,,,,A237:U237,
236,1873-2968,1.69,Biochem Pharmacol,0.76,0.20,0.00,5,663,89,76,84,59,96,75,81,103,,,,,A238:U238,
237,1935-2735,1.29,PLoS Negl Trop Dis,0.92,1.00,0.94,7,663,62,85,105,77,98,75,83,78,,,,,A239:U239,
238,1432-1076,0.98,Eur J Pediatr,0.97,0.45,0.53,2,662,71,39,77,97,122,93,86,77,,,,,A240:U240,
239,2514-2119,0.27,Eur Heart J Case Rep,0.00,1.00,1.00,0,662,56,78,89,79,100,102,80,78,,,,,A241:U241,
240,1438-8812,0.82,Endoscopy,0.05,0.79,0.83,0,661,100,99,77,75,62,96,73,79,,,,,A242:U242,
241,1432-5241,0.91,Aesthetic Plast Surg,0.59,0.14,0.78,2,660,94,67,83,61,64,127,120,44,,,,,A243:U243,
242,1532-2548,2.22,Plant Physiol,0.69,0.43,0.99,1,660,53,68,63,77,65,131,110,93,,,,,A244:U244,
243,2561-326X,0.76,JMIR Form Res,0.97,1.00,0.99,1,658,62,66,102,89,91,79,93,76,,,,,A245:U245,
244,1873-4995,2.54,J Control Release,0.79,0.25,0.00,7,657,74,84,99,77,88,81,76,78,,,,,A246:U246,
245,1532-8406,1.88,J Arthroplasty,0.20,0.18,0.00,0,655,52,46,63,152,117,96,71,58,,,,,A247:U247,
246,1878-3511,1.34,Int J Infect Dis,0.73,1.00,0.00,2,653,87,59,90,82,93,98,84,60,,,,,A248:U248,
247,1469-8137,3.19,New Phytol,0.78,0.50,0.96,0,651,80,88,90,81,85,85,80,62,,,,,A249:U249,
248,1528-0020,5.91,Blood,0.33,0.19,0.82,3,651,92,58,87,89,76,91,82,76,,,,,A250:U250,
249,1367-4811,2.53,Bioinformatics,0.95,1.00,0.93,1,650,57,48,57,52,73,80,152,131,,,,,A251:U251,
250,1365-2060,1.3,Ann Med,0.86,1.00,0.65,0,645,101,88,87,80,59,73,74,83,,,,,A252:U252,
251,1553-7358,1.47,PLoS Comput Biol,0.91,1.00,0.96,2,645,59,63,102,85,79,83,87,87,,,,,A253:U253,
252,1434-4726,0.79,Eur Arch Otorhinolaryngol,0.42,0.19,0.96,0,643,65,62,120,72,61,77,90,96,,,,,A254:U254,
253,1873-4367,0.95,Colloids Surf B Biointerfaces,0.97,0.12,0.00,0,642,69,84,68,80,104,78,78,81,,,,,A255:U255,
254,2050-7518,1.02,J Mater Chem B,0.94,0.04,0.97,2,639,87,65,74,93,76,103,83,58,,,,,A256:U256,
255,1001-5302,0.26,Zhongguo Zhong Yao Za Zhi,1.00,0.00,0.00,0,637,203,,145,54,,,119,116,,,,,A257:U257,
256,1525-1497,1.71,J Gen Intern Med,0.17,0.15,0.89,0,637,109,70,91,81,66,67,66,87,,,,,A258:U258,
257,0929-6646,0.7,J Formos Med Assoc,0.01,0.99,0.00,0,636,61,39,114,137,130,56,41,58,,,,,A259:U259,
258,1613-3560,0.12,MMW Fortschr Med,0.01,0.00,0.00,0,636,41,100,84,131,90,46,59,85,,,,,A260:U260,
259,2673-253X,1.25,Front Digit Health,0.00,1.00,0.00,0,636,52,64,73,83,59,92,110,103,,,,,A261:U261,
260,1875-8908,1.09,J Alzheimers Dis,0.83,0.33,0.96,3,635,64,51,128,90,85,79,80,58,,,,,A262:U262,
261,1941-0042,2.98,IEEE Trans Image Process,0.10,0.00,0.00,0,633,91,56,74,91,77,92,83,69,,,,,A263:U263,
262,1177-8881,1.31,Drug Des Devel Ther,0.87,1.00,0.78,19,632,27,20,156,81,82,100,71,95,,,,,A264:U264,
263,2219-6803,0.52,Transl Cancer Res,0.00,1.00,0.39,0,631,61,70,66,88,135,80,73,58,,,,,A265:U265,
264,2309-608X,0.96,J Fungi (Basel),0.00,1.00,0.93,0,629,81,80,70,68,82,74,88,86,,,,,A266:U266,
265,2473-9537,3.11,Blood Adv,0.48,0.73,0.93,1,627,95,83,80,80,58,99,87,45,,,,,A267:U267,
266,1549-9626,1.49,J Chem Theory Comput,0.17,0.39,1.00,0,625,70,89,83,86,79,81,82,55,,,,,A268:U268,
267,1558-3597,8.28,J Am Coll Cardiol,0.23,0.19,0.00,0,625,76,93,91,92,87,58,46,82,,,,,A269:U269,
268,2694-5746,,Stroke Vasc Interv Neurol,0.00,1.00,0.88,1,624,538,,33,,31,,22,,,,,,A270:U270,
269,1476-5454,1.25,Eye (Lond),0.29,0.17,0.96,0,623,67,87,74,57,99,89,91,59,,,,,A271:U271,
270,2042-7670,0.38,Vet Rec,0.19,0.12,0.12,0,623,116,74,85,40,128,31,116,33,,,,,A272:U272,
271,1864-564X,1.38,ChemSusChem,0.07,0.58,0.98,0,622,44,68,68,113,78,72,87,92,,,,,A273:U273,
272,1768-3254,1.15,Eur J Med Chem,0.89,0.19,0.00,0,621,76,81,70,65,86,92,70,81,,,,,A274:U274,
273,1432-0932,1.14,Eur Spine J,0.18,0.00,0.20,1,610,61,78,54,76,73,88,97,83,,,,,A275:U275,
274,2772-963X,1.72,JACC Adv,0.00,1.00,0.00,1,608,86,32,68,67,55,91,97,112,,,,,A276:U276,
275,1750-3841,0.75,J Food Sci,0.98,0.41,0.95,0,606,88,68,64,60,83,87,71,85,,,,,A277:U277,
276,1664-8021,0.83,Front Genet,0.00,1.00,0.00,4,603,76,60,83,61,62,96,94,71,,,,,A278:U278,
277,1478-6427,0.35,Nat Prod Res,0.01,0.04,0.33,0,602,79,69,70,77,72,99,87,49,,,,,A279:U279,
278,2218-1989,1.03,Metabolites,0.00,1.00,0.87,0,600,89,58,67,71,63,86,82,84,,,,,A280:U280,
279,2313-7673,0.66,Biomimetics (Basel),0.00,1.00,0.85,0,600,84,73,66,67,69,82,76,83,,,,,A281:U281,
280,1436-5073,0.75,Mikrochim Acta,0.74,0.09,0.15,2,596,69,78,86,78,67,63,95,60,,,,,A282:U282,
281,1553-7374,1.93,PLoS Pathog,0.84,1.00,0.91,8,596,62,74,80,73,77,63,96,71,,,,,A283:U283,
282,1879-0712,1.36,Eur J Pharmacol,0.88,0.17,0.00,7,596,79,61,85,54,103,45,90,79,,,,,A284:U284,
283,1097-0010,0.76,J Sci Food Agric,0.66,0.20,0.95,2,594,70,65,65,70,60,93,91,80,,,,,A285:U285,
284,1471-2482,0.61,BMC Surg,0.84,1.00,0.25,2,593,67,83,78,82,96,103,76,8,,,,,A286:U286,
285,1663-4365,1.51,Front Aging Neurosci,0.00,1.00,0.00,4,593,52,73,77,60,67,76,83,105,,,,,A287:U287,
286,1432-1084,1.72,Eur Radiol,0.39,0.22,0.99,0,586,86,78,82,87,77,66,59,51,,,,,A288:U288,
287,1471-2377,0.75,BMC Neurol,0.85,1.00,0.26,0,586,79,89,85,67,94,93,71,8,,,,,A289:U289,
288,2168-2208,1.62,IEEE J Biomed Health Inform,0.16,0.00,0.00,0,583,41,57,107,84,77,65,77,75,,,,,A290:U290,
289,1573-2568,0.92,Dig Dis Sci,0.30,0.10,0.26,4,581,73,72,81,78,80,58,72,67,,,,,A291:U291,
290,1178-2013,1.41,Int J Nanomedicine,0.96,1.00,0.74,19,579,23,37,146,74,72,86,75,66,,,,,A292:U292,
291,1943-8141,,Am J Transl Res,0.00,1.00,0.00,0,578,72,70,72,78,70,72,71,73,,,,,A293:U293,
292,1879-0445,2.9,Curr Biol,0.92,0.42,0.00,0,576,62,72,71,69,63,87,81,71,,,,,A294:U294,
293,1752-1947,0.3,J Med Case Rep,0.82,1.00,0.67,1,575,80,36,83,70,95,106,95,10,,,,,A295:U295,
294,1545-5017,0.92,Pediatr Blood Cancer,0.65,0.04,0.82,0,574,96,14,114,73,52,7,164,54,,,,,A296:U296,
295,2379-3694,1.73,ACS Sens,0.92,0.03,0.93,0,574,34,106,91,70,58,98,72,45,,,,,A297:U297,
296,2837-8156,0.56,PLOS Ment Health,0.00,1.00,0.97,0,573,2,435,22,26,23,23,19,23,,,,,A298:U298,
297,2328-8957,1.43,Open Forum Infect Dis,0.00,1.00,0.95,0,572,74,53,69,80,67,90,68,71,,,,,A299:U299,
298,1878-5905,2.85,Biomaterials,0.85,0.16,0.00,2,567,65,66,60,64,90,60,91,71,,,,,A300:U300,
299,1873-3778,0.67,J Chromatogr A,0.89,0.22,0.00,0,565,68,70,67,71,79,72,68,70,,,,,A301:U301,
300,1471-230X,0.9,BMC Gastroenterol,0.82,1.00,0.22,0,564,76,51,71,86,106,89,81,4,,,,,A302:U302,
301,1520-8524,0.67,J Acoust Soc Am,0.38,0.04,0.91,1,562,69,58,86,60,78,66,67,78,,,,,A303:U303,
302,1532-3072,0.7,Tissue Cell,0.55,0.10,0.00,0,562,46,64,75,54,78,100,72,73,,,,,A304:U304,
303,1471-2415,0.78,BMC Ophthalmol,0.89,1.00,0.32,1,561,60,46,81,79,104,99,68,24,,,,,A305:U305,
304,2095-9281,2.57,Sci Bull (Beijing),0.12,0.20,0.00,0,556,82,63,61,76,53,86,76,59,,,,,A306:U306,
305,1433-8726,0.99,World J Urol,0.82,0.25,0.36,2,554,70,69,58,62,61,81,62,91,,,,,A307:U307,
306,1178-7031,1.17,J Inflamm Res,0.00,1.00,0.76,3,553,16,29,176,56,53,69,54,100,,,,,A308:U308,
307,1520-5215,0.62,J Phys Chem A,0.02,0.30,1.00,1,553,76,79,70,70,56,90,71,41,,,,,A309:U309,
308,1546-170X,17.5,Nat Med,0.43,0.35,0.77,2,552,106,61,71,70,51,66,66,61,,,,,A310:U310,
309,1552-5783,1.27,Invest Ophthalmol Vis Sci,0.95,0.99,0.00,1,551,81,61,70,71,75,59,64,70,,,,,A311:U311,
310,2352-5126,0.4,JAAD Case Rep,0.00,1.00,0.00,3,551,67,56,89,59,56,57,79,88,,,,,A312:U312,
311,1179-1411,0.82,Int J Womens Health,0.00,1.00,0.71,0,550,18,24,134,77,68,96,62,71,,,,,A313:U313,
312,1879-3479,0.8,Int J Gynaecol Obstet,0.35,0.34,0.86,12,550,77,69,72,60,46,77,85,64,,,,,A314:U314,
313,1178-7090,0.81,J Pain Res,0.00,1.00,0.79,1,537,20,36,118,99,62,77,61,64,,,,,A315:U315,
314,2051-6355,2.43,Mater Horiz,0.14,0.03,0.96,0,537,54,69,61,69,74,72,82,56,,,,,A316:U316,
315,1559-1182,1.55,Mol Neurobiol,0.95,0.29,0.38,10,536,75,64,68,58,62,72,63,74,,,,,A317:U317,
316,1873-4596,2.11,Free Radic Biol Med,0.89,0.24,0.00,3,533,67,77,73,62,80,62,56,56,,,,,A318:U318,
317,2304-6767,0.81,Dent J (Basel),0.00,1.00,0.97,0,532,70,59,60,56,71,71,74,71,,,,,A319:U319,
318,1749-799X,1.03,J Orthop Surg Res,0.84,1.00,0.20,3,531,95,72,70,63,95,74,56,6,,,,,A320:U320,
319,2162-3279,0.88,Brain Behav,0.98,1.00,0.43,0,530,66,50,56,93,57,55,73,80,,,,,A321:U321,
320,2576-6422,0.91,ACS Appl Bio Mater,0.90,0.08,0.96,3,528,88,72,56,59,49,91,49,64,,,,,A322:U322,
321,1432-072X,0.66,Arch Microbiol,0.99,0.09,0.38,1,523,75,77,68,66,50,53,55,79,,,,,A323:U323,
322,1537-6591,2.89,Clin Infect Dis,0.34,0.49,0.96,1,522,54,72,89,79,62,55,57,54,,,,,A324:U324,
323,1746-6148,0.7,BMC Vet Res,0.81,1.00,0.18,2,522,90,49,66,77,83,79,68,10,,,,,A325:U325,
324,1471-2253,0.82,BMC Anesthesiol,0.89,1.00,0.24,5,521,67,67,67,77,89,89,56,9,,,,,A326:U326,
325,1096-1208,0.94,Microb Pathog,0.89,0.13,0.00,4,518,64,66,60,46,79,67,67,69,,,,,A327:U327,
326,1095-9947,1.01,Fish Shellfish Immunol,0.96,0.08,0.00,2,517,64,55,63,68,70,79,50,68,,,,,A328:U328,
327,1745-6215,0.89,Trials,0.89,1.00,0.65,2,516,85,94,87,81,68,57,36,8,,,,,A329:U329,
328,2366-9608,2.18,Small Methods,0.18,0.41,0.91,0,516,62,59,61,35,63,56,95,85,,,,,A330:U330,
329,1529-4242,1.33,Plast Reconstr Surg,0.06,0.01,0.01,0,513,50,84,82,53,73,62,53,56,,,,,A331:U331,
330,1531-4995,0.9,Laryngoscope,0.39,0.31,0.96,1,513,52,61,72,65,47,68,59,89,,,,,A332:U332,
331,1473-2300,0.48,J Int Med Res,0.97,1.00,0.98,44,509,59,51,60,50,45,87,89,68,,,,,A333:U333,
332,1471-2369,0.9,BMC Nephrol,0.84,1.00,0.27,1,508,64,68,79,74,67,84,59,13,,,,,A334:U334,
333,1432-1459,1.64,J Neurol,0.85,0.50,0.89,1,507,58,60,68,62,49,85,63,62,,,,,A335:U335,
334,2076-3271,1.4,Med Sci (Basel),1.00,1.00,0.98,0,507,49,48,62,47,64,65,84,88,,,,,A336:U336,
335,0973-7693,0.57,Indian J Pediatr,0.13,0.01,0.85,0,503,70,50,80,40,60,66,94,43,,,,,A337:U337,
336,1089-7623,0.42,Rev Sci Instrum,0.03,0.02,1.00,0,500,55,64,79,57,57,58,76,54,,,,,A338:U338,
337,2158-3188,2.43,Transl Psychiatry,0.81,1.00,0.99,1,498,37,77,79,70,69,70,91,5,,,,,A339:U339,
338,1095-9572,1.93,Neuroimage,0.89,0.99,0.00,5,497,81,65,61,67,53,72,66,32,,,,,A340:U340,
339,1365-2141,1.46,Br J Haematol,0.39,0.39,0.90,0,496,51,43,63,57,67,52,85,78,,,,,A341:U341,
340,1741-7015,2.86,BMC Med,0.82,1.00,0.19,0,496,67,75,86,69,65,58,59,17,,,,,A342:U342,
341,2053-714X,2.8,Natl Sci Rev,0.00,1.00,0.67,0,496,55,78,43,43,64,92,68,53,,,,,A343:U343,
342,1718-7729,1.13,Curr Oncol,0.92,1.00,0.93,0,495,65,65,49,57,65,73,64,57,,,,,A344:U344,
343,2730-664X,2.14,Commun Med (Lond),0.00,1.00,0.98,0,495,74,57,94,74,68,59,56,13,,,,,A345:U345,
344,1556-3871,1.64,Heart Rhythm,0.31,0.35,0.00,0,494,51,56,53,83,82,39,68,62,,,,,A346:U346,
345,1573-2983,0.92,Environ Geochem Health,0.98,0.15,0.26,2,494,54,76,69,57,50,50,71,67,,,,,A347:U347,
346,1872-7727,1.08,Eur J Radiol,0.72,0.35,0.00,1,494,69,41,51,58,64,75,69,67,,,,,A348:U348,
347,1879-0267,0.77,Injury,0.67,0.24,0.00,1,494,57,51,55,104,42,74,55,56,,,,,A349:U349,
348,2090-1224,3.15,J Adv Res,0.03,1.00,0.00,2,494,72,68,62,71,52,38,67,64,,,,,A350:U350,
349,1098-5336,1.2,Appl Environ Microbiol,0.87,0.89,1.00,2,493,57,41,62,75,63,61,76,58,,,,,A351:U351,
350,1447-0594,0.73,Geriatr Gerontol Int,0.39,0.45,0.93,0,493,53,54,23,64,55,56,101,87,,,,,A352:U352,
351,1879-0291,0.96,Mar Environ Res,0.96,0.37,0.00,0,493,56,51,72,48,66,70,78,52,,,,,A353:U353,
352,0976-4879,,J Pharm Bioallied Sci,0.00,1.00,0.00,0,491,214,,223,22,,,,32,,,,,A354:U354,
353,2666-1667,0.85,STAR Protoc,0.62,1.00,0.00,0,490,38,53,66,53,78,55,82,65,,,,,A355:U355,
354,1178-6973,0.79,Infect Drug Resist,0.00,1.00,0.68,0,489,12,21,143,73,53,71,53,63,,,,,A356:U356,
355,1361-6560,0.82,Phys Med Biol,0.87,0.12,0.95,1,489,53,53,56,56,54,83,56,78,,,,,A357:U357,
356,1477-4054,2.26,Brief Bioinform,0.96,1.00,0.85,1,489,55,64,53,68,74,66,66,43,,,,,A358:U358,
357,1349-7235,0.33,Intern Med,0.10,1.00,0.00,0,488,43,64,65,68,63,57,55,73,,,,,A359:U359,
358,2405-4577,0.86,Clin Nutr ESPEN,0.42,0.31,0.00,0,487,54,38,54,48,58,74,74,87,,,,,A360:U360,
359,1361-648X,0.57,J Phys Condens Matter,0.01,0.01,0.97,0,486,71,44,62,54,55,69,69,62,,,,,A361:U361,
360,1095-8673,0.62,J Surg Res,0.71,0.22,0.00,1,485,48,30,39,108,50,78,76,56,,,,,A362:U362,
361,1941-0506,0.98,IEEE Trans Vis Comput Graph,0.26,0.00,0.00,0,485,39,35,103,162,53,44,26,23,,,,,A363:U363,
362,1434-9949,0.84,Clin Rheumatol,0.80,0.18,0.98,0,483,70,42,62,70,43,71,76,49,,,,,A364:U364,
363,0250-3301,0.61,Huan Jing Ke Xue,0.28,0.00,0.00,0,482,58,60,61,,119,61,60,63,,,,,A365:U365,
364,1535-4970,5.42,Am J Respir Crit Care Med,0.16,0.74,0.53,0,480,,127,,,179,56,70,48,,,,,A366:U366,
365,1476-5373,0.56,Br Dent J,0.19,0.09,0.00,0,479,81,61,57,55,58,53,59,55,,,,,A367:U367,
366,1528-3984,0.87,Geriatr Nurs,0.63,0.27,0.00,2,479,111,51,33,62,39,40,31,112,,,,,A368:U368,
367,1558-8238,4.81,J Clin Invest,0.81,1.00,0.00,8,479,59,80,67,50,50,57,59,57,,,,,A369:U369,
368,1573-0972,0.91,World J Microbiol Biotechnol,0.98,0.20,0.34,0,479,47,41,67,72,70,63,59,60,,,,,A370:U370,
369,1592-8721,2.53,Haematologica,0.11,1.00,0.00,1,479,67,54,59,75,58,42,65,59,,,,,A371:U371,
370,1478-811X,2.9,Cell Commun Signal,0.84,1.00,0.22,0,478,88,60,89,56,62,62,57,4,,,,,A372:U372,
371,2753-4294,,BMJ Public Health,0.00,1.00,0.99,1,477,30,58,46,53,65,97,81,47,,,,,A373:U373,
372,1936-959X,1.17,AJNR Am J Neuroradiol,0.35,0.01,0.37,0,476,25,81,62,77,59,68,49,55,,,,,A374:U374,
373,2042-650X,1.23,Food Funct,0.91,0.05,0.95,1,475,55,68,61,47,72,65,57,50,,,,,A375:U375,
374,1001-0742,1.47,J Environ Sci (China),1.00,0.03,0.00,0,473,,,160,,160,79,74,,,,,,A376:U376,
375,1471-2342,0.85,BMC Med Imaging,0.81,1.00,0.17,0,472,58,60,67,61,83,66,69,8,,,,,A377:U377,
376,1873-6750,3.06,Environ Int,0.85,1.00,0.00,1,471,93,62,52,62,57,53,46,46,,,,,A378:U378,
377,1462-0332,1.75,Rheumatology (Oxford),0.65,0.40,0.90,2,469,54,54,44,89,40,61,51,76,,,,,A379:U379,
378,1573-7438,0.47,Trop Anim Health Prod,0.99,0.37,0.89,0,469,50,64,65,39,52,91,80,28,,,,,A380:U380,
379,1469-7793,1.48,J Physiol,0.37,0.42,0.82,0,468,46,63,64,72,67,58,50,48,,,,,A381:U381,
380,1524-4539,8.31,Circulation,0.33,0.52,0.87,2,468,43,49,77,48,53,56,54,88,,,,,A382:U382,
381,1618-2650,0.72,Anal Bioanal Chem,0.56,0.28,0.43,0,468,55,60,64,47,56,63,64,59,,,,,A383:U383,
382,1708-0428,1.06,Obes Surg,0.74,0.33,0.19,2,466,47,39,76,84,60,57,62,41,,,,,A384:U384,
383,1879-355X,2.17,Int J Radiat Oncol Biol Phys,0.27,0.26,0.00,0,466,49,88,42,47,54,45,62,79,,,,,A385:U385,
384,2452-199X,4.05,Bioact Mater,0.00,1.00,0.00,0,466,61,75,52,57,40,64,63,54,,,,,A386:U386,
385,1365-3040,2.16,Plant Cell Environ,0.51,0.46,0.92,0,465,59,44,37,63,58,64,78,62,,,,,A387:U387,
386,1539-3704,2.84,Ann Intern Med,0.37,0.30,0.56,1,465,54,59,59,58,46,67,50,72,,,,,A388:U388,
387,1471-6771,2.69,Br J Anaesth,0.32,0.18,0.00,5,463,91,42,19,63,67,37,85,59,,,,,A389:U389,
388,2468-0249,1.79,Kidney Int Rep,0.00,1.00,0.00,0,463,89,59,40,68,41,51,67,48,,,,,A390:U390,
389,1878-7568,1.88,Acta Biomater,0.73,0.34,0.00,2,462,64,48,52,55,59,61,66,57,,,,,A391:U391,
390,1875-595X,1.06,Int Dent J,0.67,1.00,0.00,0,460,51,53,64,67,56,61,64,44,,,,,A392:U392,
391,1472-6874,1.02,BMC Womens Health,0.81,1.00,0.34,0,459,72,51,56,69,82,55,69,5,,,,,A393:U393,
392,1743-9159,,Int J Surg,0.09,0.40,0.53,0,459,288,171,,,,,,,,,,,A394:U394,
393,1878-4046,1.1,Acad Radiol,0.56,0.20,0.00,2,459,54,46,50,67,39,26,79,98,,,,,A395:U395,
394,1573-7446,0.52,Vet Res Commun,0.98,0.48,0.44,1,458,54,44,62,48,63,76,64,47,,,,,A396:U396,
395,2229-5097,0.33,Surg Neurol Int,0.00,1.00,0.00,0,458,,85,64,63,59,84,37,66,,,,,A397:U397,
396,1662-5161,0.91,Front Hum Neurosci,0.00,1.00,0.00,2,456,40,45,60,68,65,61,50,67,,,,,A398:U398,
397,1471-2954,1.41,Proc Biol Sci,0.97,0.03,1.00,0,454,97,60,54,56,62,55,37,33,,,,,A399:U399,
398,1552-6259,1.41,Ann Thorac Surg,0.22,0.13,0.00,4,454,61,59,56,61,61,57,71,28,,,,,A400:U400,
399,2079-6374,0.89,Biosensors (Basel),0.91,1.00,0.93,0,454,67,66,48,50,70,50,47,56,,,,,A401:U401,
400,1440-1746,1.19,J Gastroenterol Hepatol,0.36,0.25,0.97,0,453,43,43,50,35,62,73,67,80,,,,,A402:U402,
401,1437-2320,0.91,Neurosurg Rev,0.95,0.33,0.38,9,452,94,69,81,52,40,36,39,41,,,,,A403:U403,
402,1931-3543,2.05,Chest,0.24,0.27,0.00,1,452,63,36,74,52,51,53,63,60,,,,,A404:U404,
403,1930-613X,0.52,Mil Med,0.35,0.32,0.92,3,451,32,53,33,44,43,44,51,151,,,,,A405:U405,
404,2325-9671,1.15,Orthop J Sports Med,0.00,1.00,0.93,0,450,54,62,71,64,47,60,49,43,,,,,A406:U406,
405,2150-7511,2.0,mBio,0.82,1.00,1.00,0,447,53,51,58,65,48,67,57,48,,,,,A407:U407,
406,1531-5037,0.81,J Pediatr Surg,0.58,0.22,0.00,1,446,65,65,59,37,45,39,62,74,,,,,A408:U408,
407,1537-6613,1.86,J Infect Dis,0.40,0.57,0.94,3,446,50,65,85,49,40,56,59,42,,,,,A409:U409,
408,1615-5947,0.67,Ann Vasc Surg,0.74,0.23,0.00,2,446,40,53,70,32,65,75,57,54,,,,,A410:U410,
409,1861-471X,0.61,Chem Asian J,0.19,0.41,0.84,0,445,83,50,53,46,56,51,40,66,,,,,A411:U411,
410,2047-4881,2.6,Eur J Prev Cardiol,0.05,1.00,0.97,3,445,60,57,62,56,53,48,59,50,,,,,A412:U412,
411,1432-0584,0.78,Ann Hematol,0.85,0.91,0.27,0,443,69,81,68,60,62,52,39,12,,,,,A413:U413,
412,1466-609X,3.0,Crit Care,0.57,1.00,0.24,0,442,50,41,74,75,54,56,56,36,,,,,A414:U414,
413,1476-928X,,Comput Biol Chem,0.75,0.09,0.00,0,441,48,43,52,55,45,64,55,79,,,,,A415:U415,
414,1529-2401,1.84,J Neurosci,0.79,0.38,0.77,2,441,48,52,69,57,54,48,63,50,,,,,A416:U416,
415,1873-4898,0.78,J Pediatr Urol,0.42,0.10,0.00,0,440,39,63,52,51,57,59,61,58,,,,,A417:U417,
416,1619-7089,2.17,Eur J Nucl Med Mol Imaging,0.53,0.31,0.89,1,439,48,56,50,39,51,67,74,54,,,,,A418:U418,
417,1445-2197,0.47,ANZ J Surg,0.37,0.24,0.96,0,438,47,37,65,65,45,64,60,55,,,,,A419:U419,
418,1879-176X,,J Dent,0.89,0.52,0.00,5,438,45,51,51,49,65,61,61,55,,,,,A420:U420,
419,2075-4426,0.91,J Pers Med,0.00,1.00,0.98,3,438,58,68,47,57,45,61,58,44,,,,,A421:U421,
420,2694-1902,0.29,J Neurosurg Case Lessons,0.00,1.00,0.85,0,438,75,41,54,51,59,50,56,52,,,,,A422:U422,
421,1525-1438,1.4,Int J Gynecol Cancer,0.38,0.23,0.00,1,437,73,41,57,46,59,50,60,51,,,,,A423:U423,
422,1878-8769,0.68,World Neurosurg,0.63,1.00,0.00,5,437,57,52,44,51,63,64,52,54,,,,,A424:U424,
423,2589-5370,4.17,EClinicalMedicine,0.00,1.00,0.00,2,437,74,35,47,65,34,46,61,75,,,,,A425:U425,
424,2948-2933,0.89,J Imaging Inform Med,0.00,0.00,0.82,0,436,48,34,60,41,44,53,80,76,,,,,A426:U426,
425,1432-0991,0.63,Curr Microbiol,0.97,0.15,0.54,0,435,33,65,56,73,47,71,40,50,,,,,A427:U427,
426,1526-3231,2.11,Arthroscopy,0.55,0.00,0.77,W2,435,,,105,140,56,46,47,41,,,,,A428:U428,https://pubmed.ncbi.nlm.nih.gov/?term=39892435+39892429
427,2218-6050,0.37,Open Vet J,1.00,1.00,0.00,0,435,,69,,,,366,,,,,,,A429:U429,
428,1532-3064,0.98,Respir Med,0.80,0.33,0.00,1,434,55,42,47,55,46,73,64,52,,,,,A430:U430,
429,2277-9531,0.52,J Educ Health Promot,0.00,1.00,0.00,0,434,50,48,96,45,45,48,49,53,,,,,A431:U431,
430,1540-1413,5.99,J Natl Compr Canc Netw,0.24,0.02,0.00,0,433,,48,23,290,31,15,15,11,,,,,A432:U432,
431,1098-5514,1.3,J Virol,0.86,0.91,1.00,1,432,40,25,57,62,59,76,74,39,,,,,A433:U433,
432,1460-2431,1.93,J Exp Bot,0.40,0.57,0.95,3,432,46,70,44,47,52,52,71,50,,,,,A434:U434,
433,1464-5165,0.9,Disabil Rehabil,0.23,0.44,0.60,1,432,55,56,54,47,48,53,61,58,,,,,A435:U435,
434,1744-6848,0.67,Soft Matter,0.20,0.08,0.96,3,432,73,57,61,46,42,55,49,49,,,,,A436:U436,
435,1873-3913,1.29,Cell Signal,0.74,0.16,0.00,4,432,40,38,54,42,57,66,57,78,,,,,A437:U437,
436,1941-5923,0.28,Am J Case Rep,1.00,1.00,0.68,0,430,62,49,61,60,62,30,54,52,,,,,A438:U438,
437,1471-2466,0.9,BMC Pulm Med,0.81,1.00,0.21,0,429,63,60,52,59,58,67,65,5,,,,,A439:U439,
438,1532-8422,0.59,J Cardiothorac Vasc Anesth,0.39,0.19,0.00,0,428,38,47,50,46,67,68,57,55,,,,,A440:U440,
439,2249-4863,,J Family Med Prim Care,0.00,1.00,0.00,0,428,,48,67,89,,64,119,41,,,,,A441:U441,
440,1461-7277,0.98,J Health Psychol,0.21,0.33,1.00,0,427,83,31,61,55,61,41,44,51,,,,,A442:U442,
441,2379-3708,2.83,JCI Insight,0.89,1.00,0.00,2,425,49,62,54,73,44,52,49,42,,,,,A443:U443,
442,2053-1095,0.57,Vet Med Sci,0.99,1.00,0.90,0,424,52,41,50,71,27,55,53,75,,,,,A444:U444,
443,2509-2723,1.83,Geroscience,0.10,0.14,0.89,1,424,43,50,58,61,57,52,51,52,,,,,A445:U445,
444,1089-7682,0.8,Chaos,0.19,0.00,1.00,0,423,53,53,55,42,48,52,61,59,,,,,A446:U446,
445,1365-313X,2.14,Plant J,0.91,0.44,0.83,2,423,54,48,79,57,42,51,61,31,,,,,A447:U447,
446,2079-4983,0.97,J Funct Biomater,0.00,1.00,0.94,0,423,56,50,52,48,52,51,43,71,,,,,A448:U448,
447,1872-7980,3.07,Cancer Lett,0.78,0.35,0.00,6,422,40,67,67,48,65,49,52,34,,,,,A449:U449,
448,2211-0356,0.96,Mult Scler Relat Disord,0.80,0.38,0.00,0,422,61,53,55,40,57,54,55,47,,,,,A450:U450,
449,2731-9229,0.96,Discov Nano,0.00,1.00,0.24,0,420,22,33,37,63,77,76,59,53,,,,,A451:U451,
450,1682-024X,0.41,Pak J Med Sci,0.00,1.00,0.00,0,417,39,43,40,37,51,127,37,43,,,,,A452:U452,
451,2691-3704,2.38,JACS Au,0.00,1.00,1.00,0,417,55,67,57,,88,44,66,40,,,,,A453:U453,
452,1873-4588,0.56,J Voice,0.00,0.26,0.00,1,416,42,42,45,41,64,59,69,54,,,,,A454:U454,
453,1879-1190,1.09,J Am Coll Surg,0.29,0.05,0.02,1,414,68,65,62,68,46,47,27,31,,,,,A455:U455,
454,1365-4632,0.88,Int J Dermatol,0.12,0.20,0.95,0,413,85,43,45,41,63,42,44,50,,,,,A456:U456,
455,1879-1891,1.85,Am J Ophthalmol,0.51,0.28,0.00,0,413,47,53,45,41,54,59,60,54,,,,,A457:U457,
456,1099-0461,0.8,J Biochem Mol Toxicol,0.98,0.27,0.93,8,412,48,38,45,56,50,83,47,45,,,,,A458:U458,
457,1435-702X,1.07,Graefes Arch Clin Exp Ophthalmol,0.23,0.16,0.51,2,412,47,46,53,53,33,60,62,58,,,,,A459:U459,
458,1791-7530,0.58,Anticancer Res,0.98,0.00,0.00,2,411,52,50,47,54,51,55,54,48,,,,,A460:U460,
459,1476-5578,4.6,Mol Psychiatry,0.48,0.32,0.99,0,410,22,59,50,64,39,45,78,53,,,,,A461:U461,
460,1364-5528,0.58,Analyst,0.67,0.09,0.99,0,409,45,57,55,55,51,58,55,33,,,,,A462:U462,
461,1527-7755,4.65,J Clin Oncol,0.39,0.21,0.90,2,409,68,37,58,37,44,39,84,42,,,,,A463:U463,
462,2047-783X,,Eur J Med Res,0.11,1.00,0.07,3,408,201,134,72,,,,,1,,,,,A464:U464,
463,1872-7123,1.66,Psychiatry Res,0.80,0.36,0.00,0,406,31,63,62,60,39,56,32,63,,,,,A465:U465,
464,1873-3492,0.94,Clin Chim Acta,0.68,0.14,0.00,0,406,48,40,41,48,68,79,36,46,,,,,A466:U466,
465,1365-2036,3.01,Aliment Pharmacol Ther,0.24,0.34,0.94,1,404,29,32,66,53,56,58,59,51,,,,,A467:U467,
466,1879-2456,1.59,Waste Manag,0.92,0.35,0.00,1,404,46,42,49,47,53,59,56,52,,,,,A468:U468,
467,1178-7074,,Int J Gen Med,0.00,1.00,0.61,1,403,4,14,124,59,46,59,51,46,,,,,A469:U469,
468,2308-3425,0.76,J Cardiovasc Dev Dis,0.00,1.00,0.91,0,403,57,46,45,24,48,67,57,59,,,,,A470:U470,
469,1872-9800,0.39,Appl Radiat Isot,0.24,0.12,0.00,1,402,57,52,48,52,54,45,51,43,,,,,A471:U471,
470,2052-1847,1.0,BMC Sports Sci Med Rehabil,0.00,1.00,0.38,0,402,61,64,49,45,60,51,66,6,,,,,A472:U472,
471,1660-9379,0.14,Rev Med Suisse,0.56,0.00,0.44,0,401,67,67,59,68,56,58,26,,,,,,A473:U473,
472,1365-2486,4.58,Glob Chang Biol,0.91,0.59,0.93,1,399,49,43,62,57,49,27,50,62,,,,,A474:U474,
473,1536-0229,0.58,Clin Nucl Med,0.72,0.11,0.59,0,399,17,67,31,78,54,65,31,56,,,,,A475:U475,
474,0065-2598,0.49,Adv Exp Med Biol,0.99,0.01,0.08,3,398,126,34,36,62,64,12,64,,,,,,A476:U476,
475,1872-7654,0.76,Eur J Obstet Gynecol Reprod Biol,0.76,0.29,0.00,12,398,49,41,51,53,51,56,54,43,,,,,A477:U477,
476,1878-0539,0.79,J Plast Reconstr Aesthet Surg,0.71,0.25,0.00,1,398,44,35,54,55,50,68,50,42,,,,,A478:U478,
477,2150-5551,8.4,Nanomicro Lett,0.00,1.00,0.01,0,398,135,33,50,37,42,29,46,26,,,,,A479:U479,
478,2313-433X,0.73,J Imaging,0.00,1.00,0.90,0,398,53,38,50,38,39,56,60,64,,,,,A480:U480,
479,1559-0291,0.68,Appl Biochem Biotechnol,0.58,0.06,0.63,6,396,76,38,59,40,44,46,55,38,,,,,A481:U481,
480,1878-5506,1.13,Sleep Med,0.80,0.41,0.00,0,396,42,50,43,52,42,47,62,58,,,,,A482:U482,
481,1879-0828,1.66,Eur J Intern Med,0.20,0.23,0.00,0,396,42,45,50,35,59,58,54,53,,,,,A483:U483,
482,1541-6100,1.21,J Nutr,0.83,0.44,0.00,1,395,50,52,46,47,45,65,57,33,,,,,A484:U484,
483,1432-198X,0.98,Pediatr Nephrol,0.38,0.20,0.90,1,394,45,52,63,40,51,57,59,27,,,,,A485:U485,
484,2366-0058,0.88,Abdom Radiol (NY),0.21,0.05,0.21,1,394,21,35,52,55,49,78,56,48,,,,,A486:U486,
485,1365-2834,1.38,J Nurs Manag,0.98,0.99,0.98,0,393,18,25,50,46,61,52,63,78,,,,,A487:U487,
486,2473-4209,0.95,Med Phys,0.93,0.57,0.06,0,393,59,57,39,48,51,34,57,48,,,,,A488:U488,
487,2772-9508,1.14,Biomater Adv,0.97,0.26,0.00,0,392,49,47,45,51,52,65,37,46,,,,,A489:U489,
488,1436-3771,1.0,Clin Oral Investig,0.95,0.57,0.42,2,391,34,35,63,45,54,42,63,55,,,,,A490:U490,
489,1792-1082,0.65,Oncol Lett,0.00,1.00,0.00,1,391,31,31,30,82,46,58,62,51,,,,,A491:U491,
490,1873-7544,0.9,Neuroscience,0.81,0.29,0.00,2,391,38,57,48,35,42,50,64,57,,,,,A492:U492,
491,2046-1402,0.43,F1000Res,0.98,1.00,0.99,1,390,96,45,47,47,70,69,13,3,,,,,A493:U493,
492,2164-554X,1.09,Hum Vaccin Immunother,0.96,1.00,0.62,1,390,57,56,49,36,39,67,52,34,,,,,A494:U494,
493,1177-5467,0.95,Clin Ophthalmol,0.00,1.00,0.88,0,388,8,27,102,63,58,52,40,38,,,,,A495:U495,
494,2051-1426,4.11,J Immunother Cancer,0.98,1.00,0.96,0,388,60,41,52,42,50,65,51,27,,,,,A496:U496,
495,1098-4275,2.17,Pediatrics,0.63,0.10,0.00,0,387,60,38,41,45,46,49,53,55,,,,,A497:U497,
496,2059-2310,0.27,HLA,0.96,0.44,0.97,0,387,29,45,57,41,37,48,66,64,,,,,A498:U498,
497,1573-7373,1.03,J Neurooncol,0.93,0.44,0.39,3,386,46,44,60,49,55,48,42,42,,,,,A499:U499,
498,1532-8171,0.77,Am J Emerg Med,0.57,0.16,0.00,0,385,56,46,32,44,46,43,59,59,,,,,A500:U500,
499,1872-8227,1.69,Diabetes Res Clin Pract,0.89,0.36,0.00,1,385,38,49,31,46,52,46,60,63,,,,,A501:U501,
500,1699-3055,0.83,Clin Transl Oncol,0.43,0.11,1.00,0,384,49,56,54,39,38,70,45,33,,,,,A502:U502,
501,2296-889X,1.23,Front Mol Biosci,0.00,1.00,0.00,1,382,45,44,61,52,44,56,48,32,,,,,A503:U503,
502,1468-3083,2.34,J Eur Acad Dermatol Venereol,0.06,0.34,0.90,0,381,42,50,45,48,42,61,55,38,,,,,A504:U504,
503,1573-9686,0.73,Ann Biomed Eng,0.31,0.18,0.89,1,381,40,38,64,54,34,49,56,46,,,,,A505:U505,
504,1097-6779,1.62,Gastrointest Endosc,0.09,0.11,0.00,2,380,40,45,44,41,31,65,64,50,,,,,A506:U506,
505,1873-2259,1.21,Plant Sci,0.83,0.09,0.00,0,380,40,55,31,41,59,54,44,56,,,,,A507:U507,
506,2213-2317,4.06,Redox Biol,0.80,1.00,0.00,8,380,66,46,42,46,50,47,39,44,,,,,A508:U508,
507,1573-2584,0.64,Int Urol Nephrol,0.30,0.07,0.38,6,378,48,34,52,48,52,33,57,54,,,,,A509:U509,
508,1879-0461,1.98,Crit Rev Oncol Hematol,0.70,0.29,0.00,0,378,39,59,66,30,38,51,43,52,,,,,A510:U510,
509,1998-3689,0.65,Indian J Ophthalmol,0.52,1.00,0.00,0,377,48,46,54,22,52,46,40,69,,,,,A511:U511,
510,1522-726X,0.94,Catheter Cardiovasc Interv,0.73,0.37,0.88,1,376,37,44,44,69,25,36,68,53,,,,,A512:U512,
511,1532-2165,1.75,Eur J Vasc Endovasc Surg,0.04,0.30,0.00,1,376,45,62,40,42,38,50,65,34,,,,,A513:U513,
512,1545-7885,2.53,PLoS Biol,0.93,1.00,0.94,4,376,44,42,58,52,36,43,48,53,,,,,A514:U514,
513,1097-4172,24.59,Cell,0.85,0.55,0.00,3,375,49,37,43,56,49,52,41,48,,,,,A515:U515,
514,1097-0215,1.9,Int J Cancer,0.59,0.43,0.92,4,374,33,49,49,59,41,58,42,43,,,,,A516:U516,
515,1532-5415,1.71,J Am Geriatr Soc,0.39,0.44,0.94,0,374,45,35,28,67,53,36,39,71,,,,,A517:U517,
516,1532-2157,1.06,Eur J Surg Oncol,0.82,0.37,0.00,1,373,45,45,42,43,54,56,41,47,,,,,A518:U518,
517,1879-1913,0.95,Am J Cardiol,0.65,0.22,0.00,0,373,26,49,79,70,50,35,33,31,,,,,A519:U519,
518,2168-2275,3.72,IEEE Trans Cybern,0.04,0.00,0.00,1,373,52,76,54,40,35,38,38,40,,,,,A520:U520,
519,2639-5274,2.18,Research (Wash D C),0.00,1.00,0.99,0,373,45,56,54,50,37,48,41,42,,,,,A521:U521,
520,2688-2663,2.93,MedComm (2020),0.00,1.00,0.59,1,373,44,34,24,88,17,58,53,55,,,,,A522:U522,
521,0191-2917,0.69,Plant Dis,0.28,0.06,0.35,0,372,39,38,60,41,44,63,47,40,,,,,A523:U523,
522,1365-2230,0.66,Clin Exp Dermatol,0.16,0.16,0.81,0,372,53,47,44,45,37,49,52,45,,,,,A524:U524,
523,1526-4602,1.06,Biomacromolecules,0.96,0.25,1.00,2,371,59,53,42,42,48,61,55,11,,,,,A525:U525,
524,1472-6947,1.22,BMC Med Inform Decis Mak,0.79,1.00,0.22,1,370,19,53,49,55,69,63,58,4,,,,,A526:U526,
525,2162-2388,3.15,IEEE Trans Neural Netw Learn Syst,0.04,0.01,0.00,0,370,43,39,48,49,37,53,59,42,,,,,A527:U527,
526,2331-8422,,ArXiv,0.00,1.00,0.03,0,370,46,82,42,34,43,50,49,24,,,,,A528:U528,
527,2666-3791,4.93,Cell Rep Med,0.89,1.00,0.00,0,370,40,43,56,56,43,38,41,53,,,,,A529:U529,
528,1557-3265,4.75,Clin Cancer Res,0.70,0.46,0.97,3,369,53,42,54,57,40,34,49,40,,,,,A530:U530,
529,1938-808X,1.42,Acad Med,0.38,0.36,0.69,0,369,54,82,55,37,41,35,43,22,,,,,A531:U531,
530,1097-6841,1.29,J Prosthet Dent,0.58,0.22,0.00,1,368,44,52,27,63,35,72,44,31,,,,,A532:U532,
531,2312-0541,1.36,ERJ Open Res,0.00,1.00,0.90,0,368,24,42,61,21,62,54,44,60,,,,,A533:U533,
532,1532-7361,1.04,Surgery,0.65,0.29,0.00,0,367,39,16,33,37,78,57,47,60,,,,,A534:U534,
533,1945-7197,2.16,J Clin Endocrinol Metab,0.47,0.56,0.94,1,367,48,51,50,55,31,40,50,42,,,,,A535:U535,
534,2397-768X,3.62,NPJ Precis Oncol,0.00,1.00,0.04,0,367,60,34,51,57,66,52,40,7,,,,,A536:U536,
535,2405-5808,0.78,Biochem Biophys Rep,0.00,1.00,0.00,0,367,59,60,49,41,39,44,43,32,,,,,A537:U537,
536,1528-0012,6.69,Gastroenterology,0.21,0.28,0.00,0,366,35,65,53,43,63,29,41,37,,,,,A538:U538,
537,1756-3305,1.05,Parasit Vectors,0.86,1.00,0.13,1,366,44,44,61,34,57,59,46,21,,,,,A539:U539,
538,1873-6351,0.75,Food Chem Toxicol,0.71,0.15,0.00,5,366,54,40,36,26,65,50,53,42,,,,,A540:U540,
539,1528-1167,2.2,Epilepsia,0.56,0.51,0.99,0,365,36,43,60,35,35,54,54,48,,,,,A541:U541,
540,1528-1175,1.65,Anesthesiology,0.22,0.21,0.75,0,365,51,26,39,56,48,41,44,60,,,,,A542:U542,
541,1532-8449,0.78,J Pediatr Nurs,0.53,0.15,0.00,0,365,45,44,47,38,38,36,61,56,,,,,A543:U543,
542,2196-8837,1.26,J Racial Ethn Health Disparities,0.01,0.09,0.89,0,365,48,36,50,57,36,57,50,31,,,,,A544:U544,
543,2666-6367,2.25,Transplant Cell Ther,0.33,0.36,0.00,1,365,40,32,37,40,64,58,38,56,,,,,A545:U545,
544,1365-2133,2.28,Br J Dermatol,0.11,0.26,0.78,0,364,35,47,46,44,50,41,51,50,,,,,A546:U546,
545,1478-5153,0.85,Nurs Crit Care,0.86,0.52,0.92,0,364,55,61,49,45,22,33,42,57,,,,,A547:U547,
546,2075-4663,0.89,Sports (Basel),0.00,1.00,0.97,0,364,43,41,40,40,50,42,56,52,,,,,A548:U548,
547,1465-993X,1.61,Respir Res,0.80,1.00,0.12,0,363,64,58,51,48,52,41,41,8,,,,,A549:U549,
548,1526-7598,1.12,Anesth Analg,0.09,0.06,0.63,7,363,32,52,39,40,45,62,42,51,,,,,A550:U550,
549,1755-5949,1.74,CNS Neurosci Ther,0.98,1.00,0.97,2,363,44,36,39,50,38,51,50,55,,,,,A551:U551,
550,2215-0161,0.55,MethodsX,0.00,1.00,0.00,2,363,55,32,39,52,42,49,44,50,,,,,A552:U552,
551,1555-7162,1.12,Am J Med,0.21,0.11,0.00,0,362,49,32,60,39,51,41,36,54,,,,,A553:U553,
552,1876-7605,3.59,JACC Cardiovasc Interv,0.27,0.23,0.00,0,362,44,38,50,37,41,59,54,39,,,,,A554:U554,
553,1090-2139,2.69,Brain Behav Immun,0.46,0.49,0.00,1,361,52,35,51,43,54,34,41,51,,,,,A555:U555,
554,1525-0024,3.81,Mol Ther,0.53,0.41,0.00,9,361,54,39,44,44,41,46,53,40,,,,,A556:U556,
555,1874-1754,1.15,Int J Cardiol,0.72,0.28,0.00,5,360,64,38,46,40,45,40,47,40,,,,,A557:U557,
556,1097-0258,1.1,Stat Med,0.97,0.67,0.90,0,359,36,65,38,67,51,28,36,38,,,,,A558:U558,
557,2059-3635,17.74,Signal Transduct Target Ther,0.79,1.00,0.87,1,359,38,35,43,44,40,56,48,55,,,,,A559:U559,
558,2059-7908,2.14,BMJ Glob Health,0.89,1.00,0.99,0,359,50,45,66,38,42,52,35,31,,,,,A560:U560,
559,2352-3964,3.74,EBioMedicine,0.74,1.00,0.00,1,359,42,50,45,31,45,42,52,52,,,,,A561:U561,
560,1863-4362,0.54,Ir J Med Sci,0.13,0.15,0.85,0,358,40,14,29,102,46,61,49,17,,,,,A562:U562,
561,1099-1263,0.75,J Appl Toxicol,0.32,0.20,0.94,1,357,27,50,50,40,32,56,55,47,,,,,A563:U563,
562,2072-6651,0.93,Toxins (Basel),0.90,1.00,0.92,0,357,58,57,37,40,45,36,45,39,,,,,A564:U564,
563,0030-9982,0.25,J Pak Med Assoc,0.74,0.99,0.00,1,356,,40,48,44,45,130,49,,,,,,A565:U565,
564,1875-533X,0.74,Curr Med Chem,0.06,0.00,0.39,1,356,46,19,49,36,43,54,71,38,,,,,A566:U566,
565,1879-1379,1.33,J Psychiatr Res,0.87,0.43,0.00,1,356,38,71,52,36,49,48,35,27,,,,,A567:U567,
566,1476-5543,0.91,J Perinatol,0.27,0.20,0.99,0,355,25,39,46,59,30,44,71,41,,,,,A568:U568,
567,1536-0075,1.65,Am J Bioeth,0.02,0.23,0.70,0,354,41,37,38,75,31,39,6,87,,,,,A569:U569,
568,1559-0720,0.89,Biol Trace Elem Res,0.38,0.21,0.39,11,354,35,33,58,46,39,38,60,45,,,,,A570:U570,
569,1878-5883,1.04,J Neurol Sci,0.35,0.18,0.00,2,354,39,48,49,37,71,47,39,24,,,,,A571:U571,
570,1879-0534,1.38,Comput Biol Med,0.87,0.38,0.00,1,354,61,60,36,45,48,49,34,21,,,,,A572:U572,
571,1433-3023,0.77,Int Urogynecol J,0.26,0.11,0.80,1,353,32,20,44,55,54,59,56,33,,,,,A573:U573,
572,2190-572X,0.66,3 Biotech,0.00,0.11,0.96,1,353,44,21,43,19,66,57,64,39,,,,,A574:U574,
573,1099-0496,0.72,Pediatr Pulmonol,0.72,0.56,0.89,0,351,36,54,53,43,38,35,45,47,,,,,A575:U575,
574,1527-9995,0.66,Urology,0.34,0.13,0.00,6,351,46,43,45,51,27,49,35,55,,,,,A576:U576,
575,1541-0048,1.41,Am J Public Health,0.36,0.35,0.88,0,351,24,31,29,61,25,66,48,67,,,,,A577:U577,
576,2054-1058,0.96,Nurs Open,0.94,1.00,0.94,1,351,24,26,39,65,38,43,56,60,,,,,A578:U578,
577,1399-3054,1.02,Physiol Plant,0.97,0.41,0.93,0,350,37,51,37,54,42,32,49,48,,,,,A579:U579,
578,2058-7716,2.67,Cell Death Discov,0.00,1.00,0.97,0,350,33,33,89,61,43,54,37,,,,,,A580:U580,
579,2476-762X,0.5,Asian Pac J Cancer Prev,0.95,1.00,0.83,1,350,45,44,40,43,43,46,44,45,,,,,A581:U581,
580,1527-3792,2.19,J Urol,0.14,0.04,0.53,0,349,30,68,34,40,41,51,43,42,,,,,A582:U582,
581,1549-490X,1.96,Oncologist,0.77,1.00,0.87,0,349,28,46,46,48,52,37,52,40,,,,,A583:U583,
582,1313-2989,0.65,Zookeys,0.00,1.00,0.99,0,348,27,46,43,63,32,42,46,49,,,,,A584:U584,
583,1433-0350,0.45,Childs Nerv Syst,0.93,0.29,0.39,1,348,53,37,53,45,46,40,43,31,,,,,A585:U585,
584,2047-7538,4.95,Light Sci Appl,0.00,1.00,0.94,0,348,80,31,57,31,39,42,36,32,,,,,A586:U586,
585,2314-6141,0.75,Biomed Res Int,0.81,1.00,0.82,95,348,28,28,51,79,30,49,47,36,,,,,A587:U587,
586,2468-4287,0.34,J Vasc Surg Cases Innov Tech,0.00,1.00,0.00,0,348,59,40,36,38,36,53,50,36,,,,,A588:U588,
587,1532-2653,0.67,J Clin Neurosci,0.88,0.16,0.00,0,347,47,54,36,32,57,47,48,26,,,,,A589:U589,
588,1524-4725,0.54,Dermatol Surg,0.17,0.01,0.05,0,346,41,22,40,38,55,59,50,41,,,,,A590:U590,
589,2051-817X,0.71,Physiol Rep,0.97,1.00,0.96,0,346,26,42,51,48,34,58,38,49,,,,,A591:U591,
590,1552-3365,2.29,Am J Sports Med,0.79,0.14,0.89,0,345,98,41,40,40,35,41,23,27,,,,,A592:U592,
591,1178-2390,0.77,J Multidiscip Healthc,0.00,1.00,0.75,0,344,11,27,81,30,47,51,46,51,,,,,A593:U593,
592,1527-1315,4.39,Radiology,0.51,0.03,0.97,0,344,37,36,49,37,48,53,43,41,,,,,A594:U594,
593,1097-6868,2.9,Am J Obstet Gynecol,0.36,0.36,0.00,0,343,84,50,36,39,26,30,33,45,,,,,A595:U595,
594,1879-0631,1.49,Life Sci,0.87,0.21,0.00,31,343,51,33,44,40,57,46,38,34,,,,,A596:U596,
595,2632-1297,1.77,Brain Commun,0.00,1.00,0.90,0,343,39,29,50,47,42,51,48,37,,,,,A597:U597,
596,1469-8749,1.48,Dev Med Child Neurol,0.12,0.09,0.63,0,342,40,56,24,35,40,44,63,40,,,,,A598:U598,
597,1936-5233,1.38,Transl Oncol,0.00,1.00,0.00,0,342,38,33,23,43,41,56,65,43,,,,,A599:U599,
598,2673-4842,0.8,Front Oral Health,0.00,1.00,0.00,0,341,30,36,36,32,49,53,51,54,,,,,A600:U600,
599,1478-3231,2.22,Liver Int,0.65,0.49,0.90,1,340,27,40,52,38,45,51,56,31,,,,,A601:U601,
600,1525-6049,0.95,Ren Fail,0.96,1.00,0.42,3,340,30,24,48,57,47,48,41,45,,,,,A602:U602,
601,1346-8138,0.84,J Dermatol,0.30,0.21,0.99,1,339,33,38,40,45,33,40,60,50,,,,,A603:U603,
602,1098-6596,1.47,Antimicrob Agents Chemother,0.90,0.89,1.00,0,338,37,41,52,44,35,63,42,24,,,,,A604:U604,
603,1872-8243,1.28,Int J Med Inform,0.94,0.47,0.00,1,338,51,40,32,36,40,53,47,39,,,,,A605:U605,
604,1361-6528,0.53,Nanotechnology,0.13,0.02,0.99,1,337,40,33,54,42,61,39,29,39,,,,,A606:U606,
605,1750-1172,1.22,Orphanet J Rare Dis,0.83,1.00,0.85,0,337,52,54,45,48,34,55,41,8,,,,,A607:U607,
606,1460-2091,1.26,J Antimicrob Chemother,0.80,0.42,0.88,1,336,47,52,57,27,39,40,36,38,,,,,A608:U608,
607,1477-7819,0.76,World J Surg Oncol,0.87,1.00,0.18,3,335,44,48,42,60,58,45,33,5,,,,,A609:U609,
608,1523-1755,5.56,Kidney Int,0.39,0.36,0.00,0,335,44,44,60,34,37,31,48,37,,,,,A610:U610,
609,1535-1386,1.42,J Bone Joint Surg Am,0.26,0.06,0.96,0,335,33,43,31,61,49,56,42,20,,,,,A611:U611,
610,1555-9823,,Am Surg,0.28,0.16,0.98,0,333,24,36,29,42,41,37,85,39,,,,,A612:U612,
611,1873-2747,1.25,Brain Res Bull,0.88,0.98,0.00,3,333,41,43,49,38,58,40,32,32,,,,,A613:U613,
612,2156-7085,0.83,Biomed Opt Express,0.00,1.00,0.92,0,333,36,37,37,31,79,36,44,33,,,,,A614:U614,
613,2813-0146,1.16,Front Health Serv,0.00,1.00,0.00,0,333,22,28,35,41,38,42,73,54,,,,,A615:U615,
614,1578-8989,0.44,Med Clin (Barc),0.34,0.08,0.00,1,332,121,9,46,16,30,39,31,40,,,,,A616:U616,
615,1449-2288,3.07,Int J Biol Sci,0.96,1.00,0.00,0,331,61,30,30,61,89,30,30,,,,,,A617:U617,
616,1873-6254,0.68,Acta Trop,0.84,0.29,0.00,1,331,39,32,38,34,47,45,59,37,,,,,A618:U618,
617,2405-5018,2.52,JACC Clin Electrophysiol,0.22,0.21,0.00,0,331,46,34,32,64,33,34,43,45,,,,,A619:U619,
618,1432-1238,4.07,Intensive Care Med,0.18,0.19,0.98,1,330,49,34,55,45,31,56,28,32,,,,,A620:U620,
619,1532-2793,1.43,Nurse Educ Today,0.86,0.42,0.00,1,330,30,35,30,29,42,49,60,55,,,,,A621:U621,
620,3105-9686,,Pak J Pharm Sci,1.00,0.00,0.00,1,330,60,60,30,30,30,30,60,30,,,,,A622:U622,
621,2038-3312,0.7,Updates Surg,0.24,0.10,0.81,0,329,29,44,37,43,36,48,48,44,,,,,A623:U623,
622,1365-2702,1.4,J Clin Nurs,0.28,0.26,0.96,2,328,36,32,46,28,41,38,55,52,,,,,A624:U624,
623,2667-3258,1.22,Fundam Res,0.00,1.00,0.00,0,328,58,57,,70,,76,1,66,,,,,A625:U625,
624,1873-7528,3.06,Neurosci Biobehav Rev,0.85,0.62,0.00,0,327,32,27,41,45,59,40,50,33,,,,,A626:U626,
625,1873-7757,1.42,Child Abuse Negl,0.91,0.52,0.00,0,327,40,35,38,46,41,43,37,47,,,,,A627:U627,
626,2731-4553,1.07,BMC Prim Care,0.87,0.88,0.37,0,327,43,39,55,50,54,45,35,6,,,,,A628:U628,
627,1096-9071,1.14,J Med Virol,0.92,0.54,0.85,1,326,41,37,35,49,44,42,47,31,,,,,A629:U629,
628,1542-0086,1.13,Biophys J,0.75,0.54,0.00,0,326,53,44,53,42,42,37,29,26,,,,,A630:U630,
629,1756-0500,0.44,BMC Res Notes,0.90,1.00,0.28,0,326,52,64,40,46,60,37,23,4,,,,,A631:U631,
630,2411-5142,0.67,J Funct Morphol Kinesiol,0.00,1.00,0.98,0,326,40,41,49,36,38,40,40,42,,,,,A632:U632,
631,2666-2736,0.8,JTCVS Open,0.00,1.00,0.00,0,326,,,,85,87,,38,116,,,,,A633:U633,
632,1439-7633,0.74,Chembiochem,0.99,0.66,0.96,0,325,24,28,34,78,43,39,43,36,,,,,A634:U634,
633,1476-1645,0.67,Am J Trop Med Hyg,0.75,0.36,0.00,2,325,,104,36,41,33,31,40,40,,,,,A635:U635,
634,2211-3835,3.44,Acta Pharm Sin B,0.00,1.00,0.00,0,325,75,32,37,37,32,34,40,38,,,,,A636:U636,
635,2396-8370,1.61,NPJ Sci Food,0.00,1.00,0.08,1,325,50,43,40,46,44,52,48,2,,,,,A637:U637,
636,2724-7031,0.25,Tunis Med,0.94,0.97,0.00,0,325,,75,113,49,,58,14,16,,,,,A638:U638,
637,1097-0142,2.43,Cancer,0.64,0.48,0.80,0,324,33,54,42,41,37,43,40,34,,,,,A639:U639,
638,1365-2125,1.0,Br J Clin Pharmacol,0.44,0.45,0.95,1,324,34,39,36,34,50,32,60,39,,,,,A640:U640,
639,1873-6971,0.51,Fitoterapia,0.90,0.09,0.00,1,324,36,25,61,46,36,31,55,34,,,,,A641:U641,
640,1879-2022,,ISA Trans,0.00,0.04,0.00,4,324,47,26,48,40,41,50,36,36,,,,,A642:U642,
641,1916-7075,1.17,Can J Cardiol,0.15,0.24,0.00,1,324,62,56,49,40,40,32,31,14,,,,,A643:U643,
642,2352-5878,0.6,JPRAS Open,0.00,1.00,0.00,0,324,45,40,42,39,31,48,38,41,,,,,A644:U644,
643,1522-2594,1.14,Magn Reson Med,0.83,0.72,0.97,0,323,30,53,40,39,39,35,49,38,,,,,A645:U645,
644,1872-7549,0.86,Behav Brain Res,0.93,0.32,0.00,2,323,36,49,42,39,38,37,46,36,,,,,A646:U646,
645,2198-7793,,Surg Case Rep,0.00,1.00,0.00,0,323,23,30,43,66,26,61,46,28,,,,,A647:U647,
646,1526-9914,0.79,J Appl Clin Med Phys,0.95,0.99,0.58,1,322,39,41,27,33,49,32,53,48,,,,,A648:U648,
647,2153-8174,0.64,Rev Cardiovasc Med,0.00,1.00,0.97,1,322,39,40,37,41,40,40,84,1,,,,,A649:U649,
648,2326-3253,,ACG Case Rep J,0.00,1.00,0.59,0,322,33,42,32,44,39,67,38,27,,,,,A650:U650,
649,2468-2942,1.0,Cancer Treat Res Commun,0.87,0.99,0.00,0,322,41,35,36,36,35,42,40,57,,,,,A651:U651,
650,2767-3170,1.79,PLOS Digit Health,0.00,1.00,0.97,1,322,24,40,40,36,36,27,70,49,,,,,A652:U652,
651,2772-5294,0.71,Brain Spine,0.00,1.00,0.00,0,322,38,47,33,37,45,27,49,46,,,,,A653:U653,
652,1178-7015,0.72,Clin Cosmet Investig Dermatol,0.00,1.00,0.75,0,321,11,14,99,38,38,34,43,44,,,,,A654:U654,
653,1524-4040,1.19,Neurosurgery,0.09,0.03,0.78,0,321,37,46,41,54,26,56,38,23,,,,,A655:U655,
654,1535-7732,0.89,J Vasc Interv Radiol,0.40,0.14,0.00,0,321,36,33,47,39,39,37,49,41,,,,,A656:U656,
655,2057-1976,0.39,Biomed Phys Eng Express,0.97,0.02,1.00,0,321,43,23,46,31,55,52,42,29,,,,,A657:U657,
656,1096-1186,2.91,Pharmacol Res,0.83,0.98,0.00,2,320,39,30,16,40,53,55,28,59,,,,,A658:U658,
657,1553-4669,0.67,J Minim Invasive Gynecol,0.31,0.15,0.00,2,320,63,54,39,27,26,31,49,31,,,,,A659:U659,
658,1875-9270,0.5,Work,0.25,0.21,0.64,14,320,27,49,39,33,29,37,53,53,,,,,A660:U660,
659,1879-3460,1.12,Int J Food Microbiol,0.86,0.25,0.00,2,319,45,30,33,49,44,43,47,28,,,,,A661:U661,
660,2224-4344,0.61,Transl Pediatr,0.00,1.00,0.41,0,319,26,25,39,30,69,38,57,35,,,,,A662:U662,
661,1437-9813,0.54,Pediatr Surg Int,0.92,0.25,0.26,0,318,13,55,40,45,34,36,43,52,,,,,A663:U663,
662,1476-5381,2.52,Br J Pharmacol,0.60,0.04,0.59,5,318,24,40,32,47,49,31,64,31,,,,,A664:U664,
663,1937-8688,0.34,Pan Afr Med J,0.74,1.00,0.00,0,318,30,30,30,30,41,69,49,39,,,,,A665:U665,
664,2516-0230,0.95,Nanoscale Adv,0.00,1.00,0.97,1,318,35,42,42,33,31,44,43,48,,,,,A666:U666,
665,2542-5641,1.66,Chin Med J (Engl),0.27,0.49,0.00,1,318,30,23,55,41,32,46,39,52,,,,,A667:U667,
666,1420-9071,2.23,Cell Mol Life Sci,0.79,0.84,0.95,0,317,43,44,63,45,35,42,38,7,,,,,A668:U668,
667,1433-7347,2.0,Knee Surg Sports Traumatol Arthrosc,0.30,0.19,1.00,0,317,54,54,16,29,45,49,37,33,,,,,A669:U669,
668,1546-1696,23.11,Nat Biotechnol,0.04,0.06,0.57,0,317,36,33,43,41,37,42,38,47,,,,,A670:U670,
669,1879-0070,0.55,Diagn Microbiol Infect Dis,0.84,0.23,0.00,1,317,31,42,48,29,38,46,42,41,,,,,A671:U671,
670,2212-6287,0.55,Arthrosc Tech,0.00,1.00,0.67,0,317,89,,,,,,186,42,,,,,A672:U672,
671,1096-0007,0.89,Exp Eye Res,0.82,0.27,0.00,3,316,40,43,40,43,48,35,35,32,,,,,A673:U673,
672,1432-2323,0.79,World J Surg,0.62,0.52,0.92,0,316,32,39,48,47,50,33,39,28,,,,,A674:U674,
673,1478-5242,1.03,Br J Gen Pract,0.30,0.53,0.34,0,316,47,24,30,33,91,29,35,27,,,,,A675:U675,
674,1872-7786,1.23,Chem Biol Interact,0.91,0.15,0.00,4,316,35,26,55,33,53,34,40,40,,,,,A676:U676,
675,1948-5875,0.7,ACS Med Chem Lett,0.00,0.70,0.99,0,316,44,53,33,31,43,30,43,39,,,,,A677:U677,
676,2163-0763,1.45,J Trauma Acute Care Surg,0.41,0.14,0.93,4,316,45,36,30,60,29,52,41,23,,,,,A678:U678,
677,2296-2646,0.82,Front Chem,0.00,1.00,0.00,8,316,22,21,40,39,41,44,40,69,,,,,A679:U679,
678,1095-953X,2.16,Neurobiol Dis,0.91,1.00,0.00,5,315,39,41,32,47,35,50,36,35,,,,,A680:U680,
679,1582-4934,1.14,J Cell Mol Med,0.88,1.00,0.83,16,315,43,29,42,45,40,41,38,37,,,,,A681:U681,
680,2156-8650,0.52,Med Sci Educ,0.00,0.41,0.89,1,315,48,,64,63,68,,72,,,,,,A682:U682,
681,2297-7775,0.75,Front Sociol,0.00,1.00,0.00,0,315,35,21,40,30,48,51,51,39,,,,,A683:U683,
682,1469-896X,3.04,Protein Sci,0.97,0.78,0.86,0,314,43,24,31,44,51,36,42,43,,,,,A684:U684,
683,1558-2531,1.08,IEEE Trans Biomed Eng,0.11,0.04,0.00,0,314,40,27,39,40,44,48,41,35,,,,,A685:U685,
684,2772-3747,1.9,JACC Asia,0.00,1.00,0.00,0,314,26,29,36,33,43,44,56,47,,,,,A686:U686,
685,1369-7625,1.22,Health Expect,0.95,1.00,0.95,0,313,27,42,45,29,24,44,37,65,,,,,A687:U687,
686,1488-2329,0.79,CMAJ,0.13,1.00,0.00,0,313,37,43,51,41,40,52,26,23,,,,,A688:U688,
687,1743-6109,0.8,J Sex Med,0.35,0.25,0.78,2,313,63,39,30,40,35,42,31,33,,,,,A689:U689,
688,1530-0293,1.92,Crit Care Med,0.38,0.12,0.67,0,312,38,40,50,28,48,53,13,42,,,,,A690:U690,
689,1873-2380,0.72,J Biomech,0.79,0.50,0.00,0,312,22,30,33,43,41,47,47,49,,,,,A691:U691,
690,1538-7836,2.05,J Thromb Haemost,0.52,0.38,0.00,0,311,35,45,56,17,42,47,26,43,,,,,A692:U692,
691,0948-5023,0.43,J Mol Model,0.19,0.10,0.27,1,310,22,33,32,40,49,42,41,51,,,,,A693:U693,
692,1467-1107,0.33,Cardiol Young,0.18,0.03,0.99,0,310,57,31,40,34,39,55,41,13,,,,,A694:U694,
693,1742-4658,2.04,FEBS J,0.45,0.33,0.98,1,310,43,42,49,36,42,27,24,47,,,,,A695:U695,
694,1469-0691,2.66,Clin Microbiol Infect,0.25,0.34,0.00,1,309,27,36,37,34,44,38,44,49,,,,,A696:U696,
695,1469-1825,0.6,Behav Brain Sci,0.98,0.02,0.98,0,309,,1,1,1,54,163,87,2,,,,,A697:U697,
696,1879-1883,0.81,Am J Surg,0.46,0.16,0.00,2,309,32,30,44,46,38,47,34,38,,,,,A698:U698,
697,2590-0595,1.31,Kidney Med,0.00,1.00,0.00,0,309,41,50,49,46,33,42,27,21,,,,,A699:U699,
698,2949-7086,0.3,IGIE,0.00,1.00,0.00,0,309,1,256,,21,,,31,,,,,,A700:U700,
699,1095-9939,0.9,Pestic Biochem Physiol,0.95,0.06,0.00,2,308,,57,66,54,,66,65,,,,,,A701:U701,
700,1097-6809,1.73,J Vasc Surg,0.32,0.15,0.00,1,308,30,30,51,32,41,60,44,20,,,,,A702:U702,
701,1432-1971,0.59,Pediatr Cardiol,0.00,0.03,0.46,0,308,38,29,39,28,43,38,43,50,,,,,A703:U703,
702,1525-5069,0.76,Epilepsy Behav,0.77,0.38,0.00,0,307,37,51,28,43,54,20,45,29,,,,,A704:U704,
703,1546-3141,1.68,AJR Am J Roentgenol,0.07,0.01,0.02,0,307,39,31,43,37,41,35,44,37,,,,,A705:U705,
704,1555-3906,1.1,Oncol Res,0.92,1.00,0.10,32,307,60,1,33,41,40,70,31,31,,,,,A706:U706,
705,1573-2630,0.64,Int Ophthalmol,0.98,0.18,0.48,0,307,36,38,50,37,26,29,46,45,,,,,A707:U707,
706,2192-5682,1.31,Global Spine J,0.00,1.00,0.95,0,307,44,34,38,39,29,26,41,56,,,,,A708:U708,
707,2589-5559,3.73,JHEP Rep,0.29,1.00,0.00,0,307,25,49,57,56,34,31,26,29,,,,,A709:U709,
708,0376-2491,0.25,Zhonghua Yi Xue Za Zhi,0.98,0.00,0.00,0,306,49,20,54,31,42,41,36,33,,,,,A710:U710,
709,1756-185X,0.55,Int J Rheum Dis,0.31,0.30,0.94,0,306,33,22,40,38,41,46,46,40,,,,,A711:U711,
710,2997-9684,,Pregnancy (Hoboken),0.00,1.00,0.58,0,306,4,6,,5,2,7,,282,,,,,A712:U712,
711,1474-760X,5.79,Genome Biol,0.89,1.00,0.18,0,305,59,49,38,37,31,51,36,4,,,,,A713:U713,
712,1474-9726,2.88,Aging Cell,0.94,1.00,0.87,2,305,40,30,29,55,36,42,34,39,,,,,A714:U714,
713,1524-4628,2.86,Stroke,0.63,0.49,0.93,1,305,41,29,37,33,53,30,50,32,,,,,A715:U715,
714,1757-6512,1.94,Stem Cell Res Ther,0.74,1.00,0.18,6,305,27,36,45,48,38,52,53,6,,,,,A716:U716,
715,1791-7549,0.54,In Vivo,0.99,0.98,0.00,1,305,63,51,1,58,,72,,60,,,,,A717:U717,
716,1935-5548,7.16,Diabetes Care,0.45,0.42,0.94,1,305,36,28,34,37,41,45,36,48,,,,,A718:U718,
717,2047-7163,0.52,Sci Prog,0.75,1.00,0.97,4,305,41,30,40,53,25,33,31,52,,,,,A719:U719,
718,2666-9145,1.76,Ophthalmol Sci,0.00,1.00,0.00,0,305,36,50,36,34,29,37,45,38,,,,,A720:U720,
719,1528-1132,1.18,Clin Orthop Relat Res,0.17,0.02,0.63,3,304,23,39,46,46,32,55,37,26,,,,,A721:U721,
720,1573-3432,1.17,J Autism Dev Disord,0.01,0.05,0.93,1,304,43,34,43,27,33,37,46,41,,,,,A722:U722,
721,2079-9721,0.92,Diseases,0.00,1.00,0.97,0,304,36,47,32,35,32,40,42,40,,,,,A723:U723,
722,2213-2201,1.77,J Allergy Clin Immunol Pract,0.33,0.32,0.00,0,304,29,35,37,44,36,35,43,45,,,,,A724:U724,
723,2475-0379,1.07,Res Pract Thromb Haemost,0.47,1.00,0.00,0,304,34,57,31,43,16,36,15,72,,,,,A725:U725,
724,1432-1068,0.74,Eur J Orthop Surg Traumatol,0.91,0.26,0.21,0,303,23,32,33,32,18,64,40,61,,,,,A726:U726,
725,1439-7641,0.54,Chemphyschem,0.16,0.48,0.97,1,303,21,21,33,73,36,38,55,26,,,,,A727:U727,
726,2752-6542,1.34,PNAS Nexus,0.00,1.00,0.97,1,303,26,24,42,51,40,55,35,30,,,,,A728:U728,
727,1361-8423,3.43,Med Image Anal,0.86,0.32,0.00,0,302,41,33,32,50,31,36,51,28,,,,,A729:U729,
728,1473-0189,1.16,Lab Chip,0.67,0.17,0.98,0,302,59,35,35,47,41,21,27,37,,,,,A730:U730,
729,1742-2094,3.69,J Neuroinflammation,0.81,1.00,0.18,6,302,36,40,38,47,57,43,35,6,,,,,A731:U731,
730,1860-7187,0.67,ChemMedChem,0.98,0.61,0.96,0,302,21,29,31,47,32,31,56,55,,,,,A732:U732,
731,2055-7434,2.01,Microsyst Nanoeng,0.00,1.00,0.87,0,302,35,25,45,44,49,43,34,27,,,,,A733:U733,
732,2578-9430,,MicroPubl Biol,0.00,1.00,0.00,1,302,36,27,28,39,35,46,43,48,,,,,A734:U734,
733,1090-2430,1.39,Exp Neurol,0.79,0.28,0.00,9,301,41,22,39,37,51,31,41,39,,,,,A735:U735,
734,1097-6817,1.06,Otolaryngol Head Neck Surg,0.70,0.37,0.86,1,301,46,29,46,44,28,26,25,57,,,,,A736:U736,
735,1533-4287,1.22,J Strength Cond Res,0.50,0.01,0.53,0,301,22,16,26,19,81,63,47,27,,,,,A737:U737,
736,1542-7714,3.84,Clin Gastroenterol Hepatol,0.13,0.30,0.00,2,301,28,46,31,48,36,40,37,35,,,,,A738:U738,
737,1552-6518,1.26,J Interpers Violence,0.19,0.35,0.99,0,301,42,28,52,26,39,35,45,34,,,,,A739:U739,
738,1867-1314,1.14,Probiotics Antimicrob Proteins,0.28,0.16,0.34,0,301,26,33,53,34,36,41,36,42,,,,,A740:U740,
739,1096-8652,3.49,Am J Hematol,0.45,0.34,0.96,0,300,39,34,51,42,35,40,29,30,,,,,A741:U741,
740,1432-2307,1.22,Virchows Arch,0.19,0.11,0.82,0,300,39,38,33,43,57,33,25,32,,,,,A742:U742,
741,1879-0844,4.97,Eur J Heart Fail,0.08,1.00,0.92,1,300,2,7,110,38,46,22,38,37,,,,,A743:U743,
742,1097-4199,8.56,Neuron,0.72,0.44,0.00,1,299,24,46,56,42,39,39,29,24,,,,,A744:U744,
743,1476-5594,2.47,Oncogene,0.73,0.27,0.93,11,299,13,23,37,68,21,39,57,41,,,,,A745:U745,
744,1558-0210,1.53,IEEE Trans Neural Syst Rehabil Eng,0.95,0.08,0.00,0,299,42,38,42,42,41,31,34,29,,,,,A746:U746,
745,1873-1597,0.61,Photodiagnosis Photodyn Ther,0.70,1.00,0.00,2,299,34,48,39,36,41,27,36,38,,,,,A747:U747,
746,1873-4286,0.63,Curr Pharm Des,0.01,0.00,0.48,W1,299,28,10,61,47,47,37,36,33,,,,,A748:U748,https://pubmed.ncbi.nlm.nih.gov/?term=40965070
747,1080-6059,2.03,Emerg Infect Dis,0.94,1.00,0.00,0,298,59,28,31,30,31,54,38,27,,,,,A749:U749,
748,1095-8649,0.59,J Fish Biol,0.59,0.58,0.93,0,298,23,40,46,42,45,35,44,23,,,,,A750:U750,
749,1434-3916,0.95,Arch Orthop Trauma Surg,0.95,0.96,0.17,1,298,11,58,40,35,40,35,34,45,,,,,A751:U751,
750,1445-5994,0.54,Intern Med J,0.43,0.30,0.85,0,298,30,29,30,46,23,38,76,26,,,,,A752:U752,
751,1537-2995,0.71,Transfusion,0.44,0.42,0.88,0,297,42,36,46,49,27,36,33,28,,,,,A753:U753,
752,1873-2828,1.69,Ultrason Sonochem,0.63,1.00,0.00,0,297,25,42,42,32,39,30,39,48,,,,,A754:U754,
753,1460-2156,4.75,Brain,0.16,0.61,0.87,2,296,33,53,40,33,37,36,32,32,,,,,A755:U755,
754,1678-4561,0.79,Cien Saude Colet,0.91,1.00,0.98,0,296,65,10,27,30,27,10,64,63,,,,,A756:U756,
755,1873-264X,0.6,J Pharm Biomed Anal,0.86,0.22,0.00,0,296,38,46,26,41,40,38,42,25,,,,,A757:U757,
756,2325-6621,1.59,Ann Am Thorac Soc,0.21,0.71,0.50,1,296,,40,61,48,27,35,44,41,,,,,A758:U758,
757,2330-1619,0.85,Mov Disord Clin Pract,0.14,0.41,0.91,0,296,48,27,40,41,37,28,32,43,,,,,A759:U759,
758,1432-0614,1.01,Appl Microbiol Biotechnol,0.83,0.85,0.36,5,295,50,33,44,34,53,42,30,9,,,,,A760:U760,
759,1460-2105,3.79,J Natl Cancer Inst,0.18,0.60,0.47,1,295,29,31,39,30,37,44,43,42,,,,,A761:U761,
760,1938-291X,0.64,J Econ Entomol,0.71,0.27,0.96,0,295,30,34,43,38,34,44,35,37,,,,,A762:U762,
761,1531-8257,2.63,Mov Disord,0.38,0.44,0.89,0,294,33,34,42,40,38,30,36,41,,,,,A763:U763,
762,1873-5134,1.19,Patient Educ Couns,0.80,0.55,0.00,0,294,26,53,35,37,43,37,31,32,,,,,A764:U764,
763,2047-2986,1.3,J Glob Health,0.97,1.00,0.00,0,294,26,40,40,37,35,29,46,41,,,,,A765:U765,
764,2048-8505,1.67,Clin Kidney J,0.00,1.00,0.89,0,294,31,23,31,47,57,27,45,33,,,,,A766:U766,
765,2322-2379,,Galen Med J,0.00,1.00,0.00,0,294,,,,261,,,23,10,,,,,A767:U767,
766,1543-8392,0.96,Mol Pharm,0.91,0.20,1.00,0,293,59,55,38,42,26,34,37,2,,,,,A768:U768,
767,1660-3397,1.04,Mar Drugs,0.93,1.00,0.93,0,293,53,34,34,25,41,35,32,39,,,,,A769:U769,
768,1248-9204,1.0,Hernia,0.89,0.29,0.86,5,292,31,32,46,36,45,35,40,27,,,,,A770:U770,
769,1475-2875,1.33,Malar J,0.84,1.00,0.12,1,292,43,34,47,40,31,56,35,6,,,,,A771:U771,
770,1550-6606,1.44,J Immunol,0.94,0.57,0.75,2,292,1,7,72,42,36,49,49,36,,,,,A772:U772,
771,1943-569X,0.58,J Am Vet Med Assoc,0.46,0.17,0.68,1,292,40,31,29,54,26,32,36,44,,,,,A773:U773,
772,2039-4403,0.76,Nurs Rep,0.00,1.00,0.95,0,292,36,40,27,44,31,31,47,36,,,,,A774:U774,
773,2332-4260,0.47,Oper Neurosurg,0.03,0.01,0.80,0,292,20,41,62,25,41,46,37,20,,,,,A775:U775,
774,1439-6327,0.99,Eur J Appl Physiol,0.46,0.29,0.98,0,291,23,30,39,31,33,55,37,43,,,,,A776:U776,
775,1533-3450,3.42,J Am Soc Nephrol,0.26,0.57,0.96,3,291,89,19,35,32,22,28,32,34,,,,,A777:U777,
776,1865-8652,1.42,Adv Ther,0.67,0.63,0.63,0,291,25,30,47,33,36,37,43,40,,,,,A778:U778,
777,1535-3907,1.19,J Proteome Res,0.98,0.42,1.00,0,290,39,44,44,34,44,53,25,7,,,,,A779:U779,
778,1651-2227,0.68,Acta Paediatr,0.37,0.40,0.91,1,290,28,21,30,46,50,43,38,34,,,,,A780:U780,
779,1872-7565,1.23,Comput Methods Programs Biomed,0.97,0.38,0.00,0,290,33,26,29,41,45,49,40,27,,,,,A781:U781,
780,1097-0347,0.81,Head Neck,0.42,0.19,0.96,1,289,32,26,35,47,34,39,40,36,,,,,A782:U782,
781,1097-685X,1.82,J Thorac Cardiovasc Surg,0.28,0.17,0.00,0,289,31,32,37,25,75,31,29,29,,,,,A783:U783,
782,1536-3708,0.6,Ann Plast Surg,0.77,0.03,0.63,0,289,64,36,34,25,30,46,23,31,,,,,A784:U784,
783,1538-4683,0.47,Cardiol Rev,0.01,0.00,0.01,1,289,23,35,29,35,41,54,36,36,,,,,A785:U785,
784,1522-2586,1.34,J Magn Reson Imaging,0.34,0.32,0.99,0,287,31,25,36,27,25,40,47,56,,,,,A786:U786,
785,1568-5608,1.37,Inflammopharmacology,0.88,0.20,0.43,4,287,22,45,52,44,22,38,42,22,,,,,A787:U787,
786,1878-4216,1.5,Prog Neuropsychopharmacol Biol Psychiatry,0.54,0.30,0.00,0,287,22,24,29,36,39,50,49,38,,,,,A788:U788,
787,2399-3669,1.64,Commun Chem,0.00,1.00,0.97,0,287,57,32,34,60,36,24,37,7,,,,,A789:U789,
788,1177-889X,0.69,Patient Prefer Adherence,0.00,1.00,0.70,0,286,11,21,69,35,35,43,29,43,,,,,A790:U790,
789,1532-1827,2.8,Br J Cancer,0.63,0.47,0.96,4,286,30,15,32,64,30,37,46,32,,,,,A791:U791,
790,1554-7531,0.65,Water Environ Res,1.00,0.41,0.95,0,286,23,36,45,30,33,34,46,39,,,,,A792:U792,
791,1874-9968,1.09,Ultrasonics,0.23,0.20,0.00,1,286,26,41,37,35,43,43,30,31,,,,,A793:U793,
792,1879-0852,2.69,Eur J Cancer,0.78,0.55,0.00,1,286,18,36,26,43,47,55,39,22,,,,,A794:U794,
793,1365-2648,1.31,J Adv Nurs,0.18,0.22,0.93,0,285,51,45,40,37,17,11,41,43,,,,,A795:U795,
794,1437-4331,1.29,Clin Chem Lab Med,0.43,0.46,0.72,1,285,34,23,35,33,34,41,45,40,,,,,A796:U796,
795,1473-2165,0.83,J Cosmet Dermatol,0.80,0.96,0.91,5,285,64,61,51,55,54,,,,,,,,A797:U797,
796,1476-5616,1.09,Public Health,0.68,0.46,0.00,0,285,37,36,34,33,39,43,34,29,,,,,A798:U798,
797,1525-3163,0.87,J Anim Sci,0.82,0.67,0.68,0,285,32,46,23,30,54,20,38,42,,,,,A799:U799,
798,1879-0887,2.08,Radiother Oncol,0.69,0.43,0.00,0,285,32,38,32,35,48,33,40,27,,,,,A800:U800,
799,2197-1153,0.96,J Exp Orthop,0.00,1.00,0.96,0,285,45,16,21,27,30,71,41,34,,,,,A801:U801,
800,1365-294X,1.43,Mol Ecol,0.96,0.69,0.97,1,284,33,22,42,32,33,37,43,42,,,,,A802:U802,
801,1550-9613,0.63,J Ultrasound Med,0.22,0.25,0.82,0,284,20,57,24,32,31,35,45,40,,,,,A803:U803,
802,1601-0825,0.87,Oral Dis,0.11,0.13,0.93,0,284,34,37,41,40,23,24,49,36,,,,,A804:U804,
803,2632-2498,1.42,Neurooncol Adv,0.00,1.00,0.97,0,284,21,32,51,38,35,52,24,31,,,,,A805:U805,
804,1464-410X,1.37,BJU Int,0.40,0.39,0.88,3,283,25,44,61,34,24,33,32,30,,,,,A806:U806,
805,1742-481X,0.97,Int Wound J,0.66,0.99,0.74,113,283,28,26,24,81,55,30,17,22,,,,,A807:U807,
806,2291-9694,1.21,JMIR Med Inform,0.92,1.00,0.94,10,283,28,20,40,44,33,41,42,35,,,,,A808:U808,
807,1432-0711,0.91,Arch Gynecol Obstet,0.82,0.91,0.39,12,282,69,40,36,40,23,36,29,9,,,,,A809:U809,
808,1873-1570,1.93,Resuscitation,0.44,0.33,0.00,0,282,43,30,39,36,38,31,33,32,,,,,A810:U810,
809,1472-6823,1.02,BMC Endocr Disord,0.80,1.00,0.30,0,281,36,29,33,46,46,46,42,3,,,,,A811:U811,
810,1475-2867,1.75,Cancer Cell Int,0.00,1.00,0.14,6,281,57,41,38,38,40,39,26,2,,,,,A812:U812,
811,1538-7445,4.35,Cancer Res,0.65,0.40,0.92,8,281,34,30,42,29,33,37,47,29,,,,,A813:U813,
812,1873-2542,0.64,Vet Microbiol,0.83,0.22,0.00,3,281,40,44,43,32,31,25,30,36,,,,,A814:U814,
813,1398-9995,3.85,Allergy,0.22,0.32,0.97,0,280,26,40,50,37,34,25,33,35,,,,,A815:U815,
814,1432-1920,0.75,Neuroradiology,0.40,0.18,0.22,0,280,33,34,33,24,38,46,31,41,,,,,A816:U816,
815,1477-9145,0.84,J Exp Biol,0.90,0.44,0.97,0,280,43,49,40,38,32,19,42,17,,,,,A817:U817,
816,1540-8159,0.49,Pacing Clin Electrophysiol,0.43,0.27,0.87,0,280,18,47,44,33,37,24,47,30,,,,,A818:U818,
817,1949-0984,4.11,Gut Microbes,0.98,1.00,0.83,0,280,45,27,24,43,29,41,40,31,,,,,A819:U819,
818,2223-4691,0.51,Transl Androl Urol,0.00,1.00,0.44,0,280,22,31,40,21,50,47,35,34,,,,,A820:U820,
819,2571-841X,,Reports (MDPI),0.00,1.00,0.96,0,280,27,38,30,35,37,29,38,46,,,,,A821:U821,
820,2662-6810,2.46,Hortic Res,0.00,1.00,0.81,0,280,,54,45,33,26,64,26,32,,,,,A822:U822,
821,1469-445X,0.95,Exp Physiol,0.41,1.00,0.92,2,279,23,44,38,30,25,37,42,40,,,,,A823:U823,
822,1476-4660,13.13,Nat Mater,0.07,0.10,0.90,0,279,36,28,49,32,21,32,49,32,,,,,A824:U824,
823,1573-3254,1.08,AIDS Behav,0.24,0.29,0.93,0,279,31,36,31,38,32,41,41,29,,,,,A825:U825,
824,1939-1676,0.88,J Vet Intern Med,0.69,1.00,0.56,0,279,,116,31,19,26,22,29,36,,,,,A826:U826,
825,2077-0375,0.69,Membranes (Basel),0.00,1.00,0.89,0,279,48,28,36,42,27,34,36,28,,,,,A827:U827,
826,2168-6114,4.98,JAMA Intern Med,0.18,0.21,0.00,1,279,28,27,42,32,44,42,29,35,,,,,A828:U828,
827,2214-2509,0.3,IDCases,0.00,1.00,0.00,1,279,32,36,33,22,33,32,54,37,,,,,A829:U829,
828,1432-5195,0.99,Int Orthop,0.60,0.18,0.15,1,278,13,21,32,27,48,57,46,34,,,,,A830:U830,
829,1437-1596,0.86,Int J Legal Med,0.55,0.33,0.85,1,278,25,26,33,39,29,43,42,41,,,,,A831:U831,
830,1447-0756,0.57,J Obstet Gynaecol Res,0.89,0.47,0.92,4,277,15,31,38,34,36,43,38,42,,,,,A832:U832,
831,1474-5488,9.43,Lancet Oncol,0.33,0.10,0.00,2,277,10,38,42,56,21,49,34,27,,,,,A833:U833,
832,1573-501X,0.61,Mol Divers,0.24,0.03,0.26,1,277,38,26,28,34,40,37,42,32,,,,,A834:U834,
833,1600-0641,13.1,J Hepatol,0.21,0.25,0.00,4,277,23,37,30,35,31,44,39,38,,,,,A835:U835,
834,1863-9941,0.79,Eur J Trauma Emerg Surg,0.96,0.57,0.54,0,277,33,40,43,41,16,37,26,41,,,,,A836:U836,
835,1027-6661,0.14,Angiol Sosud Khir,0.38,0.00,0.00,0,276,,58,198,,,20,,,,,,,A837:U837,
836,1468-2834,2.15,Age Ageing,0.82,0.72,0.84,0,276,27,36,25,44,40,39,32,33,,,,,A838:U838,
837,1869-1889,2.3,Sci China Life Sci,0.41,0.00,0.00,0,276,42,38,42,27,38,31,33,25,,,,,A839:U839,
838,2837-6056,0.79,Imaging Neurosci (Camb),0.02,1.00,0.95,0,276,42,26,36,38,29,47,26,32,,,,,A840:U840,
839,1001-9332,0.35,Ying Yong Sheng Tai Xue Bao,1.00,0.00,0.00,0,275,31,,31,,69,72,,72,,,,,A841:U841,
840,1876-2026,1.27,Asian J Psychiatr,0.41,0.07,0.00,0,275,60,37,36,28,25,46,19,24,,,,,A842:U842,
841,1348-4214,1.36,Hypertens Res,0.42,0.18,0.08,1,274,47,40,26,35,34,26,30,36,,,,,A843:U843,
842,1432-086X,0.88,Cardiovasc Intervent Radiol,0.25,0.14,0.86,0,274,34,29,43,28,34,28,34,44,,,,,A844:U844,
843,1442-2042,0.74,Int J Urol,0.58,0.40,0.90,1,274,27,24,33,33,37,49,33,38,,,,,A845:U845,
844,1476-5551,3.68,Leukemia,0.41,0.50,0.99,1,274,24,29,37,38,17,29,63,37,,,,,A846:U846,
845,1532-0987,0.74,Pediatr Infect Dis J,0.30,0.08,0.92,0,274,45,43,31,25,37,26,28,39,,,,,A847:U847,
846,1567-2387,0.71,J Mol Histol,0.96,0.12,0.29,2,274,51,30,32,27,25,35,38,36,,,,,A848:U848,
847,1873-2623,0.3,Transplant Proc,0.84,0.20,0.00,2,274,29,51,18,35,26,49,26,40,,,,,A849:U849,
848,1970-9366,1.01,Intern Emerg Med,0.26,0.12,0.89,0,274,35,32,24,36,41,37,35,34,,,,,A850:U850,
849,0385-0684,0.12,Gan To Kagaku Ryoho,1.00,0.00,0.00,2,273,186,19,,,39,9,,20,,,,,A851:U851,
850,1095-8290,1.29,Ann Bot,0.28,0.53,0.69,0,273,15,25,38,37,33,35,46,44,,,,,A852:U852,
851,1471-2970,1.73,Philos Trans R Soc Lond B Biol Sci,0.97,0.03,0.99,0,273,46,27,34,42,31,31,33,29,,,,,A853:U853,
852,2047-4849,1.1,Biomater Sci,0.84,0.07,0.96,0,273,24,35,41,38,37,32,35,31,,,,,A854:U854,
853,2164-2591,0.94,Transl Vis Sci Technol,0.95,1.00,0.00,2,273,51,30,35,25,29,42,33,28,,,,,A855:U855,
854,1529-2916,11.13,Nat Immunol,0.46,0.32,0.74,1,272,52,33,38,29,20,44,23,33,,,,,A856:U856,
855,1532-2971,0.74,Vet J,0.90,0.51,0.00,1,272,29,39,30,34,26,34,33,47,,,,,A857:U857,
856,1532-6500,1.68,J Shoulder Elbow Surg,0.37,0.25,0.00,1,272,15,47,25,22,52,41,36,34,,,,,A858:U858,
857,1534-6080,1.6,Transplantation,0.35,0.09,0.01,0,272,35,33,17,33,41,53,33,27,,,,,A859:U859,
858,1643-3750,0.62,Med Sci Monit,0.99,0.99,0.58,25,272,32,30,32,43,32,31,40,32,,,,,A860:U860,
859,1879-2057,2.0,Accid Anal Prev,0.91,0.19,0.00,W1,272,36,33,35,32,33,29,44,30,,,,,A861:U861,https://pubmed.ncbi.nlm.nih.gov/?term=33121730
860,2368-7924,0.26,J Mil Veteran Fam Health,0.00,1.00,0.13,0,272,,,,,,,272,,,,,,A862:U862,
861,1615-7109,0.87,J Cutan Med Surg,0.05,0.13,0.98,0,271,38,18,80,30,25,34,38,8,,,,,A863:U863,
862,1942-5546,1.67,Mayo Clin Proc,0.21,0.10,0.00,0,271,33,26,49,31,28,37,40,27,,,,,A864:U864,
863,2755-1520,0.15,JCEM Case Rep,0.00,1.00,0.99,0,271,23,28,31,47,44,24,52,22,,,,,A865:U865,
864,0975-7651,0.29,Indian J Surg Oncol,0.00,0.23,0.83,0,270,,60,,67,,35,37,71,,,,,A866:U866,
865,2214-4420,0.22,Urol Case Rep,0.00,1.00,0.00,0,270,26,34,34,42,34,35,33,32,,,,,A867:U867,
866,1460-9568,0.95,Eur J Neurosci,0.92,0.67,0.93,0,269,38,28,36,42,29,27,51,18,,,,,A868:U868,
867,1673-5374,1.43,Neural Regen Res,0.00,1.00,0.99,1,269,23,80,63,38,36,11,1,17,,,,,A869:U869,
868,1512-0112,0.16,Georgian Med News,1.00,0.00,0.00,0,268,36,40,36,,60,31,,65,,,,,A870:U870,
869,1523-1747,1.72,J Invest Dermatol,0.21,0.41,0.00,0,268,22,42,28,27,41,57,31,20,,,,,A871:U871,
870,1687-8728,0.64,Int J Dent,0.00,1.00,0.98,0,268,53,34,14,22,20,39,37,49,,,,,A872:U872,
871,2051-3380,0.27,Respirol Case Rep,0.00,1.00,0.95,0,268,37,33,28,36,28,33,37,36,,,,,A873:U873,
872,2641-7650,1.06,Kidney360,0.29,1.00,0.98,0,268,37,33,32,27,30,27,43,39,,,,,A874:U874,
873,2666-6677,1.93,Am J Prev Cardiol,0.00,1.00,0.00,0,268,37,14,17,40,,70,86,4,,,,,A875:U875,
874,1520-6017,0.71,J Pharm Sci,0.61,0.20,0.00,0,267,29,37,34,25,41,27,42,32,,,,,A876:U876,
875,1522-1539,1.38,Am J Physiol Heart Circ Physiol,0.64,1.00,0.99,0,267,33,31,39,28,35,48,28,25,,,,,A877:U877,
876,1557-8615,1.03,J Crit Care,0.45,0.24,0.00,0,267,40,34,45,46,31,27,21,23,,,,,A878:U878,
877,1838-7640,,Theranostics,0.98,1.00,0.00,1,267,55,32,30,30,29,61,,30,,,,,A879:U879,
878,2001-0370,1.31,Comput Struct Biotechnol J,0.00,1.00,0.69,0,267,66,5,,59,42,23,35,37,,,,,A880:U880,
879,2373-9878,1.04,ACS Biomater Sci Eng,0.90,0.20,0.99,1,267,45,35,33,28,33,29,31,33,,,,,A881:U881,
880,2667-2782,1.12,J Clim Chang Health,0.00,1.00,0.00,0,267,,169,4,29,21,19,12,13,,,,,A882:U882,
881,1097-4164,10.67,Mol Cell,0.95,0.46,0.00,3,266,30,29,22,38,37,34,40,36,,,,,A883:U883,
882,1099-0801,0.37,Biomed Chromatogr,0.99,0.30,0.93,0,266,41,31,23,36,33,31,44,27,,,,,A884:U884,
883,1558-9102,0.82,J Speech Lang Hear Res,0.78,0.29,0.97,0,266,25,41,23,34,29,41,36,37,,,,,A885:U885,
884,1943-5681,0.44,Am J Vet Res,0.59,1.00,0.74,0,266,25,28,38,21,39,36,39,40,,,,,A886:U886,
885,2352-7714,1.34,One Health,0.00,1.00,0.00,0,266,53,34,24,29,33,35,37,21,,,,,A887:U887,
886,2666-7762,4.5,Lancet Reg Health Eur,0.00,1.00,0.00,0,266,36,34,32,25,35,35,24,45,,,,,A888:U888,
887,2667-193X,2.83,Lancet Reg Health Am,0.00,1.00,0.00,0,266,45,34,39,19,24,36,43,26,,,,,A889:U889,
888,1178-2005,1.15,Int J Chron Obstruct Pulmon Dis,0.95,1.00,0.76,0,265,8,9,64,40,33,48,31,32,,,,,A890:U890,
889,1432-0738,1.92,Arch Toxicol,0.64,0.42,0.88,0,265,31,28,44,42,44,38,27,11,,,,,A891:U891,
890,1546-1718,15.38,Nat Genet,0.56,0.39,0.77,1,265,28,39,31,33,23,34,47,30,,,,,A892:U892,
891,1559-0100,0.98,Endocrine,0.94,0.32,0.52,0,265,28,39,25,34,48,20,27,44,,,,,A893:U893,
892,1748-3115,0.75,Disabil Rehabil Assist Technol,0.39,0.30,0.54,32,265,16,39,24,28,53,27,34,44,,,,,A894:U894,
893,1933-2874,1.72,J Clin Lipidol,0.54,0.28,0.00,0,265,37,37,24,22,37,32,37,39,,,,,A895:U895,
894,2168-6211,3.8,JAMA Pediatr,0.17,0.23,0.00,1,265,25,30,38,41,27,28,33,43,,,,,A896:U896,
895,2399-9772,0.73,BMJ Paediatr Open,0.85,1.00,0.99,0,265,29,27,30,30,47,33,45,24,,,,,A897:U897,
896,2451-943X,0.68,Vet Anim Sci,0.00,1.00,0.00,0,265,15,26,33,38,33,40,31,49,,,,,A898:U898,
897,1440-1754,0.49,J Paediatr Child Health,0.38,0.36,0.96,0,264,27,30,33,28,43,35,32,36,,,,,A899:U899,
898,1468-3288,8.77,Gut,0.11,0.39,0.98,0,264,43,35,38,31,23,29,38,27,,,,,A900:U900,
899,1872-9649,4.29,Ageing Res Rev,0.86,0.31,0.00,1,264,20,25,25,39,28,26,50,51,,,,,A901:U901,
900,1873-233X,1.62,Obstet Gynecol,0.42,0.18,0.02,1,264,24,34,34,28,39,25,33,47,,,,,A902:U902,
901,2161-5063,1.42,ACS Synth Biol,0.98,0.28,1.00,0,264,36,35,33,41,45,42,30,2,,,,,A903:U903,
902,2665-9271,1.41,Curr Res Food Sci,0.00,1.00,0.00,0,264,32,55,30,25,27,37,28,30,,,,,A904:U904,
903,1099-1573,1.64,Phytother Res,0.81,0.23,0.88,5,263,52,51,36,44,34,22,10,14,,,,,A905:U905,
904,1600-6143,3.01,Am J Transplant,0.33,0.35,0.00,2,263,26,37,28,35,35,35,43,24,,,,,A906:U906,
905,2159-8290,7.39,Cancer Discov,0.53,0.19,0.49,0,263,35,37,31,50,34,29,29,18,,,,,A907:U907,
906,1435-4373,1.0,Eur J Clin Microbiol Infect Dis,0.25,0.24,0.41,0,262,34,25,39,42,27,25,34,36,,,,,A908:U908,
907,2688-1535,1.99,JCO Oncol Pract,0.03,0.09,0.98,0,262,42,22,21,37,39,44,39,18,,,,,A909:U909,
908,1466-5034,0.63,Int J Syst Evol Microbiol,0.89,0.26,0.00,0,261,38,40,26,32,33,37,38,17,,,,,A910:U910,
909,1475-2840,4.45,Cardiovasc Diabetol,0.86,1.00,0.20,0,261,37,30,42,34,30,51,24,13,,,,,A911:U911,
910,1873-5126,1.24,Parkinsonism Relat Disord,0.61,0.28,0.00,0,261,31,39,28,32,25,30,40,36,,,,,A912:U912,
911,1873-6815,1.32,Exp Gerontol,0.87,1.00,0.00,0,261,32,28,26,37,30,32,33,43,,,,,A913:U913,
912,2768-6698,0.92,Front Biosci (Landmark Ed),0.98,1.00,0.00,3,261,60,30,30,36,35,,70,,,,,,A914:U914,
913,1476-4954,0.65,J Matern Fetal Neonatal Med,0.77,0.98,0.32,31,260,35,29,38,28,35,34,36,25,,,,,A915:U915,
914,1539-2864,0.92,Retina,0.36,0.05,0.61,1,260,30,34,28,26,20,30,37,55,,,,,A916:U916,
915,1757-2215,1.31,J Ovarian Res,0.85,1.00,0.18,3,260,43,52,44,33,30,33,23,2,,,,,A917:U917,
916,1360-0443,2.4,Addiction,0.42,0.50,0.99,1,259,33,26,35,46,29,33,35,22,,,,,A918:U918,
917,1472-684X,1.13,BMC Palliat Care,0.87,1.00,0.35,0,259,23,23,43,41,49,41,32,7,,,,,A919:U919,
918,1557-3117,2.34,J Heart Lung Transplant,0.26,0.24,0.00,1,259,37,25,34,41,34,28,36,24,,,,,A920:U920,
919,0024-9297,1.26,Macromolecules,0.00,0.99,0.98,0,258,,,196,13,14,12,10,13,,,,,A921:U921,
920,1432-203X,1.39,Plant Cell Rep,0.98,0.12,0.47,0,258,32,20,40,39,32,35,22,38,,,,,A922:U922,
921,1532-2491,0.69,Subst Use Misuse,0.28,0.24,0.54,0,258,27,27,31,11,49,36,42,35,,,,,A923:U923,
922,1537-7385,0.7,Am J Phys Med Rehabil,0.29,0.04,0.74,0,258,28,14,10,33,39,52,42,40,,,,,A924:U924,
923,1538-9375,1.21,J Am Med Dir Assoc,0.73,0.38,0.00,1,258,32,35,28,26,6,3,95,33,,,,,A925:U925,
924,1573-2649,1.15,Qual Life Res,0.92,0.71,0.69,0,258,32,28,27,26,29,62,31,23,,,,,A926:U926,
925,2055-5822,0.84,ESC Heart Fail,0.67,1.00,0.93,0,258,,104,29,24,33,32,21,15,,,,,A927:U927,
926,2949-8198,0.91,ESMO Gastrointest Oncol,0.00,1.00,0.00,0,258,,159,8,42,5,2,1,41,,,,,A928:U928,
927,0972-8988,0.58,Vet World,0.00,1.00,0.00,0,257,,40,31,62,,60,29,35,,,,,A929:U929,
928,1532-2939,1.02,J Hosp Infect,0.57,0.43,0.00,0,257,26,20,35,27,64,31,39,15,,,,,A930:U930,
929,1573-4919,1.17,Mol Cell Biochem,0.68,0.11,0.25,8,257,32,18,14,34,25,28,62,44,,,,,A931:U931,
930,2193-8210,1.6,Dermatol Ther (Heidelb),0.00,0.79,0.86,0,257,26,28,40,34,34,33,35,27,,,,,A932:U932,
931,0036-8733,0.11,Sci Am,0.00,0.00,0.00,0,256,29,35,35,31,32,64,,30,,,,,A933:U933,
932,1532-298X,4.09,Plant Cell,0.67,0.51,0.96,1,256,19,33,47,26,31,45,30,25,,,,,A934:U934,
933,1872-6968,0.59,Clin Neurol Neurosurg,0.80,0.20,0.00,0,256,28,22,40,26,59,30,29,22,,,,,A935:U935,
934,1872-7913,1.3,Int J Antimicrob Agents,0.44,0.33,0.00,1,256,20,28,34,25,32,30,44,43,,,,,A936:U936,
935,1933-0693,1.4,J Neurosurg,0.59,0.01,0.00,0,256,62,26,26,28,31,22,40,21,,,,,A937:U937,
936,1557-7740,0.61,J Palliat Med,0.29,0.09,0.72,0,255,1,30,46,41,30,45,36,26,,,,,A938:U938,
937,1591-9528,1.18,Clin Exp Med,0.84,0.88,0.22,4,255,35,50,34,29,36,46,16,9,,,,,A939:U939,
938,1872-6283,0.68,Forensic Sci Int,0.63,0.44,0.00,0,255,38,38,46,26,28,27,23,29,,,,,A940:U940,
939,0807-7096,0.16,Tidsskr Nor Laegeforen,0.16,1.00,0.30,0,254,37,25,59,25,19,53,5,31,,,,,A941:U941,
940,1433-2965,1.74,Osteoporos Int,0.13,0.08,0.85,1,254,23,33,36,56,29,20,28,29,,,,,A942:U942,
941,1433-6510,0.26,Clin Lab,0.96,0.00,0.00,0,254,31,32,,64,32,32,32,31,,,,,A943:U943,
942,1096-0333,0.91,Toxicol Appl Pharmacol,0.86,0.14,0.00,4,253,31,21,23,31,41,30,38,38,,,,,A944:U944,
943,1436-2813,0.67,Surg Today,0.28,0.10,0.50,0,253,25,22,23,18,29,39,66,31,,,,,A945:U945,
944,1468-1331,1.56,Eur J Neurol,0.85,0.99,0.94,0,253,32,29,40,31,16,42,26,37,,,,,A946:U946,
945,1532-821X,1.05,Arch Phys Med Rehabil,0.45,0.34,0.00,0,253,32,21,39,34,39,28,30,30,,,,,A947:U947,
946,1554-3528,2.38,Behav Res Methods,0.97,0.66,0.67,1,253,29,18,25,49,33,32,40,27,,,,,A948:U948,
947,1872-2075,0.24,Sheng Wu Gong Cheng Xue Bao,1.00,1.00,0.00,0,253,32,32,30,32,,64,32,31,,,,,A949:U949,
948,1873-376X,0.49,J Chromatogr B Analyt Technol Biomed Life Sci,0.96,0.18,0.00,0,253,19,29,37,34,33,40,30,31,,,,,A950:U950,
949,2662-7671,0.83,BMC Complement Med Ther,0.86,1.00,0.26,4,253,39,45,45,33,28,29,24,10,,,,,A951:U951,
950,1474-4457,5.55,Lancet Infect Dis,0.19,0.22,0.00,0,252,24,22,22,29,31,37,55,32,,,,,A952:U952,
951,1539-2570,0.65,J Pediatr Orthop,0.34,0.03,0.79,0,252,23,21,34,21,47,49,36,21,,,,,A953:U953,
952,1554-8635,4.51,Autophagy,0.50,0.38,0.75,1,252,21,19,22,38,59,36,34,23,,,,,A954:U954,
953,1558-254X,2.5,IEEE Trans Med Imaging,0.79,0.11,0.00,0,252,37,37,30,30,27,26,36,29,,,,,A955:U955,
954,1590-3729,1.1,Nutr Metab Cardiovasc Dis,0.63,0.35,0.00,0,252,42,26,25,57,26,27,24,25,,,,,A956:U956,
955,2162-2531,2.07,Mol Ther Nucleic Acids,0.00,1.00,0.00,10,252,32,36,28,32,20,29,26,49,,,,,A957:U957,
956,2666-5204,1.03,Resusc Plus,0.00,1.00,0.00,0,252,33,38,24,37,38,25,26,31,,,,,A958:U958,
957,1477-9129,1.6,Development,0.90,0.45,0.79,0,251,40,39,24,24,26,36,36,26,,,,,A959:U959,
958,1572-0241,2.42,Am J Gastroenterol,0.15,0.06,0.85,0,251,44,40,31,27,24,34,26,25,,,,,A960:U960,
959,1618-1255,0.72,Odontology,0.02,0.01,0.85,0,251,37,28,21,27,21,38,39,40,,,,,A961:U961,
960,2160-1836,0.89,G3 (Bethesda),0.75,1.00,0.93,1,251,32,29,29,28,30,28,35,40,,,,,A962:U962,
961,1118-4841,0.32,Afr J Reprod Health,0.99,0.00,0.00,0,250,47,22,40,32,38,24,12,35,,,,,A963:U963,
962,1399-3003,5.08,Eur Respir J,0.16,0.30,0.80,0,250,35,29,38,27,28,33,34,26,,,,,A964:U964,
963,1432-1998,0.84,Pediatr Radiol,0.38,0.17,0.14,1,250,28,27,36,29,42,31,34,23,,,,,A965:U965,
964,1720-8386,1.25,J Endocrinol Invest,0.37,0.26,0.87,1,250,29,26,18,29,35,36,36,41,,,,,A966:U966,
965,1743-0003,1.2,J Neuroeng Rehabil,0.81,1.00,0.18,0,250,38,28,38,41,34,35,29,7,,,,,A967:U967,
966,1873-1953,1.07,Eur J Cardiovasc Nurs,0.24,1.00,0.97,0,250,68,35,26,33,22,23,22,21,,,,,A968:U968,
967,1879-3231,0.78,Theriogenology,0.87,0.25,0.00,0,250,30,23,23,27,32,41,39,35,,,,,A969:U969,
968,1097-4598,1.13,Muscle Nerve,0.66,0.38,0.82,0,249,33,30,29,31,29,34,43,20,,,,,A970:U970,
969,1537-4505,0.79,Otol Neurotol,0.66,0.08,0.61,0,249,55,32,24,29,29,34,32,14,,,,,A971:U971,
970,1873-4243,0.5,J Mol Graph Model,0.99,0.08,0.00,0,249,36,25,36,33,41,26,29,23,,,,,A972:U972,
971,1873-4758,1.77,Int J Drug Policy,0.80,0.72,0.00,0,249,29,32,31,27,28,50,29,23,,,,,A973:U973,
972,1878-5921,2.51,J Clin Epidemiol,0.55,0.61,0.00,3,249,13,16,44,28,43,35,34,36,,,,,A974:U974,
973,1879-1409,0.73,Burns,0.52,0.26,0.00,2,249,16,29,49,25,40,37,39,14,,,,,A975:U975,
974,1469-8978,2.19,Psychol Med,0.88,0.99,0.98,0,248,30,22,30,39,46,36,37,8,,,,,A976:U976,
975,1532-2661,0.54,Res Vet Sci,0.88,0.38,0.00,1,248,27,19,33,42,40,27,34,26,,,,,A977:U977,
976,1724-6059,0.84,J Nephrol,0.42,0.30,0.93,0,248,,,24,24,39,42,35,84,,,,,A978:U978,
977,1791-244X,1.62,Int J Mol Med,0.79,0.97,0.00,33,248,27,22,45,26,35,26,42,25,,,,,A979:U979,
978,1872-6240,0.89,Brain Res,0.78,0.26,0.00,5,248,35,33,32,27,33,31,23,34,,,,,A980:U980,
979,1873-4626,0.81,J Gastrointest Surg,0.42,0.15,0.00,W1,248,36,32,26,30,27,33,28,36,,,,,A981:U981,https://pubmed.ncbi.nlm.nih.gov/?term=41690375
980,2212-1358,0.76,Spine Deform,0.24,0.10,0.85,0,248,31,20,17,44,55,41,22,18,,,,,A982:U982,
981,2214-0271,0.31,HeartRhythm Case Rep,0.00,1.00,0.00,0,248,31,55,22,24,22,24,35,35,,,,,A983:U983,
982,2468-7855,0.66,J Stomatol Oral Maxillofac Surg,0.29,0.18,0.00,0,248,29,32,24,20,36,29,42,36,,,,,A984:U984,
983,2666-6383,0.83,JSES Int,0.00,1.00,0.00,0,248,57,45,20,35,33,23,20,15,,,,,A985:U985,
984,2813-4338,0.8,Front Microbiomes,0.00,1.00,0.00,0,248,,1,207,2,6,12,8,12,,,,,A986:U986,
985,1530-0358,0.8,Dis Colon Rectum,0.21,0.04,0.49,1,247,36,42,19,22,25,33,36,34,,,,,A987:U987,
986,1556-5653,2.08,Fertil Steril,0.39,0.21,0.00,3,247,27,33,26,23,32,48,39,19,,,,,A988:U988,
987,1618-0631,,Pathol Res Pract,0.87,0.07,0.00,5,247,27,23,27,33,45,36,29,27,,,,,A989:U989,
988,2211-3355,1.05,Prev Med Rep,0.00,1.00,0.00,0,247,33,35,32,23,22,36,41,25,,,,,A990:U990,
989,2352-3042,1.78,Genes Dis,0.00,1.00,0.00,0,247,30,48,28,46,14,28,30,23,,,,,A991:U991,
990,0043-5147,0.17,Wiad Lek,1.00,1.00,0.00,0,246,37,60,,55,26,31,37,,,,,,A992:U992,
991,1744-7909,3.57,J Integr Plant Biol,0.63,0.23,0.96,0,246,43,34,41,30,26,27,24,21,,,,,A993:U993,
992,2635-0041,1.35,Bioinform Adv,0.00,1.00,0.98,0,246,22,34,42,18,38,36,31,25,,,,,A994:U994,
993,2666-5018,0.93,Heart Rhythm O2,0.00,1.00,0.00,0,246,24,56,30,25,25,26,30,30,,,,,A995:U995,
994,0971-4502,0.31,Indian J Hematol Blood Transfus,0.00,0.05,0.79,0,245,46,54,,70,,75,,,,,,,A996:U996,
995,1432-2161,0.82,Skeletal Radiol,0.49,0.16,0.76,0,245,28,38,26,30,31,24,30,38,,,,,A997:U997,
996,1573-4994,0.49,J Fluoresc,0.36,0.06,0.18,0,245,29,29,18,32,33,38,43,23,,,,,A998:U998,
997,2218-6751,0.99,Transl Lung Cancer Res,0.00,1.00,0.45,0,245,28,23,22,23,47,44,31,27,,,,,A999:U999,
998,0392-856X,1.04,Clin Exp Rheumatol,0.48,0.63,0.00,0,244,36,38,29,40,25,34,19,23,,,,,A1000:U1000,
999,1432-1254,0.73,Int J Biometeorol,0.97,0.34,0.83,0,244,42,35,32,40,27,24,24,20,,,,,A1001:U1001,
1000,1535-2900,0.46,Am J Health Syst Pharm,0.20,0.14,0.14,0,244,23,35,36,35,17,46,25,27,,,,,A1002:U1002,
1001,1540-8167,0.95,J Cardiovasc Electrophysiol,0.63,0.41,0.94,1,244,45,19,26,26,26,44,35,23,,,,,A1003:U1003,
1002,1879-1298,1.65,Chemosphere,0.87,0.34,0.00,19,244,27,35,29,29,30,33,38,23,,,,,A1004:U1004,
1003,1872-8359,0.52,J Microbiol Methods,0.87,0.22,0.00,0,243,20,27,34,31,35,39,25,32,,,,,A1005:U1005,
1004,2373-8057,2.84,NPJ Parkinsons Dis,0.00,1.00,0.07,0,243,40,20,30,36,43,39,28,7,,,,,A1006:U1006,
1005,1097-6825,3.81,J Allergy Clin Immunol,0.46,0.44,0.00,2,242,28,41,30,34,33,31,23,22,,,,,A1007:U1007,
1006,1432-1009,0.9,Environ Manage,0.97,0.49,0.42,1,242,36,28,14,52,15,38,20,39,,,,,A1008:U1008,
1007,1438-9010,0.24,Rofo,0.07,0.61,0.44,0,242,31,31,30,30,23,36,35,26,,,,,A1009:U1009,
1008,1535-5667,2.73,J Nucl Med,0.56,0.31,0.00,0,242,26,29,31,36,25,32,26,37,,,,,A1010:U1010,
1009,1545-1569,0.8,Cleft Palate Craniofac J,0.12,0.21,0.99,0,242,11,29,19,24,36,50,44,29,,,,,A1011:U1011,
1010,1734-1922,0.77,Arch Med Sci,0.00,1.00,0.00,0,242,,59,,,57,61,,65,,,,,A1012:U1012,
1011,1873-1244,0.95,Nutrition,0.85,0.30,0.00,0,242,33,23,32,32,41,43,26,12,,,,,A1013:U1013,
1012,1552-4833,0.73,Am J Med Genet A,0.61,0.03,0.94,0,241,29,37,36,36,34,18,21,30,,,,,A1014:U1014,
1013,1610-0387,0.72,J Dtsch Dermatol Ges,0.12,0.22,0.93,0,241,25,29,41,36,33,34,27,16,,,,,A1015:U1015,
1014,1752-8062,1.19,Clin Transl Sci,0.92,1.00,0.94,0,241,30,24,23,35,38,38,31,22,,,,,A1016:U1016,
1015,1938-3207,2.32,Am J Clin Nutr,0.66,0.46,0.00,0,241,34,20,38,22,30,27,37,33,,,,,A1017:U1017,
1016,1946-6242,7.03,Sci Transl Med,0.91,0.17,0.92,3,241,25,26,27,37,29,24,40,33,,,,,A1018:U1018,
1017,2405-8440,0.74,Heliyon,0.00,1.00,0.00,188,241,82,,,,1,,,158,,,,,A1019:U1019,
1018,2673-3153,0.93,Front Reprod Health,0.00,1.00,0.00,0,241,21,28,28,36,35,31,32,30,,,,,A1020:U1020,
1019,2673-5059,0.83,Front Glob Womens Health,0.00,1.00,0.00,0,241,19,17,24,33,26,33,56,33,,,,,A1021:U1021,
1020,1662-5102,1.43,Front Cell Neurosci,0.00,1.00,0.00,5,240,15,27,36,40,21,36,27,38,,,,,A1022:U1022,
1021,1875-6263,0.58,Taiwan J Obstet Gynecol,0.47,1.00,0.00,1,240,43,,53,50,,46,,48,,,,,A1023:U1023,
1022,2154-1671,0.92,Hosp Pediatr,0.60,0.06,0.00,0,240,27,24,25,30,23,25,53,33,,,,,A1024:U1024,
1023,2331-8325,0.55,Bio Protoc,0.00,1.00,0.00,0,240,24,18,30,37,29,29,43,30,,,,,A1025:U1025,
1024,1550-9109,1.67,Sleep,0.34,0.53,0.90,0,239,24,36,27,33,32,29,35,23,,,,,A1026:U1026,
1025,1681-7168,0.31,J Coll Physicians Surg Pak,0.87,0.00,0.00,0,239,,31,61,30,30,30,29,28,,,,,A1027:U1027,
1026,1435-165X,2.21,Eur Child Adolesc Psychiatry,0.18,0.26,0.50,0,238,26,20,35,25,23,46,27,36,,,,,A1028:U1028,
1027,1528-1159,1.41,Spine (Phila Pa 1976),0.23,0.03,0.62,1,238,28,35,30,26,35,17,36,31,,,,,A1029:U1029,
1028,1873-2763,,Bone,0.85,0.52,0.00,1,238,33,21,21,35,29,37,34,28,,,,,A1030:U1030,
1029,1943-2631,2.93,Genetics,0.75,0.64,0.94,0,238,30,31,32,24,26,29,29,37,,,,,A1031:U1031,
1030,1945-7243,0.8,Inquiry,0.96,1.00,0.97,1,238,15,24,36,58,10,39,27,29,,,,,A1032:U1032,
1031,2047-2412,2.06,Eur Heart J Cardiovasc Imaging,0.29,1.00,0.97,1,238,40,32,23,26,16,39,31,31,,,,,A1033:U1033,
1032,2156-6976,,Am J Cancer Res,0.00,1.00,0.00,6,238,25,27,27,30,28,29,35,37,,,,,A1034:U1034,
1033,2730-6151,2.08,ISME Commun,0.00,1.00,0.92,0,238,18,28,17,30,40,39,25,41,,,,,A1035:U1035,
1034,2753-670X,0.52,Interdiscip Cardiovasc Thorac Surg,0.80,1.00,0.86,0,238,29,32,35,35,31,22,33,21,,,,,A1036:U1036,
1035,1399-0012,0.68,Clin Transplant,0.89,0.52,0.66,0,237,40,23,30,27,32,21,26,38,,,,,A1037:U1037,
1036,1464-5491,1.3,Diabet Med,0.48,0.38,0.94,1,237,25,34,26,42,29,26,33,22,,,,,A1038:U1038,
1037,1471-2962,0.7,Philos Trans A Math Phys Eng Sci,0.14,0.00,0.98,0,237,35,17,13,42,32,13,44,41,,,,,A1039:U1039,
1038,1532-6535,1.86,Clin Pharmacol Ther,0.54,0.83,0.95,0,237,19,30,21,26,42,27,32,40,,,,,A1040:U1040,
1039,1872-8332,1.93,Lung Cancer,0.84,0.47,0.00,0,237,27,34,29,23,40,27,32,25,,,,,A1041:U1041,
1040,1873-7064,1.57,Neuropharmacology,0.90,0.46,0.00,2,237,18,27,42,25,34,33,29,29,,,,,A1042:U1042,
1041,1878-0407,0.55,Comp Biochem Physiol Part D Genomics Proteomics,0.95,0.05,0.00,0,237,29,21,24,24,30,42,31,36,,,,,A1043:U1043,
1042,1879-0046,1.52,Drug Alcohol Depend,0.84,0.57,0.00,0,237,30,26,33,21,33,29,30,35,,,,,A1044:U1044,
1043,2222-3959,0.6,Int J Ophthalmol,0.00,0.89,0.00,1,237,55,,26,52,27,,52,25,,,,,A1045:U1045,
1044,1095-9998,1.0,Food Microbiol,0.97,0.25,0.00,0,236,22,24,,34,54,,59,43,,,,,A1046:U1046,
1045,1179-142X,0.25,Int Med Case Rep J,0.00,1.00,0.86,0,236,6,16,55,32,35,34,28,30,,,,,A1047:U1047,
1046,1460-2075,4.41,EMBO J,0.82,1.00,0.99,1,236,31,24,41,21,36,21,37,25,,,,,A1048:U1048,
1047,2058-5276,7.44,Nat Microbiol,0.65,0.43,0.86,2,236,34,17,30,40,31,35,24,25,,,,,A1049:U1049,
1048,2078-6891,0.66,J Gastrointest Oncol,0.00,1.00,0.49,3,236,33,,44,,86,,73,,,,,,A1050:U1050,
1049,2398-502X,0.46,Wellcome Open Res,0.00,1.00,0.89,0,236,54,34,44,40,25,29,10,,,,,,A1051:U1051,
1050,2414-6366,0.98,Trop Med Infect Dis,0.00,1.00,0.95,0,236,33,29,23,24,33,28,37,29,,,,,A1052:U1052,
1051,2732-494X,0.61,Antimicrob Steward Healthc Epidemiol,0.00,1.00,0.97,0,236,32,18,8,54,41,41,35,7,,,,,A1053:U1053,
1052,0019-5413,0.49,Indian J Orthop,0.00,0.28,0.85,0,235,26,26,32,30,,62,30,29,,,,,A1054:U1054,
1053,2092-6456,0.74,Food Sci Biotechnol,0.00,0.20,0.82,1,235,32,28,50,,50,25,24,26,,,,,A1055:U1055,
1054,1432-2048,1.07,Planta,0.97,0.32,0.85,4,234,26,24,38,24,22,24,42,34,,,,,A1056:U1056,
1055,1469-3178,2.71,EMBO Rep,0.65,1.00,0.99,1,234,22,30,22,39,23,37,42,19,,,,,A1057:U1057,
1056,1472-1465,2.03,Br J Psychiatry,0.09,0.04,0.96,2,234,12,28,36,29,33,28,52,16,,,,,A1058:U1058,
1057,1472-6491,1.21,Reprod Biomed Online,0.76,0.32,0.00,0,234,15,29,31,33,37,32,29,28,,,,,A1059:U1059,
1058,0972-978X,0.7,J Orthop,0.00,0.25,0.00,2,233,75,67,23,31,27,2,5,3,,,,,A1060:U1060,
1059,1471-227X,0.85,BMC Emerg Med,0.85,1.00,0.42,0,233,30,27,40,38,28,34,30,6,,,,,A1061:U1061,
1060,1522-1709,0.78,Sleep Breath,0.92,0.33,0.85,0,233,11,46,41,35,24,31,25,20,,,,,A1062:U1062,
1061,1541-4337,2.7,Compr Rev Food Sci Food Saf,0.95,0.48,0.95,0,233,24,24,17,35,31,25,31,46,,,,,A1063:U1063,
1062,2397-334X,4.67,Nat Ecol Evol,0.46,0.24,0.76,0,233,42,30,30,22,34,25,29,21,,,,,A1064:U1064,
1063,2673-6861,0.66,Front Rehabil Sci,0.00,1.00,0.00,0,233,12,18,34,34,24,45,39,27,,,,,A1065:U1065,
1064,1399-0020,0.79,Int J Oral Maxillofac Surg,0.34,0.28,0.00,2,232,22,14,26,31,45,41,19,34,,,,,A1066:U1066,
1065,1432-2242,1.18,Theor Appl Genet,0.98,0.38,0.75,0,232,31,30,28,35,24,22,28,34,,,,,A1067:U1067,
1066,1432-8798,0.64,Arch Virol,0.97,0.23,0.79,1,232,35,40,43,18,29,27,17,23,,,,,A1068:U1068,
1067,1463-1318,0.96,Colorectal Dis,0.49,0.41,0.91,2,232,28,31,21,32,34,26,28,32,,,,,A1069:U1069,
1068,1476-5365,1.7,Bone Marrow Transplant,0.27,0.21,0.93,0,232,11,7,35,29,29,30,63,28,,,,,A1070:U1070,
1069,1573-6903,1.17,Neurochem Res,0.95,0.25,0.34,4,232,36,31,35,18,34,25,22,31,,,,,A1071:U1071,
1070,2251-6581,0.58,J Diabetes Metab Disord,0.00,0.15,0.47,0,232,28,38,39,7,18,29,40,33,,,,,A1072:U1072,
1071,2589-9333,1.42,Am J Obstet Gynecol MFM,0.31,0.25,0.00,2,232,26,26,16,22,36,42,32,32,,,,,A1073:U1073,
1072,1436-6215,1.34,Eur J Nutr,0.97,0.68,0.69,3,231,20,37,39,15,20,41,36,23,,,,,A1074:U1074,
1073,1437-7772,0.95,Int J Clin Oncol,0.69,0.32,0.87,2,231,26,17,27,24,25,40,43,29,,,,,A1075:U1075,
1074,1522-1601,1.11,J Appl Physiol (1985),0.80,1.00,0.96,2,231,25,23,28,26,30,36,39,24,,,,,A1076:U1076,
1075,2326-5205,4.06,Arthritis Rheumatol,0.18,0.29,0.96,1,231,14,44,28,44,27,34,16,24,,,,,A1077:U1077,
1076,2590-3462,3.74,Plant Commun,0.42,1.00,0.00,0,231,37,19,31,24,45,27,26,22,,,,,A1078:U1078,
1077,1469-493X,1.67,Cochrane Database Syst Rev,0.99,0.43,0.96,W35,230,33,34,20,24,32,22,33,32,,,,,A1079:U1079,https://pubmed.ncbi.nlm.nih.gov/?term=26134060+26133677+26125655+26035235+24323437+24277663+24271498+24163272+23543529+17636706+17636689+17636613+17636610+17636609+17636608+27228176+27140950+26678040+26544085+26436859+26421423+26343420+26329400+25731153+25674775+25412832+25105911+25010718+24800967+24737554+24535946+24026890+23780682+23076928+28368089
1078,1740-634X,2.99,Neuropsychopharmacology,0.41,0.40,0.95,3,230,42,26,22,31,24,29,28,28,,,,,A1080:U1080,
1079,2666-2507,0.52,JTCVS Tech,0.00,1.00,0.00,0,230,,68,,46,,52,,64,,,,,A1081:U1081,
1080,2673-4915,0.59,Front Dent Med,0.00,1.00,0.00,0,230,26,25,31,27,18,28,37,38,,,,,A1082:U1082,
1081,2673-7647,1.34,Front Bioinform,0.00,1.00,0.00,0,230,23,12,23,36,28,44,31,33,,,,,A1083:U1083,
1082,0942-0940,0.68,Acta Neurochir (Wien),0.84,0.91,0.31,1,229,23,28,38,36,33,43,24,4,,,,,A1084:U1084,
1083,1365-2753,0.65,J Eval Clin Pract,0.85,0.54,0.94,1,229,25,19,37,29,29,31,21,38,,,,,A1085:U1085,
1084,1552-8618,1.34,Environ Toxicol Chem,0.52,0.43,0.41,0,229,30,21,34,24,26,35,38,21,,,,,A1086:U1086,
1085,1699-5198,0.31,Nutr Hosp,0.42,1.00,0.31,0,229,42,20,22,55,10,50,,30,,,,,A1087:U1087,
1086,1875-6190,1.64,Curr Neuropharmacol,0.02,0.04,0.52,0,229,19,4,32,31,45,39,43,16,,,,,A1088:U1088,
1087,1879-260X,1.45,Biochim Biophys Acta Mol Basis Dis,0.80,0.17,0.00,W1,229,18,20,22,35,21,29,43,41,,,,,A1089:U1089,https://pubmed.ncbi.nlm.nih.gov/?term=42020255
1088,2168-6262,3.55,JAMA Surg,0.25,0.13,0.00,0,229,25,32,30,24,23,27,38,30,,,,,A1090:U1090,
1089,1365-2044,2.26,Anaesthesia,0.18,0.39,0.76,1,228,16,42,29,19,13,37,28,44,,,,,A1091:U1091,
1090,1466-1861,1.24,Mediators Inflamm,0.91,1.00,0.91,9,228,43,31,36,26,24,23,28,17,,,,,A1092:U1092,
1091,1536-4801,0.95,J Pediatr Gastroenterol Nutr,0.59,0.36,0.98,0,228,44,26,38,21,19,24,28,28,,,,,A1093:U1093,
1092,1873-5800,0.86,Knee,0.46,0.21,0.00,0,228,18,33,22,32,27,38,21,37,,,,,A1094:U1094,
1093,1879-1514,1.3,Aquat Toxicol,0.97,0.31,0.00,0,228,39,23,25,21,31,31,35,23,,,,,A1095:U1095,
1094,2046-4053,1.48,Syst Rev,0.86,1.00,0.83,0,228,36,43,40,27,21,36,23,2,,,,,A1096:U1096,
1095,2976-5390,1.68,Health Aff Sch,0.00,1.00,0.98,1,228,21,27,30,21,24,40,34,31,,,,,A1097:U1097,
1096,1438-8359,0.87,J Anesth,0.04,0.01,0.86,0,227,26,23,27,27,35,33,33,23,,,,,A1098:U1098,
1097,1439-0973,1.09,Infection,0.48,0.28,0.45,1,227,19,15,27,24,33,26,33,50,,,,,A1099:U1099,
1098,1873-2607,1.98,Am J Prev Med,0.45,0.53,0.00,0,227,36,26,20,34,32,35,22,22,,,,,A1100:U1100,
1099,1089-8638,2.15,J Mol Biol,0.75,0.54,0.00,0,226,41,29,29,29,23,21,30,24,,,,,A1101:U1101,
1100,1432-0851,1.81,Cancer Immunol Immunother,0.77,0.84,0.19,0,226,35,25,40,29,30,32,30,5,,,,,A1102:U1102,
1101,1438-7948,0.75,Funct Integr Genomics,0.97,0.18,0.27,5,226,21,20,24,12,29,51,46,23,,,,,A1103:U1103,
1102,1460-2393,0.47,QJM,0.04,0.10,0.17,0,226,35,35,28,25,22,28,37,16,,,,,A1104:U1104,
1103,1531-5053,0.72,J Oral Maxillofac Surg,0.38,0.17,0.00,3,226,21,29,33,22,35,23,34,29,,,,,A1105:U1105,
1104,1532-1983,2.42,Clin Nutr,0.79,0.55,0.00,4,226,43,22,28,35,25,24,20,29,,,,,A1106:U1106,
1105,1546-1726,11.04,Nat Neurosci,0.56,0.44,0.80,0,226,12,25,30,30,31,39,31,28,,,,,A1107:U1107,
1106,1573-7330,0.97,J Assist Reprod Genet,0.52,0.20,0.22,0,226,30,24,24,22,35,27,35,29,,,,,A1108:U1108,
1107,1741-2552,1.02,J Neural Eng,0.91,0.12,0.98,1,226,22,21,35,19,24,32,40,33,,,,,A1109:U1109,
1108,2379-5077,1.67,mSystems,0.87,1.00,1.00,0,226,24,15,41,25,27,37,33,24,,,,,A1110:U1110,
1109,2666-6391,0.58,JSES Rev Rep Tech,0.00,1.00,0.00,0,226,26,30,39,27,26,23,35,20,,,,,A1111:U1111,
1110,0971-5916,0.61,Indian J Med Res,0.77,1.00,0.00,0,225,24,28,,63,21,43,22,24,,,,,A1112:U1112,
1111,1097-6760,0.99,Ann Emerg Med,0.15,0.18,0.00,0,225,33,28,33,12,26,32,39,22,,,,,A1113:U1113,
1112,1098-1004,1.97,Hum Mutat,0.99,1.00,0.99,2,225,17,10,5,45,61,38,24,25,,,,,A1114:U1114,
1113,1573-6571,0.85,J Relig Health,0.43,0.16,0.95,1,225,35,24,41,37,11,30,27,20,,,,,A1115:U1115,
1114,1678-4405,0.56,Braz J Microbiol,0.98,0.40,0.94,0,225,20,18,34,31,30,22,43,27,,,,,A1116:U1116,
1115,2673-6217,1.54,Front Aging,0.00,1.00,0.00,0,225,24,22,25,25,25,39,33,32,,,,,A1117:U1117,
1116,1467-7652,3.38,Plant Biotechnol J,0.62,1.00,0.86,0,224,43,46,45,16,20,13,24,17,,,,,A1118:U1118,
1117,1524-4571,5.37,Circ Res,0.57,0.67,0.92,0,224,29,20,19,25,27,34,42,28,,,,,A1119:U1119,
1118,1598-6357,0.9,J Korean Med Sci,0.93,1.00,1.00,0,224,30,23,26,33,26,25,33,28,,,,,A1120:U1120,
1119,1751-7370,3.42,ISME J,0.75,1.00,0.92,0,224,13,29,29,33,28,35,34,23,,,,,A1121:U1121,
1120,1879-1360,1.01,J Psychosom Res,0.66,0.43,0.00,0,224,37,32,32,32,23,18,26,24,,,,,A1122:U1122,
1121,1998-4022,0.29,Neurol India,0.46,1.00,0.00,2,224,28,29,36,,46,,58,27,,,,,A1123:U1123,
1122,1365-2672,0.78,J Appl Microbiol,0.89,0.31,0.65,0,223,40,24,26,21,19,24,42,27,,,,,A1124:U1124,
1123,1437-160X,0.91,Rheumatol Int,0.93,0.48,1.00,0,223,9,19,14,13,39,57,46,26,,,,,A1125:U1125,
1124,1442-200X,0.35,Pediatr Int,0.50,0.43,0.91,0,223,18,27,27,32,27,26,28,38,,,,,A1126:U1126,
1125,1534-4436,1.19,Ann Allergy Asthma Immunol,0.26,0.24,0.00,0,223,9,22,31,30,34,46,30,21,,,,,A1127:U1127,
1126,1540-8175,0.36,Echocardiography,0.83,0.41,0.38,1,223,19,18,18,45,35,20,34,34,,,,,A1128:U1128,
1127,1872-8464,0.54,Int J Pediatr Otorhinolaryngol,0.71,0.24,0.00,1,223,33,19,24,23,21,37,36,30,,,,,A1129:U1129,
1128,1879-0593,1.28,Oral Oncol,0.62,0.20,0.00,0,223,23,33,37,22,35,25,21,27,,,,,A1130:U1130,
1129,1940-5480,1.17,J Am Acad Orthop Surg,0.57,0.00,0.94,0,223,29,15,31,33,31,39,22,23,,,,,A1131:U1131,
1130,2000-8066,1.44,Eur J Psychotraumatol,0.98,1.00,0.90,0,223,19,22,34,22,25,31,46,24,,,,,A1132:U1132,
1131,2689-0186,2.83,JAMA Health Forum,0.37,1.00,0.00,0,223,26,33,27,25,35,22,30,25,,,,,A1133:U1133,
1132,1432-1041,0.89,Eur J Clin Pharmacol,0.83,0.27,0.42,1,222,43,25,23,28,22,32,31,18,,,,,A1134:U1134,
1133,1532-0650,0.61,Am Fam Physician,0.21,0.00,0.00,0,222,56,,58,,56,27,,25,,,,,A1135:U1135,
1134,1532-2092,3.45,Europace,0.49,1.00,0.97,0,222,16,19,26,28,36,29,26,42,,,,,A1136:U1136,
1135,1549-4713,3.88,Ophthalmology,0.20,0.20,0.00,1,222,24,31,28,36,24,28,27,24,,,,,A1137:U1137,
1136,1897-4279,0.47,Kardiol Pol,0.23,1.00,0.00,0,222,33,29,27,22,25,25,26,35,,,,,A1138:U1138,
1137,1471-2490,0.66,BMC Urol,0.82,1.00,0.35,0,221,27,38,27,25,36,34,33,1,,,,,A1139:U1139,
1138,1524-4563,3.3,Hypertension,0.67,0.49,0.98,2,221,35,34,33,31,26,22,17,23,,,,,A1140:U1140,
1139,1872-6623,2.13,Pain,0.56,0.20,0.93,0,221,33,16,32,24,36,42,20,18,,,,,A1141:U1141,
1140,1873-734X,0.93,Eur J Cardiothorac Surg,0.60,0.33,0.88,0,221,49,53,29,22,31,10,14,13,,,,,A1142:U1142,
1141,1988-8856,0.29,Rev Esp Cir Ortop Traumatol,0.72,1.00,0.00,0,221,,,,181,4,22,14,,,,,,A1143:U1143,
1142,2052-2819,0.31,Br J Nurs,0.71,0.05,0.10,0,221,29,28,32,32,27,27,28,18,,,,,A1144:U1144,
1143,2227-684X,0.51,Gland Surg,0.00,1.00,0.56,0,221,15,28,25,24,33,40,31,25,,,,,A1145:U1145,
1144,2377-9608,0.83,SAGE Open Nurs,0.00,1.00,0.95,1,221,22,27,30,17,35,29,35,26,,,,,A1146:U1146,
1145,2472-1972,1.1,J Endocr Soc,0.00,1.00,0.99,0,221,19,26,30,33,20,32,30,31,,,,,A1147:U1147,
1146,1537-1719,2.61,Mol Biol Evol,0.90,1.00,0.97,1,220,24,28,24,30,23,23,33,35,,,,,A1148:U1148,
1147,1538-957X,0.52,Traffic Inj Prev,0.00,0.13,0.47,0,220,21,19,18,19,26,27,33,57,,,,,A1149:U1149,
1148,1548-7105,15.62,Nat Methods,0.45,0.25,0.62,0,220,12,13,36,32,28,34,36,29,,,,,A1150:U1150,
1149,1806-9282,0.37,Rev Assoc Med Bras (1992),0.75,1.00,0.99,0,220,15,,,32,29,43,49,52,,,,,A1151:U1151,
1150,0976-5662,0.54,J Clin Orthop Trauma,0.00,0.23,0.00,0,219,25,28,24,28,32,38,20,24,,,,,A1152:U1152,
1151,1468-201X,1.56,Heart,0.02,0.22,0.98,1,219,23,27,31,24,35,29,19,31,,,,,A1153:U1153,
1152,1536-5948,0.52,J Occup Environ Med,0.34,0.13,0.73,0,219,14,17,37,20,29,44,20,38,,,,,A1154:U1154,
1153,1613-4133,1.18,Mol Nutr Food Res,0.98,0.61,0.30,1,219,33,26,22,35,24,24,22,33,,,,,A1155:U1155,
1154,1758-535X,1.38,J Gerontol A Biol Sci Med Sci,0.82,0.47,0.89,1,219,26,37,28,27,28,29,21,23,,,,,A1156:U1156,
1155,1950-6945,0.71,Epileptic Disord,0.29,0.29,0.92,1,219,25,25,24,22,27,28,41,27,,,,,A1157:U1157,
1156,1573-675X,2.24,Apoptosis,0.97,0.15,0.17,1,218,59,18,39,15,30,16,22,19,,,,,A1158:U1158,
1157,1603-6824,0.13,Ugeskr Laeger,0.78,1.00,0.00,0,218,38,26,27,31,30,20,18,28,,,,,A1159:U1159,
1158,1745-5065,1.03,Womens Health (Lond),0.99,1.00,0.96,0,218,11,19,25,44,19,26,34,40,,,,,A1160:U1160,
1159,1873-6513,1.29,J Pain Symptom Manage,0.60,0.32,0.00,2,218,30,36,23,24,23,28,26,28,,,,,A1161:U1161,
1160,1879-3096,2.46,Trends Biotechnol,0.31,0.34,0.00,0,218,19,16,35,35,35,26,22,30,,,,,A1162:U1162,
1161,2056-9890,0.22,Acta Crystallogr E Crystallogr Commun,0.00,1.00,0.78,0,218,42,25,16,22,25,40,28,20,,,,,A1163:U1163,
1162,2214-109X,5.91,Lancet Glob Health,0.43,1.00,0.00,0,218,25,29,33,21,22,38,20,30,,,,,A1164:U1164,
1163,1029-2403,0.86,Leuk Lymphoma,0.48,0.19,0.76,0,217,26,26,35,29,23,30,25,23,,,,,A1165:U1165,
1164,1097-6833,0.97,J Pediatr,0.45,0.35,0.00,0,217,26,28,27,22,28,22,38,26,,,,,A1166:U1166,
1165,1476-5438,1.6,Eur J Hum Genet,0.38,0.33,0.95,0,217,26,25,40,21,31,24,41,9,,,,,A1167:U1167,
1166,1572-8595,0.81,J Interv Card Electrophysiol,0.07,0.04,0.36,0,217,30,25,42,31,24,26,23,16,,,,,A1168:U1168,
1167,1755-4349,7.8,Nat Chem,0.17,0.26,0.86,0,217,40,18,29,29,26,35,24,16,,,,,A1169:U1169,
1168,1759-6653,1.27,Genome Biol Evol,0.91,1.00,0.97,0,217,24,25,31,30,22,29,34,22,,,,,A1170:U1170,
1169,1879-1700,0.65,J Environ Radioact,0.90,0.29,0.00,0,217,19,18,26,36,38,31,30,19,,,,,A1171:U1171,
1170,2057-5858,1.58,Microb Genom,0.94,1.00,0.00,0,217,30,29,14,27,35,34,35,13,,,,,A1172:U1172,
1171,2168-6173,2.2,JAMA Ophthalmol,0.26,0.17,0.00,0,217,26,26,23,28,29,30,22,33,,,,,A1173:U1173,
1172,2772-9303,1.28,J Soc Cardiovasc Angiogr Interv,0.00,1.00,0.00,0,217,21,18,19,47,42,,42,28,,,,,A1174:U1174,
1173,0970-0218,0.42,Indian J Community Med,0.00,1.00,0.00,0,216,39,,37,38,34,44,,24,,,,,A1175:U1175,
1174,1538-9855,0.66,Nurse Educ,0.29,0.07,0.71,0,216,20,10,35,16,27,37,47,24,,,,,A1176:U1176,
1175,2949-7892,0.69,CHEST Pulm,0.00,1.00,0.00,0,216,3,2,2,2,2,1,3,201,,,,,A1177:U1177,
1176,1678-4375,0.38,Braz J Biol,0.69,1.00,1.00,1,215,30,21,61,50,21,22,10,,,,,,A1178:U1178,
1177,1749-8546,1.3,Chin Med,0.00,1.00,0.08,0,215,57,15,33,18,32,20,29,11,,,,,A1179:U1179,
1178,1791-3004,0.93,Mol Med Rep,0.79,0.94,0.00,53,215,28,16,32,32,29,24,30,24,,,,,A1180:U1180,
1179,1861-6429,0.66,Int J Comput Assist Radiol Surg,0.35,0.15,0.87,0,215,10,8,15,46,54,35,18,29,,,,,A1181:U1181,
1180,1873-5223,1.19,Nurse Educ Pract,0.80,0.32,0.00,1,215,37,32,23,31,21,25,24,22,,,,,A1182:U1182,
1181,1873-7560,8.72,Eur Urol,0.13,0.13,0.00,0,215,21,24,7,33,29,36,48,17,,,,,A1183:U1183,
1182,2001-1326,2.78,Clin Transl Med,0.72,1.00,0.73,1,215,34,26,17,23,29,20,25,41,,,,,A1184:U1184,
1183,2950-1334,0.41,JHLT Open,0.00,1.00,0.00,0,215,28,38,24,22,26,26,19,32,,,,,A1185:U1185,
1184,1522-1598,0.83,J Neurophysiol,0.85,1.00,0.96,0,214,22,14,28,21,24,39,42,24,,,,,A1186:U1186,
1185,1651-2057,0.94,Acta Derm Venereol,0.51,1.00,0.79,0,214,25,22,20,24,30,40,23,30,,,,,A1187:U1187,
1186,1669-9106,0.19,Medicina (B Aires),0.71,1.00,0.00,0,214,,58,,37,,46,,73,,,,,A1188:U1188,
1187,1745-7254,2.69,Acta Pharmacol Sin,0.54,0.10,0.06,1,214,33,26,26,18,32,25,24,30,,,,,A1189:U1189,
1188,1869-4101,1.42,Insights Imaging,0.00,1.00,0.94,0,214,28,25,32,38,25,29,18,19,,,,,A1190:U1190,
1189,1873-2496,1.0,Urol Oncol,0.72,0.25,0.00,2,214,20,29,24,24,36,21,28,32,,,,,A1191:U1191,
1190,1878-7452,0.72,J Surg Educ,0.91,0.33,0.00,1,214,21,26,22,22,26,28,29,40,,,,,A1192:U1192,
1191,1944-9097,0.73,J Food Prot,0.86,1.00,0.00,0,214,21,25,29,27,28,25,33,26,,,,,A1193:U1193,
1192,2473-4284,2.08,JCO Precis Oncol,0.73,0.55,0.97,0,214,33,17,26,25,27,30,37,19,,,,,A1194:U1194,
1193,1476-5497,1.57,Int J Obes (Lond),0.61,0.37,0.99,4,213,23,25,20,35,17,30,39,24,,,,,A1195:U1195,
1194,1533-0311,0.37,Am J Dermatopathol,0.39,0.03,0.63,0,213,27,22,27,25,14,57,20,21,,,,,A1196:U1196,
1195,1878-0180,0.78,J Mech Behav Biomed Mater,0.86,0.55,0.00,1,213,19,24,27,16,26,38,33,30,,,,,A1197:U1197,
1196,2328-9503,1.65,Ann Clin Transl Neurol,0.32,1.00,0.98,1,213,30,20,28,36,23,22,35,19,,,,,A1198:U1198,
1197,2374-2445,7.4,JAMA Oncol,0.24,0.18,0.00,1,213,19,32,24,33,23,24,30,28,,,,,A1199:U1199,
1198,1097-0290,0.88,Biotechnol Bioeng,0.53,0.24,0.90,0,212,21,16,15,16,34,31,39,40,,,,,A1200:U1200,
1199,1099-1611,1.18,Psychooncology,0.96,0.65,0.92,0,212,17,18,33,30,30,29,20,35,,,,,A1201:U1201,
1200,1473-0480,4.85,Br J Sports Med,0.31,0.17,0.95,1,212,27,28,22,30,27,39,24,15,,,,,A1202:U1202,
1201,1553-7404,1.86,PLoS Genet,0.88,1.00,0.91,4,212,22,26,30,30,22,35,24,23,,,,,A1203:U1203,
1202,1865-1372,0.57,Int J Emerg Med,0.00,1.00,0.40,0,212,19,24,38,42,20,8,40,21,,,,,A1204:U1204,
1203,1097-0096,0.42,J Clin Ultrasound,0.43,0.18,0.96,0,211,27,19,22,23,19,34,36,31,,,,,A1205:U1205,
1204,1467-8624,1.92,Child Dev,0.62,0.60,0.64,0,211,13,40,40,32,31,11,23,21,,,,,A1206:U1206,
1205,1476-4598,9.91,Mol Cancer,0.75,1.00,0.12,8,211,36,31,43,24,24,21,27,5,,,,,A1207:U1207,
1206,1476-4679,9.09,Nat Cell Biol,0.49,0.34,0.79,0,211,23,27,29,24,24,32,27,25,,,,,A1208:U1208,
1207,1532-8414,1.9,J Card Fail,0.12,0.34,0.00,0,211,14,17,53,15,48,22,21,21,,,,,A1209:U1209,
1208,1573-2509,1.23,Schizophr Res,0.60,0.41,0.00,0,211,20,25,28,29,26,23,30,30,,,,,A1210:U1210,
1209,1865-1682,0.87,Transbound Emerg Dis,0.97,1.00,0.97,1,211,20,24,6,27,29,41,30,34,,,,,A1211:U1211,
1210,1873-4111,1.16,Maturitas,0.89,0.36,0.00,0,211,24,31,25,23,27,29,33,19,,,,,A1212:U1212,
1211,1875-8312,0.53,Int J Cardiovasc Imaging,0.41,0.18,0.31,0,211,34,36,28,24,18,27,19,25,,,,,A1213:U1213,
1212,2150-5608,1.63,Virulence,0.95,1.00,0.98,0,211,13,16,12,31,30,24,41,44,,,,,A1214:U1214,
1213,2813-1169,0.38,Front Gastroenterol (Lausanne),0.00,1.00,0.00,0,211,,2,168,6,8,2,12,13,,,,,A1215:U1215,
1214,1471-2105,1.11,BMC Bioinformatics,0.87,1.00,0.13,0,210,28,24,23,32,27,51,19,6,,,,,A1216:U1216,
1215,1476-6256,1.96,Am J Epidemiol,0.45,0.61,0.90,0,210,25,17,33,21,22,32,40,20,,,,,A1217:U1217,
1216,1879-3150,0.53,Toxicon,0.90,0.20,0.00,0,210,21,16,32,23,30,24,35,29,,,,,A1218:U1218,
1217,2094-9278,0.2,Acta Med Philipp,0.00,1.00,0.00,0,210,37,12,36,24,12,24,14,51,,,,,A1219:U1219,
1218,1096-0341,0.72,Virology,0.94,0.30,0.00,0,209,24,20,37,25,44,26,11,22,,,,,A1220:U1220,
1219,1520-6777,0.73,Neurourol Urodyn,0.43,0.37,0.91,0,209,13,28,25,17,18,37,35,36,,,,,A1221:U1221,
1220,1555-905X,2.49,Clin J Am Soc Nephrol,0.17,0.44,0.98,0,209,19,28,23,26,14,34,29,36,,,,,A1222:U1222,
1221,1678-4170,0.54,Arq Bras Cardiol,0.45,1.00,0.99,0,209,22,9,41,9,26,30,44,28,,,,,A1223:U1223,
1222,1758-5341,1.55,Gerontologist,0.79,0.43,0.84,0,209,4,15,15,43,40,28,14,50,,,,,A1224:U1224,
1223,1365-2222,1.35,Clin Exp Allergy,0.16,0.44,0.93,0,208,23,32,27,32,28,26,26,14,,,,,A1225:U1225,
1224,1872-8952,1.07,Clin Neurophysiol,0.66,0.38,0.00,0,208,10,21,32,27,35,32,29,22,,,,,A1226:U1226,
1225,2157-846X,9.0,Nat Biomed Eng,0.11,0.13,0.84,0,208,34,15,23,24,22,33,33,24,,,,,A1227:U1227,
1226,2589-5141,0.61,J Hand Surg Glob Online,0.00,1.00,0.00,0,208,19,30,30,42,11,33,13,30,,,,,A1228:U1228,
1227,2632-1823,1.06,JAC Antimicrob Resist,0.00,1.00,0.89,0,208,22,24,14,21,31,29,34,33,,,,,A1229:U1229,
1228,0254-6450,0.28,Zhonghua Liu Xing Bing Xue Za Zhi,1.00,0.00,0.00,0,207,24,,51,26,28,27,27,24,,,,,A1230:U1230,
1229,1129-2377,1.97,J Headache Pain,0.87,1.00,0.24,0,207,20,31,38,26,27,30,24,11,,,,,A1231:U1231,
1230,1460-4744,11.35,Chem Soc Rev,0.23,0.06,0.96,0,207,29,26,29,26,29,24,23,21,,,,,A1232:U1232,
1231,1468-3296,2.48,Thorax,0.14,0.28,0.97,2,207,18,38,27,28,24,36,21,15,,,,,A1233:U1233,
1232,1477-092X,0.43,J Oncol Pharm Pract,0.06,0.10,0.97,1,207,21,36,27,27,37,19,18,22,,,,,A1234:U1234,
1233,1724-191X,0.64,Phys Med,0.92,0.39,0.00,0,207,30,18,35,12,16,42,45,9,,,,,A1235:U1235,
1234,1758-9193,2.48,Alzheimers Res Ther,0.85,1.00,0.10,0,207,30,26,33,32,34,31,19,2,,,,,A1236:U1236,
1235,1873-5150,0.69,Pediatr Neurol,0.66,0.28,0.00,W1,207,27,23,29,22,27,21,31,27,,,,,A1237:U1237,https://pubmed.ncbi.nlm.nih.gov/?term=41729561
1236,1879-0038,0.7,Gene,0.86,0.12,0.00,3,207,16,27,30,23,25,27,27,32,,,,,A1238:U1238,
1237,1997-7298,0.2,Zh Nevrol Psikhiatr Im S S Korsakova,1.00,0.00,0.99,0,207,32,19,20,49,21,51,,15,,,,,A1239:U1239,
1238,2772-5723,0.69,Gastro Hep Adv,0.00,1.00,0.00,0,207,23,17,20,30,32,36,22,27,,,,,A1240:U1240,
1239,1618-0623,1.87,Microbiol Res,0.82,0.26,0.00,0,206,16,17,17,18,26,28,43,41,,,,,A1241:U1241,
1240,1873-3700,0.65,Phytochemistry,0.96,0.12,0.00,0,206,10,39,29,36,39,15,21,17,,,,,A1242:U1242,
1241,1879-291X,0.69,Ultrasound Med Biol,0.77,0.33,0.00,0,206,21,17,22,18,36,31,24,37,,,,,A1243:U1243,
1242,1948-7193,1.1,ACS Chem Neurosci,0.99,0.37,0.99,0,206,29,27,36,23,29,26,26,10,,,,,A1244:U1244,
1243,2632-8682,0.76,RSC Med Chem,0.00,0.30,0.99,0,206,37,22,32,21,18,21,28,27,,,,,A1245:U1245,
1244,2688-4046,1.7,Small Sci,0.00,1.00,0.97,0,206,37,20,16,36,27,16,18,36,,,,,A1246:U1246,
1245,2950-3299,1.79,Mol Ther Oncol,0.00,1.00,0.00,0,206,13,28,25,23,25,34,27,31,,,,,A1247:U1247,
1246,1179-1322,0.79,Cancer Manag Res,0.00,1.00,0.72,4,205,9,10,56,28,27,26,25,24,,,,,A1248:U1248,
1247,1475-9276,1.55,Int J Equity Health,0.85,1.00,0.33,1,205,25,26,35,31,27,32,23,6,,,,,A1249:U1249,
1248,1558-691X,0.84,Psychol Rep,0.00,0.25,0.98,0,205,22,34,23,13,26,20,29,38,,,,,A1250:U1250,
1249,1600-0412,1.29,Acta Obstet Gynecol Scand,0.65,1.00,0.91,0,205,16,27,16,32,39,26,32,17,,,,,A1251:U1251,
1250,1600-0609,0.98,Eur J Haematol,0.64,0.29,0.95,0,205,24,24,28,29,25,23,25,27,,,,,A1252:U1252,
1251,1879-0720,0.95,Eur J Pharm Sci,0.83,0.98,0.00,2,205,30,29,27,20,26,22,30,21,,,,,A1253:U1253,
1252,1940-2465,0.38,Int J Surg Pathol,0.44,0.14,1.00,0,205,15,13,36,38,31,38,22,12,,,,,A1254:U1254,
1253,2056-5933,1.8,RMD Open,0.95,1.00,0.99,0,205,21,20,33,16,33,24,42,16,,,,,A1255:U1255,
1254,2101-017X,0.12,Rev Prat,0.45,0.00,0.00,0,205,62,46,26,,20,27,24,,,,,,A1256:U1256,
1255,1098-660X,1.64,J Clin Microbiol,0.61,0.86,1.00,2,204,10,26,25,28,29,32,28,26,,,,,A1257:U1257,
1256,1178-7007,0.89,Diabetes Metab Syndr Obes,0.00,1.00,0.76,0,204,12,25,58,21,16,28,15,29,,,,,A1258:U1258,
1257,1475-2662,0.91,Br J Nutr,0.05,0.21,0.98,0,204,17,36,32,28,33,15,32,11,,,,,A1259:U1259,
1258,1521-3927,0.9,Macromol Rapid Commun,0.65,0.30,0.87,0,204,32,22,21,23,20,26,28,32,,,,,A1260:U1260,
1259,1538-7488,0.3,Am J Nurs,0.56,0.04,0.00,0,204,22,23,29,21,20,28,26,35,,,,,A1261:U1261,
1260,1558-349X,1.2,J Am Coll Radiol,0.37,0.07,0.00,0,204,22,29,42,28,22,18,24,19,,,,,A1262:U1262,
1261,1742-5662,0.92,J R Soc Interface,1.00,0.04,1.00,0,204,36,32,20,19,18,41,15,23,,,,,A1263:U1263,
1262,1873-7838,1.61,Cognition,0.90,0.59,0.00,0,204,28,30,27,18,26,30,32,13,,,,,A1264:U1264,
1263,2050-2974,1.54,J Eat Disord,0.00,1.00,0.48,0,204,24,17,30,29,35,37,24,8,,,,,A1265:U1265,
1264,2352-8729,1.77,Alzheimers Dement (Amst),0.00,1.00,0.68,0,204,16,24,17,26,16,43,28,34,,,,,A1266:U1266,
1265,1520-6025,0.59,J Nat Prod,0.95,0.33,1.00,1,203,40,38,24,27,31,21,22,,,,,,A1267:U1267,
1266,1556-0961,1.26,Neurocrit Care,0.28,0.15,0.89,1,203,16,18,30,26,33,24,35,21,,,,,A1268:U1268,
1267,1748-880X,1.02,Br J Radiol,0.60,0.39,0.69,0,203,27,20,31,24,28,27,21,25,,,,,A1269:U1269,
1268,2055-0278,5.11,Nat Plants,0.54,0.19,0.74,0,203,36,21,25,21,26,18,22,34,,,,,A1270:U1270,
1269,2055-5008,2.73,NPJ Biofilms Microbiomes,0.69,1.00,0.07,0,203,33,20,23,24,33,42,27,1,,,,,A1271:U1271,
1270,2193-9616,,In Silico Pharmacol,0.00,0.07,0.36,0,203,38,22,26,22,25,26,22,22,,,,,A1272:U1272,
1271,2352-3441,0.85,Arthroplast Today,0.00,1.00,0.00,0,203,28,9,25,36,23,23,23,36,,,,,A1273:U1273,
1272,2687-8941,1.1,JCO Glob Oncol,0.88,0.11,0.98,0,203,21,23,39,33,13,27,26,21,,,,,A1274:U1274,
1273,0736-4679,0.46,J Emerg Med,0.74,0.17,0.00,0,202,28,22,12,30,38,27,24,21,,,,,A1275:U1275,
1274,1349-7006,1.51,Cancer Sci,0.64,1.00,0.95,5,202,26,12,23,31,27,23,31,29,,,,,A1276:U1276,
1275,1471-2288,1.43,BMC Med Res Methodol,0.89,1.00,0.28,0,202,29,33,29,20,27,42,18,4,,,,,A1277:U1277,
1276,1532-8473,0.55,J Perianesth Nurs,0.26,0.13,0.00,0,202,36,9,13,21,10,42,48,23,,,,,A1278:U1278,
1277,1536-4844,1.93,Inflamm Bowel Dis,0.44,0.35,0.97,1,202,20,28,19,26,23,35,25,26,,,,,A1279:U1279,
1278,1552-4469,6.03,Nat Chem Biol,0.32,0.18,0.79,0,202,36,24,25,27,24,24,21,21,,,,,A1280:U1280,
1279,1559-7016,2.03,J Cereb Blood Flow Metab,0.35,0.43,0.98,1,202,20,24,30,21,19,46,23,19,,,,,A1281:U1281,
1280,1792-1015,,Exp Ther Med,0.00,1.00,0.00,4,202,12,33,29,30,19,25,38,16,,,,,A1282:U1282,
1281,1897-9483,0.56,Pol Arch Intern Med,0.24,1.00,0.12,0,202,32,26,21,19,25,25,24,30,,,,,A1283:U1283,
1282,1941-6636,0.58,J Gastrointest Cancer,0.91,0.22,0.41,2,202,29,25,29,20,28,13,29,29,,,,,A1284:U1284,
1283,2092-6413,5.12,Exp Mol Med,0.93,1.00,0.87,4,202,24,25,24,26,22,29,21,31,,,,,A1285:U1285,
1284,2666-5247,5.19,Lancet Microbe,0.40,1.00,0.00,0,202,20,17,35,8,40,27,34,21,,,,,A1286:U1286,
1285,0778-7367,1.02,Arch Public Health,0.00,1.00,0.31,1,201,26,18,38,21,46,29,19,4,,,,,A1287:U1287,
1286,1435-2451,0.71,Langenbecks Arch Surg,0.82,0.85,0.39,0,201,24,23,29,32,24,26,33,10,,,,,A1288:U1288,
1287,1435-604X,0.61,Lasers Med Sci,0.99,0.99,0.23,1,201,12,23,23,20,19,35,37,32,,,,,A1289:U1289,
1288,1472-6939,1.02,BMC Med Ethics,0.84,1.00,0.34,0,201,29,31,26,20,34,40,17,4,,,,,A1290:U1290,
1289,1476-5403,5.18,Cell Death Differ,0.18,0.11,0.97,0,201,22,20,37,17,23,22,35,25,,,,,A1291:U1291,
1290,1743-422X,1.02,Virol J,0.80,1.00,0.14,2,201,22,29,29,37,28,28,25,3,,,,,A1292:U1292,
1291,1878-7649,0.95,Eur Geriatr Med,0.36,0.24,0.96,0,201,22,23,28,20,23,26,27,32,,,,,A1293:U1293,
1292,1980-5322,0.66,Clinics (Sao Paulo),0.00,1.00,0.00,0,201,2,28,32,47,26,16,46,4,,,,,A1294:U1294,
1293,2240-2993,0.6,Acta Neurol Belg,0.24,0.04,0.51,0,201,20,19,26,34,20,26,23,33,,,,,A1295:U1295,
1294,2291-5222,1.89,JMIR Mhealth Uhealth,0.98,1.00,0.99,0,201,19,20,33,17,25,27,33,27,,,,,A1296:U1296,
1295,2292-9495,1.0,JMIR Hum Factors,0.98,1.00,1.00,0,201,23,26,28,44,22,21,25,12,,,,,A1297:U1297,
1296,2378-8038,0.69,Laryngoscope Investig Otolaryngol,0.00,1.00,0.98,0,201,8,14,13,44,22,30,39,31,,,,,A1298:U1298,
1297,2813-3056,0.39,Front Stroke,0.00,1.00,0.00,0,201,155,5,7,6,3,4,11,10,,,,,A1299:U1299,
1298,1314-2828,0.46,Biodivers Data J,0.00,1.00,0.94,0,200,28,19,23,32,29,20,31,18,,,,,A1300:U1300,
1299,1444-2892,0.65,Heart Lung Circ,0.48,0.40,0.00,0,200,32,15,24,19,31,16,38,25,,,,,A1301:U1301,
1300,1520-4995,1.07,Biochemistry,0.96,0.52,0.99,1,200,18,26,36,46,16,27,17,14,,,,,A1302:U1302,
1301,1549-1676,3.57,PLoS Med,0.95,1.00,0.96,0,200,20,25,29,27,28,22,24,25,,,,,A1303:U1303,
1302,1873-3727,,Adv Colloid Interface Sci,0.38,0.20,0.00,0,200,18,38,21,29,27,23,18,26,,,,,A1304:U1304,
1303,1876-7753,0.33,Stem Cell Res,0.66,0.99,0.00,1,200,23,34,27,23,20,32,17,24,,,,,A1305:U1305,
1304,1364-6915,1.21,Aging Ment Health,0.36,0.42,0.50,0,199,25,19,28,22,22,29,22,32,,,,,A1306:U1306,
1305,1460-2385,2.22,Nephrol Dial Transplant,0.23,0.51,0.91,1,199,20,27,33,16,28,27,13,35,,,,,A1307:U1307,
1306,1471-4159,1.47,J Neurochem,0.91,0.71,0.85,1,199,30,20,34,27,29,18,30,11,,,,,A1308:U1308,
1307,1530-891X,1.35,Endocr Pract,0.45,0.27,0.00,0,199,17,40,12,35,30,22,24,19,,,,,A1309:U1309,
1308,1530-9932,0.72,AAPS PharmSciTech,0.94,0.01,0.98,5,199,32,29,44,28,29,24,10,3,,,,,A1310:U1310,
1309,1538-943X,0.73,ASAIO J,0.17,0.07,0.89,1,199,29,17,21,15,23,34,30,30,,,,,A1311:U1311,
1310,2055-0928,0.7,BMC Nutr,0.00,0.86,0.28,0,199,30,25,19,26,35,40,21,3,,,,,A1312:U1312,
1311,1096-9098,0.7,J Surg Oncol,0.60,0.48,0.84,2,198,23,15,28,28,19,19,35,31,,,,,A1313:U1313,
1312,1466-187X,1.32,Med Teach,0.31,0.50,0.84,0,198,33,31,9,20,21,24,38,22,,,,,A1314:U1314,
1313,1468-2079,1.8,Br J Ophthalmol,0.22,0.22,0.98,0,198,29,16,17,27,31,27,19,32,,,,,A1315:U1315,
1314,1532-2831,0.65,Radiography (Lond),0.88,0.55,0.00,1,198,36,38,22,21,23,17,18,23,,,,,A1316:U1316,
1315,1536-4798,0.89,Cornea,0.18,0.01,0.88,1,198,6,27,14,21,13,70,20,27,,,,,A1317:U1317,
1316,1578-1275,0.37,Aten Primaria,0.38,1.00,0.00,0,198,45,36,7,24,21,25,35,5,,,,,A1318:U1318,
1317,1873-6009,1.34,J Contam Hydrol,0.83,0.19,0.00,0,198,39,24,19,15,28,30,26,17,,,,,A1319:U1319,
1318,1876-2867,1.1,Acad Pediatr,0.59,0.37,0.00,0,198,7,50,32,22,7,35,44,1,,,,,A1320:U1320,
1319,2253-5969,0.81,J Hepatocell Carcinoma,0.00,1.00,0.80,0,198,8,13,37,36,27,35,15,27,,,,,A1321:U1321,
1320,2666-6758,3.76,Innovation (Camb),0.00,1.00,0.00,0,198,,59,24,22,24,24,24,21,,,,,A1322:U1322,
1321,1474-4465,12.44,Lancet Neurol,0.26,0.13,0.00,0,197,29,23,29,20,21,27,28,20,,,,,A1323:U1323,
1322,1531-5320,1.6,Psychon Bull Rev,0.96,0.64,0.56,0,197,30,48,22,30,8,18,21,20,,,,,A1324:U1324,
1323,1532-2122,0.91,Eur J Oncol Nurs,0.80,0.35,0.00,0,197,40,34,22,14,23,28,19,17,,,,,A1325:U1325,
1324,1873-507X,0.83,Physiol Behav,0.84,0.40,0.00,1,197,16,36,20,18,37,22,24,24,,,,,A1326:U1326,
1325,1878-5832,1.93,Drug Discov Today,0.67,0.39,0.00,0,197,24,17,18,32,26,15,26,39,,,,,A1327:U1327,
1326,1095-8304,1.06,Appetite,0.71,0.59,0.00,1,196,33,23,25,16,21,24,28,26,,,,,A1328:U1328,
1327,1531-8249,3.25,Ann Neurol,0.53,0.56,0.92,0,196,36,19,16,24,26,21,24,30,,,,,A1329:U1329,
1328,1673-4254,0.24,Nan Fang Yi Ke Da Xue Xue Bao,1.00,1.00,0.00,0,196,25,25,24,24,24,24,25,25,,,,,A1330:U1330,
1329,1741-7007,1.73,BMC Biol,0.84,1.00,0.19,0,196,32,36,20,25,33,18,28,4,,,,,A1331:U1331,
1330,2212-4411,0.59,Oral Surg Oral Med Oral Pathol Oral Radiol,0.48,0.23,0.00,0,196,18,27,18,27,12,14,44,36,,,,,A1332:U1332,
1331,2405-805X,1.01,Synth Syst Biotechnol,0.00,1.00,0.00,0,196,26,37,21,19,19,29,21,24,,,,,A1333:U1333,
1332,1464-360X,1.13,Eur J Public Health,0.77,1.00,0.84,0,195,25,28,25,21,7,34,32,23,,,,,A1334:U1334,
1333,1600-0579,0.65,Eur J Dent Educ,0.05,0.06,0.95,0,195,9,23,25,28,24,21,36,29,,,,,A1335:U1335,
1334,1878-5891,0.89,Hear Res,0.87,0.49,0.00,0,195,18,33,30,7,31,25,23,28,,,,,A1336:U1336,
1335,2047-2927,1.15,Andrology,0.27,0.23,0.87,0,195,18,14,22,22,22,25,35,37,,,,,A1337:U1337,
1336,2190-6009,3.53,J Cachexia Sarcopenia Muscle,0.90,1.00,0.89,0,195,33,29,27,35,18,13,20,20,,,,,A1338:U1338,
1337,2213-1787,4.04,JACC Heart Fail,0.15,0.33,0.00,0,195,34,22,21,14,25,32,18,29,,,,,A1339:U1339,
1338,2296-9144,0.7,Front Robot AI,0.00,1.00,0.00,1,195,27,19,27,21,23,26,27,25,,,,,A1340:U1340,
1339,2373-8227,1.05,ACS Infect Dis,0.91,0.42,1.00,0,195,26,29,23,26,21,29,26,15,,,,,A1341:U1341,
1340,2474-1272,0.49,J Vitreoretin Dis,0.00,0.22,1.00,0,195,16,24,17,40,26,35,24,13,,,,,A1342:U1342,
1341,2573-8348,0.71,Cancer Rep (Hoboken),0.99,1.00,0.99,0,195,21,25,24,31,26,26,19,23,,,,,A1343:U1343,
1342,1552-4523,0.94,J Appl Gerontol,0.01,0.36,0.97,0,194,26,19,20,29,26,23,32,19,,,,,A1344:U1344,
1343,1877-783X,1.04,Cancer Epidemiol,0.89,0.42,0.00,0,194,15,26,21,27,28,25,29,23,,,,,A1345:U1345,
1344,2072-1315,0.92,J Health Popul Nutr,0.83,1.00,0.29,1,194,32,36,28,19,26,25,25,3,,,,,A1346:U1346,
1345,2364-3722,,Endosc Int Open,0.00,1.00,0.91,0,194,22,13,21,40,,55,7,36,,,,,A1347:U1347,
1346,2475-0328,1.36,Ann Gastroenterol Surg,0.00,1.00,0.96,0,194,30,,40,,32,,79,13,,,,,A1348:U1348,
1347,2666-142X,1.28,Int J Nurs Stud Adv,0.00,1.00,0.00,0,194,33,19,15,20,22,33,32,20,,,,,A1349:U1349,
1348,2949-8201,,ESMO Real World Data Digit Oncol,0.00,1.00,0.00,0,194,,118,6,37,4,2,14,13,,,,,A1350:U1350,
1349,1347-7439,0.37,J Vet Med Sci,0.80,1.00,0.00,0,193,23,15,20,23,32,22,30,28,,,,,A1351:U1351,
1350,1468-2060,7.29,Ann Rheum Dis,0.34,0.58,0.00,0,193,13,22,23,29,18,29,33,26,,,,,A1352:U1352,
1351,1471-0528,1.79,BJOG,0.37,0.37,0.91,0,193,46,27,34,25,15,14,11,21,,,,,A1353:U1353,
1352,1473-5571,1.14,AIDS,0.58,0.25,0.00,0,193,34,26,24,23,27,20,20,19,,,,,A1354:U1354,
1353,1522-7243,0.4,Luminescence,0.99,0.38,0.90,0,193,18,21,18,18,27,29,41,21,,,,,A1355:U1355,
1354,1528-8447,1.42,J Pain,0.58,0.53,0.00,1,193,23,31,12,29,28,21,18,31,,,,,A1356:U1356,
1355,1532-2688,0.83,Seizure,0.82,0.32,0.00,0,193,12,23,23,22,38,21,30,24,,,,,A1357:U1357,
1356,1532-8511,0.69,J Stroke Cerebrovasc Dis,0.85,1.00,0.00,1,193,38,23,24,23,18,24,25,18,,,,,A1358:U1358,
1357,1556-4029,0.54,J Forensic Sci,0.60,0.41,0.53,0,193,17,14,31,30,18,26,25,32,,,,,A1359:U1359,
1358,1749-6632,1.35,Ann N Y Acad Sci,0.96,0.65,0.32,0,193,18,21,30,28,19,23,25,29,,,,,A1360:U1360,
1359,1879-1123,0.64,J Am Soc Mass Spectrom,0.60,0.32,0.95,0,193,26,34,25,28,20,24,35,1,,,,,A1361:U1361,
1360,2040-1124,1.05,J Diabetes Investig,0.62,1.00,0.94,0,193,21,23,23,24,22,29,26,25,,,,,A1362:U1362,
1361,2168-6084,2.38,JAMA Dermatol,0.28,0.14,0.00,0,193,23,22,25,27,26,22,25,23,,,,,A1363:U1363,
1362,2434-0790,,Circ Rep,0.00,1.00,0.00,0,193,23,24,24,23,24,24,24,27,,,,,A1364:U1364,
1363,0255-2930,,Zhongguo Zhen Jiu,0.92,0.00,0.00,0,192,25,24,24,24,24,24,24,23,,,,,A1365:U1365,
1364,1478-9523,0.61,Palliat Support Care,0.55,0.98,0.96,0,192,30,26,19,34,23,32,23,5,,,,,A1366:U1366,
1365,1531-6564,1.07,J Hand Surg Am,0.66,0.23,0.00,1,192,29,18,28,42,26,14,3,32,,,,,A1367:U1367,
1366,1554-8937,1.37,ACS Chem Biol,0.93,0.47,1.00,0,192,23,17,24,35,29,28,20,16,,,,,A1368:U1368,
1367,1873-426X,0.48,Carbohydr Res,0.98,0.22,0.00,0,192,21,21,17,33,31,31,24,14,,,,,A1369:U1369,
1368,1878-3562,1.22,Dig Liver Dis,0.52,0.99,0.00,1,192,38,37,19,16,23,13,24,22,,,,,A1370:U1370,
1369,1932-8737,0.88,Clin Cardiol,0.68,1.00,0.96,1,192,11,9,8,50,23,38,29,24,,,,,A1371:U1371,
1370,2056-4724,1.27,BJPsych Open,0.00,1.00,0.98,0,192,24,24,22,26,25,23,32,16,,,,,A1372:U1372,
1371,2214-0883,,J Pharm Anal,0.00,1.00,0.00,0,192,17,30,21,33,16,13,35,27,,,,,A1373:U1373,
1372,2673-6101,0.87,Front Allergy,0.00,1.00,0.00,1,192,17,25,19,25,20,35,31,20,,,,,A1374:U1374,
1373,1468-2044,0.92,Arch Dis Child,0.17,0.19,0.89,0,191,30,20,25,20,22,27,22,25,,,,,A1375:U1375,
1374,1525-1470,0.53,Pediatr Dermatol,0.41,0.32,0.94,0,191,11,22,31,34,26,26,25,16,,,,,A1376:U1376,
1375,1532-4036,1.28,Intensive Crit Care Nurs,0.41,0.38,0.00,0,191,22,18,25,23,36,10,26,31,,,,,A1377:U1377,
1376,1549-7879,0.63,Int J Phytoremediation,0.37,0.04,0.40,2,191,23,19,22,32,24,18,32,21,,,,,A1378:U1378,
1377,1678-2690,0.32,An Acad Bras Cienc,0.92,1.00,0.99,0,191,17,3,14,33,5,10,47,62,,,,,A1379:U1379,
1378,1724-6016,0.61,Eur J Ophthalmol,0.41,0.13,0.98,0,191,16,28,19,47,19,23,22,17,,,,,A1380:U1380,
1379,1873-4502,1.42,J Cataract Refract Surg,0.32,0.24,0.81,0,191,15,52,21,18,22,25,16,22,,,,,A1381:U1381,
1380,1879-1484,2.18,Atherosclerosis,0.80,0.52,0.00,0,191,16,31,25,25,37,26,14,17,,,,,A1382:U1382,
1381,2052-4439,1.24,BMJ Open Respir Res,0.97,1.00,0.97,0,191,24,15,28,28,14,40,29,13,,,,,A1383:U1383,
1382,0004-5772,0.22,J Assoc Physicians India,0.91,0.00,0.35,1,190,,,85,24,,,,81,,,,,A1384:U1384,
1383,0972-2327,0.45,Ann Indian Acad Neurol,0.00,1.00,0.00,0,190,11,30,24,14,20,45,12,34,,,,,A1385:U1385,
1384,1557-9700,1.03,Psychiatr Serv,0.52,0.06,0.55,0,190,27,18,21,25,25,31,29,14,,,,,A1386:U1386,
1385,1573-8221,0.27,Bull Exp Biol Med,0.99,0.00,0.00,0,190,44,29,22,51,2,21,21,,,,,,A1387:U1387,
1386,1755-3245,4.4,Cardiovasc Res,0.47,1.00,0.96,4,190,40,20,22,21,23,24,22,18,,,,,A1388:U1388,
1387,1930-7837,0.53,J Dent Educ,0.01,0.13,0.16,1,190,21,20,22,38,21,27,13,28,,,,,A1389:U1389,
1388,2059-7029,3.46,ESMO Open,0.74,1.00,0.00,0,190,34,22,26,17,19,19,35,18,,,,,A1390:U1390,
1389,2079-3200,1.19,J Intell,0.00,1.00,0.89,0,190,16,17,17,21,19,21,40,39,,,,,A1391:U1391,
1390,1096-0384,0.91,Arch Biochem Biophys,0.94,0.22,0.00,7,189,20,17,19,20,43,21,25,24,,,,,A1392:U1392,
1391,1365-2982,1.12,Neurogastroenterol Motil,0.70,0.46,0.92,0,189,28,19,18,36,26,19,28,15,,,,,A1393:U1393,
1392,1469-994X,1.16,Nicotine Tob Res,0.31,0.51,0.99,0,189,16,24,18,32,26,25,26,22,,,,,A1394:U1394,
1393,1473-5598,1.07,J Hypertens,0.68,0.16,0.00,0,189,12,33,29,14,28,41,6,26,,,,,A1395:U1395,
1394,1520-4898,5.47,Acc Chem Res,0.25,0.26,1.00,0,189,22,34,28,23,24,19,33,6,,,,,A1396:U1396,
1395,1549-7852,2.24,Crit Rev Food Sci Nutr,0.52,0.21,0.39,0,189,22,26,14,23,27,34,24,19,,,,,A1397:U1397,
1396,2222-1751,2.27,Emerg Microbes Infect,0.93,1.00,0.45,1,189,28,20,37,17,21,24,23,19,,,,,A1398:U1398,
1397,2380-6591,6.03,JAMA Cardiol,0.32,0.20,0.00,0,189,16,16,33,20,21,21,28,34,,,,,A1399:U1399,
1398,2468-6530,2.1,Ophthalmol Retina,0.22,0.26,0.00,0,189,22,24,19,24,24,25,30,21,,,,,A1400:U1400,
1399,0974-2069,0.3,Ann Pediatr Cardiol,0.00,1.00,0.00,0,188,,41,,51,25,,50,21,,,,,A1401:U1401,
1400,1097-4180,16.48,Immunity,0.85,0.51,0.00,0,188,21,25,22,35,18,19,24,24,,,,,A1402:U1402,
1401,1477-9137,1.6,J Cell Sci,0.85,0.48,0.98,3,188,22,21,23,28,22,24,25,23,,,,,A1403:U1403,
1402,1528-1140,2.52,Ann Surg,0.16,0.09,0.75,1,188,14,20,18,17,32,37,22,28,,,,,A1404:U1404,
1403,1532-3080,2.65,Breast,0.66,0.99,0.00,1,188,32,22,20,20,18,31,25,20,,,,,A1405:U1405,
1404,1878-562X,0.65,Bioelectrochemistry,0.98,0.33,0.00,0,188,18,22,18,24,25,24,22,35,,,,,A1406:U1406,
1405,0974-7052,0.38,Int J Clin Pediatr Dent,0.00,1.00,0.81,0,187,40,20,24,,,60,20,23,,,,,A1407:U1407,
1406,1573-4951,0.61,J Comput Aided Mol Des,0.98,0.20,0.38,0,187,21,13,21,21,25,28,28,30,,,,,A1408:U1408,
1407,1827-1596,0.74,Minerva Anestesiol,0.27,0.39,0.00,0,187,24,35,28,17,32,34,12,5,,,,,A1409:U1409,
1408,2219-2840,1.43,World J Gastroenterol,0.99,1.00,0.00,0,187,78,67,42,,,,,,,,,,A1410:U1410,
1409,2426-0266,2.27,J Prev Alzheimers Dis,0.63,1.00,0.00,0,187,45,24,19,24,29,15,10,21,,,,,A1411:U1411,
1410,2673-561X,0.85,Front Pain Res (Lausanne),0.00,1.00,0.00,0,187,14,15,20,24,20,28,34,32,,,,,A1412:U1412,
1411,1279-8517,0.52,Surg Radiol Anat,0.94,0.27,0.52,0,186,20,30,24,18,21,22,20,31,,,,,A1413:U1413,
1412,1530-0315,1.48,Med Sci Sports Exerc,0.54,0.17,0.03,1,186,20,18,32,24,16,29,24,23,,,,,A1414:U1414,
1413,1556-2891,0.45,Forensic Sci Med Pathol,0.08,0.04,0.85,0,186,17,26,31,20,28,25,23,16,,,,,A1415:U1415,
1414,1573-7365,1.0,Metab Brain Dis,0.97,0.19,0.74,7,186,12,19,27,25,26,28,30,19,,,,,A1416:U1416,
1415,1872-6976,1.32,Arch Gerontol Geriatr,0.88,0.30,0.00,0,186,14,29,21,31,25,27,21,18,,,,,A1417:U1417,
1416,1872-7077,1.16,Environ Toxicol Pharmacol,0.91,0.38,0.00,0,186,21,17,25,22,20,29,22,30,,,,,A1418:U1418,
1417,1873-1899,2.76,Biotechnol Adv,0.91,0.24,0.00,0,186,19,27,19,26,22,22,30,21,,,,,A1419:U1419,
1418,2369-3762,2.48,JMIR Med Educ,0.94,1.00,0.99,0,186,23,18,29,14,27,28,29,18,,,,,A1420:U1420,
1419,2373-2822,1.02,eNeuro,0.87,1.00,0.81,0,186,22,24,17,28,14,24,26,31,,,,,A1421:U1421,
1420,2396-9881,1.89,Eur Stroke J,0.90,1.00,0.94,0,186,84,13,9,13,17,18,20,12,,,,,A1422:U1422,
1421,0737-0806,0.42,J Equine Vet Sci,0.75,0.02,0.00,0,185,23,24,21,27,20,26,22,22,,,,,A1423:U1423,
1422,1175-8716,0.38,N Z Med J,0.65,0.00,0.00,1,185,10,23,25,12,31,29,29,26,,,,,A1424:U1424,
1423,1432-0428,3.86,Diabetologia,0.71,0.54,0.77,2,185,21,22,23,21,21,24,28,25,,,,,A1425:U1425,
1424,1476-8259,0.42,Comput Methods Biomech Biomed Engin,0.02,0.06,0.17,1,185,17,27,16,28,25,25,28,19,,,,,A1426:U1426,
1425,1481-8043,0.58,CJEM,0.20,0.04,0.84,0,185,17,25,28,20,11,24,38,22,,,,,A1427:U1427,
1426,1527-3288,0.79,Heart Lung,0.81,0.23,0.00,0,185,31,18,21,28,31,21,21,14,,,,,A1428:U1428,
1427,1527-330X,1.4,Aesthet Surg J,0.34,0.35,0.64,0,185,29,17,28,23,17,25,27,19,,,,,A1429:U1429,
1428,1529-7268,0.98,Biol Reprod,0.55,0.34,0.89,1,185,31,22,17,22,20,22,31,20,,,,,A1430:U1430,
1429,1572-9699,0.49,Antonie Van Leeuwenhoek,0.97,0.12,0.41,0,185,20,16,19,32,25,18,28,27,,,,,A1431:U1431,
1430,1573-2800,1.01,Arch Sex Behav,0.73,0.34,0.93,0,185,23,23,24,25,24,22,23,21,,,,,A1432:U1432,
1431,1745-6150,1.26,Biol Direct,0.83,1.00,0.17,2,185,16,10,19,44,33,37,21,5,,,,,A1433:U1433,
1432,1939-3806,1.64,Autism Res,0.68,0.44,0.96,0,185,22,17,31,16,22,22,26,29,,,,,A1434:U1434,
1433,1942-969X,1.07,Psychol Trauma,0.06,0.10,0.98,0,185,28,15,25,28,18,20,21,30,,,,,A1435:U1435,
1434,2053-8855,0.19,Oxf Med Case Reports,0.00,1.00,0.98,0,185,20,22,23,15,30,31,28,16,,,,,A1436:U1436,
1435,2193-8245,1.37,Ophthalmol Ther,0.00,0.87,0.78,0,185,18,22,27,20,17,26,28,27,,,,,A1437:U1437,
1436,2666-6065,2.77,Lancet Reg Health West Pac,0.00,1.00,0.00,0,185,23,21,26,26,14,29,12,34,,,,,A1438:U1438,
1437,0300-1652,,Niger Med J,0.00,1.00,0.00,0,184,4,,,,,,61,119,,,,,A1439:U1439,
1438,1179-7258,0.51,Adv Med Educ Pract,0.00,1.00,0.89,1,184,8,6,34,25,25,14,35,37,,,,,A1440:U1440,
1439,1420-908X,1.55,Inflamm Res,0.98,0.31,0.16,1,184,19,16,38,25,15,40,24,7,,,,,A1441:U1441,
1440,1523-5866,5.25,Neuro Oncol,0.42,0.50,0.57,1,184,22,28,24,16,37,18,20,19,,,,,A1442:U1442,
1441,1527-6473,1.23,Liver Transpl,0.15,0.04,0.53,4,184,12,27,20,32,27,26,23,17,,,,,A1443:U1443,
1442,1532-3099,0.98,Midwifery,0.90,0.52,0.00,0,184,7,26,19,32,33,28,17,22,,,,,A1444:U1444,
1443,1540-8140,3.27,J Cell Biol,0.95,0.45,0.97,1,184,32,16,17,26,26,21,26,20,,,,,A1445:U1445,
1444,1896-1851,0.39,Acta Parasitol,0.96,0.29,0.46,0,184,15,25,26,12,35,22,30,19,,,,,A1446:U1446,
1445,1984-0446,0.45,Rev Bras Enferm,0.89,1.00,0.96,0,184,11,12,13,12,7,30,37,62,,,,,A1447:U1447,
1446,2051-5960,2.47,Acta Neuropathol Commun,0.74,1.00,0.21,3,184,23,29,20,23,27,28,27,7,,,,,A1448:U1448,
1447,2160-3251,0.2,JBJS Case Connect,0.99,0.06,0.99,0,184,40,33,16,25,21,15,22,12,,,,,A1449:U1449,
1448,2590-1567,1.1,Int J Pharm X,0.00,1.00,0.00,1,184,29,15,13,27,23,21,31,25,,,,,A1450:U1450,
1449,3050-7081,,EULAR Rheumatol Open,0.00,1.00,0.01,0,184,1,,,,,121,1,61,,,,,A1451:U1451,
1450,1009-2137,0.17,Zhongguo Shi Yan Xue Ye Xue Za Zhi,1.00,0.00,0.00,0,183,46,,46,,,48,,43,,,,,A1452:U1452,
1451,1095-6859,1.81,Gynecol Oncol,0.78,0.43,0.00,2,183,20,15,18,22,30,28,28,22,,,,,A1453:U1453,
1452,1464-3685,2.37,Int J Epidemiol,0.55,0.61,0.91,0,183,21,19,20,20,21,16,34,32,,,,,A1454:U1454,
1453,1527-3296,0.8,Am J Infect Control,0.51,0.26,0.00,0,183,26,13,16,21,23,23,24,37,,,,,A1455:U1455,
1454,1573-904X,0.87,Pharm Res,0.69,0.22,0.75,0,183,24,24,31,21,28,14,22,19,,,,,A1456:U1456,
1455,1759-7390,0.43,Br J Hosp Med (Lond),0.88,1.00,0.00,0,183,30,27,25,24,27,,50,,,,,,A1457:U1457,
1456,1788-6120,0.23,Orv Hetil,0.79,0.00,0.80,0,183,23,22,28,19,25,21,20,25,,,,,A1458:U1458,
1457,2314-6753,1.04,J Diabetes Res,0.97,1.00,0.97,5,183,32,10,28,42,19,18,20,14,,,,,A1459:U1459,
1458,1524-4733,1.63,Value Health,0.47,0.52,0.00,1,182,15,33,24,27,15,26,20,22,,,,,A1460:U1460,
1459,1573-7217,1.34,Breast Cancer Res Treat,0.92,0.48,0.43,3,182,19,30,24,20,11,27,28,23,,,,,A1461:U1461,
1460,1806-4841,0.6,An Bras Dermatol,0.18,1.00,0.00,0,182,40,,33,18,19,31,4,37,,,,,A1462:U1462,
1461,1861-0692,1.37,Clin Res Cardiol,0.12,0.11,0.86,0,182,24,20,31,24,18,26,15,24,,,,,A1463:U1463,
1462,1873-6327,1.55,Addict Behav,0.91,0.45,0.00,0,182,22,20,22,20,25,28,19,26,,,,,A1464:U1464,
1463,1879-2219,0.84,Gait Posture,0.95,0.42,0.00,1,182,17,17,22,30,22,25,31,18,,,,,A1465:U1465,
1464,1879-2472,1.05,Thromb Res,0.71,0.26,0.00,0,182,20,24,20,22,23,38,13,22,,,,,A1466:U1466,
1465,1998-3646,0.42,Indian J Med Microbiol,0.52,0.03,0.00,0,182,18,16,10,23,21,30,36,28,,,,,A1467:U1467,
1466,0306-4565,0.64,J Therm Biol,0.97,0.36,0.00,0,181,28,35,14,17,25,26,21,15,,,,,A1468:U1468,
1467,1399-3038,1.23,Pediatr Allergy Immunol,0.62,0.62,0.94,0,181,16,24,13,21,26,19,33,29,,,,,A1469:U1469,
1468,1433-8491,1.61,Eur Arch Psychiatry Clin Neurosci,0.44,0.22,0.49,0,181,18,11,27,25,21,28,17,34,,,,,A1470:U1470,
1469,1524-4636,2.88,Arterioscler Thromb Vasc Biol,0.69,0.68,0.97,4,181,18,16,19,29,27,24,25,23,,,,,A1471:U1471,
1470,1573-2576,1.52,Inflammation,0.85,0.88,0.14,0,181,54,25,34,17,15,16,19,1,,,,,A1472:U1472,
1471,1753-4887,1.89,Nutr Rev,0.14,0.45,0.99,0,181,24,26,19,17,46,23,12,14,,,,,A1473:U1473,
1472,1758-1133,0.24,Trop Doct,0.23,0.02,0.98,0,181,12,23,26,18,29,19,25,29,,,,,A1474:U1474,
1473,1522-1563,1.82,Am J Physiol Cell Physiol,0.84,1.00,0.95,1,180,20,17,34,21,21,21,23,23,,,,,A1475:U1475,
1474,1724-6032,0.53,J Vasc Access,0.33,0.07,0.99,3,180,18,31,23,12,32,20,24,20,,,,,A1476:U1476,
1475,1932-8494,0.75,Anat Rec (Hoboken),0.03,0.03,0.99,2,180,23,15,24,18,21,20,34,25,,,,,A1477:U1477,
1476,1943-4723,0.77,J Am Dent Assoc,0.26,0.28,0.00,0,180,25,20,21,27,15,26,32,14,,,,,A1478:U1478,
1477,2053-3624,1.1,Open Heart,0.97,1.00,0.99,1,180,23,23,19,31,23,19,28,14,,,,,A1479:U1479,
1478,2190-3948,1.28,Drug Deliv Transl Res,0.26,0.14,0.46,0,180,18,27,19,33,29,17,19,18,,,,,A1480:U1480,
1479,2667-2375,2.52,Cell Rep Methods,0.79,1.00,0.00,0,180,14,16,38,25,24,26,21,16,,,,,A1481:U1481,
1480,2731-4383,0.83,Discov Ment Health,0.00,1.00,0.35,0,180,19,17,26,28,25,36,26,3,,,,,A1482:U1482,
1481,1314-4049,1.02,MycoKeys,0.00,1.00,0.98,0,179,7,23,21,18,20,33,34,23,,,,,A1483:U1483,
1482,1399-3046,0.53,Pediatr Transplant,0.84,0.52,0.97,0,179,20,9,23,12,28,29,23,35,,,,,A1484:U1484,
1483,1464-3391,0.58,Bioorg Med Chem,0.96,0.18,0.00,1,179,24,21,24,29,30,15,12,24,,,,,A1485:U1485,
1484,1552-5732,0.75,J Hum Lact,0.20,0.21,0.99,0,179,3,14,27,38,14,12,34,37,,,,,A1486:U1486,
1485,1672-7347,0.33,Zhong Nan Da Xue Xue Bao Yi Xue Ban,1.00,1.00,0.00,0,179,20,37,,44,,36,22,20,,,,,A1487:U1487,
1486,1744-8301,1.23,Future Oncol,0.75,0.58,0.44,0,179,20,19,23,23,25,30,28,11,,,,,A1488:U1488,
1487,1748-605X,0.62,Biomed Mater,0.91,0.01,0.99,0,179,21,12,26,15,26,29,31,19,,,,,A1489:U1489,
1488,1756-9966,3.73,J Exp Clin Cancer Res,0.77,1.00,0.19,12,179,30,29,23,17,29,22,21,8,,,,,A1490:U1490,
1489,1758-8340,1.42,Ther Adv Med Oncol,0.00,1.00,0.97,1,179,19,23,26,8,24,20,22,37,,,,,A1491:U1491,
1490,1873-2550,0.64,Vet Parasitol,0.98,0.33,0.00,0,179,18,20,19,23,25,23,24,27,,,,,A1492:U1492,
1491,1873-3441,0.85,Eur J Pharm Biopharm,0.94,0.36,0.00,0,179,17,23,22,14,26,38,17,22,,,,,A1493:U1493,
1492,1873-491X,2.56,Int J Nurs Stud,0.71,0.44,0.00,0,179,21,21,18,21,28,22,23,25,,,,,A1494:U1494,
1493,2059-0105,2.28,NPJ Vaccines,0.00,1.00,0.06,1,179,32,23,21,28,33,14,24,4,,,,,A1495:U1495,
1494,2090-6447,0.29,Case Rep Dent,0.00,1.00,1.00,0,179,10,16,16,19,27,29,36,26,,,,,A1496:U1496,
1495,2397-3374,4.9,Nat Hum Behav,0.36,0.18,0.88,2,179,18,23,15,13,36,16,23,35,,,,,A1497:U1497,
1496,1098-8785,0.62,Am J Perinatol,0.29,0.19,0.85,0,178,19,24,27,27,20,19,21,21,,,,,A1498:U1498,
1497,1365-229X,0.62,Clin Radiol,0.83,0.16,0.00,1,178,34,19,26,21,19,25,18,16,,,,,A1499:U1499,
1498,1873-3468,1.18,FEBS Lett,0.52,0.33,0.97,5,178,34,23,15,13,24,23,19,27,,,,,A1500:U1500,
1499,2574-2531,1.29,JAMIA Open,0.00,1.00,0.87,0,178,22,16,16,19,18,41,26,20,,,,,A1501:U1501,
1500,2629-3277,1.22,Stem Cell Rev Rep,0.56,0.21,0.33,0,178,21,21,24,32,16,24,19,21,,,,,A1502:U1502,
1501,0578-1310,0.23,Zhonghua Er Ke Za Zhi,0.74,0.00,0.00,0,177,21,20,21,22,23,23,24,23,,,,,A1503:U1503,
1502,1090-2422,1.01,Exp Cell Res,0.88,0.15,0.00,8,177,20,34,20,28,21,20,15,19,,,,,A1504:U1504,
1503,1460-9592,0.68,Paediatr Anaesth,0.41,0.28,0.95,0,177,24,17,20,28,27,18,18,25,,,,,A1505:U1505,
1504,1477-0970,1.68,Mult Scler,0.40,0.44,0.99,0,177,22,12,23,27,14,16,25,38,,,,,A1506:U1506,
1505,1530-0374,1.03,Menopause,0.29,0.11,0.59,0,177,27,16,21,15,22,34,27,15,,,,,A1507:U1507,
1506,1738-8872,0.74,J Microbiol Biotechnol,0.93,1.00,0.00,0,177,27,23,25,23,18,22,16,23,,,,,A1508:U1508,
1507,1758-5996,1.25,Diabetol Metab Syndr,0.00,1.00,0.17,0,177,31,23,21,21,29,32,17,3,,,,,A1509:U1509,
1508,2666-3287,0.79,JAAD Int,0.00,1.00,0.00,0,177,28,18,16,24,13,32,19,27,,,,,A1510:U1510,
1509,0974-7559,0.43,Indian Pediatr,0.34,0.00,0.73,0,176,29,17,19,30,22,18,30,11,,,,,A1511:U1511,
1510,1348-8945,0.81,Trop Med Health,0.00,0.99,0.29,0,176,20,21,21,17,23,24,24,26,,,,,A1512:U1512,
1511,1435-1463,1.21,J Neural Transm (Vienna),0.27,0.18,0.56,0,176,23,16,16,18,27,25,24,27,,,,,A1513:U1513,
1512,1465-3966,0.71,Psychol Health Med,0.00,0.16,0.60,0,176,13,48,26,18,16,29,19,7,,,,,A1514:U1514,
1513,1751-553X,0.63,Int J Lab Hematol,0.17,0.22,0.94,0,176,7,18,23,25,28,28,22,25,,,,,A1515:U1515,
1514,1872-8324,0.43,Biosystems,0.83,0.25,0.00,0,176,18,24,19,15,22,24,31,23,,,,,A1516:U1516,
1515,1930-739X,1.77,Obesity (Silver Spring),0.72,0.57,0.88,0,176,17,28,21,21,23,21,21,24,,,,,A1517:U1517,
1516,2049-2618,4.17,Microbiome,0.89,1.00,0.11,0,176,23,27,32,22,33,18,16,5,,,,,A1518:U1518,
1517,2096-7071,0.82,China CDC Wkly,0.00,1.00,0.00,0,176,13,,8,36,47,21,30,21,,,,,A1519:U1519,
1518,2352-5789,0.46,Gynecol Oncol Rep,0.00,1.00,0.00,0,176,21,20,13,24,24,32,27,15,,,,,A1520:U1520,
1519,2522-5812,9.6,Nat Metab,0.53,0.32,0.90,0,176,32,21,21,28,18,16,25,15,,,,,A1521:U1521,
1520,2662-2211,1.34,Implement Sci Commun,0.00,1.00,0.62,0,176,17,23,23,23,21,49,17,3,,,,,A1522:U1522,
1521,2666-9102,0.63,JDS Commun,0.00,1.00,0.00,0,176,37,21,34,,24,,18,42,,,,,A1523:U1523,
1522,1002-1892,0.21,Zhongguo Xiu Fu Chong Jian Wai Ke Za Zhi,1.00,1.00,0.00,0,175,20,24,22,23,23,22,21,20,,,,,A1524:U1524,
1523,1462-2920,1.27,Environ Microbiol,0.97,0.57,0.90,0,175,15,17,20,28,27,27,26,15,,,,,A1525:U1525,
1524,1553-5606,0.9,J Hosp Med,0.32,0.33,0.87,0,175,12,33,14,24,19,23,31,19,,,,,A1526:U1526,
1525,1754-6605,0.5,Ecancermedicalscience,0.00,1.00,0.00,0,175,58,6,38,5,14,,52,2,,,,,A1527:U1527,
1526,1759-8486,1.85,J Neurointerv Surg,0.02,0.01,1.00,0,175,24,19,18,27,15,33,26,13,,,,,A1528:U1528,
1527,1878-4119,0.6,J Craniomaxillofac Surg,0.93,0.37,0.00,1,175,15,32,22,24,17,24,15,26,,,,,A1529:U1529,
1528,1942-7522,0.36,Ear Nose Throat J,0.00,1.00,0.99,0,175,17,21,19,25,21,19,27,26,,,,,A1530:U1530,
1529,2405-6316,0.94,Phys Imaging Radiat Oncol,0.00,1.00,0.00,0,175,19,23,23,15,35,19,18,23,,,,,A1531:U1531,
1530,2661-801X,0.7,BMC Chem,0.00,0.93,0.15,0,175,19,28,23,26,30,21,25,3,,,,,A1532:U1532,
1531,1449-1907,0.92,Int J Med Sci,1.00,1.00,0.00,0,174,30,,30,29,45,20,20,,,,,,A1533:U1533,
1532,1525-3252,0.32,Proc (Bayl Univ Med Cent),0.49,0.71,0.93,0,174,,,,,32,66,45,31,,,,,A1534:U1534,
1533,1532-7027,1.21,Health Commun,0.09,0.23,0.90,0,174,19,41,11,20,21,21,22,19,,,,,A1535:U1535,
1534,1545-9616,0.62,J Drugs Dermatol,0.60,0.01,0.00,0,174,22,23,22,19,22,21,24,21,,,,,A1536:U1536,
1535,1715-3360,0.56,Can J Ophthalmol,0.36,0.35,0.00,0,174,27,23,17,18,28,20,24,17,,,,,A1537:U1537,
1536,1758-5368,1.5,J Gerontol B Psychol Sci Soc Sci,0.74,0.53,0.80,0,174,15,17,25,24,22,24,26,21,,,,,A1538:U1538,
1537,1874-9356,0.68,Folia Microbiol (Praha),0.05,0.02,0.48,0,174,17,15,26,25,31,19,28,13,,,,,A1539:U1539,
1538,2045-8827,1.08,Microbiologyopen,0.93,1.00,0.83,1,174,14,33,21,22,17,38,13,16,,,,,A1540:U1540,
1539,2050-4527,0.85,Immun Inflamm Dis,0.98,1.00,0.95,2,174,14,45,27,37,16,15,13,7,,,,,A1541:U1541,
1540,1097-0193,1.5,Hum Brain Mapp,0.98,0.93,0.86,0,173,13,27,33,21,9,24,29,17,,,,,A1542:U1542,
1541,1097-0223,1.02,Prenat Diagn,0.57,0.46,0.89,0,173,23,21,28,25,27,19,17,13,,,,,A1543:U1543,
1542,1365-2516,0.96,Haemophilia,0.35,0.34,0.32,0,173,17,8,30,35,23,16,23,21,,,,,A1544:U1544,
1543,1559-2030,0.97,Contemp Clin Trials,0.81,0.64,0.00,0,173,28,16,16,30,18,18,22,25,,,,,A1545:U1545,
1544,1873-2402,3.61,Biol Psychiatry,0.21,0.42,0.00,3,173,14,19,25,18,25,23,29,20,,,,,A1546:U1546,
1545,2405-6308,1.25,Clin Transl Radiat Oncol,0.00,1.00,0.00,0,173,19,22,16,26,12,31,16,31,,,,,A1547:U1547,
1546,2452-1094,0.87,Adv Radiat Oncol,0.00,1.00,0.00,0,173,29,25,21,5,17,22,29,25,,,,,A1548:U1548,
1547,1314-2011,0.55,PhytoKeys,0.00,1.00,1.00,0,172,20,23,16,26,27,29,16,15,,,,,A1549:U1549,
1548,1532-9283,0.41,J Bodyw Mov Ther,0.97,0.19,0.00,0,172,,,,87,,85,,,,,,,A1550:U1550,
1549,2191-1363,0.55,ChemistryOpen,0.45,1.00,0.99,0,172,14,16,25,33,26,11,22,25,,,,,A1551:U1551,
1550,2214-031X,1.94,J Orthop Translat,0.00,1.00,0.00,1,172,11,4,52,15,35,17,22,16,,,,,A1552:U1552,
1551,3117-387X,,Mol Ther Adv,0.00,1.00,0.00,0,172,,,,,90,17,39,26,,,,,A1553:U1553,
1552,1547-5646,1.51,J Neurosurg Spine,0.65,0.02,0.00,0,171,34,13,20,19,23,17,23,22,,,,,A1554:U1554,
1553,1559-8284,0.61,Am J Lifestyle Med,0.00,0.29,0.87,0,171,23,24,28,14,10,31,21,20,,,,,A1555:U1555,
1554,1879-0097,1.56,Dent Mater,0.56,0.45,0.00,0,171,12,24,25,17,32,19,23,19,,,,,A1556:U1556,
1555,2054-4251,1.37,Glob Ment Health (Camb),0.00,1.00,0.99,0,171,15,15,17,32,20,28,24,20,,,,,A1557:U1557,
1556,2471-254X,2.42,Hepatol Commun,0.82,1.00,0.64,0,171,35,17,8,30,16,19,23,23,,,,,A1558:U1558,
1557,1423-0410,0.59,Vox Sang,0.59,0.42,0.93,0,170,8,45,33,12,18,19,12,23,,,,,A1559:U1559,
1558,1435-5922,1.86,J Gastroenterol,0.38,0.17,0.84,0,170,11,27,20,31,25,21,17,18,,,,,A1560:U1560,
1559,1476-511X,1.45,Lipids Health Dis,0.88,1.00,0.16,2,170,30,33,27,26,20,23,9,2,,,,,A1561:U1561,
1560,1558-9110,0.85,Am J Speech Lang Pathol,0.57,0.19,0.99,0,170,13,22,24,19,26,19,21,26,,,,,A1562:U1562,
1561,1815-672X,0.25,JNMA J Nepal Med Assoc,0.98,1.00,0.00,0,170,,,170,,,,,,,,,,A1563:U1563,
1562,1873-3360,1.33,Psychoneuroendocrinology,0.91,0.59,0.00,1,170,26,25,16,22,21,26,25,9,,,,,A1564:U1564,
1563,1932-7420,15.98,Cell Metab,0.75,0.33,0.00,0,170,23,23,22,21,15,23,22,21,,,,,A1565:U1565,
1564,1943-3654,0.64,Respir Care,0.30,0.10,0.69,0,170,1,30,31,19,24,27,19,19,,,,,A1566:U1566,
1565,2059-8661,0.97,J Clin Transl Sci,0.00,1.00,0.96,0,170,38,23,18,29,8,16,24,14,,,,,A1567:U1567,
1566,2229-5178,0.4,Indian Dermatol Online J,0.00,1.00,0.99,0,170,5,39,19,14,18,49,2,24,,,,,A1568:U1568,
1567,2509-8020,0.92,J Patient Rep Outcomes,0.86,1.00,0.59,0,170,18,19,20,26,22,36,24,5,,,,,A1569:U1569,
1568,0972-9941,0.34,J Minim Access Surg,0.00,1.00,0.00,0,169,2,24,29,45,6,26,1,36,,,,,A1570:U1570,
1569,1432-1106,0.67,Exp Brain Res,0.99,0.46,0.45,1,169,17,18,25,22,23,21,22,21,,,,,A1571:U1571,
1570,1465-3621,0.65,Jpn J Clin Oncol,0.51,0.35,0.96,0,169,25,16,35,19,14,16,22,22,,,,,A1572:U1572,
1571,1471-2865,0.56,Physiother Res Int,0.92,0.52,0.99,0,169,8,12,24,19,16,29,30,31,,,,,A1573:U1573,
1572,1526-2359,0.91,Cancer Control,0.95,1.00,0.96,1,169,20,12,31,17,23,20,24,22,,,,,A1574:U1574,
1573,1528-3968,1.04,Nurs Outlook,0.51,0.39,0.00,0,169,12,28,24,31,14,24,15,21,,,,,A1575:U1575,
1574,1543-0154,0.63,J Cancer Educ,0.01,0.07,0.90,0,169,18,14,20,24,27,22,25,19,,,,,A1576:U1576,
1575,1559-0283,0.71,Cell Biochem Biophys,0.41,0.05,0.34,2,169,25,28,25,25,3,19,8,36,,,,,A1577:U1577,
1576,1880-4276,0.53,J Arrhythm,0.00,1.00,0.91,0,169,17,25,11,22,15,35,29,15,,,,,A1578:U1578,
1577,1938-3800,0.57,Fam Med,0.29,1.00,0.00,0,169,,,41,,39,60,6,23,,,,,A1579:U1579,
1578,2380-2359,0.26,Mitochondrial DNA B Resour,0.00,1.00,0.44,0,169,32,26,23,20,19,21,11,17,,,,,A1580:U1580,
1579,2572-9241,2.0,Hemasphere,0.00,1.00,0.97,0,169,19,19,8,37,8,36,21,21,,,,,A1581:U1581,
1580,2634-3916,1.54,Eur Heart J Digit Health,0.00,1.00,0.95,1,169,17,41,26,5,24,12,26,18,,,,,A1582:U1582,
1581,0019-5049,0.5,Indian J Anaesth,0.00,1.00,0.99,0,168,,35,56,,21,20,36,,,,,,A1583:U1583,
1582,0920-9069,0.53,Cytotechnology,0.00,0.08,0.17,0,168,14,14,28,19,33,17,22,21,,,,,A1584:U1584,
1583,1475-2727,1.03,Public Health Nutr,0.80,0.86,0.99,0,168,17,30,21,22,15,21,31,11,,,,,A1585:U1585,
1584,1479-683X,2.02,Eur J Endocrinol,0.83,0.58,0.98,0,168,23,21,15,19,19,19,21,31,,,,,A1586:U1586,
1585,1523-1739,2.0,Conserv Biol,0.44,0.31,0.99,0,168,21,17,29,28,25,14,16,18,,,,,A1587:U1587,
1586,1527-3350,7.06,Hepatology,0.04,0.10,0.70,6,168,27,29,28,22,16,21,13,12,,,,,A1588:U1588,
1587,1532-0456,1.11,Comp Biochem Physiol C Toxicol Pharmacol,0.90,0.15,0.00,0,168,17,12,24,23,24,11,32,25,,,,,A1589:U1589,
1588,1532-2742,2.18,J Infect,0.61,0.99,0.00,2,168,24,20,26,13,21,24,20,20,,,,,A1590:U1590,
1589,1674-9782,1.74,J Anim Sci Biotechnol,0.00,1.00,0.21,0,168,17,16,20,25,28,28,19,15,,,,,A1591:U1591,
1590,1748-3395,13.06,Nat Nanotechnol,0.19,0.15,0.88,0,168,19,16,14,18,13,28,36,24,,,,,A1592:U1592,
1591,1757-7861,0.79,Orthop Surg,0.89,1.00,0.89,0,168,19,11,31,26,18,18,25,20,,,,,A1593:U1593,
1592,1873-4294,0.52,Curr Top Med Chem,0.04,0.00,0.60,W2,168,34,13,26,13,36,25,15,6,,,,,A1594:U1594,https://pubmed.ncbi.nlm.nih.gov/?term=41114483+40698682
1593,1876-035X,1.15,J Infect Public Health,0.89,1.00,0.00,0,168,21,31,16,12,33,14,24,17,,,,,A1595:U1595,
1594,2056-3418,1.39,Regen Biomater,0.00,1.00,0.64,2,168,3,15,19,28,33,34,26,10,,,,,A1596:U1596,
1595,2150-1327,0.92,J Prim Care Community Health,0.96,1.00,0.98,0,168,9,22,29,27,15,21,23,22,,,,,A1597:U1597,
1596,2379-5042,1.21,mSphere,0.85,1.00,1.00,0,168,12,15,19,26,12,31,27,26,,,,,A1598:U1598,
1597,2414-469X,0.71,J Spine Surg,0.00,1.00,0.68,0,168,41,14,11,15,25,22,20,20,,,,,A1599:U1599,
1598,2631-4797,,Aesthet Surg J Open Forum,0.00,1.00,0.71,0,168,8,13,28,25,13,26,37,18,,,,,A1600:U1600,
1599,2673-3080,1.33,Front Toxicol,0.00,1.00,0.00,0,168,16,16,21,31,19,25,21,19,,,,,A1601:U1601,
1600,1360-0451,0.6,AIDS Care,0.28,0.35,0.35,0,167,37,22,26,13,18,22,6,23,,,,,A1602:U1602,
1601,1474-1784,32.58,Nat Rev Drug Discov,0.11,0.02,0.17,0,167,20,21,23,20,21,26,16,20,,,,,A1603:U1603,
1602,1617-4623,0.59,Mol Genet Genomics,0.98,0.11,0.84,1,167,19,10,41,19,24,25,11,18,,,,,A1604:U1604,
1603,1879-2561,2.88,Biochim Biophys Acta Rev Cancer,0.78,0.29,0.00,0,167,20,20,14,20,24,19,23,27,,,,,A1605:U1605,
1604,2662-8465,9.5,Nat Aging,0.49,0.35,0.78,0,167,22,19,21,12,17,22,28,26,,,,,A1606:U1606,
1605,2667-2421,0.86,IBRO Neurosci Rep,0.00,1.00,0.00,1,167,35,23,13,14,11,19,21,31,,,,,A1607:U1607,
1606,0317-1671,0.71,Can J Neurol Sci,0.00,0.00,0.98,0,166,29,22,29,25,15,15,24,7,,,,,A1608:U1608,
1607,1365-2869,1.53,J Sleep Res,0.37,0.39,0.89,0,166,13,33,16,10,19,33,23,19,,,,,A1609:U1609,
1608,1464-3405,0.43,Bioorg Med Chem Lett,0.96,0.15,0.00,1,166,28,27,25,24,19,14,19,10,,,,,A1610:U1610,
1609,1538-7755,1.43,Cancer Epidemiol Biomarkers Prev,0.82,0.40,0.99,2,166,17,13,22,26,31,28,15,14,,,,,A1611:U1611,
1610,1720-8319,1.24,Aging Clin Exp Res,0.80,0.86,0.37,0,166,33,26,21,33,12,24,16,1,,,,,A1612:U1612,
1611,1744-5078,0.72,Ocul Immunol Inflamm,0.73,0.10,0.39,0,166,22,22,24,26,20,17,25,10,,,,,A1613:U1613,
1612,1934-6069,9.89,Cell Host Microbe,0.92,0.30,0.00,0,166,19,17,21,15,25,22,26,21,,,,,A1614:U1614,
1613,2050-313X,0.23,SAGE Open Med Case Rep,0.00,1.00,1.00,0,166,31,14,12,20,27,18,29,15,,,,,A1615:U1615,
1614,2239-253X,0.22,Ann Ital Chir,0.90,0.00,0.00,0,166,20,20,22,20,20,21,21,22,,,,,A1616:U1616,
1615,1347-5215,0.52,Biol Pharm Bull,0.96,1.00,0.05,1,165,27,22,26,19,16,17,21,17,,,,,A1617:U1617,
1616,1433-9285,1.58,Soc Psychiatry Psychiatr Epidemiol,0.21,0.19,0.56,0,165,21,22,16,18,17,25,20,26,,,,,A1618:U1618,
1617,1472-0213,0.78,Emerg Med J,0.25,0.21,1.00,1,165,26,26,18,21,17,17,26,14,,,,,A1619:U1619,
1618,1475-2859,1.18,Microb Cell Fact,0.88,1.00,0.22,0,165,26,30,27,19,26,12,19,6,,,,,A1620:U1620,
1619,1522-7278,0.87,Environ Toxicol,0.19,0.21,0.95,12,165,24,20,21,28,15,12,25,20,,,,,A1621:U1621,
1620,1532-3102,0.94,Placenta,0.76,0.52,0.00,1,165,17,20,12,32,36,18,20,10,,,,,A1622:U1622,
1621,1748-5460,0.42,J Laryngol Otol,0.42,0.10,0.61,0,165,22,14,14,14,11,27,49,14,,,,,A1623:U1623,
1622,1751-732X,1.07,Animal,0.87,1.00,0.00,2,165,20,20,18,24,24,27,21,11,,,,,A1624:U1624,
1623,1939-9170,1.77,Ecology,0.78,0.53,0.93,0,165,20,25,27,23,35,13,19,3,,,,,A1625:U1625,
1624,1941-837X,0.84,J Med Econ,0.85,1.00,0.59,1,165,18,25,30,29,12,23,16,12,,,,,A1626:U1626,
1625,1943-4936,0.45,J Vet Diagn Invest,0.41,0.38,0.99,0,165,45,16,28,16,14,13,22,11,,,,,A1627:U1627,
1626,1098-108X,1.54,Int J Eat Disord,0.65,0.49,1.00,0,164,20,22,25,25,16,22,20,14,,,,,A1628:U1628,
1627,1098-5530,1.4,J Bacteriol,0.84,0.85,1.00,0,164,13,27,17,19,13,15,34,26,,,,,A1629:U1629,
1628,1535-4989,1.86,Am J Respir Cell Mol Biol,0.24,0.68,0.38,2,164,,29,,5,72,19,18,21,,,,,A1630:U1630,
1629,1615-9314,0.55,J Sep Sci,0.75,0.39,0.13,0,164,15,21,19,23,30,18,20,18,,,,,A1631:U1631,
1630,1744-988X,0.71,J Res Nurs,0.00,0.41,0.99,0,164,12,13,20,31,19,28,16,25,,,,,A1632:U1632,
1631,1878-3554,1.35,J Endod,0.50,0.32,0.00,0,164,26,18,18,13,19,11,21,38,,,,,A1633:U1633,
1632,1972-6007,0.34,Clin Ter,0.99,1.00,0.00,0,164,25,,26,35,,39,,39,,,,,A1634:U1634,
1633,2146-8427,0.25,Exp Clin Transplant,0.96,1.00,0.00,0,164,13,12,13,12,9,,10,95,,,,,A1635:U1635,
1634,2666-6022,0.75,Am Heart J Plus,0.00,1.00,0.00,0,164,16,32,17,26,13,13,25,22,,,,,A1636:U1636,
1635,2767-9764,1.77,Cancer Res Commun,0.90,1.00,0.99,0,164,15,26,17,23,21,26,13,23,,,,,A1637:U1637,
1636,1096-0805,0.54,J Invertebr Pathol,0.94,0.28,0.00,2,163,20,20,23,26,20,21,14,19,,,,,A1638:U1638,
1637,1432-2072,1.15,Psychopharmacology (Berl),0.02,0.10,0.37,4,163,16,21,21,23,25,18,21,18,,,,,A1639:U1639,
1638,1521-009X,1.05,Drug Metab Dispos,0.86,0.36,0.00,0,163,19,10,23,22,24,25,22,18,,,,,A1640:U1640,
1639,1545-1550,0.76,J Endovasc Ther,0.01,0.22,1.00,0,163,24,16,20,22,10,21,19,31,,,,,A1641:U1641,
1640,1741-0444,0.67,Med Biol Eng Comput,0.68,0.21,0.83,0,163,13,22,29,19,16,16,23,25,,,,,A1642:U1642,
1641,1878-7479,2.38,Neurotherapeutics,0.47,1.00,0.00,1,163,14,22,19,18,19,20,23,28,,,,,A1643:U1643,
1642,2213-6711,2.04,Stem Cell Reports,0.82,1.00,0.00,0,163,17,22,24,12,14,31,24,19,,,,,A1644:U1644,
1643,2397-5776,0.64,Trauma Surg Acute Care Open,0.00,1.00,1.00,0,163,10,16,15,17,17,27,45,16,,,,,A1645:U1645,
1644,2731-3395,1.24,Commun Eng,0.00,1.00,0.92,0,163,17,26,28,23,23,21,22,3,,,,,A1646:U1646,
1645,2731-7072,0.18,Urologie,0.34,0.04,0.02,0,163,20,19,28,17,14,28,24,13,,,,,A1647:U1647,
1646,2769-2450,0.57,Public Health Chall,0.00,1.00,0.93,0,163,6,11,6,46,17,30,16,31,,,,,A1648:U1648,
1647,1532-8635,0.61,Pain Manag Nurs,0.31,0.27,0.00,0,162,15,15,13,20,26,28,33,12,,,,,A1649:U1649,
1648,1538-9774,0.53,Comput Inform Nurs,0.25,0.02,0.86,0,162,28,26,19,15,15,30,20,9,,,,,A1650:U1650,
1649,1556-9519,1.04,Clin Toxicol (Phila),0.43,0.30,0.53,0,162,16,29,20,12,14,32,20,19,,,,,A1651:U1651,
1650,1743-498X,0.45,Clin Teach,0.62,0.49,0.94,0,162,15,21,27,32,11,22,20,14,,,,,A1652:U1652,
1651,1865-7265,0.3,Clin J Gastroenterol,0.60,0.19,0.91,0,162,13,15,20,28,25,18,23,20,,,,,A1653:U1653,
1652,1866-0452,0.69,Dtsch Arztebl Int,0.24,1.00,0.00,0,162,15,11,34,17,17,28,29,11,,,,,A1654:U1654,
1653,1872-8421,0.94,J Neuroimmunol,0.71,0.26,0.00,1,162,16,13,16,21,29,20,25,22,,,,,A1655:U1655,
1654,1879-1506,0.64,Arch Oral Biol,0.77,0.35,0.00,3,162,23,16,14,17,22,22,20,28,,,,,A1656:U1656,
1655,2057-4347,0.65,Clin Exp Dent Res,0.99,1.00,0.96,0,162,20,25,19,26,13,15,22,22,,,,,A1657:U1657,
1656,2771-1897,0.53,Urogynecology (Phila),0.52,0.06,0.60,0,162,16,20,26,18,37,25,13,7,,,,,A1658:U1658,
1657,1098-2825,0.85,J Clin Lab Anal,0.70,1.00,0.86,11,161,13,13,21,30,19,23,23,19,,,,,A1659:U1659,
1658,1521-0103,0.92,J Pharmacol Exp Ther,0.76,0.35,0.00,1,161,29,17,15,13,35,19,23,10,,,,,A1660:U1660,
1659,1527-1323,1.82,Radiographics,0.58,0.00,0.98,0,161,26,17,18,16,18,22,22,22,,,,,A1661:U1661,
1660,1532-866X,1.45,Semin Arthritis Rheum,0.64,0.50,0.00,0,161,34,16,18,17,12,32,14,18,,,,,A1662:U1662,
1661,1542-2224,0.69,J Foot Ankle Surg,0.30,0.14,0.00,1,161,17,18,14,18,19,25,23,27,,,,,A1663:U1663,
1662,1553-2712,1.17,Acad Emerg Med,0.53,0.48,0.80,0,161,19,19,26,25,27,18,15,12,,,,,A1664:U1664,
1663,1678-4227,0.58,Arq Neuropsiquiatr,0.71,1.00,1.00,0,161,11,20,26,14,16,15,24,35,,,,,A1665:U1665,
1664,1742-4755,1.1,Reprod Health,0.85,1.00,0.37,0,161,25,22,24,25,31,20,13,1,,,,,A1666:U1666,
1665,1868-7083,1.79,Clin Epigenetics,0.83,1.00,0.16,1,161,18,20,18,32,39,15,19,,,,,,A1667:U1667,
1666,1877-1300,0.43,Curr Pharm Teach Learn,0.65,0.33,0.00,1,161,16,17,13,23,20,20,25,27,,,,,A1668:U1668,
1667,1878-0938,0.68,Cardiovasc Revasc Med,0.08,0.07,0.00,1,161,26,12,18,22,17,21,21,24,,,,,A1669:U1669,
1668,1879-114X,1.04,Clin Ther,0.48,0.32,0.00,1,161,10,14,19,19,36,25,18,20,,,,,A1670:U1670,
1669,2589-790X,0.61,CJC Open,0.00,1.00,0.00,0,161,16,16,33,17,16,18,19,26,,,,,A1671:U1671,
1670,2666-3546,1.17,Brain Behav Immun Health,0.00,1.00,0.00,0,161,19,23,15,23,15,29,18,19,,,,,A1672:U1672,
1671,2772-9931,0.28,Ann Thorac Surg Short Rep,0.00,1.00,0.00,0,161,,,,77,,84,,,,,,,A1673:U1673,
1672,1365-2559,1.67,Histopathology,0.43,0.23,0.97,0,160,16,18,18,16,20,29,15,28,,,,,A1674:U1674,
1673,1527-2966,0.6,J Emerg Nurs,0.41,0.14,0.00,0,160,31,9,19,3,26,13,27,32,,,,,A1675:U1675,
1674,1742-3406,0.24,Radiat Prot Dosimetry,0.68,0.26,0.89,2,160,6,22,49,12,10,29,15,17,,,,,A1676:U1676,
1675,1773-0597,0.3,J Fr Ophtalmol,0.34,0.11,0.00,0,160,25,21,28,35,13,23,10,5,,,,,A1677:U1677,
1676,1877-0568,1.27,Orthop Traumatol Surg Res,0.17,0.40,0.00,0,160,13,13,25,17,12,11,33,36,,,,,A1678:U1678,
1677,1878-7541,0.53,Explore (NY),0.41,0.13,0.00,1,160,17,14,48,15,22,17,19,8,,,,,A1679:U1679,
1678,1879-1972,1.53,J Adolesc Health,0.64,0.42,0.00,1,160,10,24,30,11,19,18,30,18,,,,,A1680:U1680,
1679,2575-9108,0.94,ACS Pharmacol Transl Sci,0.00,0.81,0.99,0,160,19,17,21,16,15,25,23,24,,,,,A1681:U1681,
1680,2665-9867,,J Obstet Gynaecol Can,0.46,0.49,0.00,1,160,10,26,15,23,11,25,35,15,,,,,A1682:U1682,
1681,1468-9618,0.18,Evid Based Nurs,0.00,0.00,0.76,0,159,15,14,13,14,13,40,28,22,,,,,A1683:U1683,
1682,1540-0514,0.83,Shock,0.56,0.22,0.04,0,159,13,28,30,28,6,25,12,17,,,,,A1684:U1684,
1683,1600-0838,1.53,Scand J Med Sci Sports,0.89,0.69,0.91,2,159,18,24,31,19,15,17,25,10,,,,,A1685:U1685,
1684,1784-973X,,Acta Cardiol,0.36,0.08,0.63,0,159,22,20,14,11,24,20,23,25,,,,,A1686:U1686,
1685,1879-0089,0.55,Dev Comp Immunol,0.89,0.16,0.00,1,159,11,17,15,18,24,25,27,22,,,,,A1687:U1687,
1686,1879-3320,0.8,Surg Oncol,0.74,0.23,0.00,1,159,9,24,13,26,17,29,21,20,,,,,A1688:U1688,
1687,1938-2421,,J Nurs Educ,0.52,0.21,0.00,0,159,18,27,47,10,18,19,11,9,,,,,A1689:U1689,
1688,2042-6984,1.43,Int Forum Allergy Rhinol,0.31,0.26,0.96,0,159,19,13,25,22,13,16,17,34,,,,,A1690:U1690,
1689,2043-6289,0.83,J Hand Surg Eur Vol,0.40,0.16,0.86,0,159,12,31,24,18,18,14,26,16,,,,,A1691:U1691,
1690,2382-1205,,J Med Educ Curric Dev,0.00,1.00,0.99,0,159,13,19,23,22,26,14,19,23,,,,,A1692:U1692,
1691,1095-9254,1.29,J Adolesc,0.68,0.34,0.99,1,158,16,12,22,18,20,24,26,20,,,,,A1693:U1693,
1692,1365-2591,2.54,Int Endod J,0.42,0.28,0.96,0,158,15,20,23,16,14,28,22,20,,,,,A1694:U1694,
1693,1432-1262,0.85,Int J Colorectal Dis,0.77,0.87,0.41,0,158,51,21,11,10,24,24,15,2,,,,,A1695:U1695,
1694,1528-3658,2.07,Mol Med,0.68,1.00,0.23,3,158,9,18,21,19,34,25,31,1,,,,,A1696:U1696,
1695,1532-2149,1.33,Eur J Pain,0.88,0.76,0.90,0,158,25,12,22,19,19,15,21,25,,,,,A1697:U1697,
1696,1873-3344,0.57,J Inorg Biochem,0.89,0.34,0.00,0,158,32,23,29,9,18,18,17,12,,,,,A1698:U1698,
1697,1873-4847,1.33,J Nutr Biochem,0.82,0.26,0.00,0,158,26,26,19,24,23,17,14,9,,,,,A1699:U1699,
1698,1958-5381,0.17,Med Sci (Paris),0.36,0.01,0.78,0,158,46,21,21,22,26,,22,,,,,,A1700:U1700,
1699,2035-8385,0.86,Neurol Int,0.00,1.00,0.99,0,158,20,19,23,12,25,22,19,18,,,,,A1701:U1701,
1700,2044-5385,4.31,Blood Cancer J,0.30,1.00,0.99,0,158,12,3,27,27,20,25,31,13,,,,,A1702:U1702,
1701,2050-7895,1.41,Environ Sci Process Impacts,0.89,0.08,0.97,0,158,24,16,24,20,24,20,22,8,,,,,A1703:U1703,
1702,2451-9936,0.44,Am J Ophthalmol Case Rep,0.00,1.00,0.00,0,158,26,28,23,17,19,18,11,16,,,,,A1704:U1704,
1703,2636-0780,0.87,Food Sci Anim Resour,0.00,1.00,0.56,1,158,,,104,21,5,10,13,5,,,,,A1705:U1705,
1704,2666-5352,0.68,Public Health Pract (Oxf),0.00,1.00,0.00,0,158,35,30,16,17,18,23,6,13,,,,,A1706:U1706,
1705,1099-1492,0.82,NMR Biomed,0.98,0.64,0.95,0,157,9,18,27,21,23,25,20,14,,,,,A1707:U1707,
1706,1499-2752,1.03,J Rheumatol,0.38,0.29,0.90,0,157,9,24,18,21,19,17,32,17,,,,,A1708:U1708,
1707,1523-6838,3.1,Am J Kidney Dis,0.41,0.32,0.00,1,157,8,15,25,23,22,23,27,14,,,,,A1709:U1709,
1708,1969-6213,3.05,EuroIntervention,0.41,0.89,0.00,0,157,34,18,16,14,38,11,12,14,,,,,A1710:U1710,
1709,2039-7275,,Clin Pract,0.00,1.00,0.97,0,157,22,22,19,18,16,20,18,22,,,,,A1711:U1711,
1710,2398-9238,0.99,Endocrinol Diabetes Metab,0.89,1.00,0.92,0,157,12,14,24,22,18,12,31,24,,,,,A1712:U1712,
1711,2523-1995,,AME Case Rep,0.00,1.00,0.62,0,157,,50,,29,,45,,33,,,,,A1713:U1713,
1712,2688-6146,,EJHaem,0.00,1.00,0.30,0,157,16,20,14,17,15,25,31,19,,,,,A1714:U1714,
1713,2832-3637,1.35,Chem Biomed Imaging,0.00,1.00,1.00,0,157,10,10,18,,20,47,24,28,,,,,A1715:U1715,
1714,0022-1155,0.73,J Food Sci Technol,0.00,0.15,0.77,0,156,,34,34,,35,17,17,19,,,,,A1716:U1716,
1715,0485-1439,,Rinsho Ketsueki,0.74,0.00,0.00,0,156,11,13,26,,16,16,22,52,,,,,A1717:U1717,
1716,1365-2761,0.56,J Fish Dis,0.57,0.28,0.95,0,156,20,18,19,20,20,14,30,15,,,,,A1718:U1718,
1717,1432-1335,0.95,J Cancer Res Clin Oncol,0.81,0.94,0.28,3,156,22,7,24,23,34,23,16,7,,,,,A1719:U1719,
1718,1437-7780,0.5,J Infect Chemother,0.94,0.14,0.00,0,156,15,20,20,24,25,16,20,16,,,,,A1720:U1720,
1719,1522-9602,0.73,Bull Math Biol,0.97,0.56,0.92,0,156,21,13,24,12,16,32,15,23,,,,,A1721:U1721,
1720,1527-974X,1.87,J Am Med Inform Assoc,0.58,0.54,0.88,1,156,15,25,16,20,20,37,14,9,,,,,A1722:U1722,
1721,1556-1380,7.5,J Thorac Oncol,0.35,0.30,0.00,0,156,21,23,13,25,13,20,26,15,,,,,A1723:U1723,
1722,1559-131X,0.96,Med Oncol,0.86,0.20,0.40,6,156,20,33,19,6,5,17,28,28,,,,,A1724:U1724,
1723,1573-742X,0.65,J Thromb Thrombolysis,0.29,0.17,0.38,0,156,10,10,19,19,40,14,31,13,,,,,A1725:U1725,
1724,1658-3175,0.42,Saudi Med J,0.91,1.00,0.83,0,156,,17,,,,107,17,15,,,,,A1726:U1726,
1725,1760-4788,1.2,J Nutr Health Aging,0.60,1.00,0.00,2,156,27,12,13,23,18,20,16,27,,,,,A1727:U1727,
1726,1938-0682,1.05,Clin Genitourin Cancer,0.65,0.29,0.00,2,156,21,14,17,20,23,16,23,22,,,,,A1728:U1728,
1727,2213-3348,0.81,J Vasc Surg Venous Lymphat Disord,0.44,0.97,0.00,1,156,16,6,19,16,31,35,13,20,,,,,A1729:U1729,
1728,2380-0194,0.7,Clin Spine Surg,0.19,0.00,0.62,0,156,25,12,13,7,30,7,26,36,,,,,A1730:U1730,
1729,2588-9311,3.01,Eur Urol Oncol,0.30,0.39,0.00,0,156,21,26,13,20,19,24,13,20,,,,,A1731:U1731,
1730,0972-8279,0.33,J Maxillofac Oral Surg,0.00,0.08,0.83,0,155,,41,,40,39,,35,,,,,,A1732:U1732,
1731,1096-0295,1.12,Regul Toxicol Pharmacol,0.74,0.40,0.00,1,155,15,19,11,15,25,21,27,22,,,,,A1733:U1733,
1732,1432-5233,1.01,Acta Diabetol,0.51,0.21,0.97,0,155,16,23,10,11,22,23,23,27,,,,,A1734:U1734,
1733,1440-0960,0.65,Australas J Dermatol,0.32,0.21,0.90,0,155,19,19,20,12,31,20,16,18,,,,,A1735:U1735,
1734,1550-9397,1.03,J Clin Sleep Med,0.54,0.45,0.89,0,155,,37,5,27,17,10,30,29,,,,,A1736:U1736,
1735,1558-9455,0.76,Hand (N Y),0.05,0.14,1.00,0,155,20,34,16,22,12,11,9,31,,,,,A1737:U1737,
1736,1662-6575,0.3,Case Rep Oncol,0.00,1.00,0.00,2,155,24,8,19,9,9,29,27,30,,,,,A1738:U1738,
1737,1873-4162,0.48,Leg Med (Tokyo),0.87,0.37,0.00,1,155,18,15,15,15,14,18,34,26,,,,,A1739:U1739,
1738,1876-4754,2.61,Brain Stimul,0.39,1.00,0.00,0,155,21,18,22,21,18,19,16,20,,,,,A1740:U1740,
1739,1878-7533,1.14,Surg Obes Relat Dis,0.46,0.21,0.00,0,155,7,14,21,19,26,30,18,20,,,,,A1741:U1741,
1740,1939-327X,2.61,Diabetes,0.64,0.50,0.90,2,155,15,16,20,15,27,22,23,17,,,,,A1742:U1742,
1741,2039-4713,1.0,J Xenobiot,0.00,1.00,0.97,0,155,14,24,17,15,22,26,14,23,,,,,A1743:U1743,
1742,2213-2619,7.65,Lancet Respir Med,0.26,0.13,0.00,1,155,20,17,28,15,25,21,17,12,,,,,A1744:U1744,
1743,2391-5463,0.53,Open Med (Wars),0.00,1.00,1.00,0,155,,27,25,13,20,30,24,16,,,,,A1745:U1745,
1744,2688-1152,0.64,J Am Coll Emerg Physicians Open,0.00,1.00,0.00,0,155,25,14,18,17,12,24,23,22,,,,,A1746:U1746,
1745,2833-8278,2.22,Environ Health (Wash),0.00,1.00,1.00,0,155,15,15,17,19,20,22,23,24,,,,,A1747:U1747,
1746,0253-9624,0.22,Zhonghua Yu Fang Yi Xue Za Zhi,0.96,0.00,0.00,0,154,17,,21,25,24,28,20,19,,,,,A1748:U1748,
1747,1432-184X,1.12,Microb Ecol,0.84,0.82,0.44,1,154,19,14,35,27,14,23,21,1,,,,,A1749:U1749,
1748,1443-1661,1.38,Dig Endosc,0.46,0.56,0.87,0,154,15,22,9,11,23,24,29,21,,,,,A1750:U1750,
1749,1475-1313,1.12,Ophthalmic Physiol Opt,0.85,0.48,0.47,0,154,,,38,26,17,32,19,22,,,,,A1751:U1751,
1750,1533-0338,0.67,Technol Cancer Res Treat,0.89,1.00,0.92,14,154,15,22,24,21,22,15,27,8,,,,,A1752:U1752,
1751,1535-1815,0.51,Pediatr Emerg Care,0.56,0.06,0.62,0,154,20,26,7,28,10,20,24,19,,,,,A1753:U1753,
1752,1875-5402,0.4,Comb Chem High Throughput Screen,0.03,0.00,0.34,0,154,24,2,13,20,22,31,26,16,,,,,A1754:U1754,
1753,2056-7189,1.31,NPJ Syst Biol Appl,0.76,1.00,0.06,0,154,19,16,24,28,26,25,14,2,,,,,A1755:U1755,
1754,2215-0374,8.07,Lancet Psychiatry,0.30,0.23,0.00,0,154,14,15,22,14,20,27,18,24,,,,,A1756:U1756,
1755,2433-3298,,JMA J,0.00,1.00,0.00,0,154,,68,,20,,18,,48,,,,,A1757:U1757,
1756,2662-8651,2.99,Mol Biomed,0.96,1.00,0.75,0,154,9,8,24,20,19,23,18,33,,,,,A1758:U1758,
1757,1098-5522,1.17,Infect Immun,0.85,0.89,1.00,1,153,16,22,19,21,10,28,21,16,,,,,A1759:U1759,
1758,1432-2277,1.2,Transpl Int,0.66,1.00,0.00,1,153,21,12,19,11,22,22,28,18,,,,,A1760:U1760,
1759,1440-1665,0.53,Australas Psychiatry,0.12,0.33,0.86,0,153,4,17,15,20,13,41,29,14,,,,,A1761:U1761,
1760,1532-8600,4.33,Metabolism,0.65,0.33,0.00,1,153,14,19,15,11,21,21,26,26,,,,,A1762:U1762,
1761,1538-0254,0.53,J Biomol Struct Dyn,0.33,0.04,0.44,0,153,20,12,14,22,15,30,22,18,,,,,A1763:U1763,
1762,1539-6924,0.86,Risk Anal,0.46,0.50,0.76,0,153,5,27,21,23,10,22,20,25,,,,,A1764:U1764,
1763,1557-9034,0.37,J Laparoendosc Adv Surg Tech A,0.60,0.01,0.69,0,153,2,32,29,23,21,11,20,15,,,,,A1765:U1765,
1764,1651-2251,0.39,Acta Otolaryngol,0.70,0.16,0.63,0,153,15,22,38,14,17,18,14,15,,,,,A1766:U1766,
1765,1672-173X,0.26,Sichuan Da Xue Xue Bao Yi Xue Ban,1.00,1.00,0.97,0,153,37,,40,38,,38,,,,,,,A1767:U1767,
1766,1755-3768,1.32,Acta Ophthalmol,0.29,0.34,0.91,0,153,15,24,20,26,14,15,23,16,,,,,A1768:U1768,
1767,1347-4820,1.28,Circ J,0.42,1.00,0.00,0,152,16,22,29,24,11,14,14,22,,,,,A1769:U1769,
1768,1469-8986,1.23,Psychophysiology,0.99,0.68,0.95,0,152,30,14,18,19,19,16,16,20,,,,,A1770:U1770,
1769,1525-6073,0.71,Chronobiol Int,0.49,0.18,0.70,0,152,15,17,22,18,24,26,19,11,,,,,A1771:U1771,
1770,1535-6337,0.5,Curr Probl Surg,0.02,1.00,0.00,0,152,18,19,23,27,7,26,32,,,,,,A1772:U1772,
1771,1573-5168,0.66,Fish Physiol Biochem,0.97,0.20,0.32,0,152,16,12,18,13,22,17,28,26,,,,,A1773:U1773,
1772,1708-8240,1.45,J Esthet Restor Dent,0.53,0.28,0.99,0,152,21,16,15,18,24,22,21,15,,,,,A1774:U1774,
1773,1756-8927,0.43,Future Med Chem,0.89,0.02,0.33,0,152,25,18,19,20,19,22,10,19,,,,,A1775:U1775,
1774,1938-2723,0.67,Clin Appl Thromb Hemost,0.97,1.00,0.99,0,152,31,15,18,8,13,19,23,25,,,,,A1776:U1776,
1775,1942-597X,0.28,AMIA Annu Symp Proc,1.00,1.00,0.00,0,152,1,151,,,,,,,,,,,A1777:U1777,
1776,2151-4658,1.61,Arthritis Care Res (Hoboken),0.14,0.28,0.95,0,152,14,20,18,31,13,16,18,22,,,,,A1778:U1778,
1777,2473-0114,0.69,Foot Ankle Orthop,0.00,1.00,0.96,0,152,4,19,19,22,23,25,11,29,,,,,A1779:U1779,
1778,2578-5745,1.05,ACR Open Rheumatol,0.00,1.00,0.97,0,152,19,12,25,23,15,12,21,25,,,,,A1780:U1780,
1779,2755-9637,,Eur Heart J Imaging Methods Pract,0.00,1.00,0.98,0,152,15,15,30,13,21,23,21,14,,,,,A1781:U1781,
1780,2813-4532,0.67,Front Cognit,0.00,1.00,0.00,0,152,1,,,,,134,5,12,,,,,A1782:U1782,
1781,2819-4403,,Can Vet J,0.62,0.80,0.00,0,152,36,16,19,18,17,32,,14,,,,,A1783:U1783,
1782,0972-5229,0.54,Indian J Crit Care Med,0.00,1.00,1.00,0,151,18,17,21,,41,,33,21,,,,,A1784:U1784,
1783,1096-987X,1.06,J Comput Chem,0.13,0.54,0.91,0,151,15,17,16,22,20,19,30,12,,,,,A1785:U1785,
1784,1099-1557,1.04,Pharmacoepidemiol Drug Saf,0.88,0.63,0.90,0,151,26,7,19,18,20,13,22,26,,,,,A1786:U1786,
1785,1176-6328,,Neuropsychiatr Dis Treat,0.00,1.00,0.73,2,151,2,7,55,25,19,18,14,11,,,,,A1787:U1787,
1786,1365-2346,1.78,Eur J Anaesthesiol,0.20,0.11,0.36,4,151,40,14,21,14,23,21,13,5,,,,,A1788:U1788,
1787,1520-6890,16.92,Chem Rev,0.35,0.44,1.00,0,151,26,20,21,18,27,20,14,5,,,,,A1789:U1789,
1788,1545-7214,1.52,Am J Geriatr Psychiatry,0.30,0.21,0.00,0,151,16,29,19,11,15,21,19,21,,,,,A1790:U1790,
1789,1555-0273,1.83,Int J Sports Physiol Perform,0.60,0.11,0.95,0,151,14,34,25,18,18,1,13,28,,,,,A1791:U1791,
1790,1559-0488,0.49,J Burn Care Res,0.40,0.18,0.96,1,151,13,22,12,18,17,24,17,28,,,,,A1792:U1792,
1791,1617-9625,0.74,Tob Induc Dis,0.00,1.00,0.00,0,151,12,15,22,5,22,22,31,22,,,,,A1793:U1793,
1792,1689-1392,2.89,Cell Mol Biol Lett,0.83,1.00,0.18,0,151,19,18,29,22,26,23,13,1,,,,,A1794:U1794,
1793,1744-957X,0.98,Biol Lett,0.95,0.04,1.00,0,151,40,12,22,27,15,15,7,13,,,,,A1795:U1795,
1794,1758-5090,1.52,Biofabrication,0.87,0.07,0.99,0,151,19,14,20,14,17,25,20,22,,,,,A1796:U1796,
1795,1873-1716,0.77,Prev Vet Med,0.87,0.62,0.00,0,151,8,25,25,22,20,16,19,16,,,,,A1797:U1797,
1796,1875-5607,0.72,Mini Rev Med Chem,0.19,0.00,0.57,0,151,25,3,22,14,20,20,20,27,,,,,A1798:U1798,
1797,1878-1861,1.52,J Sci Med Sport,0.44,0.64,0.00,1,151,10,20,16,26,19,20,22,18,,,,,A1799:U1799,
1798,1879-4076,0.94,J Geriatr Oncol,0.49,0.40,0.00,0,151,16,13,23,17,20,23,19,20,,,,,A1800:U1800,
1799,1940-3208,,J Am Coll Health,0.40,0.16,0.52,0,151,18,19,11,23,21,20,19,20,,,,,A1801:U1801,
1800,1972-2680,0.4,J Infect Dev Ctries,0.99,1.00,0.00,0,151,18,18,21,19,16,20,19,20,,,,,A1802:U1802,
1801,2691-1299,1.04,Curr Protoc,0.96,0.65,0.70,0,151,23,22,12,20,15,16,21,22,,,,,A1803:U1803,
1802,2732-5121,0.39,Open Res Eur,0.00,1.00,0.95,0,151,37,22,22,11,27,22,9,1,,,,,A1804:U1804,
1803,1008-8830,0.23,Zhongguo Dang Dai Er Ke Za Zhi,1.00,1.00,0.00,0,150,19,,37,20,17,19,18,20,,,,,A1805:U1805,
1804,1178-1998,1.11,Clin Interv Aging,1.00,1.00,0.73,1,150,8,9,29,16,26,22,19,21,,,,,A1806:U1806,
1805,1461-7005,1.94,Autism,0.77,0.55,1.00,0,150,10,20,19,19,13,18,26,25,,,,,A1807:U1807,
1806,1467-7687,1.64,Dev Sci,0.97,0.65,0.84,0,150,20,11,27,22,20,16,18,16,,,,,A1808:U1808,
1807,1478-6362,1.59,Arthritis Res Ther,0.86,1.00,0.31,0,150,32,23,25,20,18,15,13,4,,,,,A1809:U1809,
1808,1526-4610,0.91,Headache,0.38,0.28,0.83,0,150,19,13,17,21,10,31,26,13,,,,,A1810:U1810,
1809,1532-8651,1.21,Reg Anesth Pain Med,0.00,0.07,0.99,1,150,24,19,22,11,20,31,13,10,,,,,A1811:U1811,
1810,1553-6467,0.7,Am J Pharm Educ,0.67,0.19,0.00,0,150,11,19,20,9,20,26,20,25,,,,,A1812:U1812,
1811,1557-1920,1.08,J Immigr Minor Health,0.13,0.09,0.23,0,150,16,28,12,25,10,13,26,20,,,,,A1813:U1813,
1812,1557-8593,2.66,Diabetes Technol Ther,0.37,0.14,0.50,1,150,17,38,35,6,10,17,19,8,,,,,A1814:U1814,
1813,1758-5910,0.37,Asian J Endosc Surg,0.91,0.98,0.92,0,150,27,18,13,21,15,19,21,16,,,,,A1815:U1815,
1814,1936-9018,0.74,West J Emerg Med,0.93,1.00,0.00,0,150,34,,,31,,50,,35,,,,,A1816:U1816,
1815,2059-7762,1.25,J ISAKOS,0.66,1.00,0.00,0,150,12,17,15,18,29,13,24,22,,,,,A1817:U1817,
1816,2168-6238,5.34,JAMA Psychiatry,0.43,0.24,0.00,1,150,17,14,20,18,19,19,24,19,,,,,A1818:U1818,
1817,2831-3267,,Ann Child Neurol Soc,0.00,1.00,0.92,0,150,,2,1,,,,2,145,,,,,A1819:U1819,
1818,0970-9134,0.25,Indian J Thorac Cardiovasc Surg,0.00,0.09,0.82,0,149,14,28,22,19,23,17,14,12,,,,,A1820:U1820,
1819,1097-6744,1.78,Am Heart J,0.77,0.47,0.00,0,149,18,17,22,19,24,17,15,17,,,,,A1821:U1821,
1820,1473-5687,0.67,Eur J Gastroenterol Hepatol,0.64,0.07,0.01,0,149,28,13,33,4,30,10,18,13,,,,,A1822:U1822,
1821,1520-4812,0.95,Bioconjug Chem,0.97,0.34,0.99,0,149,24,12,21,21,25,19,16,11,,,,,A1823:U1823,
1822,1544-3450,0.81,J Am Pharm Assoc (2003),0.50,0.29,0.00,1,149,16,18,29,14,23,19,13,17,,,,,A1824:U1824,
1823,1579-2129,0.61,Arch Bronconeumol,0.13,0.21,0.00,0,149,22,25,8,10,29,26,18,11,,,,,A1825:U1825,
1824,1758-2229,0.82,Environ Microbiol Rep,0.97,0.99,0.95,1,149,19,17,25,29,21,15,10,13,,,,,A1826:U1826,
1825,1872-678X,0.79,J Neurosci Methods,0.92,0.45,0.00,1,149,22,15,20,23,24,18,19,8,,,,,A1827:U1827,
1826,1938-2928,0.66,J Med Entomol,0.96,0.38,0.97,0,149,9,29,24,9,16,25,28,9,,,,,A1828:U1828,
1827,1973-8102,1.24,Cortex,0.71,0.65,0.00,0,149,11,20,21,13,29,16,19,20,,,,,A1829:U1829,
1828,2168-6157,5.6,JAMA Neurol,0.36,0.36,0.00,0,149,16,19,22,16,17,23,16,20,,,,,A1830:U1830,
1829,2213-7173,1.0,J Glob Antimicrob Resist,0.45,0.99,0.00,0,149,15,16,15,19,10,19,30,25,,,,,A1831:U1831,
1830,2468-1253,13.11,Lancet Gastroenterol Hepatol,0.30,0.08,0.00,2,149,18,18,25,7,14,22,24,21,,,,,A1832:U1832,
1831,2529-993X,,Enferm Infecc Microbiol Clin (Engl Ed),0.50,0.08,0.00,0,149,22,24,18,14,17,16,12,26,,,,,A1833:U1833,
1832,2950-4708,0.73,J Conserv Dent Endod,0.00,1.00,0.00,0,149,,37,,36,,39,,37,,,,,A1834:U1834,
1833,3065-8993,,J Hum Immun,0.00,1.00,0.99,0,149,24,8,9,2,73,8,15,10,,,,,A1835:U1835,
1834,1091-7683,0.91,Death Stud,0.01,0.38,0.65,0,148,2,31,15,18,13,26,20,23,,,,,A1836:U1836,
1835,1097-0231,0.36,Rapid Commun Mass Spectrom,0.64,0.49,0.89,0,148,23,12,12,23,20,16,22,20,,,,,A1837:U1837,
1836,1179-2035,4.07,Sports Med,0.51,0.36,0.98,0,148,12,11,19,21,21,21,18,25,,,,,A1838:U1838,
1837,1460-2350,2.23,Hum Reprod,0.61,0.50,0.97,0,148,9,22,31,13,20,16,21,16,,,,,A1839:U1839,
1838,1528-0691,1.26,Chem Rec,0.17,0.32,0.99,0,148,10,14,23,19,22,27,16,17,,,,,A1840:U1840,
1839,1551-3793,0.95,Integr Environ Assess Manag,0.22,0.47,0.40,0,148,15,16,23,12,21,21,21,19,,,,,A1841:U1841,
1840,1558-5646,1.17,Evolution,0.72,0.69,0.89,2,148,19,13,24,19,22,20,18,13,,,,,A1842:U1842,
1841,1560-7917,2.81,Euro Surveill,0.82,1.00,0.00,1,148,22,19,13,,39,20,19,16,,,,,A1843:U1843,
1842,1600-0560,0.51,J Cutan Pathol,0.51,0.28,0.97,0,148,14,11,23,22,25,17,16,20,,,,,A1844:U1844,
1843,1933-0715,0.79,J Neurosurg Pediatr,0.64,0.02,0.00,0,148,30,14,12,18,19,25,18,12,,,,,A1845:U1845,
1844,1938-0666,0.93,Clin Breast Cancer,0.78,0.30,0.00,3,148,11,17,21,18,18,9,26,28,,,,,A1846:U1846,
1845,2090-8113,0.54,Vet Med Int,0.00,1.00,1.00,0,148,18,13,5,9,22,21,29,31,,,,,A1847:U1847,
1846,2161-1653,1.13,ACS Macro Lett,0.19,0.24,0.99,0,148,23,19,19,25,18,19,15,10,,,,,A1848:U1848,
1847,2576-9456,0.64,J Appl Lab Med,0.43,1.00,0.71,0,148,20,11,26,12,22,24,17,16,,,,,A1849:U1849,
1848,2731-7218,0.26,Ophthalmologie,0.48,0.00,0.39,0,148,20,23,18,17,8,16,27,19,,,,,A1850:U1850,
1849,1365-2842,0.97,J Oral Rehabil,0.59,0.43,0.93,1,147,16,14,22,15,16,19,31,14,,,,,A1851:U1851,
1850,1474-9092,0.64,Photochem Photobiol Sci,0.51,0.03,0.46,0,147,13,20,18,15,24,18,19,20,,,,,A1852:U1852,
1851,1541-0420,1.31,Biometrics,0.94,0.46,0.86,0,147,10,27,15,12,28,23,19,13,,,,,A1853:U1853,
1852,1757-4684,3.28,EMBO Mol Med,0.73,1.00,1.00,1,147,12,16,19,20,24,19,17,20,,,,,A1854:U1854,
1853,1878-0326,1.43,Forensic Sci Int Genet,0.82,0.47,0.00,10,147,18,19,26,14,20,21,17,12,,,,,A1855:U1855,
1854,1878-3686,26.63,Cancer Cell,0.82,0.40,0.00,2,147,23,22,14,14,18,23,20,13,,,,,A1856:U1856,
1855,2163-8306,0.95,CPT Pharmacometrics Syst Pharmacol,0.97,1.00,0.97,1,147,26,22,14,19,16,17,18,15,,,,,A1857:U1857,
1856,2352-5568,1.27,Anaesth Crit Care Pain Med,0.31,0.26,0.00,0,147,3,38,53,14,11,12,15,1,,,,,A1858:U1858,
1857,2576-2095,1.08,Animal Model Exp Med,0.82,1.00,0.93,0,147,23,15,27,12,19,17,18,16,,,,,A1859:U1859,
1858,2949-8759,1.38,J Subst Use Addict Treat,0.65,0.56,0.00,0,147,20,14,13,29,23,7,26,15,,,,,A1860:U1860,
1859,1297-9716,0.94,Vet Res,0.98,1.00,0.23,1,146,19,10,14,20,19,20,24,20,,,,,A1861:U1861,
1860,1365-277X,0.93,J Hum Nutr Diet,0.97,0.65,0.93,0,146,20,14,16,16,26,17,23,14,,,,,A1862:U1862,
1861,1399-3062,0.8,Transpl Infect Dis,0.36,0.36,0.87,0,146,16,15,16,10,30,14,20,25,,,,,A1863:U1863,
1862,1432-0800,0.61,Bull Environ Contam Toxicol,0.98,0.19,0.76,0,146,11,13,40,17,11,15,25,14,,,,,A1864:U1864,
1863,1465-542X,1.91,Breast Cancer Res,0.85,1.00,0.19,3,146,29,15,13,30,25,16,15,3,,,,,A1865:U1865,
1864,1654-7209,1.9,Ambio,0.32,0.25,0.96,0,146,11,17,20,28,23,9,18,20,,,,,A1866:U1866,
1865,1745-7270,1.01,Acta Biochim Biophys Sin (Shanghai),0.24,1.00,0.00,1,146,13,12,20,13,26,12,19,31,,,,,A1867:U1867,
1866,1759-7714,0.78,Thorac Cancer,0.94,1.00,0.94,3,146,9,13,16,17,18,18,34,21,,,,,A1868:U1868,
1867,1932-2968,1.26,J Diabetes Sci Technol,0.21,0.26,0.99,1,146,18,14,19,16,26,11,23,19,,,,,A1869:U1869,
1868,2383-8086,0.27,J Korean Gerontol Nurs,0.00,1.00,0.85,0,146,125,,11,,10,,,,,,,,A1870:U1870,
1869,2666-6340,4.34,Med,0.91,0.23,0.00,0,146,22,23,16,16,17,21,18,13,,,,,A1871:U1871,
1870,2689-8381,2.04,JBI Evid Synth,0.53,0.08,1.00,0,146,26,18,11,16,27,18,20,10,,,,,A1872:U1872,
1871,2752-4191,1.41,Eur Heart J Open,0.00,1.00,0.95,0,146,15,12,21,27,16,28,20,7,,,,,A1873:U1873,
1872,2772-8293,0.95,J Allergy Clin Immunol Glob,0.00,1.00,0.00,0,146,28,11,25,19,19,18,15,11,,,,,A1874:U1874,
1873,1386-6346,1.12,Hepatol Res,0.00,0.00,0.97,0,145,19,15,21,23,13,20,21,13,,,,,A1875:U1875,
1874,1430-2772,0.94,Psychol Res,0.98,0.59,0.52,0,145,9,28,18,16,23,15,22,14,,,,,A1876:U1876,
1875,1532-8228,0.8,Arch Psychiatr Nurs,0.92,0.17,0.00,0,145,,,56,34,,28,,27,,,,,A1877:U1877,
1876,1537-744X,0.66,ScientificWorldJournal,0.82,1.00,0.97,6,145,23,4,26,21,17,20,17,17,,,,,A1878:U1878,
1877,1747-0285,0.67,Chem Biol Drug Des,0.97,0.38,0.94,1,145,18,22,10,17,17,24,17,20,,,,,A1879:U1879,
1878,1872-9711,1.03,Neurotoxicology,0.74,0.40,0.00,1,145,12,18,18,22,16,18,24,17,,,,,A1880:U1880,
1879,1873-4529,1.4,J Clin Anesth,0.60,0.22,0.00,49,145,14,22,22,19,21,18,14,15,,,,,A1881:U1881,
1880,1918-1523,0.84,Pain Res Manag,0.99,1.00,0.99,0,145,15,12,15,18,17,22,22,24,,,,,A1882:U1882,
1881,1935-9780,1.1,Anat Sci Educ,0.46,0.21,0.93,0,145,10,13,22,11,24,22,20,23,,,,,A1883:U1883,
1882,1936-2692,0.97,Am J Manag Care,0.99,1.00,0.00,0,145,32,11,24,10,15,29,,24,,,,,A1884:U1884,
1883,1989-5488,0.46,J Clin Exp Dent,0.00,1.00,0.00,0,145,18,19,18,18,18,,42,12,,,,,A1885:U1885,
1884,2152-5250,2.78,Aging Dis,0.04,0.04,0.00,0,145,18,18,16,11,23,33,10,16,,,,,A1886:U1886,
1885,2160-9381,0.5,Dermatol Pract Concept,0.00,1.00,0.00,0,145,,,86,,57,1,,1,,,,,A1887:U1887,
1886,2279-9028,0.6,J Public Health Res,0.00,1.00,0.96,0,145,11,12,20,6,22,19,8,47,,,,,A1888:U1888,
1887,2352-9067,0.76,Int J Cardiol Heart Vasc,0.00,1.00,0.00,0,145,10,23,15,28,18,16,18,17,,,,,A1889:U1889,
1888,2363-9822,0.49,Arch Anim Breed,0.00,1.00,0.65,0,145,,4,2,17,49,37,5,31,,,,,A1890:U1890,
1889,2391-5412,0.53,Open Life Sci,0.00,1.00,0.48,0,145,,34,37,10,31,14,12,7,,,,,A1891:U1891,
1890,2473-4039,1.01,JBMR Plus,0.00,1.00,0.97,0,145,27,13,19,21,29,13,12,11,,,,,A1892:U1892,
1891,2993-7175,1.03,Alcohol Clin Exp Res (Hoboken),0.86,0.77,0.82,0,145,13,24,20,21,11,18,18,20,,,,,A1893:U1893,
1892,0004-0614,0.28,Arch Esp Urol,0.97,1.00,0.00,1,144,22,,18,24,20,20,20,20,,,,,A1894:U1894,
1893,1361-6579,0.63,Physiol Meas,0.92,0.05,0.99,1,144,16,14,12,21,14,12,40,15,,,,,A1895:U1895,
1894,1433-2981,0.93,Clin Oncol (R Coll Radiol),0.53,0.26,0.00,0,144,21,18,15,13,19,20,22,16,,,,,A1896:U1896,
1895,1465-3362,1.03,Drug Alcohol Rev,0.92,0.81,0.95,0,144,11,23,17,14,15,23,16,25,,,,,A1897:U1897,
1896,1466-447X,1.02,J Sports Sci,0.62,0.52,0.90,0,144,13,23,16,6,14,3,29,40,,,,,A1898:U1898,
1897,1532-5040,0.62,Physiother Theory Pract,0.17,0.09,0.55,0,144,19,11,10,22,16,19,23,24,,,,,A1899:U1899,
1898,1557-7023,0.76,Integr Comp Biol,0.92,0.33,0.83,0,144,3,4,8,12,20,44,35,18,,,,,A1900:U1900,
1899,1662-5099,1.41,Front Mol Neurosci,0.00,1.00,0.00,2,144,16,14,15,14,12,17,30,26,,,,,A1901:U1901,
1900,1678-4464,0.7,Cad Saude Publica,0.85,1.00,0.97,0,144,18,17,20,5,13,11,37,23,,,,,A1902:U1902,
1901,1708-8283,0.56,J Child Neurol,0.23,0.17,0.99,0,144,13,11,26,15,16,17,23,23,,,,,A1903:U1903,
1902,1873-4499,0.57,Clin Imaging,0.76,0.14,0.00,0,144,19,15,8,26,19,18,20,19,,,,,A1904:U1904,
1903,1932-2267,1.15,J Cancer Surviv,0.00,0.08,0.31,0,144,19,14,20,16,19,17,24,15,,,,,A1905:U1905,
1904,1940-1574,0.72,Angiology,0.00,0.03,1.00,0,144,19,17,15,17,26,22,21,7,,,,,A1906:U1906,
1905,2042-6410,1.81,Biol Sex Differ,0.88,1.00,0.26,0,144,22,23,29,18,26,13,13,,,,,,A1907:U1907,
1906,2045-8932,0.76,Pulm Circ,0.00,1.00,0.93,0,144,19,15,10,19,13,18,39,11,,,,,A1908:U1908,
1907,2168-619X,1.56,JAMA Otolaryngol Head Neck Surg,0.41,0.11,0.00,1,144,16,15,17,23,20,17,15,21,,,,,A1909:U1909,
1908,2399-6641,0.71,BMJ Open Qual,0.99,1.00,1.00,0,144,16,19,17,9,19,19,24,21,,,,,A1910:U1910,
1909,2772-7076,0.67,IJID Reg,0.00,1.00,0.00,1,144,21,18,19,18,16,19,10,23,,,,,A1911:U1911,
1910,2831-090X,0.85,Biomol Biomed,0.38,1.00,0.00,0,144,16,16,9,24,16,22,20,21,,,,,A1912:U1912,
1911,0019-5545,0.65,Indian J Psychiatry,0.00,1.00,0.00,0,143,15,10,25,17,19,,57,,,,,,A1913:U1913,
1912,1098-2299,0.77,Drug Dev Res,0.98,0.30,0.92,1,143,17,14,20,22,23,12,16,19,,,,,A1914:U1914,
1913,1615-7605,0.75,Bioprocess Biosyst Eng,0.71,0.20,0.27,2,143,12,13,22,18,19,18,22,19,,,,,A1915:U1915,
1914,1751-7176,0.83,J Clin Hypertens (Greenwich),0.77,1.00,0.29,0,143,12,12,12,24,31,21,16,15,,,,,A1916:U1916,
1915,1791-2431,0.89,Oncol Rep,0.72,0.92,0.00,35,143,23,16,26,20,17,8,19,14,,,,,A1917:U1917,
1916,1879-1271,0.53,Clin Biomech (Bristol),0.98,0.45,0.00,0,143,16,19,20,23,22,18,14,11,,,,,A1918:U1918,
1917,2052-2975,0.34,New Microbes New Infect,0.00,1.00,0.00,0,143,9,26,14,18,10,30,21,15,,,,,A1919:U1919,
1918,2212-5353,0.57,Respir Investig,0.75,0.23,0.00,0,143,19,12,19,22,21,19,20,11,,,,,A1920:U1920,
1919,2692-9384,1.66,JCPP Adv,0.00,1.00,0.98,0,143,,1,17,,,27,82,16,,,,,A1921:U1921,
1920,2694-233X,,Health Aff (Millwood),0.79,0.13,0.00,0,143,19,18,15,19,24,15,15,18,,,,,A1922:U1922,
1921,2998-4165,0.83,IEEE Trans Comput Biol Bioinform,0.63,0.01,0.00,0,143,18,13,23,16,18,15,20,20,,,,,A1923:U1923,
1922,0973-6883,0.9,J Clin Exp Hepatol,0.00,0.07,0.00,0,142,16,20,28,10,15,13,21,19,,,,,A1924:U1924,
1923,1364-5498,0.94,Faraday Discuss,0.04,0.18,1.00,0,142,6,1,,32,40,3,47,13,,,,,A1925:U1925,
1924,1468-2877,0.86,Public Health Rep,0.30,0.47,0.97,0,142,37,12,9,12,20,18,9,25,,,,,A1926:U1926,
1925,1473-4877,0.83,Curr Med Res Opin,0.77,0.42,0.46,0,142,15,19,5,18,18,26,25,16,,,,,A1927:U1927,
1926,1532-4303,0.54,J Asthma,0.42,0.20,0.30,0,142,20,18,21,25,3,11,23,21,,,,,A1928:U1928,
1927,1545-9985,6.76,Nat Struct Mol Biol,0.51,0.39,0.82,0,142,12,20,16,22,15,15,25,17,,,,,A1929:U1929,
1928,1715-5258,0.38,Can Fam Physician,0.23,1.00,0.00,0,142,18,16,24,23,17,15,29,,,,,,A1930:U1930,
1929,1756-283X,1.12,Ther Adv Gastroenterol,0.00,1.00,0.96,0,142,14,19,11,21,25,17,20,15,,,,,A1931:U1931,
1930,1873-4863,0.77,J Biotechnol,0.83,0.27,0.00,0,142,17,16,23,18,26,18,10,14,,,,,A1932:U1932,
1931,1873-7714,1.41,Gen Hosp Psychiatry,0.54,0.28,0.00,0,142,22,13,23,15,27,15,13,14,,,,,A1933:U1933,
1932,1879-3185,1.27,Toxicology,0.81,0.36,0.00,1,142,22,13,19,16,25,14,16,17,,,,,A1934:U1934,
1933,1995-8218,1.8,Neurosci Bull,0.32,0.11,0.86,0,142,14,21,16,11,10,23,26,21,,,,,A1935:U1935,
1934,2058-1742,2.23,Eur Heart J Qual Care Clin Outcomes,0.21,1.00,0.94,0,142,16,15,24,25,13,17,15,17,,,,,A1936:U1936,
1935,2213-0071,0.28,Respir Med Case Rep,0.00,1.00,0.00,0,142,19,21,16,12,18,25,17,14,,,,,A1937:U1937,
1936,2472-7245,1.67,JB JS Open Access,0.00,1.00,0.98,0,142,21,15,13,19,12,20,27,15,,,,,A1938:U1938,
1937,2474-9842,1.33,BJS Open,0.85,1.00,0.89,0,142,22,14,21,15,15,16,20,19,,,,,A1939:U1939,
1938,2475-2991,0.96,Curr Dev Nutr,0.00,1.00,0.00,0,142,11,17,11,17,18,15,24,29,,,,,A1940:U1940,
1939,2575-3126,0.23,A A Pract,0.77,0.05,0.01,1,142,22,13,9,25,20,20,15,18,,,,,A1941:U1941,
1940,1002-0098,0.2,Zhonghua Kou Qiang Yi Xue Za Zhi,0.87,0.00,0.00,0,141,20,,40,19,,21,41,,,,,,A1942:U1942,
1941,1469-0756,0.69,Postgrad Med J,0.26,0.22,0.77,2,141,23,11,20,14,21,16,24,12,,,,,A1943:U1943,
1942,1523-4681,2.42,J Bone Miner Res,0.16,0.45,0.93,3,141,25,22,20,16,15,16,14,13,,,,,A1944:U1944,
1943,1532-8430,0.38,J Electrocardiol,0.87,0.21,0.00,0,141,13,15,16,25,24,15,16,17,,,,,A1945:U1945,
1944,1557-900X,1.0,J Endourol,0.50,0.08,0.62,0,141,2,32,15,10,30,14,7,31,,,,,A1946:U1946,
1945,1559-6834,0.97,Infect Control Hosp Epidemiol,0.18,0.41,1.00,0,141,14,15,18,25,15,19,19,16,,,,,A1947:U1947,
1946,1757-7241,1.07,Scand J Trauma Resusc Emerg Med,0.79,1.00,0.35,0,141,33,20,16,17,19,17,13,6,,,,,A1948:U1948,
1947,1872-7506,0.82,Psychiatry Res Neuroimaging,0.87,0.26,0.00,2,141,33,21,13,13,24,14,16,7,,,,,A1949:U1949,
1948,1873-1708,0.81,Reprod Toxicol,0.84,0.26,0.00,2,141,24,18,17,15,17,26,7,17,,,,,A1950:U1950,
1949,1879-8519,1.16,Pract Radiat Oncol,0.25,0.30,0.00,0,141,19,9,18,19,26,11,20,19,,,,,A1951:U1951,
1950,1936-0541,1.99,Hepatol Int,0.33,0.08,0.71,0,141,18,39,22,13,11,14,13,11,,,,,A1952:U1952,
1951,1937-1578,0.4,Retin Cases Brief Rep,0.21,0.04,0.55,0,141,24,20,12,37,11,18,13,6,,,,,A1953:U1953,
1952,2035-8164,0.77,Orthop Rev (Pavia),0.00,1.00,0.62,0,141,5,13,23,19,26,12,13,30,,,,,A1954:U1954,
1953,2212-3873,0.55,Endocr Metab Immune Disord Drug Targets,0.16,0.19,0.40,0,141,30,4,12,23,10,28,17,17,,,,,A1955:U1955,
1954,2662-1347,12.44,Nat Cancer,0.54,0.30,0.82,1,141,30,14,13,17,19,15,17,16,,,,,A1956:U1956,
1955,0529-5807,0.17,Zhonghua Bing Li Xue Za Zhi,1.00,0.00,0.00,0,140,21,18,15,20,17,32,,17,,,,,A1957:U1957,
1956,1096-7206,1.35,Mol Genet Metab,0.66,0.50,0.00,1,140,17,12,14,17,19,20,20,21,,,,,A1958:U1958,
1957,1365-2923,1.52,Med Educ,0.09,0.22,0.98,0,140,21,13,16,23,10,15,25,17,,,,,A1959:U1959,
1958,1471-1753,1.1,J Dermatolog Treat,0.77,1.00,0.39,0,140,17,22,23,15,14,14,19,16,,,,,A1960:U1960,
1959,1477-7517,1.51,Harm Reduct J,0.84,1.00,0.19,0,140,21,29,18,21,15,18,14,4,,,,,A1961:U1961,
1960,1535-7228,4.08,Am J Psychiatry,0.20,0.11,0.41,0,140,15,17,21,20,15,23,17,12,,,,,A1962:U1962,
1961,1744-7666,0.77,Expert Opin Pharmacother,0.64,0.17,0.37,1,140,5,14,17,19,17,24,18,26,,,,,A1963:U1963,
1962,1877-718X,1.54,J Parkinsons Dis,0.51,1.00,0.94,1,140,9,16,14,21,21,16,21,22,,,,,A1964:U1964,
1963,1933-7205,0.9,Reprod Sci,0.69,0.19,0.95,0,140,12,16,23,19,20,8,30,12,,,,,A1965:U1965,
1964,2001-3078,3.64,J Extracell Vesicles,0.94,1.00,0.94,0,140,12,12,20,22,23,25,7,19,,,,,A1966:U1966,
1965,2152-2669,0.62,Clin Lymphoma Myeloma Leuk,0.83,0.36,0.00,0,140,15,20,15,16,25,13,19,17,,,,,A1967:U1967,
1966,2214-7500,0.9,Toxicol Rep,0.00,1.00,0.00,2,140,11,19,12,15,19,26,24,14,,,,,A1968:U1968,
1967,2561-7605,1.25,JMIR Aging,0.96,1.00,1.00,0,140,11,12,23,27,20,14,26,7,,,,,A1969:U1969,
1968,0969-0700,0.57,J Wound Care,0.86,0.26,0.65,0,139,14,16,15,26,1,37,15,15,,,,,A1970:U1970,
1969,0975-0711,0.65,Indian J Gastroenterol,0.10,0.00,0.99,0,139,20,36,18,18,13,13,8,13,,,,,A1971:U1971,
1970,1399-6576,0.75,Acta Anaesthesiol Scand,0.89,0.72,0.97,1,139,17,17,16,11,20,25,20,13,,,,,A1972:U1972,
1971,1436-2236,0.59,Mar Biotechnol (NY),0.97,0.18,0.24,0,139,19,16,18,16,16,21,17,16,,,,,A1973:U1973,
1972,1573-7225,0.98,Cancer Causes Control,0.99,0.56,0.55,0,139,23,16,14,19,16,9,27,15,,,,,A1974:U1974,
1973,1600-5775,0.94,J Synchrotron Radiat,0.08,0.76,0.96,0,139,17,16,19,18,9,26,16,18,,,,,A1975:U1975,
1974,1750-2799,7.4,Nat Protoc,0.42,0.10,0.98,0,139,21,17,19,16,14,17,22,13,,,,,A1976:U1976,
1975,1752-9867,7.69,Mol Plant,0.35,0.26,0.00,0,139,11,16,14,17,19,14,28,20,,,,,A1977:U1977,
1976,1867-108X,1.14,Jpn J Radiol,0.46,0.40,0.86,0,139,13,17,19,13,21,20,22,14,,,,,A1978:U1978,
1977,1873-3514,0.85,Neuropsychologia,0.82,0.62,0.00,0,139,16,22,17,22,19,15,15,13,,,,,A1979:U1979,
1978,1873-6246,1.2,Biol Psychol,0.79,0.45,0.00,0,139,13,14,18,13,26,18,21,16,,,,,A1980:U1980,
1979,2193-8229,1.66,Infect Dis Ther,0.00,0.82,0.80,0,139,17,11,18,16,17,22,21,17,,,,,A1981:U1981,
1980,2692-7691,0.88,Am J Biol Anthropol,0.89,0.63,0.92,0,139,16,10,10,20,17,19,22,25,,,,,A1982:U1982,
1981,2772-4875,0.74,Int J Cardiol Cardiovasc Risk Prev,0.00,1.00,0.00,0,139,18,23,23,17,10,9,23,16,,,,,A1983:U1983,
1982,1326-5377,1.45,Med J Aust,0.76,0.67,0.85,0,138,16,14,23,17,15,17,21,15,,,,,A1984:U1984,
1983,1544-0591,1.85,J Dent Res,0.23,0.33,0.98,0,138,5,19,32,6,13,12,37,14,,,,,A1985:U1985,
1984,1549-5469,3.69,Genome Res,0.72,0.65,0.86,0,138,17,11,20,14,25,16,17,18,,,,,A1986:U1986,
1985,1554-527X,0.83,J Orthop Res,0.99,0.59,0.88,1,138,25,15,17,25,17,8,17,14,,,,,A1987:U1987,
1986,1557-9042,1.33,J Neurotrauma,0.41,0.12,0.59,1,138,3,20,35,20,21,11,15,13,,,,,A1988:U1988,
1987,1673-8527,2.17,J Genet Genomics,0.45,0.22,0.00,0,138,12,24,26,19,24,13,10,10,,,,,A1989:U1989,
1988,1948-9366,,World J Gastrointest Surg,0.00,1.00,0.00,0,138,47,49,42,,,,,,,,,,A1990:U1990,
1989,2045-4368,0.8,BMJ Support Palliat Care,0.30,0.07,0.99,1,138,12,15,22,26,25,3,18,17,,,,,A1991:U1991,
1990,2047-945X,0.47,Nutr Health,0.24,0.24,0.96,0,138,24,14,16,15,22,13,16,18,,,,,A1992:U1992,
1991,2284-2594,0.22,Eur J Case Rep Intern Med,0.00,1.00,0.00,0,138,21,20,17,16,20,16,16,12,,,,,A1993:U1993,
1992,2396-9776,0.16,Vet Evid,0.00,1.00,0.96,0,138,,,,129,2,3,2,2,,,,,A1994:U1994,
1993,2474-252X,0.18,Clin Pract Cases Emerg Med,0.00,1.00,0.00,0,138,,26,,,,32,26,54,,,,,A1995:U1995,
1994,2573-2102,0.58,Transl Anim Sci,0.00,1.00,0.83,1,138,8,16,24,13,18,20,19,20,,,,,A1996:U1996,
1995,2662-1355,6.0,Nat Food,0.43,0.20,0.88,0,138,18,18,21,13,14,19,21,14,,,,,A1997:U1997,
1996,1096-0457,1.02,J Exp Child Psychol,0.77,0.42,0.00,0,137,12,15,16,13,16,11,22,32,,,,,A1998:U1998,
1997,1471-6712,0.8,Scand J Caring Sci,0.91,0.62,0.96,0,137,18,24,21,20,12,19,14,9,,,,,A1999:U1999,
1998,1521-4141,1.67,Eur J Immunol,0.91,0.86,0.55,0,137,14,21,20,11,18,18,14,21,,,,,A2000:U2000,
1999,1525-1403,1.08,Neuromodulation,0.27,0.50,0.00,0,137,17,13,12,16,13,19,27,20,,,,,A2001:U2001,
2000,1530-0366,2.69,Genet Med,0.47,0.56,0.00,0,137,23,8,22,17,20,16,18,13,,,,,A2002:U2002,
2001,1538-8654,0.41,Adv Skin Wound Care,0.64,0.06,0.45,0,137,19,18,11,20,20,25,10,14,,,,,A2003:U2003,
2002,1567-7257,0.78,Infect Genet Evol,0.82,0.99,0.00,0,137,17,23,20,16,13,12,24,12,,,,,A2004:U2004,
2003,1573-3017,0.93,Ecotoxicology,0.99,0.36,0.39,0,137,19,34,18,17,,16,25,8,,,,,A2005:U2005,
2004,1600-0536,0.78,Contact Dermatitis,0.36,0.43,0.96,0,137,10,25,24,23,15,20,13,7,,,,,A2006:U2006,
2005,1871-4080,0.77,Cogn Neurodyn,0.00,0.18,0.22,0,137,1,27,15,14,17,16,32,15,,,,,A2007:U2007,
2006,1878-7487,0.48,J Forensic Leg Med,0.73,0.23,0.00,1,137,17,15,9,29,21,15,23,8,,,,,A2008:U2008,
2007,1944-7884,1.07,J Acquir Immune Defic Syndr,0.55,0.19,0.91,1,137,9,23,13,22,13,23,16,18,,,,,A2009:U2009,
2008,2049-4408,1.66,Bone Joint J,0.91,0.01,0.82,0,137,17,21,19,20,14,18,13,15,,,,,A2010:U2010,
2009,2374-7943,2.68,ACS Cent Sci,0.00,1.00,0.87,0,137,7,14,22,19,,33,17,25,,,,,A2011:U2011,
2010,2468-7812,0.71,Musculoskelet Sci Pract,0.88,0.60,0.00,0,137,17,28,11,13,22,16,12,18,,,,,A2012:U2012,
2011,2691-171X,,JPGN Rep,0.00,1.00,0.99,0,137,,33,,,39,,55,10,,,,,A2013:U2013,
2012,0971-9261,0.26,J Indian Assoc Pediatr Surg,0.00,1.00,0.00,0,136,,,,40,30,36,,30,,,,,A2014:U2014,
2013,1179-1594,0.68,Risk Manag Healthc Policy,0.00,1.00,0.69,0,136,4,9,37,18,9,24,18,17,,,,,A2015:U2015,
2014,1362-3095,0.56,Int J Radiat Biol,0.54,0.18,0.88,0,136,23,17,21,9,14,15,9,28,,,,,A2016:U2016,
2015,1365-3156,0.91,Trop Med Int Health,0.62,0.38,0.94,0,136,15,16,18,15,20,21,22,9,,,,,A2017:U2017,
2016,1461-0248,3.38,Ecol Lett,0.93,0.70,0.94,2,136,21,21,25,15,18,18,9,9,,,,,A2018:U2018,
2017,1477-111X,0.49,Perfusion,0.36,0.18,0.96,0,136,17,14,16,12,37,14,9,17,,,,,A2019:U2019,
2018,1552-8324,2.9,Trauma Violence Abuse,0.01,0.49,0.99,0,136,14,10,18,28,15,18,15,18,,,,,A2020:U2020,
2019,1658-354X,0.38,Saudi J Anaesth,0.00,1.00,0.00,0,136,,45,,45,,,,46,,,,,A2021:U2021,
2020,1863-6713,0.45,Gen Thorac Cardiovasc Surg,0.20,0.09,0.82,0,136,13,15,17,16,14,27,18,16,,,,,A2022:U2022,
2021,1873-2232,0.7,Anim Reprod Sci,0.98,0.33,0.00,0,136,15,24,16,20,19,15,14,13,,,,,A2023:U2023,
2022,1878-5476,,Psychol Sport Exerc,0.94,0.01,0.00,W1,136,14,12,21,17,22,23,19,8,,,,,A2024:U2024,https://pubmed.ncbi.nlm.nih.gov/?term=41765212
2023,2168-4804,0.9,Ther Innov Regul Sci,0.68,0.24,0.27,0,136,6,17,28,15,13,22,19,16,,,,,A2025:U2025,
2024,2210-7711,0.83,Int J Clin Pharm,0.57,0.62,0.40,1,136,8,17,22,28,17,14,21,9,,,,,A2026:U2026,
2025,2688-4526,0.61,BJUI Compass,0.00,1.00,0.90,0,136,11,24,8,21,19,13,17,23,,,,,A2027:U2027,
2026,0332-3102,0.13,Ir Med J,0.60,0.00,0.00,1,135,18,17,18,18,21,21,,22,,,,,A2028:U2028,
2027,1087-2108,0.22,Dermatol Online J,0.59,1.00,0.00,0,135,,25,,,,51,59,,,,,,A2029:U2029,
2028,1097-6752,1.24,Am J Orthod Dentofacial Orthop,0.38,0.23,0.00,0,135,17,18,29,23,9,9,12,18,,,,,A2030:U2030,
2029,1460-2199,1.28,Cereb Cortex,0.96,0.60,0.96,0,135,19,16,12,19,9,17,23,20,,,,,A2031:U2031,
2030,1468-2982,1.18,Cephalalgia,0.73,0.99,0.98,0,135,21,9,22,18,8,21,20,16,,,,,A2032:U2032,
2031,1477-0962,0.66,Lupus,0.67,0.18,0.99,0,135,25,17,18,12,8,20,17,18,,,,,A2033:U2033,
2032,1520-5010,1.0,Chem Res Toxicol,0.94,0.53,0.99,0,135,9,20,20,25,23,17,13,8,,,,,A2034:U2034,
2033,1521-4184,0.53,Arch Pharm (Weinheim),0.99,0.37,0.90,0,135,11,21,14,13,18,12,34,12,,,,,A2035:U2035,
2034,1532-849X,1.31,J Prosthodont,0.23,0.18,0.95,1,135,19,10,13,23,17,9,25,19,,,,,A2036:U2036,
2035,1536-3686,0.5,Am J Ther,0.13,0.01,0.66,0,135,19,21,13,20,10,22,14,16,,,,,A2037:U2037,
2036,1539-7262,1.67,J Lipid Res,0.81,1.00,0.00,0,135,16,16,17,18,14,22,18,14,,,,,A2038:U2038,
2037,1547-6510,1.0,Crit Rev Anal Chem,0.01,0.05,0.35,0,135,17,13,18,18,11,17,23,18,,,,,A2039:U2039,
2038,1573-2789,0.81,Community Ment Health J,0.16,0.13,0.27,0,135,13,11,14,31,17,14,21,14,,,,,A2040:U2040,
2039,1573-4056,0.27,Curr Med Imaging,0.47,0.28,0.53,0,135,13,23,13,16,13,26,23,8,,,,,A2041:U2041,
2040,1600-0625,1.07,Exp Dermatol,0.82,0.44,0.94,0,135,17,13,13,11,18,23,26,14,,,,,A2042:U2042,
2041,1756-994X,4.97,Genome Med,0.85,1.00,0.21,0,135,11,11,15,28,23,17,25,5,,,,,A2043:U2043,
2042,1938-2715,,Am J Hosp Palliat Care,0.01,0.25,0.99,0,135,14,18,17,16,20,18,14,18,,,,,A2044:U2044,
2043,1939-0599,1.37,Dev Psychol,0.18,0.27,0.93,0,135,14,24,10,19,9,28,21,10,,,,,A2045:U2045,
2044,1941-3297,2.41,Circ Heart Fail,0.36,0.43,0.96,0,135,20,16,16,18,13,24,4,24,,,,,A2046:U2046,
2045,2148-5607,0.58,Turk J Gastroenterol,0.54,0.99,0.40,0,135,15,17,34,21,13,13,12,10,,,,,A2047:U2047,
2046,2192-6506,0.66,Chempluschem,0.21,0.32,0.99,0,135,14,11,17,27,14,15,18,19,,,,,A2048:U2048,
2047,2193-8253,1.39,Neurol Ther,0.00,0.76,0.83,0,135,9,14,21,20,18,22,19,12,,,,,A2049:U2049,
2048,2314-7156,1.08,J Immunol Res,0.95,1.00,0.95,4,135,7,,36,15,18,19,13,27,,,,,A2050:U2050,
2049,2468-1210,0.51,Hand Surg Rehabil,0.30,0.21,0.00,0,135,23,15,13,10,18,12,21,23,,,,,A2051:U2051,
2050,2589-1081,0.69,World J Otorhinolaryngol Head Neck Surg,0.00,1.00,0.96,0,135,11,10,,12,12,,65,25,,,,,A2052:U2052,
2051,2692-4609,0.5,DEN Open,0.00,1.00,0.47,0,135,22,17,5,17,12,16,19,27,,,,,A2053:U2053,
2052,2731-698X,0.17,Chirurgie (Heidelb),0.36,0.07,0.07,0,135,25,18,21,8,21,14,12,16,,,,,A2054:U2054,
2053,0529-5815,0.17,Zhonghua Wai Ke Za Zhi,0.78,0.00,0.00,0,134,12,14,34,17,17,12,12,16,,,,,A2055:U2055,
2054,1098-2353,0.75,Clin Anat,0.13,0.10,0.90,0,134,11,18,12,16,10,21,33,13,,,,,A2056:U2056,
2055,1347-6947,0.43,Biosci Biotechnol Biochem,0.72,0.22,0.62,3,134,21,13,16,15,14,19,22,14,,,,,A2057:U2057,
2056,1460-2245,0.95,Health Promot Int,0.90,1.00,0.95,0,134,17,22,13,15,16,12,21,18,,,,,A2058:U2058,
2057,1460-6984,0.81,Int J Lang Commun Disord,0.98,0.69,0.89,0,134,18,12,17,24,11,15,18,19,,,,,A2059:U2059,
2058,1654-9880,0.93,Glob Health Action,0.97,1.00,0.93,1,134,11,8,23,15,10,25,21,21,,,,,A2060:U2060,
2059,1662-5153,1.08,Front Behav Neurosci,0.00,1.00,0.00,0,134,10,9,25,11,23,21,19,16,,,,,A2061:U2061,
2060,1741-7899,1.08,Reproduction,0.91,0.39,0.92,0,134,38,15,13,10,19,9,16,14,,,,,A2062:U2062,
2061,1744-7917,0.81,Insect Sci,0.01,0.01,0.99,0,134,44,10,12,15,14,11,15,13,,,,,A2063:U2063,
2062,1875-5992,0.58,Anticancer Agents Med Chem,0.07,0.01,0.54,2,134,18,5,14,28,19,25,15,10,,,,,A2064:U2064,
2063,1876-4479,3.23,J Crohns Colitis,0.73,0.50,0.86,1,134,8,11,21,13,20,24,24,13,,,,,A2065:U2065,
2064,1878-1632,1.77,Spine J,0.69,0.28,0.00,0,134,25,17,7,31,6,25,15,8,,,,,A2066:U2066,
2065,1938-744X,0.51,Disaster Med Public Health Prep,0.90,0.10,0.83,0,134,15,29,18,25,10,18,12,7,,,,,A2067:U2067,
2066,2317-6385,0.31,Einstein (Sao Paulo),0.81,1.00,1.00,0,134,17,16,9,22,8,3,34,25,,,,,A2068:U2068,
2067,2405-6383,1.84,Anim Nutr,0.00,1.00,0.00,0,134,6,36,6,36,8,16,11,15,,,,,A2069:U2069,
2068,2452-302X,2.48,JACC Basic Transl Sci,0.00,1.00,0.00,0,134,14,13,8,26,17,19,20,17,,,,,A2070:U2070,
2069,0031-949X,0.94,Phytopathology,0.58,0.09,0.66,0,133,12,24,22,13,8,21,22,11,,,,,A2071:U2071,
2070,0038-3317,0.14,S D Med,0.56,0.00,0.00,1,133,,,,,,,125,8,,,,,A2072:U2072,
2071,0897-4756,1.8,Chem Mater,0.00,1.00,1.00,0,133,9,17,17,15,15,17,25,18,,,,,A2073:U2073,
2072,1003-9406,0.17,Zhonghua Yi Xue Yi Chuan Xue Za Zhi,0.99,0.00,0.00,0,133,,41,28,12,22,9,10,11,,,,,A2074:U2074,
2073,1439-3999,0.29,Klin Monbl Augenheilkd,0.39,0.11,0.62,0,133,11,39,18,19,9,14,9,14,,,,,A2075:U2075,
2074,1527-5418,3.18,J Am Acad Child Adolesc Psychiatry,0.10,0.29,0.00,0,133,10,15,18,18,18,17,21,16,,,,,A2076:U2076,
2075,1529-7535,1.21,Pediatr Crit Care Med,0.36,0.05,0.70,0,133,15,16,22,6,14,31,10,19,,,,,A2077:U2077,
2076,1559-1166,0.79,J Mol Neurosci,0.95,0.20,0.33,1,133,12,23,16,16,26,10,12,18,,,,,A2078:U2078,
2077,1573-3327,1.17,Child Psychiatry Hum Dev,0.00,0.02,0.56,0,133,14,18,15,18,14,20,16,18,,,,,A2079:U2079,
2078,1865-1569,0.49,Oral Maxillofac Surg,0.94,0.41,0.50,1,133,9,18,27,11,17,9,20,22,,,,,A2080:U2080,
2079,1873-2682,0.74,J Photochem Photobiol B,0.97,0.19,0.00,0,133,17,15,20,13,22,16,18,12,,,,,A2081:U2081,
2080,1879-0240,0.96,Insect Biochem Mol Biol,0.85,0.23,0.00,0,133,20,9,13,21,20,15,19,16,,,,,A2082:U2082,
2081,1943-393X,0.92,Atten Percept Psychophys,0.97,0.58,0.56,0,133,10,22,12,24,15,18,14,18,,,,,A2083:U2083,
2082,2049-3614,1.05,Endocr Connect,0.00,1.00,0.96,1,133,21,16,16,21,13,14,19,13,,,,,A2084:U2084,
2083,2055-6764,1.42,Nanoscale Horiz,0.32,0.05,0.93,0,133,25,13,21,21,13,19,14,7,,,,,A2085:U2085,
2084,2110-5820,1.95,Ann Intensive Care,0.00,1.00,0.00,0,133,,,44,23,16,16,15,19,,,,,A2086:U2086,
2085,2352-345X,2.94,Cell Mol Gastroenterol Hepatol,0.41,1.00,0.00,0,133,24,14,18,11,22,16,7,21,,,,,A2087:U2087,
2086,2633-0679,1.12,RSC Chem Biol,0.00,1.00,0.98,0,133,7,12,16,13,21,32,16,16,,,,,A2088:U2088,
2087,2731-6068,3.13,NPJ Aging,0.00,1.00,0.05,0,133,14,14,20,22,27,23,11,2,,,,,A2089:U2089,
2088,2817-1705,1.19,JMIR AI,0.00,1.00,0.99,0,133,8,17,20,19,17,16,18,18,,,,,A2090:U2090,
2089,1036-7314,0.84,Aust Crit Care,0.75,0.42,0.00,1,132,18,18,17,20,19,17,16,7,,,,,A2091:U2091,
2090,1467-789X,3.03,Obes Rev,0.42,0.37,0.87,0,132,18,15,14,14,26,12,15,18,,,,,A2092:U2092,
2091,1476-5489,0.6,Int J Impot Res,0.01,0.01,1.00,0,132,3,18,12,23,14,21,25,16,,,,,A2093:U2093,
2092,1477-0989,1.27,Nurs Ethics,0.48,0.23,0.95,0,132,7,7,24,13,25,8,33,15,,,,,A2094:U2094,
2093,1552-8448,0.86,Violence Against Women,0.14,0.39,0.95,0,132,2,16,33,33,3,22,16,7,,,,,A2095:U2095,
2094,1613-7671,0.69,Wien Klin Wochenschr,0.39,0.35,0.39,0,132,15,10,18,10,42,12,15,10,,,,,A2096:U2096,
2095,1755-8794,0.75,BMC Med Genomics,0.88,1.00,0.16,0,132,20,17,16,27,17,16,16,3,,,,,A2097:U2097,
2096,1759-2887,3.14,Res Synth Methods,0.68,0.80,0.70,0,132,,89,5,20,6,7,3,2,,,,,A2098:U2098,
2097,1878-3252,0.78,J Trace Elem Med Biol,0.82,0.17,0.00,0,132,13,24,16,10,20,23,12,14,,,,,A2099:U2099,
2098,2050-3121,0.72,SAGE Open Med,0.00,1.00,0.96,1,132,7,16,17,12,24,24,16,16,,,,,A2100:U2100,
2099,2168-6602,0.81,Am J Health Promot,0.11,0.36,0.86,0,132,16,15,15,14,24,13,22,13,,,,,A2101:U2101,
2100,2208-7958,0.44,Aust J Gen Pract,0.55,0.86,0.00,0,132,,18,19,18,19,21,19,18,,,,,A2102:U2102,
2101,2405-9390,0.45,Vet Parasitol Reg Stud Reports,0.91,0.33,0.00,0,132,,41,21,20,11,15,,24,,,,,A2103:U2103,
2102,2574-9870,0.45,J Am Coll Clin Pharm,0.69,0.00,0.90,0,132,,,,70,13,22,16,11,,,,,A2104:U2104,
2103,2731-9121,,Commun Psychol,0.00,0.85,0.99,0,132,24,28,18,12,17,12,17,4,,,,,A2105:U2105,
2104,1477-2574,1.07,HPB (Oxford),0.55,0.19,0.00,0,131,23,17,11,9,21,15,22,13,,,,,A2106:U2106,
2105,1532-818X,0.66,Am J Otolaryngol,0.74,0.99,0.00,0,131,10,7,13,36,15,14,23,13,,,,,A2107:U2107,
2106,1532-8392,1.01,Hum Pathol,0.55,0.24,0.00,0,131,19,10,14,22,22,18,9,17,,,,,A2108:U2108,
2107,1573-3890,0.94,Metabolomics,0.98,0.98,0.41,0,131,5,11,16,16,25,16,30,12,,,,,A2109:U2109,
2108,1748-1716,1.58,Acta Physiol (Oxf),0.73,0.56,0.90,0,131,14,16,24,18,23,8,14,14,,,,,A2110:U2110,
2109,1751-7915,1.39,Microb Biotechnol,0.95,1.00,0.86,0,131,12,15,17,23,18,17,16,13,,,,,A2111:U2111,
2110,1824-7288,0.92,Ital J Pediatr,0.91,1.00,0.82,0,131,17,17,28,25,12,19,8,5,,,,,A2112:U2112,
2111,1873-622X,2.18,Behav Res Ther,0.85,0.57,0.00,0,131,12,16,16,23,23,15,7,19,,,,,A2113:U2113,
2112,1899-5276,0.6,Adv Clin Exp Med,0.87,0.87,0.00,0,131,24,17,16,21,11,18,22,2,,,,,A2114:U2114,
2113,1935-3227,1.32,J Addict Med,0.07,0.22,0.66,0,131,16,22,20,12,20,17,14,10,,,,,A2115:U2115,
2114,2155-7780,0.33,Prim Care Companion CNS Disord,0.38,0.47,0.00,0,131,12,20,16,17,20,14,19,13,,,,,A2116:U2116,
2115,2211-5463,0.92,FEBS Open Bio,0.47,1.00,0.93,5,131,13,13,24,16,15,17,19,14,,,,,A2117:U2117,
2116,2468-7847,0.64,J Gynecol Obstet Hum Reprod,0.66,0.35,0.00,10,131,23,16,15,22,22,11,7,15,,,,,A2118:U2118,
2117,2643-6515,1.71,Plant Phenomics,0.00,1.00,0.00,0,131,,,,60,5,15,37,14,,,,,A2119:U2119,
2118,0019-557X,0.31,Indian J Public Health,0.45,1.00,0.00,0,130,,20,24,,24,17,24,21,,,,,A2120:U2120,
2119,1128-045X,0.78,Tech Coloproctol,0.74,0.88,0.50,0,130,5,3,21,9,56,21,11,4,,,,,A2121:U2121,
2120,1303-6165,0.39,Turk J Med Sci,0.98,1.00,1.00,0,130,36,,43,21,,,30,,,,,,A2122:U2122,
2121,1437-7799,0.73,Clin Exp Nephrol,0.66,0.25,0.86,0,130,13,16,12,24,18,20,10,17,,,,,A2123:U2123,
2122,1442-2018,0.61,Nurs Health Sci,0.72,0.52,0.92,0,130,12,22,10,17,16,18,17,18,,,,,A2124:U2124,
2123,1473-4230,1.04,Cerebellum,0.96,0.42,0.38,0,130,9,14,15,24,20,16,18,14,,,,,A2125:U2125,
2124,1473-5628,0.4,Nucl Med Commun,0.58,0.08,0.65,0,130,21,13,16,20,17,14,14,15,,,,,A2126:U2126,
2125,1525-1489,0.76,J Intensive Care Med,0.23,0.15,1.00,0,130,10,13,10,23,23,16,20,15,,,,,A2127:U2127,
2126,1573-4927,0.54,Biochem Genet,0.35,0.02,0.28,1,130,10,18,19,24,12,23,18,6,,,,,A2128:U2128,
2127,1638-6183,,Biochimie,0.63,0.28,0.00,0,130,17,23,14,9,9,21,18,19,,,,,A2129:U2129,
2128,1754-1611,1.17,J Biol Eng,0.00,1.00,0.25,0,130,18,21,27,14,18,19,11,2,,,,,A2130:U2130,
2129,1873-0183,2.67,Autoimmun Rev,0.75,0.36,0.00,0,130,7,13,25,9,30,13,22,11,,,,,A2131:U2131,
2130,1876-7591,6.43,JACC Cardiovasc Imaging,0.18,0.17,0.00,0,130,15,13,21,11,11,21,23,15,,,,,A2132:U2132,
2131,1879-033X,2.96,Curr Opin Struct Biol,0.62,0.68,0.00,0,130,5,14,15,14,20,15,26,21,,,,,A2133:U2133,
2132,1952-4013,0.51,Eur J Dermatol,0.24,0.00,0.00,0,130,36,3,25,,32,,26,8,,,,,A2134:U2134,
2133,2056-7529,1.06,Res Involv Engagem,0.00,1.00,0.36,0,130,15,14,19,13,16,21,17,15,,,,,A2135:U2135,
2134,2149-2271,0.47,Anatol J Cardiol,0.05,1.00,0.00,0,130,16,12,14,17,12,19,16,24,,,,,A2136:U2136,
2135,2379-3961,,WMJ,0.76,0.98,0.90,0,130,25,,,49,,30,,26,,,,,A2137:U2137,
2136,2405-4569,1.73,Eur Urol Focus,0.28,0.24,0.00,0,130,10,10,8,13,23,23,24,19,,,,,A2138:U2138,
2137,2633-1462,1.27,Bone Jt Open,0.00,1.00,0.80,0,130,15,18,22,14,14,12,18,17,,,,,A2139:U2139,
2138,2665-9131,0.88,Osteoarthr Cartil Open,0.00,1.00,0.00,0,130,19,16,15,19,20,19,10,12,,,,,A2140:U2140,
2139,1307-7945,0.38,Ulus Travma Acil Cerrahi Derg,1.00,1.00,0.00,0,129,,,31,37,15,15,15,16,,,,,A2141:U2141,
2140,1538-8514,2.39,Mol Cancer Ther,0.33,0.30,0.90,4,129,18,6,28,17,18,13,17,12,,,,,A2142:U2142,
2141,1557-7988,0.39,Methods Enzymol,1.00,0.09,0.00,0,129,,16,35,14,8,23,17,16,,,,,A2143:U2143,
2142,1687-918X,0.74,Int J Microbiol,0.00,1.00,0.98,0,129,9,6,11,17,22,19,24,21,,,,,A2144:U2144,
2143,1738-5520,0.79,Korean Circ J,0.00,1.00,1.00,0,129,14,14,14,10,28,14,11,24,,,,,A2145:U2145,
2144,1872-6844,0.68,Epilepsy Res,0.54,0.31,0.00,0,129,12,16,12,13,19,24,18,15,,,,,A2146:U2146,
2145,1873-2054,1.33,Health Place,0.82,0.67,0.00,0,129,21,17,16,17,13,16,17,12,,,,,A2147:U2147,
2146,2005-8330,1.51,Korean J Radiol,0.42,1.00,0.99,0,129,30,13,14,15,,35,5,17,,,,,A2148:U2148,
2147,2327-9109,0.54,Appl Neuropsychol Adult,0.01,0.11,0.72,0,129,10,16,19,12,18,11,27,16,,,,,A2149:U2149,
2148,2347-5625,0.75,Asia Pac J Oncol Nurs,0.00,1.00,0.00,0,129,20,14,16,20,13,20,17,9,,,,,A2150:U2150,
2149,2352-4650,,Lancet Child Adolesc Health,0.33,0.12,0.00,0,129,14,19,15,14,16,23,15,13,,,,,A2151:U2151,
2150,2374-4677,3.55,NPJ Breast Cancer,0.00,1.00,0.11,0,129,18,18,16,14,25,26,9,3,,,,,A2152:U2152,
2151,2451-9448,3.43,Cell Chem Biol,0.82,0.35,0.00,0,129,15,13,17,16,15,16,22,15,,,,,A2153:U2153,
2152,2731-7013,0.24,Dermatologie (Heidelb),0.39,0.06,0.02,0,129,24,10,13,15,13,17,24,13,,,,,A2154:U2154,
2153,2731-7099,0.16,Inn Med (Heidelb),0.58,0.05,0.00,0,129,18,8,35,15,7,21,17,8,,,,,A2155:U2155,
2154,1095-9513,1.28,Mol Phylogenet Evol,0.93,0.46,0.00,0,128,17,19,15,11,14,15,20,17,,,,,A2156:U2156,
2155,1097-4679,1.21,J Clin Psychol,0.82,0.38,0.93,0,128,23,15,17,10,7,14,21,21,,,,,A2157:U2157,
2156,1365-2168,1.54,Br J Surg,0.54,0.62,0.86,0,128,20,16,26,12,15,19,12,8,,,,,A2158:U2158,
2157,1468-3148,0.82,J Appl Res Intellect Disabil,0.96,0.75,0.95,0,128,21,17,11,17,12,19,18,13,,,,,A2159:U2159,
2158,1537-2677,0.49,Ophthalmic Plast Reconstr Surg,0.09,0.00,0.46,0,128,32,25,8,11,10,15,20,7,,,,,A2160:U2160,
2159,1538-5159,0.38,Health Phys,0.52,0.09,0.02,0,128,25,33,19,1,15,16,11,8,,,,,A2161:U2161,
2160,1543-5474,0.85,J Phys Act Health,0.58,0.19,0.97,0,128,24,18,24,17,10,5,15,15,,,,,A2162:U2162,
2161,1573-6830,1.59,Cell Mol Neurobiol,0.88,0.90,0.72,0,128,20,29,11,23,16,18,11,,,,,,A2163:U2163,
2162,1661-8564,0.89,Int J Public Health,0.77,1.00,0.00,0,128,6,18,23,15,21,18,12,15,,,,,A2164:U2164,
2163,1748-6963,0.68,Nanomedicine (Lond),0.95,0.17,0.44,0,128,16,18,18,14,15,16,16,15,,,,,A2165:U2165,
2164,1865-0341,0.4,Radiol Phys Technol,0.68,0.10,0.87,0,128,11,20,12,12,10,24,19,20,,,,,A2166:U2166,
2165,1878-9307,1.99,Dev Cogn Neurosci,0.79,1.00,0.00,0,128,19,13,14,15,18,21,17,11,,,,,A2167:U2167,
2166,2055-5784,0.68,Pilot Feasibility Stud,0.00,1.00,0.77,0,128,16,16,13,23,19,28,12,1,,,,,A2168:U2168,
2167,2162-5220,0.67,Dermatitis,0.02,0.00,0.52,0,128,2,28,23,10,14,22,17,12,,,,,A2169:U2169,
2168,2192-4449,0.27,CEN Case Rep,0.92,1.00,0.81,1,128,31,19,7,19,12,19,11,10,,,,,A2170:U2170,
2169,2199-1170,2.02,Sports Med Open,0.00,1.00,0.91,0,128,7,12,18,14,7,23,29,18,,,,,A2171:U2171,
2170,2210-741X,0.79,Clin Res Hepatol Gastroenterol,0.56,0.17,0.00,2,128,12,17,17,14,17,19,18,14,,,,,A2172:U2172,
2171,2304-3881,,Hepatobiliary Surg Nutr,0.00,1.00,0.57,0,128,,32,,32,,32,,32,,,,,A2173:U2173,
2172,2317-1782,0.29,Codas,0.93,1.00,0.98,0,128,8,15,4,40,9,14,18,20,,,,,A2174:U2174,
2173,2470-9239,0.96,Epilepsia Open,0.64,1.00,0.98,0,128,11,14,20,14,12,14,16,27,,,,,A2175:U2175,
2174,2666-5174,1.14,Curr Res Microb Sci,0.00,1.00,0.00,0,128,21,21,12,14,9,17,11,23,,,,,A2176:U2176,
2175,0219-6352,0.8,J Integr Neurosci,0.94,1.00,0.00,0,127,32,13,17,16,16,,33,,,,,,A2177:U2177,
2176,1003-0034,0.16,Zhongguo Gu Shang,0.91,0.00,0.00,0,127,15,14,17,17,16,31,,17,,,,,A2178:U2178,
2177,1096-0309,0.49,Anal Biochem,0.88,0.10,0.00,0,127,13,19,19,13,18,14,19,12,,,,,A2179:U2179,
2178,1096-3669,1.09,Waste Manag Res,0.58,0.21,0.94,2,127,13,25,15,18,11,18,14,13,,,,,A2180:U2180,
2179,1301-5680,0.21,Turk Gogus Kalp Damar Cerrahisi Derg,0.00,0.68,0.99,0,127,47,31,11,5,5,12,12,4,,,,,A2181:U2181,
2180,1305-7456,0.61,Eur J Dent,0.00,1.00,0.86,0,127,17,16,10,13,2,22,24,23,,,,,A2182:U2182,
2181,1364-3703,1.45,Mol Plant Pathol,0.98,1.00,0.87,0,127,13,19,21,11,15,20,17,11,,,,,A2183:U2183,
2182,1424-3911,1.19,Pancreatology,0.48,0.31,0.00,0,127,15,17,15,26,10,8,21,15,,,,,A2184:U2184,
2183,1432-0827,1.31,Calcif Tissue Int,0.94,0.57,0.86,0,127,15,14,14,24,21,11,20,8,,,,,A2185:U2185,
2184,1532-7795,1.34,J Res Adolesc,0.96,0.59,0.96,0,127,23,15,10,13,18,11,19,18,,,,,A2186:U2186,
2185,1538-2990,0.57,Am J Med Sci,0.43,0.08,0.00,3,127,12,14,17,10,12,24,13,25,,,,,A2187:U2187,
2186,1742-6723,0.59,Emerg Med Australas,0.88,0.54,0.93,0,127,20,17,10,16,9,24,13,18,,,,,A2188:U2188,
2187,1745-1701,2.07,Schizophr Bull,0.85,0.57,0.85,1,127,,,40,4,33,16,6,28,,,,,A2189:U2189,
2188,1758-2946,1.36,J Cheminform,0.00,1.00,0.19,0,127,16,16,12,19,27,17,13,7,,,,,A2190:U2190,
2189,1878-2620,0.74,J Nutr Educ Behav,0.55,0.53,0.00,0,127,23,15,14,13,17,12,24,9,,,,,A2191:U2191,
2190,1943-3670,1.44,J Periodontol,0.44,0.38,0.79,1,127,20,25,15,17,15,8,14,13,,,,,A2192:U2192,
2191,2040-4603,2.06,Compr Physiol,0.40,0.43,0.88,0,127,15,12,22,19,26,18,13,2,,,,,A2193:U2193,
2192,2211-3436,1.56,Cell Oncol (Dordr),0.76,0.80,0.22,7,127,22,16,14,19,18,17,18,3,,,,,A2194:U2194,
2193,2234-2400,0.71,Clin Endosc,0.00,1.00,0.00,0,127,24,,,34,17,12,,40,,,,,A2195:U2195,
2194,2474-7661,0.7,J Am Acad Orthop Surg Glob Res Rev,1.00,0.98,0.98,0,127,8,22,10,11,11,14,21,30,,,,,A2196:U2196,
2195,2632-3524,0.81,Palliat Care Soc Pract,0.00,1.00,0.97,0,127,15,16,14,14,13,12,21,22,,,,,A2197:U2197,
2196,2768-2765,0.35,J Pediatr Soc North Am,0.00,1.00,0.00,0,127,22,14,15,24,7,20,9,16,,,,,A2198:U2198,
2197,1095-564X,1.04,Dev Biol,0.78,0.57,0.00,0,126,14,14,19,17,12,15,18,17,,,,,A2199:U2199,
2198,1369-1619,0.56,Int J Environ Health Res,0.43,0.12,0.35,1,126,22,15,15,21,11,14,22,6,,,,,A2200:U2200,
2199,1468-3318,2.05,Tob Control,0.00,0.52,0.98,0,126,15,18,7,16,21,19,21,9,,,,,A2201:U2201,
2200,1537-6605,4.2,Am J Hum Genet,0.89,0.75,0.00,1,126,12,15,25,16,13,13,17,15,,,,,A2202:U2202,
2201,1559-064X,1.88,J Expo Sci Environ Epidemiol,0.36,0.31,0.46,1,126,3,6,19,35,18,19,13,13,,,,,A2203:U2203,
2202,1573-689X,1.3,J Med Syst,0.83,0.44,0.39,0,126,14,11,16,28,19,16,17,5,,,,,A2204:U2204,
2203,1748-2631,0.75,Int J Qual Stud Health Well-being,1.00,1.00,0.92,0,126,13,19,28,14,12,7,16,17,,,,,A2205:U2205,
2204,1753-2000,1.62,Child Adolesc Psychiatry Ment Health,0.00,1.00,0.32,0,126,12,20,25,11,16,27,9,6,,,,,A2206:U2206,
2205,1872-7603,0.96,J Reprod Immunol,0.84,0.21,0.00,1,126,17,22,14,19,15,11,14,14,,,,,A2207:U2207,
2206,1878-1551,5.49,Dev Cell,0.85,0.28,0.00,0,126,12,17,23,9,12,16,19,18,,,,,A2208:U2208,
2207,2090-004X,0.78,J Ophthalmol,0.00,1.00,0.99,0,126,18,16,5,20,18,17,19,13,,,,,A2209:U2209,
2208,2213-8595,11.61,Lancet Diabetes Endocrinol,0.33,0.10,0.00,1,126,12,15,20,20,11,22,11,15,,,,,A2210:U2210,
2209,2509-2383,,MAK Collect Occup Health Saf,0.00,1.00,0.00,0,126,46,,,24,16,,,40,,,,,A2211:U2211,
2210,2772-3682,1.95,Lancet Reg Health Southeast Asia,0.00,1.00,0.00,0,126,19,21,15,22,10,18,10,11,,,,,A2212:U2212,
2211,0023-1207,0.16,Khirurgiia (Mosk),0.99,0.00,0.94,1,125,16,18,15,14,15,18,15,14,,,,,A2213:U2213,
2212,1461-7285,1.68,J Psychopharmacol,0.52,0.45,0.98,1,125,9,20,15,10,21,16,12,22,,,,,A2214:U2214,
2213,1479-487X,0.48,Environ Technol,0.94,0.04,0.39,0,125,21,17,14,12,15,19,15,12,,,,,A2215:U2215,
2214,1496-8975,0.86,Can J Anaesth,0.44,0.14,0.93,0,125,11,10,13,20,24,11,17,19,,,,,A2216:U2216,
2215,1530-0285,2.63,Mod Pathol,0.60,0.47,0.00,0,125,18,13,14,12,13,15,14,26,,,,,A2217:U2217,
2216,1530-8561,1.72,Clin Chem,0.37,0.39,0.77,0,125,15,19,16,12,14,20,11,18,,,,,A2218:U2218,
2217,1532-3374,0.54,Int J Obstet Anesth,0.55,0.24,0.00,0,125,17,11,25,11,7,21,20,13,,,,,A2219:U2219,
2218,1545-7230,0.64,Acad Psychiatry,0.10,0.06,0.64,0,125,7,7,21,17,16,17,18,22,,,,,A2220:U2220,
2219,1573-7403,1.16,Pituitary,0.88,0.40,0.60,0,125,10,9,23,13,18,11,27,14,,,,,A2221:U2221,
2220,1748-3190,0.64,Bioinspir Biomim,0.89,0.01,1.00,0,125,24,11,13,16,8,17,24,12,,,,,A2222:U2222,
2221,1758-4469,1.07,Tree Physiol,0.77,0.36,0.96,0,125,11,20,9,20,10,18,20,17,,,,,A2223:U2223,
2222,1863-2661,1.31,Brain Struct Funct,0.94,0.58,0.42,0,125,14,13,17,8,20,16,17,20,,,,,A2224:U2224,
2223,1864-0648,0.5,J Biophotonics,0.94,0.46,0.86,1,125,16,7,24,9,14,23,16,16,,,,,A2225:U2225,
2224,1878-6324,0.45,J Back Musculoskelet Rehabil,0.54,0.05,0.76,1,125,19,16,23,10,22,8,6,21,,,,,A2226:U2226,
2225,1931-7565,0.96,Brain Imaging Behav,1.00,0.29,0.29,0,125,,27,41,16,12,7,12,10,,,,,A2227:U2227,
2226,1980-220X,0.41,Rev Esc Enferm USP,0.97,1.00,0.99,0,125,16,11,26,10,13,13,19,17,,,,,A2228:U2228,
2227,2042-7174,0.52,Int J Pharm Pract,0.09,0.54,1.00,0,125,10,22,20,13,14,9,22,15,,,,,A2229:U2229,
2228,2078-5135,0.37,S Afr Med J,0.65,0.92,0.48,0,125,,,,,,86,,39,,,,,A2230:U2230,
2229,2197-4365,1.09,Bioresour Bioprocess,0.00,1.00,0.84,0,125,20,8,16,18,19,16,10,18,,,,,A2231:U2231,
2230,2213-1582,1.51,Neuroimage Clin,0.74,1.00,0.00,0,125,30,20,13,8,18,11,17,8,,,,,A2232:U2232,
2231,2341-2879,,An Pediatr (Engl Ed),0.37,1.00,0.00,0,125,17,21,16,11,13,13,26,8,,,,,A2233:U2233,
2232,2383-6423,0.16,J Korean Biol Nurs Sci,0.00,1.00,0.90,0,125,,,,,,,,125,,,,,A2234:U2234,
2233,1001-9391,0.17,Zhonghua Lao Dong Wei Sheng Zhi Ye Bing Za Zhi,0.98,0.00,0.00,0,124,16,29,,14,25,20,20,,,,,,A2235:U2235,
2234,1099-0844,0.83,Cell Biochem Funct,1.00,0.40,0.89,2,124,18,11,11,20,11,12,23,18,,,,,A2236:U2236,
2235,1119-3077,0.29,Niger J Clin Pract,0.85,1.00,0.00,0,124,,15,34,15,14,16,1,29,,,,,A2237:U2237,
2236,1365-2052,0.53,Anim Genet,0.89,0.59,0.88,0,124,6,5,15,16,18,30,12,22,,,,,A2238:U2238,
2237,1365-2656,1.48,J Anim Ecol,0.71,0.50,1.00,0,124,11,15,9,19,18,16,23,13,,,,,A2239:U2239,
2238,1436-2023,0.53,J Orthop Sci,0.45,0.14,0.00,5,124,16,11,18,9,10,18,15,27,,,,,A2240:U2240,
2239,1444-0938,0.58,Clin Exp Optom,0.51,0.20,0.92,0,124,20,21,14,16,8,8,22,15,,,,,A2241:U2241,
2240,1532-2297,0.44,Prep Biochem Biotechnol,0.13,0.01,0.39,0,124,14,18,14,15,16,7,28,12,,,,,A2242:U2242,
2241,1549-8425,0.78,J Patient Saf,0.29,0.12,0.74,0,124,15,11,14,20,15,27,14,8,,,,,A2243:U2243,
2242,1572-9729,0.91,Biodegradation,1.00,0.11,0.28,0,124,9,17,20,13,17,14,13,21,,,,,A2244:U2244,
2243,1578-8865,0.25,Semergen,0.48,0.10,0.00,0,124,33,28,11,10,3,12,22,5,,,,,A2245:U2245,
2244,1872-6054,1.44,Health Policy,0.85,0.70,0.00,0,124,7,14,15,17,15,7,28,21,,,,,A2246:U2246,
2245,1872-7972,0.71,Neurosci Lett,0.77,0.31,0.00,3,124,17,17,18,10,16,16,15,15,,,,,A2247:U2247,
2246,1878-0261,1.74,Mol Oncol,0.48,1.00,0.90,7,124,23,14,14,16,13,18,17,9,,,,,A2248:U2248,
2247,1939-4551,1.23,World Allergy Organ J,0.00,1.00,0.00,0,124,19,10,16,21,13,18,12,15,,,,,A2249:U2249,
2248,2226-4787,,Pharmacy (Basel),0.00,1.00,0.98,0,124,10,27,14,11,15,11,20,16,,,,,A2250:U2250,
2249,2287-285X,4.94,Clin Mol Hepatol,0.24,1.00,0.00,0,124,38,31,12,4,4,14,13,8,,,,,A2251:U2251,
2250,2666-1683,1.59,Eur Urol Open Sci,0.00,1.00,0.00,0,124,20,20,9,19,13,14,19,10,,,,,A2252:U2252,
2251,2976-7350,1.09,Subst Use Addctn J,0.29,0.35,1.00,0,124,5,9,16,8,20,16,25,25,,,,,A2253:U2253,
2252,3050-9157,0.25,AACE Endocrinol Diabetes,0.00,1.00,0.00,0,124,,24,,47,,31,22,,,,,,A2254:U2254,
2253,0072-9752,0.49,Handb Clin Neurol,0.97,0.01,0.00,0,123,24,28,22,,49,,,,,,,,A2255:U2255,
2254,0253-3758,0.24,Zhonghua Xin Xue Guan Bing Za Zhi,0.98,0.00,0.00,0,123,17,17,18,,18,20,17,16,,,,,A2256:U2256,
2255,0869-866X,0.12,Probl Sotsialnoi Gig Zdravookhranenniiai Istor Med,1.00,0.00,0.00,0,123,,25,,29,,,69,,,,,,A2257:U2257,
2256,1001-0939,0.23,Zhonghua Jie He He Hu Xi Za Zhi,1.00,0.00,0.00,0,123,13,22,31,,13,29,,15,,,,,A2258:U2258,
2257,1097-0339,0.33,Diagn Cytopathol,0.76,0.41,0.98,0,123,14,19,9,15,15,17,21,13,,,,,A2259:U2259,
2258,1552-7433,2.09,Pers Soc Psychol Bull,0.06,0.48,0.97,0,123,23,15,17,15,16,8,12,17,,,,,A2260:U2260,
2259,1601-5037,0.61,Int J Dent Hyg,0.11,0.09,0.98,0,123,1,3,10,36,24,15,18,16,,,,,A2261:U2261,
2260,1671-167X,0.22,Beijing Da Xue Xue Bao Yi Xue Ban,1.00,1.00,0.00,0,123,,31,,31,,30,31,,,,,,A2262:U2262,
2261,1769-6917,0.28,Bull Cancer,0.44,0.23,0.00,0,123,13,20,28,10,10,14,21,7,,,,,A2263:U2263,
2262,1875-9777,12.0,Cell Stem Cell,0.95,0.42,0.00,0,123,18,13,18,13,17,13,16,15,,,,,A2264:U2264,
2263,1878-013X,0.73,Int Emerg Nurs,0.80,0.34,0.00,0,123,12,19,19,24,11,16,10,12,,,,,A2265:U2265,
2264,1879-1220,0.76,J Steroid Biochem Mol Biol,0.72,0.23,0.00,0,123,15,17,27,14,9,10,19,12,,,,,A2266:U2266,
2265,1879-3134,0.7,Math Biosci,0.91,0.26,0.00,0,123,13,13,18,15,15,17,18,14,,,,,A2267:U2267,
2266,2155-384X,1.14,Clin Transl Gastroenterol,0.70,0.63,0.77,0,123,19,17,19,25,3,15,15,10,,,,,A2268:U2268,
2267,2191-219X,0.86,EJNMMI Res,0.00,0.92,0.82,0,123,16,16,16,25,17,17,14,2,,,,,A2269:U2269,
2268,2631-9268,1.52,NAR Genom Bioinform,0.96,1.00,0.96,0,123,29,15,9,12,11,13,18,16,,,,,A2270:U2270,
2269,2757-6256,0.51,Turk Arch Pediatr,0.00,0.00,1.00,0,123,,,,57,15,19,16,16,,,,,A2271:U2271,
2270,0091-679X,0.24,Methods Cell Biol,0.98,0.04,0.00,0,122,15,28,17,26,14,11,11,,,,,,A2272:U2272,
2271,1089-8646,0.87,Genomics,0.78,1.00,0.00,3,122,23,12,15,19,12,19,11,11,,,,,A2273:U2273,
2272,1366-5847,0.68,Ergonomics,0.01,0.21,0.39,0,122,20,12,14,7,14,18,15,22,,,,,A2274:U2274,
2273,1463-5224,0.48,Vet Ophthalmol,0.93,0.46,0.92,0,122,11,14,12,14,15,17,19,20,,,,,A2275:U2275,
2274,1464-3677,0.68,Int J Qual Health Care,0.61,0.41,0.80,0,122,4,18,19,12,23,14,10,22,,,,,A2276:U2276,
2275,1520-6300,0.62,Am J Hum Biol,0.87,0.44,0.86,1,122,13,22,21,14,12,14,16,10,,,,,A2277:U2277,
2276,1525-2191,1.43,Am J Pathol,0.66,0.53,0.00,0,122,19,19,15,7,23,13,12,14,,,,,A2278:U2278,
2277,1533-712X,0.52,J Clin Psychopharmacol,0.33,0.08,0.86,0,122,12,17,16,16,9,18,25,9,,,,,A2279:U2279,
2278,1535-9484,2.35,Mol Cell Proteomics,0.81,1.00,0.00,0,122,17,18,16,11,20,14,12,14,,,,,A2280:U2280,
2279,1548-4475,0.27,Lab Anim (NY),0.20,0.20,0.28,0,122,2,15,16,18,20,24,15,12,,,,,A2281:U2281,
2280,1573-6768,1.21,Biogerontology,0.95,0.25,0.35,2,122,14,21,13,17,13,12,13,19,,,,,A2282:U2282,
2281,1608-3040,0.61,Biochemistry (Mosc),0.98,0.48,0.00,1,122,,20,32,9,18,,14,29,,,,,A2283:U2283,
2282,1663-2699,0.27,Case Rep Ophthalmol,0.00,1.00,0.00,0,122,18,8,18,12,8,19,20,19,,,,,A2284:U2284,
2283,1758-5732,0.65,Shoulder Elbow,0.00,0.20,0.98,0,122,13,12,17,20,18,11,22,9,,,,,A2285:U2285,
2284,1864-6433,0.61,Ann Nucl Med,0.42,0.25,0.89,0,122,8,19,21,15,23,11,17,8,,,,,A2286:U2286,
2285,1865-3774,0.66,Int J Hematol,0.63,0.19,0.89,1,122,19,14,22,15,13,11,15,13,,,,,A2287:U2287,
2286,1872-9126,1.02,Appl Ergon,0.93,0.58,0.00,0,122,18,14,17,13,20,13,14,13,,,,,A2288:U2288,
2287,1873-6807,2.11,Body Image,0.98,0.59,0.00,0,122,11,23,15,10,16,21,14,12,,,,,A2289:U2289,
2288,1939-4586,1.44,Mol Biol Cell,0.88,0.42,0.51,0,122,12,14,15,19,19,15,13,15,,,,,A2290:U2290,
2289,2038-1840,0.13,Recenti Prog Med,0.52,0.00,0.00,0,122,20,36,10,12,8,17,19,,,,,,A2291:U2291,
2290,2191-0251,0.36,J Pediatr Endocrinol Metab,0.60,0.25,0.75,0,122,10,11,13,17,23,13,16,19,,,,,A2292:U2292,
2291,2409-9279,0.56,Methods Protoc,0.00,1.00,0.98,0,122,14,16,20,16,11,23,9,13,,,,,A2293:U2293,
2292,2772-6967,0.44,JSAMS Plus,0.00,1.00,0.00,0,122,,,99,,4,11,7,1,,,,,A2294:U2294,
2293,2948-2836,,NPJ Cardiovasc Health,0.00,0.99,0.04,0,122,,2,87,7,11,7,6,2,,,,,A2295:U2295,
2294,1000-0607,0.31,Zhen Ci Yan Jiu,1.00,1.00,0.00,0,121,15,15,15,15,14,15,16,16,,,,,A2296:U2296,
2295,1099-0879,1.3,Clin Psychol Psychother,0.94,0.62,0.93,0,121,15,17,19,21,12,11,10,16,,,,,A2297:U2297,
2296,1469-7610,3.12,J Child Psychol Psychiatry,0.64,0.52,0.91,1,121,22,11,13,12,14,21,13,15,,,,,A2298:U2298,
2297,1471-9053,1.59,Plant Cell Physiol,0.42,0.40,0.98,0,121,12,17,13,16,18,14,22,9,,,,,A2299:U2299,
2298,1473-0502,0.41,Transfus Apher Sci,0.68,0.14,0.00,1,121,11,25,8,16,11,18,15,17,,,,,A2300:U2300,
2299,1531-2291,0.92,J Orthop Trauma,0.53,0.00,0.68,0,121,11,12,9,24,18,11,27,9,,,,,A2301:U2301,
2300,1540-9538,5.83,J Exp Med,0.89,0.53,0.94,2,121,8,15,19,16,17,18,16,12,,,,,A2302:U2302,
2301,1671-0274,0.2,Zhonghua Wei Chang Wai Ke Za Zhi,1.00,0.00,0.00,0,121,20,12,18,18,18,19,16,,,,,,A2303:U2303,
2302,1878-4372,3.32,Trends Plant Sci,0.48,0.25,0.00,0,121,8,2,21,24,21,19,23,3,,,,,A2304:U2304,
2303,1938-3673,1.2,J Leukoc Biol,0.88,0.59,0.95,0,121,18,12,13,12,12,23,18,13,,,,,A2305:U2305,
2304,2046-6390,0.67,Biol Open,0.89,1.00,0.98,2,121,16,10,18,14,17,18,12,16,,,,,A2306:U2306,
2305,2095-4697,0.54,Quant Biol,0.00,1.00,0.27,0,121,,121,,,,,,,,,,,A2307:U2307,
2306,2326-6929,0.28,Cutis,0.41,0.00,0.00,0,121,24,,24,16,15,,31,11,,,,,A2308:U2308,
2307,2352-6440,0.2,Trauma Case Rep,0.00,1.00,0.00,0,121,2,14,14,1,30,40,8,12,,,,,A2309:U2309,
2308,1479-7364,1.46,Hum Genomics,0.88,1.00,0.13,0,120,15,29,13,17,22,15,9,,,,,,A2310:U2310,
2309,1535-7597,0.3,Epilepsy Curr,0.00,1.00,0.98,0,120,15,16,29,17,3,14,14,12,,,,,A2311:U2311,
2310,1536-7290,1.14,Eur J Sport Sci,0.96,1.00,0.96,0,120,12,21,14,15,13,16,13,16,,,,,A2312:U2312,
2311,1539-2031,0.94,J Clin Gastroenterol,0.29,0.03,0.57,0,120,20,18,11,14,20,17,16,4,,,,,A2313:U2313,
2312,1744-5108,0.41,Orbit,0.51,0.04,0.35,0,120,14,16,16,16,21,14,14,9,,,,,A2314:U2314,
2313,1881-6096,,Brain Nerve,1.00,0.00,0.00,0,120,8,8,15,9,43,17,11,9,,,,,A2315:U2315,
2314,2090-6749,,Case Rep Orthop,0.00,1.00,1.00,0,120,7,5,7,24,20,23,20,14,,,,,A2316:U2316,
2315,2173-5794,,Arch Soc Esp Oftalmol (Engl Ed),0.54,0.00,0.00,1,120,7,19,25,22,19,13,7,8,,,,,A2317:U2317,
2316,2254-9625,0.89,Eur J Investig Health Psychol Educ,0.00,1.00,0.99,1,120,15,16,15,10,15,14,22,13,,,,,A2318:U2318,
2317,2731-7153,0.27,Orthopadie (Heidelb),0.47,0.11,0.07,3,120,12,17,22,21,12,8,21,7,,,,,A2319:U2319,
2318,1097-0045,1.01,Prostate,0.78,0.51,0.90,3,119,17,8,23,13,25,7,13,13,,,,,A2320:U2320,
2319,1097-6795,1.9,J Am Soc Echocardiogr,0.23,0.16,0.00,0,119,5,14,14,14,18,17,15,22,,,,,A2321:U2321,
2320,1439-4413,0.16,Dtsch Med Wochenschr,0.75,0.03,0.16,0,119,9,13,17,15,22,7,19,17,,,,,A2322:U2322,
2321,1470-7330,1.16,Cancer Imaging,0.83,1.00,0.16,0,119,15,18,12,14,17,24,13,6,,,,,A2323:U2323,
2322,1549-9642,0.85,Nanomedicine,0.93,0.15,0.00,1,119,12,12,19,15,11,20,16,14,,,,,A2324:U2324,
2323,1550-5022,0.82,J Public Health Manag Pract,0.60,0.21,0.93,0,119,22,11,4,2,22,16,20,22,,,,,A2325:U2325,
2324,1616-5195,0.81,Macromol Biosci,0.98,0.50,0.91,1,119,28,16,9,11,10,9,20,16,,,,,A2326:U2326,
2325,1860-7314,0.76,Biotechnol J,1.00,0.56,0.83,0,119,11,18,14,9,18,22,16,11,,,,,A2327:U2327,
2326,1873-4030,0.49,Med Eng Phys,0.87,0.03,0.85,0,119,,42,12,6,9,7,25,18,,,,,A2328:U2328,
2327,1873-5010,1.91,J Cyst Fibros,0.45,0.42,0.00,0,119,13,11,22,15,18,16,14,10,,,,,A2329:U2329,
2328,1938-2391,1.15,J Refract Surg,0.80,0.51,0.00,0,119,12,13,13,14,19,16,18,14,,,,,A2330:U2330,
2329,2000-2297,1.44,J Oral Microbiol,0.00,1.00,0.71,0,119,19,9,17,12,8,26,11,17,,,,,A2331:U2331,
2330,2039-4330,0.53,Audiol Res,0.00,1.00,0.94,0,119,12,16,18,16,16,16,6,19,,,,,A2332:U2332,
2331,2095-4352,0.19,Zhonghua Wei Zhong Bing Ji Jiu Yi Xue,1.00,0.00,0.00,0,119,15,,32,17,14,15,15,11,,,,,A2333:U2333,
2332,2327-2228,,R I Med J (2013),0.57,1.00,0.00,0,119,16,12,16,16,15,15,15,14,,,,,A2334:U2334,
2333,2327-6924,0.46,J Am Assoc Nurse Pract,0.45,0.04,0.86,0,119,13,13,15,10,12,21,20,15,,,,,A2335:U2335,
2334,2451-9030,1.76,Biol Psychiatry Cogn Neurosci Neuroimaging,0.15,0.55,0.00,0,119,11,14,14,16,17,12,19,16,,,,,A2336:U2336,
2335,2665-9913,6.17,Lancet Rheumatol,0.31,0.13,0.00,0,119,14,14,18,9,19,16,10,19,,,,,A2337:U2337,
2336,2673-3986,0.69,Epidemiologia (Basel),0.00,1.00,0.97,0,119,13,16,14,15,14,15,16,16,,,,,A2338:U2338,
2337,2691-1191,0.43,JASA Express Lett,0.59,1.00,0.94,0,119,13,12,23,18,7,13,18,15,,,,,A2339:U2339,
2338,1349-3329,0.45,Tohoku J Exp Med,0.13,1.00,0.00,0,118,18,15,16,20,13,18,7,11,,,,,A2340:U2340,
2339,1476-5640,1.05,Eur J Clin Nutr,0.52,0.25,0.99,1,118,4,12,18,23,15,11,16,19,,,,,A2341:U2341,
2340,1520-6394,1.14,Depress Anxiety,0.95,1.00,0.95,0,118,3,13,6,18,18,7,32,21,,,,,A2342:U2342,
2341,1520-8532,0.41,J Opt Soc Am A Opt Image Sci Vis,0.05,0.00,0.00,0,118,,,60,17,,41,,,,,,,A2343:U2343,
2342,1532-4117,0.5,J Environ Sci Health A Tox Hazard Subst Environ Eng,0.79,0.08,0.64,0,118,17,16,17,8,14,21,10,15,,,,,A2344:U2344,
2343,1552-4604,0.77,J Clin Pharmacol,0.86,0.70,0.78,0,118,10,11,8,18,19,8,25,19,,,,,A2345:U2345,
2344,1618-1905,0.59,Int Microbiol,0.40,0.48,0.31,0,118,13,11,16,28,10,13,17,10,,,,,A2346:U2346,
2345,1749-4877,0.96,Integr Zool,0.13,0.13,0.67,0,118,12,14,13,25,13,11,14,16,,,,,A2347:U2347,
2346,1872-9096,1.35,Antiviral Res,0.96,0.44,0.00,0,118,12,15,12,14,19,15,16,15,,,,,A2348:U2348,
2347,1932-7447,0.82,J Phys Chem C Nanomater Interfaces,0.00,1.00,0.97,0,118,7,18,17,17,13,15,18,13,,,,,A2349:U2349,
2348,2056-9920,1.06,Int J Retina Vitreous,0.00,1.00,0.27,0,118,13,21,16,15,17,23,10,3,,,,,A2350:U2350,
2349,2194-7236,0.69,Urolithiasis,0.73,0.20,0.41,0,118,22,13,19,21,9,13,9,12,,,,,A2351:U2351,
2350,2210-6014,1.09,J Epidemiol Glob Health,0.80,1.00,0.41,2,118,10,13,22,17,29,7,19,1,,,,,A2352:U2352,
2351,2212-8778,2.92,Mol Metab,0.92,1.00,0.00,2,118,10,17,16,18,11,23,17,6,,,,,A2353:U2353,
2352,2220-6124,0.53,World J Nephrol,0.00,1.00,0.00,0,118,30,,27,,,,32,29,,,,,A2354:U2354,
2353,2369-2960,1.36,JMIR Public Health Surveill,0.94,1.00,0.98,1,118,10,18,20,23,11,16,10,10,,,,,A2355:U2355,
2354,2379-139X,0.61,Tomography,0.97,1.00,0.94,0,118,12,16,15,15,17,15,17,11,,,,,A2356:U2356,
2355,2473-4276,1.17,JCO Clin Cancer Inform,0.87,0.35,0.97,0,118,18,11,24,15,8,18,17,7,,,,,A2357:U2357,
2356,2577-171X,0.22,IJU Case Rep,0.00,1.00,0.97,0,118,15,8,10,20,10,18,21,16,,,,,A2358:U2358,
2357,2674-0826,0.62,Front Ophthalmol (Lausanne),0.00,1.00,0.00,0,118,12,12,15,10,18,13,23,15,,,,,A2359:U2359,
2358,1013-9052,0.6,Saudi Dent J,0.00,1.00,0.39,0,117,12,10,19,18,16,15,15,12,,,,,A2360:U2360,
2359,1092-0684,0.96,Neurosurg Focus,0.75,0.02,0.00,0,117,19,10,2,14,21,15,16,20,,,,,A2361:U2361,
2360,1432-1416,0.91,J Math Biol,0.97,0.42,0.89,0,117,5,13,20,20,12,13,19,15,,,,,A2362:U2362,
2361,1432-1955,0.52,Parasitol Res,0.85,0.90,0.38,2,117,13,19,21,14,20,16,14,,,,,,A2363:U2363,
2362,1460-2202,0.69,Curr Eye Res,0.62,0.15,0.67,0,117,17,17,15,14,13,10,15,16,,,,,A2364:U2364,
2363,1465-2080,1.24,Microbiology (Reading),0.94,1.00,0.00,0,117,18,14,12,11,15,13,16,18,,,,,A2365:U2365,
2364,1568-5624,0.57,J Biomater Sci Polym Ed,0.00,0.04,0.77,0,117,9,10,17,5,7,27,22,20,,,,,A2366:U2366,
2365,1573-4935,1.02,Biosci Rep,0.64,1.00,0.85,58,117,7,12,14,18,20,11,14,21,,,,,A2367:U2367,
2366,1862-3514,0.75,Arch Osteoporos,0.95,0.52,0.40,0,117,10,19,14,15,8,13,12,26,,,,,A2368:U2368,
2367,1873-4332,0.6,J Pediatr Adolesc Gynecol,0.22,0.21,0.00,2,117,6,17,12,12,19,23,14,14,,,,,A2369:U2369,
2368,1873-5894,0.6,Magn Reson Imaging,0.72,0.31,0.00,1,117,18,10,11,14,12,17,12,23,,,,,A2370:U2370,
2369,1879-1131,0.71,Clin Dermatol,0.41,0.15,0.00,0,117,9,20,7,14,13,11,24,19,,,,,A2371:U2371,
2370,1940-3372,1.13,Plant Genome,0.94,1.00,0.96,0,117,16,15,25,12,15,11,9,14,,,,,A2372:U2372,
2371,1941-7632,2.98,Circ Cardiovasc Interv,0.45,0.21,0.98,0,117,17,20,19,15,19,9,7,11,,,,,A2373:U2373,
2372,2212-4268,0.6,J Oral Biol Craniofac Res,0.00,1.00,0.00,0,117,21,26,9,10,11,13,14,13,,,,,A2374:U2374,
2373,2514-1775,0.74,Rheumatol Adv Pract,0.00,1.00,0.95,0,117,18,15,11,15,10,18,9,21,,,,,A2375:U2375,
2374,2666-061X,0.96,Arthrosc Sports Med Rehabil,0.00,1.00,0.47,0,117,61,,,,,,50,6,,,,,A2376:U2376,
2375,0971-5894,0.83,Physiol Mol Biol Plants,0.00,0.16,0.75,1,116,,25,14,,16,30,14,17,,,,,A2377:U2377,
2376,1096-4673,0.56,Issues Ment Health Nurs,0.60,0.22,0.76,0,116,23,22,16,8,7,14,13,13,,,,,A2378:U2378,
2377,1178-6965,0.98,J Asthma Allergy,0.00,1.00,0.85,0,116,3,10,27,17,15,18,15,11,,,,,A2379:U2379,
2378,1293-8505,0.19,Rev Infirm,0.71,0.00,0.00,0,116,17,20,,34,16,15,,14,,,,,A2380:U2380,
2379,1465-2099,1.17,J Gen Virol,0.99,0.87,0.00,0,116,10,19,16,11,14,15,13,18,,,,,A2381:U2381,
2380,1469-8161,0.69,Parasitology,0.01,0.32,0.49,0,116,16,15,13,15,10,17,19,11,,,,,A2382:U2382,
2381,1502-7708,0.68,Scand J Gastroenterol,0.72,0.38,0.42,0,116,15,18,13,15,14,13,14,14,,,,,A2383:U2383,
2382,1526-4637,1.02,Pain Med,0.28,0.28,0.70,1,116,21,18,10,12,9,13,15,18,,,,,A2384:U2384,
2383,1528-3933,0.51,J AAPOS,0.86,0.27,0.00,0,116,8,23,26,9,18,6,22,4,,,,,A2385:U2385,
2384,1532-6551,0.77,J Nucl Cardiol,0.25,0.20,0.00,1,116,15,8,23,15,14,17,12,12,,,,,A2386:U2386,
2385,1552-4981,0.62,J Biomed Mater Res B Appl Biomater,0.97,0.03,0.85,0,116,13,9,18,16,11,20,10,19,,,,,A2387:U2387,
2386,1573-7241,1.02,Cardiovasc Drugs Ther,0.09,0.03,0.41,0,116,15,12,18,7,13,8,21,22,,,,,A2388:U2388,
2387,1680-0745,,Cardiovasc J Afr,0.97,0.00,0.00,0,116,,47,17,3,1,35,8,5,,,,,A2389:U2389,
2388,1743-1328,0.55,Neurol Res,0.03,0.08,0.77,1,116,21,13,21,12,17,10,12,10,,,,,A2390:U2390,
2389,1872-9142,0.97,Mol Immunol,0.98,0.16,0.00,0,116,15,14,10,14,20,15,13,15,,,,,A2391:U2391,
2390,1878-3503,0.55,Trans R Soc Trop Med Hyg,0.65,0.21,0.92,0,116,9,17,15,22,15,6,14,18,,,,,A2392:U2392,
2391,1938-2707,0.36,Clin Pediatr (Phila),0.51,0.15,0.98,0,116,17,14,21,15,8,16,10,15,,,,,A2393:U2393,
2392,1944-7876,1.29,Foot Ankle Int,0.64,0.11,0.96,0,116,14,12,17,16,12,11,14,20,,,,,A2394:U2394,
2393,2008-9872,0.34,Arch Razi Inst,0.99,1.00,0.00,0,116,,,30,28,2,27,,29,,,,,A2395:U2395,
2394,2057-3804,0.85,Cardiooncology,0.00,0.86,0.22,0,116,23,14,10,19,23,15,12,,,,,,A2396:U2396,
2395,2509-9280,1.12,Eur Radiol Exp,0.97,1.00,0.99,0,116,9,11,17,20,23,21,10,5,,,,,A2397:U2397,
2396,2583-150X,,Natl Med J India,0.50,1.00,0.00,0,116,,69,,,,47,,,,,,,A2398:U2398,
2397,2667-1743,1.63,Biol Psychiatry Glob Open Sci,0.00,1.00,0.00,0,116,17,19,14,12,9,19,15,11,,,,,A2399:U2399,
2398,2950-6050,,JTCVS Struct Endovasc,0.00,1.00,0.00,0,116,,,,1,1,108,5,1,,,,,A2400:U2400,
2399,1179-1608,1.03,Nat Sci Sleep,0.00,1.00,0.88,1,115,2,4,22,12,15,21,11,28,,,,,A2401:U2401,
2400,1361-6498,0.42,J Radiol Prot,0.89,0.03,0.98,1,115,13,10,15,16,12,18,19,12,,,,,A2402:U2402,
2401,1435-1102,1.18,Arch Womens Ment Health,0.90,0.57,0.37,0,115,29,13,17,11,19,10,11,5,,,,,A2403:U2403,
2402,1460-9584,0.92,Foot Ankle Surg,0.35,0.20,0.00,0,115,14,6,12,11,18,17,24,13,,,,,A2404:U2404,
2403,1545-0066,1.01,Prehosp Emerg Care,0.11,0.24,0.68,0,115,15,14,13,9,13,17,18,16,,,,,A2405:U2405,
2404,1578-2735,0.49,Actas Esp Psiquiatr,0.99,1.00,0.00,0,115,,20,,27,,32,,36,,,,,A2406:U2406,
2405,1687-9627,0.21,Case Rep Med,0.00,1.00,0.98,0,115,11,21,10,12,15,17,13,16,,,,,A2407:U2407,
2406,1746-1561,0.67,J Sch Health,0.87,0.60,0.94,0,115,16,9,11,12,16,13,23,15,,,,,A2408:U2408,
2407,1748-717X,1.05,Radiat Oncol,0.82,1.00,0.21,0,115,10,16,22,12,19,20,14,2,,,,,A2409:U2409,
2408,1873-4138,1.4,Meat Sci,0.97,0.43,0.00,1,115,14,15,13,12,7,24,13,17,,,,,A2410:U2410,
2409,1876-4738,1.08,J Cardiol,0.32,0.19,0.00,0,115,16,14,14,12,12,15,21,11,,,,,A2411:U2411,
2410,1879-0771,1.25,Comput Med Imaging Graph,0.96,0.22,0.00,1,115,21,23,16,11,12,11,10,11,,,,,A2412:U2412,
2411,1949-8357,1.19,J Grad Med Educ,0.39,1.00,0.94,0,115,,23,,36,,26,,30,,,,,A2413:U2413,
2412,2036-749X,0.46,Pediatr Rep,0.00,1.00,0.95,1,115,12,18,14,17,8,13,16,17,,,,,A2414:U2414,
2413,2053-8790,1.44,Lupus Sci Med,0.96,1.00,0.99,0,115,8,9,14,18,14,18,19,15,,,,,A2415:U2415,
2414,2090-6625,,Case Rep Infect Dis,0.00,1.00,0.99,0,115,7,15,5,16,14,28,20,10,,,,,A2416:U2416,
2415,2197-425X,0.89,Intensive Care Med Exp,0.00,1.00,0.95,0,115,9,13,18,18,6,17,22,12,,,,,A2417:U2417,
2416,2309-4990,0.58,J Orthop Surg (Hong Kong),0.98,1.00,0.98,0,115,15,15,15,12,10,15,12,21,,,,,A2418:U2418,
2417,2638-616X,1.08,Radiol Imaging Cancer,0.47,0.95,0.98,0,115,15,14,24,16,15,12,13,6,,,,,A2419:U2419,
2418,2769-2558,0.4,PCN Rep,0.00,1.00,0.94,0,115,10,15,10,18,6,26,15,15,,,,,A2420:U2420,
2419,3005-1959,0.48,Npj Health Syst,0.00,1.00,0.06,0,115,1,4,3,1,1,6,86,13,,,,,A2421:U2421,
2420,1437-1588,0.48,Bundesgesundheitsblatt Gesundheitsforschung Gesundheitsschutz,0.64,0.67,0.02,0,114,14,13,20,17,11,12,17,10,,,,,A2422:U2422,
2421,1447-0349,1.32,Int J Ment Health Nurs,0.82,0.63,0.94,0,114,19,16,7,12,6,22,20,12,,,,,A2423:U2423,
2422,1469-7580,0.69,J Anat,0.30,0.68,0.93,0,114,12,12,11,23,13,16,17,10,,,,,A2424:U2424,
2423,1470-2738,1.44,J Epidemiol Community Health,0.40,0.32,0.98,0,114,12,10,18,15,11,13,18,17,,,,,A2425:U2425,
2424,1522-1229,0.42,Adv Physiol Educ,0.68,1.00,0.98,0,114,9,11,20,15,14,19,12,14,,,,,A2426:U2426,
2425,1534-7362,0.73,J Vis,1.00,1.00,0.00,0,114,25,13,14,12,12,12,17,9,,,,,A2427:U2427,
2426,1542-6270,0.82,Ann Pharmacother,0.20,0.08,0.99,0,114,10,17,12,13,14,10,22,16,,,,,A2428:U2428,
2427,1662-5188,0.69,Front Comput Neurosci,0.00,1.00,0.00,1,114,6,19,11,13,11,14,21,19,,,,,A2429:U2429,
2428,1708-8186,0.75,Int J Audiol,0.04,0.60,0.63,0,114,14,17,13,10,17,12,16,15,,,,,A2430:U2430,
2429,1751-7893,1.05,Early Interv Psychiatry,0.91,0.73,0.90,0,114,15,,24,6,5,28,31,5,,,,,A2431:U2431,
2430,1876-8784,0.12,Ned Tijdschr Geneeskd,1.00,0.00,0.00,0,114,10,22,15,14,5,19,7,22,,,,,A2432:U2432,
2431,1879-0429,1.98,Curr Opin Biotechnol,1.00,0.46,0.00,0,114,23,18,8,11,19,18,9,8,,,,,A2433:U2433,
2432,1996-3181,0.79,CNS Neurol Disord Drug Targets,0.02,0.00,0.55,0,114,11,3,23,25,22,17,7,6,,,,,A2434:U2434,
2433,2150-1149,0.9,Pain Physician,0.71,1.00,0.00,0,114,13,14,,31,,26,,30,,,,,A2435:U2435,
2434,2155-5435,3.54,ACS Catal,0.00,0.99,0.89,0,114,22,30,23,23,4,5,5,2,,,,,A2436:U2436,
2435,2397-9070,0.55,JGH Open,0.00,1.00,0.96,0,114,13,18,19,25,8,9,13,9,,,,,A2437:U2437,
2436,2632-6140,0.85,BMJ Neurol Open,0.00,1.00,0.99,1,114,13,10,19,17,19,13,17,6,,,,,A2438:U2438,
2437,2666-5662,0.95,Food Chem (Oxf),0.00,1.00,0.00,0,114,17,20,12,18,13,17,8,9,,,,,A2439:U2439,
2438,2694-250X,1.07,ACS Meas Sci Au,0.00,1.00,1.00,0,114,,23,,27,,26,,38,,,,,A2440:U2440,
2439,2737-5935,0.48,Singapore Med J,0.18,1.00,0.05,0,114,12,9,13,25,14,7,24,10,,,,,A2441:U2441,
2440,1438-8677,1.07,Plant Biol (Stuttg),0.60,0.42,0.94,1,113,14,14,15,8,11,20,23,8,,,,,A2442:U2442,
2441,1477-7525,1.11,Health Qual Life Outcomes,0.82,1.00,0.36,0,113,11,20,17,17,17,17,12,2,,,,,A2443:U2443,
2442,1537-2537,0.74,J Environ Qual,0.91,0.77,0.96,0,113,13,12,13,14,11,12,12,26,,,,,A2444:U2444,
2443,1561-9125,0.14,Adv Gerontol,1.00,0.00,0.00,0,113,20,,19,,37,17,20,,,,,,A2445:U2445,
2444,1573-3599,0.83,J Genet Couns,0.94,0.58,0.96,0,113,16,10,10,18,16,15,20,8,,,,,A2446:U2446,
2445,1600-0463,0.73,APMIS,0.96,0.42,0.91,0,113,27,17,18,12,13,5,10,11,,,,,A2447:U2447,
2446,1747-0226,0.78,Q J Exp Psychol (Hove),0.34,0.37,0.99,0,113,12,20,15,16,17,4,9,20,,,,,A2448:U2448,
2447,1881-4883,,Nihon Hoshasen Gijutsu Gakkai Zasshi,0.33,1.00,0.20,0,113,11,15,14,17,13,16,13,14,,,,,A2449:U2449,
2448,1934-1563,0.76,PM R,0.20,0.22,0.81,0,113,17,9,12,20,15,14,15,11,,,,,A2450:U2450,
2449,1944-0057,0.52,Food Addit Contam Part A Chem Anal Control Expo Risk Assess,0.70,0.20,0.58,0,113,19,14,7,12,11,13,17,20,,,,,A2451:U2451,
2450,1976-1902,1.24,Asian Spine J,0.00,1.00,0.00,0,113,13,17,23,19,3,5,22,11,,,,,A2452:U2452,
2451,2096-7993,0.16,Lin Chuang Er Bi Yan Hou Tou Jing Wai Ke Za Zhi,0.97,0.44,0.00,0,113,18,17,,31,16,,17,14,,,,,A2453:U2453,
2452,2193-6226,0.32,Med Klin Intensivmed Notfmed,0.19,0.06,0.37,0,113,41,12,12,12,11,10,12,3,,,,,A2454:U2454,
2453,2352-3026,6.9,Lancet Haematol,0.42,0.11,0.00,0,113,11,10,16,11,13,19,21,12,,,,,A2455:U2455,
2454,2690-442X,0.55,Skin Health Dis,0.00,1.00,0.81,0,113,,11,,19,,30,,53,,,,,A2456:U2456,
2455,2773-2169,1.08,Pharm Sci Adv,0.00,1.00,0.00,0,113,85,,6,6,2,4,5,5,,,,,A2457:U2457,
2456,3068-563X,,Circ Popul Health Outcomes,0.49,0.50,0.95,0,113,1,45,7,17,4,7,19,13,,,,,A2458:U2458,
2457,1130-0108,0.27,Rev Esp Enferm Dig,0.11,1.00,0.79,0,112,24,6,14,12,16,13,20,7,,,,,A2459:U2459,
2458,1470-8728,1.58,Biochem J,0.88,0.65,0.92,8,112,13,6,16,16,14,17,13,17,,,,,A2460:U2460,
2459,1478-7083,0.48,Ann R Coll Surg Engl,0.14,1.00,0.12,1,112,23,9,15,13,12,10,17,13,,,,,A2461:U2461,
2460,1522-9653,2.82,Osteoarthritis Cartilage,0.54,0.56,0.00,0,112,10,16,17,14,16,11,16,12,,,,,A2462:U2462,
2461,1532-1940,0.62,Br J Oral Maxillofac Surg,0.37,0.09,0.00,0,112,14,18,12,9,13,17,12,17,,,,,A2463:U2463,
2462,1532-429X,1.67,J Cardiovasc Magn Reson,0.47,1.00,0.00,0,112,19,6,15,18,10,22,11,11,,,,,A2464:U2464,
2463,1540-3602,0.86,J Homosex,0.01,0.33,0.91,0,112,9,17,14,12,13,15,6,26,,,,,A2465:U2465,
2464,1552-4965,0.81,J Biomed Mater Res A,0.96,0.12,0.83,0,112,19,18,12,19,8,12,16,8,,,,,A2466:U2466,
2465,1573-6555,0.6,J Psycholinguist Res,0.79,0.19,0.71,22,112,15,11,8,24,3,33,3,15,,,,,A2467:U2467,
2466,1573-7284,2.52,Eur J Epidemiol,0.44,0.37,0.85,0,112,24,16,15,4,17,11,18,7,,,,,A2468:U2468,
2467,1618-131X,1.37,Int J Hyg Environ Health,0.92,0.61,0.00,0,112,8,12,14,10,24,18,15,11,,,,,A2469:U2469,
2468,1673-0860,0.17,Zhonghua Er Bi Yan Hou Tou Jing Wai Ke Za Zhi,0.91,0.00,0.00,0,112,15,16,,28,16,15,21,1,,,,,A2470:U2470,
2469,1687-8337,0.75,Int J Endocrinol,0.00,1.00,0.96,2,112,25,16,5,13,13,15,13,12,,,,,A2471:U2471,
2470,1868-6982,1.37,J Hepatobiliary Pancreat Sci,0.42,0.31,0.89,0,112,18,17,15,16,15,12,10,9,,,,,A2472:U2472,
2471,1873-0329,0.54,Parasitol Int,0.96,0.21,0.00,1,112,9,11,8,17,20,13,20,14,,,,,A2473:U2473,
2472,1939-2222,1.94,J Exp Psychol Gen,0.86,0.07,0.91,1,112,22,7,7,12,11,25,10,18,,,,,A2474:U2474,
2473,1996-9805,0.81,Eur Arch Paediatr Dent,0.41,0.25,0.14,0,112,18,13,16,12,12,15,10,16,,,,,A2475:U2475,
2474,2048-8734,1.6,Eur Heart J Acute Cardiovasc Care,0.23,1.00,0.93,0,112,20,9,18,15,14,12,11,13,,,,,A2476:U2476,
2475,2308-3417,0.67,Geriatrics (Basel),0.00,1.00,0.96,0,112,10,12,11,17,14,10,18,20,,,,,A2477:U2477,
2476,2325-9582,0.74,J Int Assoc Provid AIDS Care,0.95,1.00,0.95,0,112,8,13,8,16,19,16,21,11,,,,,A2478:U2478,
2477,2374-3735,0.67,J Patient Exp,0.00,1.00,0.97,0,112,22,14,6,12,6,32,9,11,,,,,A2479:U2479,
2478,2405-4720,4.95,Cell Syst,0.78,0.56,0.00,0,112,5,23,16,17,9,15,15,12,,,,,A2480:U2480,
2479,2965-2774,0.62,Crit Care Sci,0.45,1.00,0.99,0,112,2,14,12,23,6,12,20,23,,,,,A2481:U2481,
2480,0972-7531,0.53,Ann Neurosci,0.00,1.00,0.95,0,111,16,9,19,7,9,14,21,16,,,,,A2482:U2482,
2481,1464-5351,0.77,Cult Health Sex,0.08,0.41,0.56,0,111,19,9,17,10,13,10,15,18,,,,,A2483:U2483,
2482,1470-8736,2.09,Clin Sci (Lond),0.93,0.39,0.97,4,111,16,9,13,15,20,17,10,11,,,,,A2484:U2484,
2483,1531-135X,1.37,Cogn Affect Behav Neurosci,0.59,0.29,0.58,0,111,16,15,19,16,17,10,7,11,,,,,A2485:U2485,
2484,1532-0480,1.32,J Biomed Inform,0.90,0.38,0.00,0,111,13,11,29,17,8,12,12,9,,,,,A2486:U2486,
2485,1552-6372,0.7,Health Promot Pract,0.13,0.32,0.99,0,111,22,11,15,13,18,7,13,12,,,,,A2487:U2487,
2486,1618-1328,1.17,J Plant Physiol,0.79,0.23,0.00,0,111,19,11,15,14,12,9,21,10,,,,,A2488:U2488,
2487,1758-1877,0.48,Pain Manag,0.64,0.14,0.50,0,111,19,7,11,21,16,18,9,10,,,,,A2489:U2489,
2488,1920-7476,0.82,Can J Public Health,0.14,0.09,0.89,0,111,8,13,19,33,8,7,15,8,,,,,A2490:U2490,
2489,1943-7722,0.71,Am J Clin Pathol,0.87,0.17,0.75,0,111,2,13,18,12,19,28,10,9,,,,,A2491:U2491,
2490,1998-4030,0.38,Noise Health,0.97,1.00,0.00,2,111,32,,24,,28,,27,,,,,,A2492:U2492,
2491,2784-8450,0.55,Ital J Dermatol Venerol,0.25,0.25,0.00,0,111,17,7,28,16,24,10,5,4,,,,,A2493:U2493,
2492,0970-2113,0.34,Lung India,0.00,1.00,0.00,0,110,,28,,1,23,31,1,26,,,,,A2494:U2494,
2493,1438-8685,0.19,Laryngorhinootologie,0.18,0.01,0.15,0,110,12,15,13,15,11,14,18,12,,,,,A2495:U2495,
2494,1468-1293,1.06,HIV Med,0.58,0.34,0.95,0,110,12,12,14,21,12,13,15,11,,,,,A2496:U2496,
2495,1532-5946,1.08,Mem Cognit,0.46,0.33,0.49,0,110,23,13,12,15,11,11,12,13,,,,,A2497:U2497,
2496,1538-8689,0.19,Nursing,0.44,0.01,0.00,0,110,14,15,13,15,14,14,14,11,,,,,A2498:U2498,
2497,1560-2281,0.76,J Biomed Opt,0.96,1.00,0.94,0,110,14,15,24,8,9,9,16,15,,,,,A2499:U2499,
2498,1569-8041,21.72,Ann Oncol,0.40,0.37,0.00,2,110,12,16,10,18,19,17,6,12,,,,,A2500:U2500,
2499,1573-9104,0.73,Plant Foods Hum Nutr,0.98,0.34,0.55,0,110,10,9,16,9,20,16,17,13,,,,,A2501:U2501,
2500,1578-1267,0.45,Allergol Immunopathol (Madr),0.91,0.01,0.00,0,110,26,1,32,1,26,,24,,,,,,A2502:U2502,
2501,1600-0617,3.57,Eur Respir Rev,0.90,1.00,0.79,0,110,13,15,11,11,18,13,18,11,,,,,A2503:U2503,
2502,1743-7075,1.04,Nutr Metab (Lond),0.00,1.00,0.25,1,110,16,14,12,11,23,18,15,1,,,,,A2504:U2504,
2503,1752-4571,0.96,Evol Appl,0.00,1.00,0.97,0,110,6,11,1,30,10,23,19,10,,,,,A2505:U2505,
2504,1872-6232,0.76,Early Hum Dev,0.86,0.45,0.00,0,110,10,15,14,15,15,19,11,11,,,,,A2506:U2506,
2505,1873-3379,0.87,Res Dev Disabil,0.96,0.47,0.00,1,110,29,16,8,10,11,9,17,10,,,,,A2507:U2507,
2506,1876-7982,0.32,J Med Imaging Radiat Sci,0.65,0.28,0.00,1,110,9,17,15,5,15,12,18,19,,,,,A2508:U2508,
2507,1878-4380,3.36,Trends Microbiol,0.60,0.32,0.00,0,110,11,6,22,19,12,16,7,17,,,,,A2509:U2509,
2508,1879-0518,0.93,Contraception,0.55,0.47,0.00,6,110,19,9,12,13,17,15,14,11,,,,,A2510:U2510,
2509,1879-2596,1.5,Biochim Biophys Acta Mol Cell Res,0.87,0.45,0.00,0,110,22,6,14,10,15,12,15,16,,,,,A2511:U2511,
2510,2005-0399,1.26,J Gynecol Oncol,0.43,1.00,1.00,0,110,16,4,25,9,23,11,11,11,,,,,A2512:U2512,
2511,2219-2808,0.76,World J Clin Pediatr,0.00,1.00,0.00,0,110,,,35,,,36,,39,,,,,A2513:U2513,
2512,2410-8650,0.84,Kaohsiung J Med Sci,0.13,1.00,0.91,3,110,17,5,15,18,17,15,11,12,,,,,A2514:U2514,
2513,2662-4737,0.53,Phys Eng Sci Med,0.28,0.08,0.65,0,110,12,14,13,8,13,7,24,19,,,,,A2515:U2515,
2514,2731-3786,0.92,J Anesth Analg Crit Care,0.00,0.95,0.18,0,110,23,15,15,13,21,11,10,2,,,,,A2516:U2516,
2515,2997-3279,,Polym Sci Technol,0.00,1.00,0.99,0,110,,,2,,,92,8,8,,,,,A2517:U2517,
2516,3135-8225,,Isr Med Assoc J,0.51,1.00,0.00,0,110,,14,15,16,13,25,,27,,,,,A2518:U2518,
2517,1096-0929,1.32,Toxicol Sci,0.84,0.64,0.80,2,109,8,14,17,9,16,13,14,18,,,,,A2519:U2519,
2518,1098-2752,0.69,Microsurgery,0.80,0.38,0.98,0,109,18,10,18,14,11,13,13,12,,,,,A2520:U2520,
2519,1348-4400,0.68,J Reprod Dev,0.74,1.00,0.00,0,109,3,6,5,6,7,63,12,7,,,,,A2521:U2521,
2520,1440-1614,1.52,Aust N Z J Psychiatry,0.39,0.50,0.98,0,109,17,11,15,9,8,9,19,21,,,,,A2522:U2522,
2521,1465-3931,0.94,Pathology,0.51,0.13,0.00,1,109,15,20,2,23,,25,9,15,,,,,A2523:U2523,
2522,1473-4265,0.42,Med Humanit,0.00,0.03,0.83,0,109,11,25,17,11,9,10,8,18,,,,,A2524:U2524,
2523,1724-6067,0.71,Hip Int,0.48,0.12,1.00,1,109,11,13,19,13,12,8,12,21,,,,,A2525:U2525,
2524,1869-1447,0.94,Clin Neuroradiol,0.45,0.38,0.07,0,109,14,13,13,17,8,25,9,10,,,,,A2526:U2526,
2525,1878-0369,0.26,AORN J,0.26,0.26,0.20,0,109,9,15,15,15,14,13,16,12,,,,,A2527:U2527,
2526,1879-1166,0.62,Hum Immunol,0.84,0.29,0.00,0,109,14,17,13,11,10,18,12,14,,,,,A2528:U2528,
2527,2042-3306,0.8,Equine Vet J,0.15,0.17,0.96,0,109,7,2,10,14,23,15,15,23,,,,,A2529:U2529,
2528,2050-6414,2.11,United European Gastroenterol J,0.66,1.00,0.91,0,109,14,11,16,12,8,16,17,15,,,,,A2530:U2530,
2529,2050-6511,0.75,BMC Pharmacol Toxicol,0.86,1.00,0.28,0,109,17,14,17,13,12,21,12,3,,,,,A2531:U2531,
2530,2373-8731,0.84,Transplant Direct,0.00,1.00,0.92,0,109,14,12,15,10,16,9,23,10,,,,,A2532:U2532,
2531,2520-8934,0.49,CVIR Endovasc,0.00,0.99,0.82,0,109,11,15,8,15,15,12,16,17,,,,,A2533:U2533,
2532,2639-8028,0.94,Crit Care Explor,0.96,1.00,0.76,0,109,7,10,12,15,12,15,11,27,,,,,A2534:U2534,
2533,2673-6616,0.84,Front Clin Diabetes Healthc,0.00,1.00,0.00,0,109,12,12,16,13,19,16,15,6,,,,,A2535:U2535,
2534,2771-9316,2.27,Precis Chem,0.00,1.00,0.97,0,109,8,10,14,,15,31,15,16,,,,,A2536:U2536,
2535,2996-9514,,IMetaOmics,0.00,1.00,0.94,0,109,,109,,,,,,,,,,,A2537:U2537,
2536,1365-2214,0.85,Child Care Health Dev,0.96,0.65,0.97,0,108,12,8,18,15,17,10,13,15,,,,,A2538:U2538,
2537,1472-6750,0.88,BMC Biotechnol,0.85,1.00,0.15,0,108,9,16,24,11,16,25,7,,,,,,A2539:U2539,
2538,1525-1446,0.55,Public Health Nurs,0.85,0.39,0.95,0,108,12,28,15,11,7,4,19,12,,,,,A2540:U2540,
2539,1536-5026,0.52,Nurs Educ Perspect,0.44,0.00,0.00,0,108,,23,16,14,20,16,13,6,,,,,A2541:U2541,
2540,1537-4521,0.81,Sex Transm Dis,0.50,0.32,0.10,0,108,2,,24,15,22,12,17,16,,,,,A2542:U2542,
2541,1573-4838,0.77,J Mater Sci Mater Med,0.88,0.91,0.53,0,108,15,15,7,23,21,21,5,1,,,,,A2543:U2543,
2542,1578-2190,0.39,Actas Dermosifiliogr,0.31,0.63,0.00,1,108,5,,41,21,19,22,,,,,,,A2544:U2544,
2543,1658-3612,0.51,J Taibah Univ Med Sci,0.00,1.00,0.00,0,108,23,10,17,8,11,14,10,15,,,,,A2545:U2545,
2544,1742-7843,0.98,Basic Clin Pharmacol Toxicol,0.89,0.52,0.89,0,108,13,16,15,9,16,13,11,15,,,,,A2546:U2546,
2545,1748-5827,0.64,J Small Anim Pract,0.47,0.38,0.88,0,108,17,15,17,11,9,10,22,7,,,,,A2547:U2547,
2546,1758-1125,0.45,Phlebology,0.11,0.04,0.88,0,108,16,20,6,8,12,17,15,14,,,,,A2548:U2548,
2547,1808-8686,0.63,Braz J Otorhinolaryngol,0.53,1.00,0.00,0,108,12,7,21,16,15,17,18,2,,,,,A2549:U2549,
2548,1827-1928,0.45,J Sports Med Phys Fitness,0.79,0.05,0.00,0,108,19,29,25,7,9,6,8,5,,,,,A2550:U2550,
2549,1873-2860,1.66,Artif Intell Med,0.98,0.44,0.00,0,108,16,12,15,9,13,20,8,15,,,,,A2551:U2551,
2550,1879-3169,0.72,Toxicol Lett,0.95,0.27,0.00,1,108,23,17,8,14,14,11,10,11,,,,,A2552:U2552,
2551,1931-1516,1.96,Emotion,0.41,0.15,1.00,0,108,23,8,13,6,11,12,15,20,,,,,A2553:U2553,
2552,1937-5395,0.8,J Cardiovasc Transl Res,0.86,0.25,0.95,0,108,3,27,14,4,11,18,16,15,,,,,A2554:U2554,
2553,2352-0787,0.56,Urol Pract,0.23,0.02,0.71,0,108,14,14,15,15,5,15,17,13,,,,,A2555:U2555,
2554,2352-2518,,Curr Opin Psychol,0.56,0.41,0.00,0,108,19,6,6,6,14,14,15,28,,,,,A2556:U2556,
2555,2352-3018,4.76,Lancet HIV,0.37,0.22,0.00,1,108,7,19,10,11,15,17,17,12,,,,,A2557:U2557,
2556,2500-0462,0.34,Vavilovskii Zhurnal Genet Selektsii,0.00,1.00,0.00,0,108,22,21,,15,18,17,15,,,,,,A2558:U2558,
2557,2766-2098,4.73,Exploration (Beijing),0.00,1.00,0.91,0,108,20,,21,21,,,37,9,,,,,A2559:U2559,
2558,0968-0004,4.04,Trends Biochem Sci,0.68,0.23,0.00,0,107,12,6,23,16,12,12,14,12,,,,,A2560:U2560,
2559,1361-6633,3.98,Rep Prog Phys,0.01,0.02,0.96,0,107,11,8,14,9,14,18,20,13,,,,,A2561:U2561,
2560,1365-2265,0.98,Clin Endocrinol (Oxf),0.73,0.39,0.94,0,107,14,7,25,14,12,7,16,12,,,,,A2562:U2562,
2561,1423-0208,1.51,Neuroepidemiology,0.00,0.45,0.00,0,107,18,7,9,12,14,16,17,14,,,,,A2563:U2563,
2562,1442-9071,1.94,Clin Exp Ophthalmol,0.33,0.17,0.81,0,107,16,30,15,12,6,8,12,8,,,,,A2564:U2564,
2563,1460-2237,1.33,Health Policy Plan,0.74,1.00,0.93,0,107,9,16,16,12,18,15,10,11,,,,,A2565:U2565,
2564,1474-7766,0.65,Pract Neurol,0.03,0.07,0.79,0,107,24,7,5,18,9,11,20,13,,,,,A2566:U2566,
2565,1537-1948,1.22,Med Care,0.75,0.43,0.71,0,107,36,8,14,10,5,16,11,7,,,,,A2567:U2567,
2566,1606-7916,0.99,Salud Publica Mex,0.72,0.00,0.00,0,107,,53,,,,,54,,,,,,A2568:U2568,
2567,1615-6102,0.7,Protoplasma,0.50,0.20,0.40,0,107,4,19,13,18,18,17,11,7,,,,,A2569:U2569,
2568,1729-0503,,Afr Health Sci,0.98,1.00,0.00,0,107,,72,,,15,,,20,,,,,A2570:U2570,
2569,1741-2854,1.08,Int J Soc Psychiatry,0.21,0.15,1.00,0,107,13,14,19,9,13,14,11,14,,,,,A2571:U2571,
2570,1745-2422,0.55,Expert Rev Med Devices,0.79,0.26,0.30,0,107,17,20,13,4,15,13,18,7,,,,,A2572:U2572,
2571,1758-7247,,J Health Organ Manag,0.01,0.03,0.96,3,107,7,10,19,16,14,16,15,10,,,,,A2573:U2573,
2572,1841-9038,,Maedica (Bucur),0.00,1.00,0.00,0,107,29,,,36,,,42,,,,,,A2574:U2574,
2573,1872-8057,1.23,Mol Cell Endocrinol,0.80,0.30,0.00,5,107,14,16,9,14,15,12,17,10,,,,,A2575:U2575,
2574,1872-9754,1.34,Neurochem Int,0.89,0.19,0.00,0,107,9,10,12,9,23,12,18,14,,,,,A2576:U2576,
2575,1876-861X,1.71,J Cardiovasc Comput Tomogr,0.30,0.31,0.00,0,107,15,10,9,14,12,15,14,18,,,,,A2577:U2577,
2576,1931-843X,0.83,J Womens Health (Larchmt),0.50,0.17,0.75,1,107,3,15,16,11,11,15,20,16,,,,,A2578:U2578,
2577,1935-7877,0.44,J Microbiol Biol Educ,0.00,1.00,1.00,0,107,5,12,8,14,17,17,22,12,,,,,A2579:U2579,
2578,2090-6684,0.25,Case Rep Obstet Gynecol,0.00,1.00,1.00,0,107,5,15,15,22,8,17,13,12,,,,,A2580:U2580,
2579,2095-3941,1.89,Cancer Biol Med,0.50,0.71,0.98,0,107,7,15,18,31,13,6,13,4,,,,,A2581:U2581,
2580,2448-5667,,Rev Med Inst Mex Seguro Soc,1.00,1.00,1.00,0,107,,,32,,30,14,31,,,,,,A2582:U2582,
2581,2470-9468,8.56,Sci Immunol,0.93,0.25,0.89,0,107,14,12,12,15,13,13,15,13,,,,,A2583:U2583,
2582,2471-2531,1.16,Pain Rep,0.00,1.00,0.92,0,107,8,21,13,11,11,10,16,17,,,,,A2584:U2584,
2583,1000-503X,0.19,Zhongguo Yi Xue Ke Xue Yuan Xue Bao,0.99,1.00,0.00,0,106,21,2,19,,26,10,,28,,,,,A2585:U2585,
2584,1001-5515,0.17,Sheng Wu Yi Xue Gong Cheng Xue Za Zhi,1.00,0.99,0.00,0,106,,27,,27,,26,,26,,,,,A2586:U2586,
2585,1179-1314,0.99,Breast Cancer (Dove Med Press),0.00,1.00,0.75,1,106,10,5,25,19,13,18,13,3,,,,,A2587:U2587,
2586,1365-2826,1.51,J Neuroendocrinol,0.92,0.72,0.90,0,106,4,14,21,17,8,19,14,9,,,,,A2588:U2588,
2587,1435-8115,0.32,Microsc Microanal,0.47,0.36,0.99,0,106,14,6,13,9,9,8,33,14,,,,,A2589:U2589,
2588,1438-1435,0.41,Emerg Radiol,0.47,0.19,0.94,0,106,5,12,15,18,16,17,11,12,,,,,A2590:U2590,
2589,1520-5762,0.4,Drug Dev Ind Pharm,0.82,0.02,0.29,0,106,12,11,15,12,18,12,15,11,,,,,A2591:U2591,
2590,1536-3678,0.35,J Pediatr Hematol Oncol,0.70,0.04,0.92,1,106,9,8,17,11,10,27,12,12,,,,,A2592:U2592,
2591,1538-4667,1.12,Ear Hear,0.60,0.24,0.04,0,106,4,18,11,18,11,16,16,12,,,,,A2593:U2593,
2592,1573-6628,0.79,Matern Child Health J,0.85,0.37,0.86,0,106,15,14,5,17,19,8,14,14,,,,,A2594:U2594,
2593,1699-5848,0.6,Histol Histopathol,0.30,1.00,0.00,0,106,13,11,17,15,15,17,18,,,,,,A2595:U2595,
2594,1750-0680,1.61,Carbon Balance Manag,0.00,1.00,0.15,0,106,20,19,13,13,13,19,7,2,,,,,A2596:U2596,
2595,1753-4313,,Br J Cardiol,0.00,1.00,0.00,0,106,,,17,,,,69,20,,,,,A2597:U2597,
2596,1837-9664,0.85,J Cancer,0.00,1.00,0.00,0,106,19,,18,19,14,12,12,12,,,,,A2598:U2598,
2597,1873-2585,0.98,Ann Epidemiol,0.60,0.44,0.00,0,106,10,16,13,9,14,14,13,17,,,,,A2599:U2599,
2598,2211-4599,0.8,Int J Spine Surg,0.00,1.00,0.25,0,106,8,14,7,17,19,11,16,14,,,,,A2600:U2600,
2599,2368-7959,2.09,JMIR Ment Health,0.94,1.00,0.99,0,106,19,6,8,17,14,11,14,17,,,,,A2601:U2601,
2600,2472-5390,0.56,AEM Educ Train,0.00,0.39,0.92,0,106,,23,1,9,20,32,9,12,,,,,A2602:U2602,
2601,2642-0007,0.97,NEJM Catal Innov Care Deliv,0.96,0.04,0.19,0,106,1,,1,,,,93,11,,,,,A2603:U2603,
2602,1095-9130,0.82,Methods,0.92,0.40,0.00,1,105,9,14,13,18,18,9,13,11,,,,,A2604:U2604,
2603,1469-4409,0.82,Epidemiol Infect,0.87,0.95,0.97,0,105,17,14,11,17,18,20,8,,,,,,A2605:U2605,
2604,1477-0873,1.06,Clin Rehabil,0.37,0.41,1.00,0,105,19,14,10,15,9,14,9,15,,,,,A2606:U2606,
2605,1522-1490,0.9,Am J Physiol Regul Integr Comp Physiol,0.83,0.99,0.96,0,105,15,8,11,15,14,15,15,12,,,,,A2607:U2607,
2606,1529-8817,0.96,J Phycol,0.76,0.53,0.97,0,105,7,14,19,10,11,17,18,9,,,,,A2608:U2608,
2607,1532-0979,1.63,Am J Surg Pathol,0.74,0.10,0.57,0,105,14,4,22,21,10,10,14,10,,,,,A2609:U2609,
2608,1532-2955,3.83,Sleep Med Rev,0.51,0.43,0.00,0,105,15,17,12,13,13,10,12,13,,,,,A2610:U2610,
2609,1541-3764,0.69,Omega (Westport),0.00,0.17,0.99,1,105,16,20,15,9,11,12,12,10,,,,,A2611:U2611,
2610,1600-0897,0.72,Am J Reprod Immunol,0.82,0.49,0.88,0,105,11,7,9,13,16,10,22,17,,,,,A2612:U2612,
2611,1738-3684,0.66,Psychiatry Investig,0.00,1.00,0.00,0,105,15,7,18,11,14,17,7,16,,,,,A2613:U2613,
2612,1757-6199,0.38,Bioanalysis,0.94,0.27,0.35,0,105,14,16,6,9,18,14,14,14,,,,,A2614:U2614,
2613,1815-7920,0.91,Int J Tuberc Lung Dis,0.55,0.07,0.00,0,105,21,19,9,9,,19,9,19,,,,,A2615:U2615,
2614,1868-4297,0.65,Cardiovasc Interv Ther,0.39,0.21,0.89,0,105,12,7,19,15,16,14,13,9,,,,,A2616:U2616,
2615,1873-6963,0.96,Complement Ther Med,0.91,0.98,0.00,0,105,7,10,38,14,2,10,8,16,,,,,A2617:U2617,
2616,1878-4186,2.04,Structure,0.89,0.37,0.00,0,105,12,17,17,5,15,13,12,14,,,,,A2618:U2618,
2617,1942-7611,0.71,Drug Test Anal,0.73,0.50,0.99,0,105,6,16,18,12,17,14,7,15,,,,,A2619:U2619,
2618,1949-2553,0.83,Oncotarget,0.22,1.00,0.00,104,105,2,,,40,13,10,6,34,,,,,A2620:U2620,
2619,1972-6481,0.19,G Ital Cardiol (Rome),0.63,0.00,0.00,0,105,,28,9,13,22,10,11,12,,,,,A2621:U2621,
2620,2008-3866,0.69,Iran J Basic Med Sci,0.00,1.00,0.00,0,105,15,16,,15,29,15,,15,,,,,A2622:U2622,
2621,2468-2667,8.25,Lancet Public Health,0.50,1.00,0.00,0,105,16,17,13,11,11,11,16,10,,,,,A2623:U2623,
2622,2575-1077,1.5,Life Sci Alliance,0.97,1.00,0.99,0,105,12,16,16,14,11,10,16,10,,,,,A2624:U2624,
2623,2662-8457,4.25,Nat Comput Sci,0.28,0.12,0.82,0,105,13,11,12,11,10,14,20,14,,,,,A2625:U2625,
2624,2666-5484,1.04,N Am Spine Soc J,0.00,1.00,0.00,0,105,18,14,13,8,10,10,20,12,,,,,A2626:U2626,
2625,2673-8740,0.85,Front Radiol,0.00,1.00,0.00,0,105,10,11,13,18,11,12,16,14,,,,,A2627:U2627,
2626,1095-8541,0.55,J Theor Biol,0.97,0.59,0.00,2,104,13,15,18,17,9,16,6,10,,,,,A2628:U2628,
2627,1365-2850,1.22,J Psychiatr Ment Health Nurs,0.34,0.21,0.96,0,104,13,12,10,9,18,16,15,11,,,,,A2629:U2629,
2628,1399-0004,0.98,Clin Genet,0.82,0.47,0.92,0,104,19,9,13,5,13,13,16,16,,,,,A2630:U2630,
2629,1423-0097,0.71,Int Arch Allergy Immunol,0.02,0.36,0.00,1,104,9,18,18,8,17,10,10,14,,,,,A2631:U2631,
2630,1432-1939,0.91,Oecologia,0.92,0.57,0.94,0,104,9,12,12,11,15,13,18,14,,,,,A2632:U2632,
2631,1442-2050,0.7,Dis Esophagus,0.84,0.38,0.87,1,104,17,12,10,17,10,15,6,17,,,,,A2633:U2633,
2632,1573-2665,1.4,J Inherit Metab Dis,0.95,0.78,0.95,0,104,16,16,13,15,10,11,10,13,,,,,A2634:U2634,
2633,1573-6695,1.48,Prev Sci,0.57,0.41,0.94,0,104,13,9,16,14,16,9,14,13,,,,,A2635:U2635,
2634,1876-3405,0.78,Int Health,0.35,1.00,0.91,0,104,9,22,14,9,19,10,12,9,,,,,A2636:U2636,
2635,1876-7931,0.48,J Ultrasound,0.32,0.08,0.85,0,104,9,9,18,7,16,4,25,16,,,,,A2637:U2637,
2636,1938-0690,1.36,Clin Lung Cancer,0.62,0.38,0.00,0,104,12,14,11,16,17,12,11,11,,,,,A2638:U2638,
2637,1945-7170,1.3,Endocrinology,0.86,0.61,0.94,1,104,16,13,13,15,10,12,10,15,,,,,A2639:U2639,
2638,2191-1991,0.93,Health Econ Rev,0.00,0.85,0.33,0,104,15,16,17,15,19,15,7,,,,,,A2640:U2640,
2639,2193-6331,0.43,J Neurol Surg B Skull Base,0.00,0.74,0.80,0,104,21,,20,,18,2,21,22,,,,,A2641:U2641,
2640,2666-5778,0.93,AJOG Glob Rep,0.00,1.00,0.00,0,104,17,14,14,11,12,9,13,14,,,,,A2642:U2642,
2641,2730-7174,1.35,Res Child Adolesc Psychopathol,0.99,0.59,0.94,0,104,19,20,16,13,5,9,14,8,,,,,A2643:U2643,
2642,2731-0590,4.77,Nat Cardiovasc Res,0.39,0.23,0.64,0,104,11,12,13,15,12,13,10,18,,,,,A2644:U2644,
2643,1365-2095,0.94,Aquac Nutr,0.00,1.00,0.98,2,103,17,11,5,4,18,15,22,11,,,,,A2645:U2645,
2644,1440-1584,0.71,Aust J Rural Health,0.90,0.74,0.92,0,103,13,5,19,23,13,9,12,9,,,,,A2646:U2646,
2645,1471-5007,1.28,Trends Parasitol,0.78,0.34,0.00,0,103,8,8,19,16,14,13,12,13,,,,,A2647:U2647,
2646,1473-4257,0.95,J Med Ethics,0.02,0.14,0.82,3,103,12,16,18,17,5,7,10,18,,,,,A2648:U2648,
2647,1478-7547,0.79,Cost Eff Resour Alloc,0.00,1.00,0.44,0,103,23,9,13,5,26,12,14,1,,,,,A2649:U2649,
2648,1525-1594,0.65,Artif Organs,0.61,0.50,0.86,0,103,14,4,12,22,14,7,11,19,,,,,A2650:U2650,
2649,1559-8519,1.1,J Sex Res,0.25,0.27,0.83,0,103,15,11,10,18,11,10,11,17,,,,,A2651:U2651,
2650,1687-1634,,East Mediterr Health J,0.64,1.00,0.00,0,103,9,17,8,8,,9,36,16,,,,,A2652:U2652,
2651,1749-0774,0.85,Hum Cell,0.93,0.22,0.72,1,103,12,7,7,16,10,12,26,13,,,,,A2653:U2653,
2652,1754-4505,0.36,Spec Care Dentist,0.85,0.50,0.92,0,103,8,11,12,8,18,15,17,14,,,,,A2654:U2654,
2653,1942-4426,0.58,Int J Prosthodont,0.06,0.00,0.00,0,103,22,22,6,10,8,12,4,19,,,,,A2655:U2655,
2654,2045-3701,2.07,Cell Biosci,0.00,1.00,0.51,2,103,12,14,15,15,15,22,10,,,,,,A2656:U2656,
2655,2047-2994,1.31,Antimicrob Resist Infect Control,0.89,1.00,0.28,0,103,11,20,14,20,14,14,9,1,,,,,A2657:U2657,
2656,2095-8137,1.38,Zool Res,0.95,1.00,0.00,0,103,15,5,9,14,1,27,26,6,,,,,A2658:U2658,
2657,2212-1102,0.63,Value Health Reg Issues,0.23,1.00,0.00,0,103,8,8,23,11,8,19,11,15,,,,,A2659:U2659,
2658,2326-6074,3.48,Cancer Immunol Res,0.73,0.38,0.95,0,103,19,18,9,11,8,10,14,14,,,,,A2660:U2660,
2659,2589-7500,6.22,Lancet Digit Health,0.50,1.00,0.00,0,103,6,13,19,11,12,9,14,19,,,,,A2661:U2661,
2660,2691-3321,0.45,JBI Evid Implement,0.17,0.00,0.44,0,103,4,11,16,5,13,28,14,12,,,,,A2662:U2662,
2661,2693-8839,0.25,Infect Dis Immun,0.00,1.00,0.02,0,103,,,1,,,70,32,,,,,,A2663:U2663,
2662,2694-2453,1.39,ACS Polym Au,0.00,1.00,1.00,0,103,,54,,12,,19,,18,,,,,A2664:U2664,
2663,2755-1970,,Sustain Microbiol,0.00,1.00,0.82,0,103,,,,1,,,,102,,,,,A2665:U2665,
2664,2766-5526,3.98,NEJM Evid,0.63,0.06,0.00,0,103,11,13,12,13,13,13,13,15,,,,,A2666:U2666,
2665,0970-9185,0.46,J Anaesthesiol Clin Pharmacol,0.00,1.00,0.00,0,102,35,,,,32,,,35,,,,,A2667:U2667,
2666,0974-5181,0.38,Ann Card Anaesth,0.62,1.00,0.00,1,102,34,,,41,,,27,,,,,,A2668:U2668,
2667,1309-5749,0.21,Dusunen Adam,0.00,1.00,0.00,0,102,,,,,,,102,,,,,,A2669:U2669,
2668,1424-3997,0.51,Swiss Med Wkly,0.48,0.99,0.24,0,102,49,1,,22,,22,6,2,,,,,A2670:U2670,
2669,1440-1843,1.9,Respirology,0.38,0.40,0.98,0,102,8,16,19,10,9,10,16,14,,,,,A2671:U2671,
2670,1468-330X,2.93,J Neurol Neurosurg Psychiatry,0.51,0.47,0.96,1,102,13,15,15,11,11,12,15,10,,,,,A2672:U2672,
2671,1476-5527,1.11,J Hum Hypertens,0.57,0.28,0.98,1,102,9,6,11,16,10,11,16,23,,,,,A2673:U2673,
2672,1477-0334,0.95,Stat Methods Med Res,0.79,0.46,0.99,0,102,21,6,14,18,9,12,16,6,,,,,A2674:U2674,
2673,1678-9849,0.62,Rev Soc Bras Med Trop,0.61,1.00,0.98,0,102,1,36,6,20,,14,14,11,,,,,A2675:U2675,
2674,1735-9066,0.48,Iran J Nurs Midwifery Res,0.00,1.00,0.00,0,102,25,,,,,27,23,27,,,,,A2676:U2676,
2675,1878-1470,1.34,Harmful Algae,0.98,0.35,0.00,0,102,8,17,14,12,8,9,,34,,,,,A2677:U2677,
2676,2045-8118,2.44,Fluids Barriers CNS,0.89,1.00,0.20,0,102,19,16,14,13,10,14,8,8,,,,,A2678:U2678,
2677,2050-7771,3.3,Biomark Res,0.00,1.00,0.18,0,102,20,7,8,12,15,21,9,10,,,,,A2679:U2679,
2678,2531-0437,0.97,Pulmonology,0.54,1.00,0.85,0,102,15,13,19,9,12,12,10,12,,,,,A2680:U2680,
2679,2666-3643,1.71,JTO Clin Res Rep,0.00,1.00,0.00,0,102,11,8,15,24,6,9,16,13,,,,,A2681:U2681,
2680,2731-6866,0.29,Anaesthesiologie,0.45,0.30,0.09,0,102,28,8,14,12,8,14,10,8,,,,,A2682:U2682,
2681,0021-8898,0.97,J Appl Crystallogr,0.00,1.00,0.96,0,101,19,13,,27,,20,,22,,,,,A2683:U2683,
2682,0971-6203,0.28,J Med Phys,0.00,1.00,0.00,0,101,,25,,51,,,25,,,,,,A2684:U2684,
2683,1179-5476,0.2,Clin Med Insights Case Rep,0.00,1.00,1.00,0,101,7,6,13,13,15,24,10,13,,,,,A2685:U2685,
2684,1464-066X,0.8,Int J Psychol,0.96,0.43,0.94,0,101,12,20,12,13,6,12,15,11,,,,,A2686:U2686,
2685,1520-7560,2.03,Diabetes Metab Res Rev,0.93,0.57,0.97,0,101,11,13,21,8,8,13,12,15,,,,,A2687:U2687,
2686,1573-6822,1.66,Cell Biol Toxicol,0.82,0.86,0.14,1,101,15,18,11,17,19,8,13,,,,,,A2688:U2688,
2687,1615-2573,0.55,Heart Vessels,0.03,0.05,0.80,0,101,7,11,9,16,12,16,10,20,,,,,A2689:U2689,
2688,1618-0402,0.53,Ann Anat,0.79,0.56,0.00,1,101,17,13,12,12,11,14,10,12,,,,,A2690:U2690,
2689,1740-8261,0.55,Vet Radiol Ultrasound,0.98,0.65,0.89,0,101,14,4,12,16,16,8,28,3,,,,,A2691:U2691,
2690,1754-9485,0.54,J Med Imaging Radiat Oncol,0.31,0.18,0.93,0,101,10,8,10,21,16,12,15,9,,,,,A2692:U2692,
2691,1759-5010,11.21,Nat Rev Cardiol,0.19,0.04,0.72,0,101,17,12,16,15,7,11,11,12,,,,,A2693:U2693,
2692,1826-6983,1.32,Radiol Med,0.66,0.36,0.88,1,101,12,16,16,4,12,20,15,6,,,,,A2694:U2694,
2693,1879-0909,0.73,Enzyme Microb Technol,0.97,0.17,0.00,1,101,8,8,14,15,18,13,10,15,,,,,A2695:U2695,
2694,1938-2480,0.74,J Knee Surg,0.27,0.03,0.81,0,101,15,6,16,14,17,12,13,8,,,,,A2696:U2696,
2695,2000-9666,,J Community Hosp Intern Med Perspect,0.00,1.00,0.10,0,101,,13,33,,,,1,54,,,,,A2697:U2697,
2696,2045-7723,0.54,J Spinal Cord Med,0.02,0.27,0.77,0,101,5,12,13,16,10,23,11,11,,,,,A2698:U2698,
2697,2376-1032,1.21,J Manag Care Spec Pharm,0.88,0.92,0.00,0,101,,22,9,13,14,14,13,16,,,,,A2699:U2699,
2698,2567-689X,1.58,Thromb Haemost,0.03,0.31,0.65,0,101,21,20,11,9,13,10,10,7,,,,,A2700:U2700,
2699,2617-4499,,Gynecol Pelvic Med,0.00,1.00,0.26,0,101,,,,,89,,12,,,,,,A2701:U2701,
2700,2731-7056,0.24,Radiologie (Heidelb),0.47,0.08,0.02,0,101,14,17,19,13,7,15,9,7,,,,,A2702:U2702,
2701,2950-4562,,Intest Fail,0.00,1.00,0.02,0,101,2,60,2,4,5,6,17,5,,,,,A2703:U2703,
2702,0860-021X,1.99,Biol Sport,0.00,1.00,0.00,0,100,,30,10,10,,20,20,10,,,,,A2704:U2704,
2703,1117-1936,0.32,Niger Postgrad Med J,0.96,1.00,0.00,0,100,24,,20,,13,,20,23,,,,,A2705:U2705,
2704,1365-2184,1.99,Cell Prolif,0.50,1.00,0.86,3,100,7,9,12,19,16,16,11,10,,,,,A2706:U2706,
2705,1461-7021,0.83,Clin Child Psychol Psychiatry,0.31,0.45,1.00,0,100,12,18,19,9,11,11,15,5,,,,,A2707:U2707,
2706,1532-2750,0.89,J Feline Med Surg,0.81,0.96,0.98,0,100,14,13,13,17,13,9,7,14,,,,,A2708:U2708,
2707,1537-2197,0.92,Am J Bot,0.79,0.64,0.97,0,100,10,11,12,11,16,16,13,11,,,,,A2709:U2709,
2708,1550-5049,0.64,J Cardiovasc Nurs,0.50,0.13,0.37,0,100,11,24,7,12,2,11,22,11,,,,,A2710:U2710,
2709,1574-6968,0.6,FEMS Microbiol Lett,0.92,0.44,0.88,0,100,19,5,13,20,11,9,15,8,,,,,A2711:U2711,
2710,1600-0765,1.25,J Periodontal Res,0.32,0.30,0.94,0,100,14,15,12,9,12,11,18,9,,,,,A2712:U2712,
2711,1872-8294,4.02,Adv Drug Deliv Rev,0.85,0.50,0.00,0,100,12,16,12,18,15,12,6,9,,,,,A2713:U2713,
2712,1878-6448,0.61,NeuroRehabilitation,0.72,0.08,0.83,0,100,14,14,6,10,10,6,21,19,,,,,A2714:U2714,
2713,1882-0654,0.15,Rinsho Shinkeigaku,0.52,0.00,0.00,0,100,11,13,12,11,14,12,13,14,,,,,A2715:U2715,
2714,2213-2244,0.65,Int J Parasitol Parasites Wildl,0.00,1.00,0.00,0,100,12,25,6,14,7,14,14,8,,,,,A2716:U2716,
2715,2213-5383,0.77,J Cancer Policy,0.88,0.46,0.00,1,100,11,17,7,13,8,14,19,11,,,,,A2717:U2717,
2716,2399-5300,1.11,Innov Aging,0.00,1.00,0.92,0,100,11,12,8,15,15,10,18,11,,,,,A2718:U2718,
2717,2589-451X,0.5,J Tradit Chin Med,1.00,0.99,0.00,0,100,,25,,25,,25,,25,,,,,A2719:U2719,
2718,2666-979X,6.52,Cell Genom,0.83,1.00,0.00,0,100,18,10,10,11,9,12,10,20,,,,,A2720:U2720,
2719,0210-5705,0.36,Gastroenterol Hepatol,0.16,0.08,0.00,0,99,18,10,11,16,13,11,11,9,,,,,A2721:U2721,
2720,1000-8020,,Wei Sheng Yan Jiu,1.00,0.00,0.00,0,99,18,,20,21,,,22,18,,,,,A2722:U2722,
2721,1179-1950,3.5,Drugs,0.88,0.39,0.82,0,99,13,11,13,15,16,12,10,9,,,,,A2723:U2723,
2722,1475-925X,0.87,Biomed Eng Online,0.90,1.00,0.23,0,99,22,19,12,12,21,5,8,,,,,,A2724:U2724,
2723,1477-2566,1.25,Cytotherapy,0.92,0.51,0.00,1,99,9,23,7,10,13,11,11,15,,,,,A2725:U2725,
2724,1531-4332,0.55,Comp Biochem Physiol A Mol Integr Physiol,0.86,0.30,0.00,0,99,12,10,9,6,23,14,11,14,,,,,A2726:U2726,
2725,1535-6280,,Curr Probl Cardiol,0.78,0.19,0.00,8,99,18,9,9,13,5,14,13,18,,,,,A2727:U2727,
2726,1557-9077,1.91,Thyroid,0.80,0.18,0.76,1,99,3,11,22,10,13,16,7,17,,,,,A2728:U2728,
2727,1644-3284,0.41,Folia Morphol (Warsz),0.89,0.10,0.92,0,99,,14,16,31,11,7,6,14,,,,,A2729:U2729,
2728,1646-0758,0.28,Acta Med Port,0.41,1.00,0.00,0,99,12,13,6,21,16,15,5,11,,,,,A2730:U2730,
2729,1668-3501,0.25,Arch Argent Pediatr,0.56,1.00,0.97,0,99,13,3,24,8,12,16,9,14,,,,,A2731:U2731,
2730,1748-0361,1.41,J Rural Health,0.95,0.87,0.92,0,99,11,12,8,13,13,12,11,19,,,,,A2732:U2732,
2731,1758-1052,0.48,Int J STD AIDS,0.71,0.16,0.99,0,99,17,9,17,17,8,9,9,13,,,,,A2733:U2733,
2732,1939-1293,1.0,J Fam Psychol,0.47,0.25,0.93,0,99,12,15,8,7,9,14,22,12,,,,,A2734:U2734,
2733,2042-7158,0.77,J Pharm Pharmacol,0.98,0.12,0.93,1,99,5,14,16,8,10,18,15,13,,,,,A2735:U2735,
2734,2150-136X,0.37,World J Pediatr Congenit Heart Surg,0.26,0.15,0.99,0,99,12,11,11,10,18,13,11,13,,,,,A2736:U2736,
2735,2173-5727,,Med Intensiva (Engl Ed),0.23,0.05,0.00,0,99,6,10,19,9,4,17,28,6,,,,,A2737:U2737,
2736,2369-1999,0.8,JMIR Cancer,0.98,1.00,1.00,1,99,18,19,10,16,9,10,13,4,,,,,A2738:U2738,
2737,2473-974X,0.55,OTO Open,0.00,1.00,0.99,0,99,8,11,9,17,7,29,6,12,,,,,A2739:U2739,
2738,2524-4671,1.16,Anim Microbiome,0.00,0.93,0.14,0,99,14,18,20,17,9,11,8,2,,,,,A2740:U2740,
2739,2635-0254,,Video J Sports Med,0.00,1.00,0.98,0,99,10,15,13,12,9,9,10,21,,,,,A2741:U2741,
2740,0578-1426,0.28,Zhonghua Nei Ke Za Zhi,1.00,0.00,0.00,0,98,12,11,10,14,18,,14,19,,,,,A2742:U2742,
2741,1432-0533,4.19,Acta Neuropathol,0.80,0.80,0.15,1,98,9,9,13,16,14,11,12,14,,,,,A2743:U2743,
2742,1460-2083,1.45,Hum Mol Genet,0.89,0.50,0.90,6,98,19,6,7,15,3,20,14,14,,,,,A2744:U2744,
2743,1476-5624,0.72,Spinal Cord,0.78,0.20,0.97,0,98,5,16,11,17,12,12,8,17,,,,,A2745:U2745,
2744,1533-4112,0.76,J ECT,0.02,0.02,0.63,0,98,20,13,16,8,12,17,5,7,,,,,A2746:U2746,
2745,1544-2217,0.75,Vet Pathol,0.41,0.28,0.91,0,98,14,12,14,6,9,11,13,19,,,,,A2747:U2747,
2746,1559-0755,0.75,Immunol Res,0.92,0.20,0.44,0,98,10,10,13,15,8,9,11,22,,,,,A2748:U2748,
2747,1573-6601,1.89,J Youth Adolesc,0.77,0.27,0.82,0,98,18,8,12,14,6,14,15,11,,,,,A2749:U2749,
2748,1744-1706,0.87,Glob Public Health,0.97,1.00,0.52,0,98,12,8,5,18,12,10,18,15,,,,,A2750:U2750,
2749,1744-7682,1.05,Expert Opin Biol Ther,0.55,0.19,0.43,0,98,10,9,15,13,7,8,15,21,,,,,A2751:U2751,
2750,1754-8411,1.31,Dis Model Mech,0.85,1.00,0.98,0,98,11,11,13,10,15,13,14,11,,,,,A2752:U2752,
2751,1773-0619,0.46,Neurochirurgie,0.58,0.23,0.00,0,98,11,9,17,10,17,12,15,7,,,,,A2753:U2753,
2752,1879-1247,,J Safety Res,1.00,0.56,0.00,0,98,,,35,,,63,,,,,,,A2754:U2754,
2753,1879-3061,4.54,Trends Endocrinol Metab,0.33,0.38,0.00,0,98,3,2,27,21,11,9,13,12,,,,,A2755:U2755,
2754,2063-5303,2.05,J Behav Addict,0.65,0.69,0.99,0,98,11,11,16,17,20,10,7,6,,,,,A2756:U2756,
2755,2151-0903,0.6,Cranio,0.28,0.10,0.88,0,98,14,13,6,11,15,11,18,10,,,,,A2757:U2757,
2756,2213-8862,0.83,J Dent Sci,0.00,1.00,0.00,0,98,98,,,,,,,,,,,,A2758:U2758,
2757,2352-3204,0.84,Regen Ther,0.00,1.00,0.00,0,98,15,11,15,14,14,12,8,9,,,,,A2759:U2759,
2758,2352-7226,,Sleep Health,0.61,0.43,0.00,0,98,14,11,11,11,10,13,4,24,,,,,A2760:U2760,
2759,2471-1403,1.52,Geohealth,0.00,1.00,1.00,0,98,13,11,2,20,7,25,14,6,,,,,A2761:U2761,
2760,2516-8290,0.41,Access Microbiol,0.00,1.00,0.92,0,98,11,17,11,7,13,14,12,13,,,,,A2762:U2762,
2761,0253-2727,0.22,Zhonghua Xue Ye Xue Za Zhi,0.91,1.00,0.00,0,97,14,18,15,17,17,,16,,,,,,A2763:U2763,
2762,1090-2392,0.52,Cryobiology,0.79,0.37,0.00,0,97,6,15,7,11,15,20,8,15,,,,,A2764:U2764,
2763,1439-0531,0.47,Reprod Domest Anim,0.97,0.38,0.96,0,97,24,9,8,12,8,15,5,16,,,,,A2765:U2765,
2764,1474-1741,17.65,Nat Rev Immunol,0.23,0.03,0.72,0,97,18,10,10,10,12,11,16,10,,,,,A2766:U2766,
2765,1547-1896,0.25,JAAPA,0.56,0.01,0.00,0,97,11,11,14,12,14,12,,23,,,,,A2767:U2767,
2766,1554-7914,0.82,Gastroenterol Hepatol (N Y),0.00,1.00,0.00,0,97,,62,12,,,,23,,,,,,A2768:U2768,
2767,1555-2101,1.53,J Clin Psychiatry,0.63,0.22,0.00,0,97,18,8,11,16,13,8,8,15,,,,,A2769:U2769,
2768,1558-688X,0.59,Percept Mot Skills,0.00,0.27,0.95,0,97,10,7,20,7,13,19,11,10,,,,,A2770:U2770,
2769,1574-6941,1.03,FEMS Microbiol Ecol,0.91,1.00,0.93,0,97,8,16,11,12,8,17,15,10,,,,,A2771:U2771,
2770,1747-4949,2.12,Int J Stroke,0.16,0.37,0.92,0,97,16,17,9,12,12,11,14,6,,,,,A2772:U2772,
2771,1758-0854,1.26,Appl Psychol Health Well Being,0.98,0.65,0.95,0,97,12,6,13,9,16,8,21,12,,,,,A2773:U2773,
2772,1872-8383,4.73,Trends Ecol Evol,0.70,0.44,0.00,0,97,7,1,17,13,15,18,12,14,,,,,A2774:U2774,
2773,1879-1476,0.59,Auris Nasus Larynx,0.80,0.29,0.00,1,97,16,12,9,10,8,15,16,11,,,,,A2775:U2775,
2774,1936-1521,1.0,J Child Adolesc Trauma,0.00,0.42,0.74,0,97,20,2,24,2,49,,,,,,,,A2776:U2776,
2775,2214-5753,1.52,Curr Opin Insect Sci,0.60,0.43,0.00,0,97,8,12,7,11,12,18,18,11,,,,,A2777:U2777,
2776,2380-6761,1.45,Bioeng Transl Med,0.00,1.00,0.96,0,97,17,,,16,,36,15,13,,,,,A2778:U2778,
2777,2474-8714,1.05,Struct Heart,0.00,1.00,0.00,0,97,18,13,15,7,6,9,15,14,,,,,A2779:U2779,
2778,2667-2766,0.65,Explor Res Clin Soc Pharm,0.00,1.00,0.00,0,97,14,15,14,8,17,11,11,7,,,,,A2780:U2780,
2779,1096-7184,1.84,Metab Eng,0.90,0.34,0.00,0,96,11,9,15,11,9,13,11,17,,,,,A2781:U2781,
2780,1226-4601,,Biomater Res,0.00,1.00,0.84,0,96,8,17,15,11,14,14,12,5,,,,,A2782:U2782,
2781,1305-3612,0.69,Diagn Interv Radiol,0.20,1.00,0.99,0,96,3,22,17,10,17,9,5,13,,,,,A2783:U2783,
2782,1347-5231,0.14,Yakugaku Zasshi,0.89,1.00,0.03,0,96,11,9,17,14,31,1,8,5,,,,,A2784:U2784,
2783,1348-2246,0.37,Anal Sci,0.41,0.29,0.72,0,96,10,10,15,20,13,12,8,8,,,,,A2785:U2785,
2784,1436-3305,2.49,Gastric Cancer,0.74,0.33,0.85,0,96,17,5,15,8,15,14,13,9,,,,,A2786:U2786,
2785,1479-6821,1.54,Endocr Relat Cancer,0.89,0.49,1.00,0,96,16,9,5,15,9,10,10,22,,,,,A2787:U2787,
2786,1532-8481,0.99,J Prof Nurs,0.89,0.19,0.00,0,96,,28,18,,,50,,,,,,,A2788:U2788,
2787,1534-3081,0.98,Curr Pain Headache Rep,0.98,0.22,0.25,0,96,7,7,5,23,20,4,16,14,,,,,A2789:U2789,
2788,1536-2442,0.57,J Insect Sci,0.98,1.00,0.99,0,96,5,11,18,7,9,14,21,11,,,,,A2790:U2790,
2789,1536-4828,0.54,Pancreas,0.44,0.11,0.48,1,96,7,8,13,18,20,16,7,7,,,,,A2791:U2791,
2790,1539-0721,0.56,J Nurs Adm,0.90,0.07,0.57,0,96,11,13,13,14,17,12,14,2,,,,,A2792:U2792,
2791,1544-1717,1.13,Ann Fam Med,0.58,1.00,0.00,0,96,23,,24,3,23,2,21,,,,,,A2793:U2793,
2792,1558-9137,0.63,Am J Audiol,0.94,0.07,0.95,0,96,11,20,9,12,9,15,10,10,,,,,A2794:U2794,
2793,1618-7601,1.06,Eur J Health Econ,0.06,0.07,0.90,0,96,10,3,20,15,9,16,12,11,,,,,A2795:U2795,
2794,1724-6075,0.36,Urologia,0.39,0.05,0.99,9,96,6,9,13,18,17,7,15,11,,,,,A2796:U2796,
2795,1755-0998,1.86,Mol Ecol Resour,0.97,0.96,0.94,0,96,10,9,20,11,8,12,14,12,,,,,A2797:U2797,
2796,1867-2450,1.18,Biophys Rev,0.00,1.00,0.30,0,96,27,,32,1,,21,,15,,,,,A2798:U2798,
2797,1873-4316,0.61,Curr Pharm Biotechnol,0.01,0.00,0.47,W1,96,19,8,6,6,14,21,12,10,,,,,A2799:U2799,https://pubmed.ncbi.nlm.nih.gov/?term=40148299
2798,1873-5487,1.04,Arch Med Res,0.36,0.17,0.00,1,96,12,14,8,12,13,16,13,8,,,,,A2800:U2800,
2799,1877-9603,1.01,Ticks Tick Borne Dis,0.83,1.00,0.00,0,96,21,10,13,11,12,13,8,8,,,,,A2801:U2801,
2800,1878-5409,0.21,J Cardiol Cases,0.00,0.94,0.00,0,96,8,27,11,8,10,9,10,13,,,,,A2802:U2802,
2801,1878-6146,0.68,Fungal Biol,0.95,0.39,0.00,0,96,17,1,12,12,13,,18,23,,,,,A2803:U2803,
2802,1939-1285,1.22,J Exp Psychol Learn Mem Cogn,0.04,0.06,0.99,0,96,16,12,8,11,16,12,10,11,,,,,A2804:U2804,
2803,1995-820X,1.2,Virol Sin,0.68,1.00,0.00,0,96,7,12,14,12,7,16,13,15,,,,,A2805:U2805,
2804,1998-1929,,Behav Anal Pract,0.00,0.81,0.90,0,96,32,,,26,,37,1,,,,,,A2806:U2806,
2805,2036-7392,0.29,Dermatol Reports,0.00,1.00,0.20,0,96,15,20,15,4,10,15,11,6,,,,,A2807:U2807,
2806,2159-2896,0.75,Int J Sports Phys Ther,0.00,1.00,0.55,0,96,11,10,14,12,14,12,11,12,,,,,A2808:U2808,
2807,2210-3244,2.74,Genomics Proteomics Bioinformatics,0.06,1.00,0.72,0,96,12,9,10,8,5,14,20,18,,,,,A2809:U2809,
2808,2214-7829,1.42,Internet Interv,0.00,1.00,0.00,0,96,7,16,15,12,8,13,13,12,,,,,A2810:U2810,
2809,2300-9020,1.03,Dent Med Probl,0.91,0.91,0.00,0,96,9,8,12,12,15,4,18,18,,,,,A2811:U2811,
2810,2468-0672,0.48,HardwareX,0.00,1.00,0.00,0,96,12,12,8,13,16,17,9,9,,,,,A2812:U2812,
2811,2524-6372,1.74,Environ Microbiome,0.00,0.89,0.26,1,96,14,15,9,20,13,10,14,1,,,,,A2813:U2813,
2812,2542-5196,4.58,Lancet Planet Health,0.47,1.00,0.00,0,96,12,9,12,11,8,14,16,14,,,,,A2814:U2814,
2813,2768-5152,,Pain Med Case Rep,0.98,0.95,0.00,0,96,6,,16,,30,15,13,16,,,,,A2815:U2815,
2814,0013-7006,0.45,Encephale,0.39,0.45,0.00,0,95,8,5,9,27,3,20,14,9,,,,,A2816:U2816,
2815,0019-5707,0.4,Indian J Tuberc,0.95,0.00,0.00,0,95,,,25,23,,23,24,,,,,,A2817:U2817,
2816,1096-0023,1.08,Cytokine,0.87,0.17,0.00,1,95,16,10,9,18,10,11,9,12,,,,,A2818:U2818,
2817,1096-0279,0.42,Protein Expr Purif,0.75,0.22,0.00,0,95,10,11,12,12,14,13,8,15,,,,,A2819:U2819,
2818,1099-1654,1.77,Rev Med Virol,0.97,0.40,0.93,0,95,11,13,17,17,11,10,10,6,,,,,A2820:U2820,
2819,1365-2818,0.44,J Microsc,0.28,0.25,0.53,0,95,7,4,8,17,25,12,14,8,,,,,A2821:U2821,
2820,1445-6354,0.57,Rural Remote Health,0.78,1.00,0.00,0,95,3,1,8,9,6,7,54,7,,,,,A2822:U2822,
2821,1464-0600,0.94,Cogn Emot,0.01,0.44,0.79,0,95,14,10,13,6,7,14,19,12,,,,,A2823:U2823,
2822,1469-9001,2.43,RNA,0.79,0.62,0.85,0,95,17,16,8,16,7,14,10,7,,,,,A2824:U2824,
2823,1477-0377,0.76,Vasc Med,0.46,0.47,0.98,0,95,12,13,20,5,4,28,5,8,,,,,A2825:U2825,
2824,1522-1466,,Am J Physiol Renal Physiol,0.86,1.00,0.97,1,95,8,11,13,11,9,13,18,12,,,,,A2826:U2826,
2825,1522-1555,1.51,Am J Physiol Endocrinol Metab,0.87,1.00,0.94,2,95,11,14,17,10,10,11,12,10,,,,,A2827:U2827,
2826,1558-7118,0.86,J Am Board Fam Med,0.91,1.00,0.00,0,95,30,16,,10,12,2,10,15,,,,,A2828:U2828,
2827,1613-2246,0.87,Jpn J Ophthalmol,0.49,0.21,0.65,0,95,11,7,13,16,9,16,18,5,,,,,A2829:U2829,
2828,1687-966X,1.01,Stem Cells Int,0.00,1.00,0.83,9,95,30,8,4,12,5,11,14,11,,,,,A2830:U2830,
2829,1740-0929,0.42,Anim Sci J,0.96,0.48,0.88,0,95,16,5,11,8,15,13,15,12,,,,,A2831:U2831,
2830,1860-5397,0.44,Beilstein J Org Chem,0.00,1.00,0.96,1,95,13,12,10,10,18,16,11,5,,,,,A2832:U2832,
2831,1873-7862,2.33,Eur Neuropsychopharmacol,0.41,0.44,0.00,0,95,15,11,14,16,18,11,6,4,,,,,A2833:U2833,
2832,1941-2444,0.89,JPEN J Parenter Enteral Nutr,0.53,0.54,0.94,0,95,14,11,16,9,13,10,12,10,,,,,A2834:U2834,
2833,1943-3530,0.43,Appl Spectrosc,0.16,0.09,0.74,0,95,4,5,3,14,23,15,22,9,,,,,A2835:U2835,
2834,2042-6313,0.9,J Comp Eff Res,0.92,1.00,0.72,0,95,11,10,15,11,12,11,12,13,,,,,A2836:U2836,
2835,2090-1429,0.81,Nurs Res Pract,0.00,1.00,0.99,0,95,16,10,4,11,20,12,11,11,,,,,A2837:U2837,
2836,2211-9132,1.07,Kidney Res Clin Pract,0.00,1.00,0.00,0,95,3,3,10,8,13,34,15,9,,,,,A2838:U2838,
2837,2314-5765,0.65,Int J Food Sci,0.00,1.00,0.99,0,95,3,,,24,25,20,13,10,,,,,A2839:U2839,
2838,2352-8737,1.92,Alzheimers Dement (N Y),0.00,1.00,0.75,0,95,6,17,5,14,8,17,20,8,,,,,A2840:U2840,
2839,2689-3622,0.82,Facial Plast Surg Aesthet Med,0.12,0.08,0.91,0,95,2,15,15,14,16,10,17,6,,,,,A2841:U2841,
2840,1007-3418,0.23,Zhonghua Gan Zang Bing Za Zhi,0.99,1.00,0.00,0,94,,16,15,27,12,12,12,,,,,,A2842:U2842,
2841,1432-1904,0.51,Naturwissenschaften,0.96,0.31,0.52,0,94,15,6,16,13,10,14,9,11,,,,,A2843:U2843,
2842,1435-1269,0.3,Z Gerontol Geriatr,0.30,0.07,0.11,0,94,20,5,12,13,7,6,20,11,,,,,A2844:U2844,
2843,1440-1819,1.71,Psychiatry Clin Neurosci,0.59,0.43,0.91,0,94,11,12,10,11,19,8,11,12,,,,,A2845:U2845,
2844,1475-2891,1.26,Nutr J,0.82,1.00,0.18,1,94,10,11,19,8,17,12,16,1,,,,,A2846:U2846,
2845,1523-2859,0.26,Med Lett Drugs Ther,0.00,0.00,0.00,0,94,20,12,10,9,11,14,12,6,,,,,A2847:U2847,
2846,1532-2084,5.28,Drug Resist Updat,0.80,0.28,0.00,0,94,16,14,8,9,11,12,12,12,,,,,A2848:U2848,
2847,1559-2324,1.0,Plant Signal Behav,1.00,1.00,0.69,0,94,6,13,9,15,9,19,17,6,,,,,A2849:U2849,
2848,1572-8773,0.78,Biometals,0.87,0.23,0.37,0,94,9,10,7,10,13,11,20,14,,,,,A2850:U2850,
2849,1611-2156,1.16,EXCLI J,0.00,1.00,0.00,0,94,7,25,15,6,7,16,18,,,,,,A2851:U2851,
2850,1743-7563,0.57,Asia Pac J Clin Oncol,0.19,0.09,0.27,0,94,18,5,13,14,5,9,9,21,,,,,A2852:U2852,
2851,1758-2652,1.92,J Int AIDS Soc,0.79,1.00,0.69,1,94,5,11,8,10,8,17,32,3,,,,,A2853:U2853,
2852,1868-601X,1.39,Transl Stroke Res,0.95,0.39,0.32,1,94,10,8,9,14,9,14,18,12,,,,,A2854:U2854,
2853,1879-0372,3.01,Curr Opin Immunol,1.00,0.49,0.00,0,94,13,11,18,14,9,11,15,3,,,,,A2855:U2855,
2854,2046-3758,1.39,Bone Joint Res,0.00,1.00,0.90,0,94,9,9,12,9,14,13,15,13,,,,,A2856:U2856,
2855,2052-1707,0.74,Pharmacol Res Perspect,0.94,1.00,0.91,1,94,6,5,13,16,14,17,13,10,,,,,A2857:U2857,
2856,2175-8239,0.32,J Bras Nefrol,0.68,1.00,0.96,0,94,9,15,16,13,8,12,6,15,,,,,A2858:U2858,
2857,2383-1219,0.18,Int J Sch Health,0.00,1.00,0.00,0,94,,,,,,,84,10,,,,,A2859:U2859,
2858,2415-1289,0.85,Transl Gastroenterol Hepatol,0.00,1.00,0.57,0,94,,38,,13,,23,,20,,,,,A2860:U2860,
2859,2522-5782,0.9,J Cannabis Res,0.00,1.00,0.27,0,94,17,16,12,13,16,11,9,,,,,,A2861:U2861,
2860,2765-0189,0.72,Anim Biosci,0.00,1.00,0.00,0,94,,7,25,14,13,19,16,,,,,,A2862:U2862,
2861,2950-3280,1.18,Blood Neoplasia,0.00,1.00,0.00,0,94,14,4,12,19,4,20,8,13,,,,,A2863:U2863,
2862,2993-3935,,Gut Microbes Rep,0.00,1.00,0.84,0,94,1,2,56,12,10,4,3,6,,,,,A2864:U2864,
2863,0273-1223,0.66,Water Sci Technol,0.99,0.00,0.98,0,93,6,15,20,15,,13,20,4,,,,,A2865:U2865,
2864,1007-8738,,Xi Bao Yu Fen Zi Mian Yi Xue Za Zhi,1.00,0.00,0.00,1,93,11,11,,23,13,12,11,12,,,,,A2866:U2866,
2865,1352-8661,0.78,MAGMA,0.20,0.22,0.90,0,93,11,7,9,18,12,13,9,14,,,,,A2867:U2867,
2866,1432-0843,0.85,Cancer Chemother Pharmacol,0.92,0.38,0.56,3,93,14,3,10,15,16,6,15,14,,,,,A2868:U2868,
2867,1543-706X,0.52,In Vitro Cell Dev Biol Anim,0.42,0.06,0.52,0,93,17,9,18,7,11,3,15,13,,,,,A2869:U2869,
2868,1556-3669,0.77,Telemed J E Health,0.60,0.15,0.82,1,93,3,10,18,16,14,11,10,11,,,,,A2870:U2870,
2869,1559-0259,0.9,Cardiovasc Toxicol,0.97,0.26,0.33,2,93,15,8,3,13,15,8,21,10,,,,,A2871:U2871,
2870,1600-051X,2.62,J Clin Periodontol,0.61,0.48,0.98,0,93,9,4,13,10,12,11,19,15,,,,,A2872:U2872,
2871,1741-6612,0.64,Australas J Ageing,0.85,0.62,0.90,0,93,12,9,7,17,12,14,10,12,,,,,A2873:U2873,
2872,1744-8336,1.02,Expert Rev Anti Infect Ther,0.65,0.20,0.29,0,93,11,11,3,11,12,14,14,17,,,,,A2874:U2874,
2873,1750-2659,1.63,Influenza Other Respir Viruses,0.89,1.00,0.86,0,93,7,14,15,9,8,19,13,8,,,,,A2875:U2875,
2874,1861-0293,0.48,J Nat Med,0.75,0.11,0.66,1,93,7,18,14,15,6,15,10,8,,,,,A2876:U2876,
2875,1869-0327,0.8,Appl Clin Inform,0.90,0.26,0.88,0,93,5,12,11,11,15,18,13,8,,,,,A2877:U2877,
2876,1879-2723,0.95,Ultramicroscopy,0.04,0.46,0.00,0,93,14,14,11,7,16,14,9,8,,,,,A2878:U2878,
2877,1880-4233,1.04,Breast Cancer,0.86,0.41,0.88,0,93,10,14,9,13,11,15,12,9,,,,,A2879:U2879,
2878,1938-2936,0.51,Environ Entomol,0.96,0.32,0.97,0,93,2,13,14,11,17,16,13,7,,,,,A2880:U2880,
2879,1995-8692,0.47,J Eye Mov Res,0.00,1.00,0.90,0,93,8,15,10,8,16,11,11,14,,,,,A2881:U2881,
2880,2013-2514,0.53,Nefrologia (Engl Ed),0.69,1.00,0.00,1,93,10,22,14,15,11,9,3,9,,,,,A2882:U2882,
2881,2047-217X,1.39,Gigascience,0.95,1.00,0.97,1,93,16,8,15,13,19,10,7,5,,,,,A2883:U2883,
2882,2049-9957,1.85,Infect Dis Poverty,0.97,1.00,0.32,0,93,17,10,10,8,18,7,15,8,,,,,A2884:U2884,
2883,2174-2030,0.38,Rev Port Cardiol,0.26,1.00,0.00,0,93,14,11,11,10,10,11,10,16,,,,,A2885:U2885,
2884,2214-0190,,Biomed Environ Sci,0.60,1.00,0.00,0,93,13,,14,14,25,,14,13,,,,,A2886:U2886,
2885,2468-2659,1.42,Plant Divers,0.00,1.00,0.00,0,93,15,20,,20,,18,,20,,,,,A2887:U2887,
2886,2590-1095,0.68,Arch Rehabil Res Clin Transl,0.00,1.00,0.00,0,93,40,,15,,,38,,,,,,,A2888:U2888,
2887,2631-827X,1.0,Crohns Colitis 360,0.00,1.00,0.98,0,93,2,7,13,4,15,13,21,18,,,,,A2889:U2889,
2888,2673-4087,,NeuroSci,0.00,1.00,0.96,0,93,15,12,12,10,14,11,9,10,,,,,A2890:U2890,
2889,3092-491X,,Public Health Wkly Rep,0.00,1.00,0.97,0,93,,,,,,62,15,16,,,,,A2891:U2891,
2890,0253-7176,0.58,Indian J Psychol Med,0.00,1.00,0.95,0,92,19,19,9,8,10,6,10,11,,,,,A2892:U2892,
2891,1096-0260,1.42,Prev Med,0.77,0.49,0.00,0,92,22,12,11,13,14,7,4,9,,,,,A2893:U2893,
2892,1179-1578,1.13,Psychol Res Behav Manag,0.00,1.00,0.70,2,92,4,5,22,10,8,13,19,11,,,,,A2894:U2894,
2893,1433-0458,0.3,HNO,0.51,0.24,0.35,0,92,18,22,6,12,7,12,11,4,,,,,A2895:U2895,
2894,1471-4981,4.4,Trends Immunol,0.48,0.30,0.00,0,92,5,3,21,12,13,16,9,13,,,,,A2896:U2896,
2895,1532-656X,0.55,J Pediatr Health Care,0.61,0.17,0.00,0,92,28,7,10,8,6,10,12,11,,,,,A2897:U2897,
2896,1532-8503,0.95,J Ren Nutr,0.26,0.24,0.00,0,92,12,14,12,10,11,11,7,15,,,,,A2898:U2898,
2897,1536-7355,0.61,J Clin Rheumatol,0.48,0.03,0.83,0,92,8,12,8,7,18,20,12,7,,,,,A2899:U2899,
2898,1554-6578,1.34,J Neuropathol Exp Neurol,0.27,0.38,0.78,0,92,7,10,15,16,9,8,13,14,,,,,A2900:U2900,
2899,1573-6776,0.59,Biotechnol Lett,0.99,0.12,0.78,0,92,10,15,14,11,9,6,13,14,,,,,A2901:U2901,
2900,1879-3304,2.33,Surv Ophthalmol,0.41,0.38,0.00,0,92,9,12,15,4,14,12,15,11,,,,,A2902:U2902,
2901,1885-5857,2.99,Rev Esp Cardiol (Engl Ed),0.13,0.24,0.00,0,92,10,8,11,8,14,17,14,10,,,,,A2903:U2903,
2902,1937-9145,2.05,Sci Signal,0.91,0.11,0.87,4,92,11,13,13,14,11,11,11,8,,,,,A2904:U2904,
2903,1948-5204,0.69,World J Gastrointest Oncol,0.00,1.00,0.00,0,92,62,30,,,,,,,,,,,A2905:U2905,
2904,2095-4700,4.82,Bone Res,0.99,1.00,0.95,0,92,15,12,8,14,10,10,8,15,,,,,A2906:U2906,
2905,2221-2965,0.18,J Vis Surg,0.00,1.00,0.67,0,92,,,,,,79,,13,,,,,A2907:U2907,
2906,2324-9269,0.6,Mol Genet Genomic Med,0.96,1.00,0.91,2,92,17,6,8,14,5,15,19,8,,,,,A2908:U2908,
2907,2386-5857,0.64,Emergencias,0.27,0.78,0.00,0,92,28,,20,,,25,19,,,,,,A2909:U2909,
2908,2408-8757,,Mymensingh Med J,1.00,0.00,0.00,0,92,,,46,,,46,,,,,,,A2910:U2910,
2909,2586-6583,1.77,Neurospine,0.00,1.00,0.00,0,92,17,19,,,30,,,26,,,,,A2911:U2911,
2910,2633-8386,0.99,Reprod Fertil,0.92,1.00,0.98,0,92,6,9,10,9,18,12,20,8,,,,,A2912:U2912,
2911,0972-6292,0.27,Indian Pacing Electrophysiol J,0.00,1.00,0.00,0,91,12,17,18,5,5,15,14,5,,,,,A2913:U2913,
2912,1016-1430,0.35,Med J Islam Repub Iran,0.00,1.00,1.00,0,91,,,,41,,,50,,,,,,A2914:U2914,
2913,1226-8453,1.49,J Ginseng Res,0.00,1.00,0.00,0,91,14,,24,,23,,29,1,,,,,A2915:U2915,
2914,1302-7123,,Sisli Etfal Hastan Tip Bul,0.00,1.00,0.00,0,91,24,22,,23,,,22,,,,,,A2916:U2916,
2915,1439-4421,0.38,Gesundheitswesen,0.19,0.49,0.56,0,91,9,12,7,11,9,18,12,13,,,,,A2917:U2917,
2916,1460-2709,0.72,Med Mycol,0.95,0.29,0.95,0,91,11,12,7,14,12,14,10,11,,,,,A2918:U2918,
2917,1471-2172,0.81,BMC Immunol,0.78,1.00,0.16,0,91,17,8,12,6,21,13,12,2,,,,,A2919:U2919,
2918,1531-5487,1.41,Epidemiology,0.54,0.30,0.69,0,91,13,5,9,15,19,5,19,6,,,,,A2920:U2920,
2919,1536-3724,0.7,Clin J Sport Med,0.35,0.01,0.74,0,91,18,12,8,20,,23,6,4,,,,,A2921:U2921,
2920,1536-481X,0.97,J Glaucoma,0.79,0.11,0.62,0,91,11,6,21,5,5,12,16,15,,,,,A2922:U2922,
2921,1600-0501,2.01,Clin Oral Implants Res,0.87,0.57,0.98,4,91,9,34,11,9,3,11,8,6,,,,,A2923:U2923,
2922,1651-226X,0.95,Acta Oncol,0.74,1.00,0.88,0,91,4,19,10,15,19,9,13,2,,,,,A2924:U2924,
2923,1708-8267,0.67,J Investig Med,0.07,0.09,0.48,1,91,9,17,3,11,12,13,13,13,,,,,A2925:U2925,
2924,1745-7262,0.86,Asian J Androl,0.70,1.00,0.00,3,91,30,11,11,10,10,5,13,1,,,,,A2926:U2926,
2925,1778-7254,1.05,Joint Bone Spine,0.11,0.29,0.00,0,91,4,9,12,6,15,8,27,10,,,,,A2927:U2927,
2926,1873-5576,0.73,Curr Cancer Drug Targets,0.08,0.00,0.44,0,91,13,1,1,16,12,24,13,11,,,,,A2928:U2928,
2927,1935-990X,2.13,Am Psychol,0.60,0.02,0.93,0,91,11,17,12,4,4,14,7,22,,,,,A2929:U2929,
2928,1941-0921,1.26,Sports Health,0.37,0.21,0.97,0,91,12,11,10,5,11,13,10,19,,,,,A2930:U2930,
2929,1942-0080,1.96,Circ Cardiovasc Imaging,0.37,0.27,0.98,0,91,14,11,7,15,15,6,16,7,,,,,A2931:U2931,
2930,1998-4138,0.43,J Cancer Res Ther,0.90,1.00,0.00,0,91,,,37,1,2,27,,24,,,,,A2932:U2932,
2931,2036-7430,0.8,Infect Dis Rep,0.00,1.00,0.97,0,91,12,7,5,14,11,13,14,15,,,,,A2933:U2933,
2932,2156-5376,3.06,Adv Nutr,0.67,1.00,0.00,1,91,8,9,8,9,16,21,10,10,,,,,A2934:U2934,
2933,2214-5532,0.67,Life Sci Space Res (Amst),0.96,0.32,0.00,0,91,26,12,,15,,13,,25,,,,,A2935:U2935,
2934,2222-0682,,World J Methodol,0.00,1.00,0.00,0,91,,,35,24,,,,32,,,,,A2936:U2936,
2935,2352-0477,0.82,Eur J Radiol Open,0.00,1.00,0.00,0,91,12,9,4,10,10,18,17,11,,,,,A2937:U2937,
2936,2523-899X,0.54,Curr Med Sci,0.93,0.18,0.75,0,91,13,6,12,19,12,8,16,5,,,,,A2938:U2938,
2937,2666-9560,0.77,Neuroimage Rep,0.00,1.00,0.00,0,91,10,11,4,10,10,19,14,13,,,,,A2939:U2939,
2938,2768-3613,0.53,J Integr Complement Med,0.34,0.11,0.73,0,91,1,20,11,18,7,12,13,9,,,,,A2940:U2940,
2939,1362-301X,0.54,Brain Inj,0.86,0.37,0.34,1,90,15,19,11,6,10,5,15,9,,,,,A2941:U2941,
2940,1365-2893,0.87,J Viral Hepat,0.93,0.60,0.93,0,90,17,14,14,6,8,5,14,12,,,,,A2942:U2942,
2941,1449-8987,0.62,Sex Health,0.97,0.52,0.99,0,90,16,6,10,6,15,11,12,14,,,,,A2943:U2943,
2942,1472-3263,0.86,Sex Transm Infect,0.13,0.33,1.00,1,90,14,12,9,3,10,20,17,5,,,,,A2944:U2944,
2943,1475-6374,0.78,J Enzyme Inhib Med Chem,0.98,1.00,0.22,4,90,20,12,10,2,12,10,14,10,,,,,A2945:U2945,
2944,1488-5581,0.33,Can J Urol,0.97,0.70,0.02,0,90,18,,22,,25,,25,,,,,,A2946:U2946,
2945,1497-0015,1.36,Can J Psychiatry,0.23,0.60,0.97,0,90,8,8,14,12,10,14,10,14,,,,,A2947:U2947,
2946,1541-8243,0.31,South Med J,0.88,0.08,0.73,0,90,12,11,,23,12,11,10,11,,,,,A2948:U2948,
2947,1558-2035,0.57,J Cardiovasc Med (Hagerstown),0.60,0.02,0.00,0,90,14,12,18,2,19,16,9,,,,,,A2949:U2949,
2948,1651-2081,0.68,J Rehabil Med,0.82,1.00,0.49,0,90,14,7,12,8,7,12,18,12,,,,,A2950:U2950,
2949,1747-4094,0.7,Expert Rev Hematol,0.71,0.27,0.50,0,90,10,10,9,8,16,11,12,14,,,,,A2951:U2951,
2950,1872-7492,0.83,Virus Res,0.82,1.00,0.00,0,90,8,8,9,18,17,12,7,11,,,,,A2952:U2952,
2951,1872-8006,0.68,Biochim Biophys Acta Gen Subj,0.84,0.30,0.00,1,90,12,10,19,15,6,10,10,8,,,,,A2953:U2953,
2952,1875-5739,0.49,Curr Neurovasc Res,0.28,0.00,0.46,1,90,12,9,7,15,11,17,11,8,,,,,A2954:U2954,
2953,1877-5764,0.7,Sex Reprod Healthc,0.59,0.99,0.00,0,90,15,6,12,11,13,17,4,12,,,,,A2955:U2955,
2954,1941-2452,0.75,Nutr Clin Pract,0.39,0.26,0.93,0,90,7,15,12,8,11,10,14,13,,,,,A2956:U2956,
2955,1993-0402,0.64,Chin J Integr Med,0.36,0.00,0.01,0,90,20,3,11,16,3,9,15,13,,,,,A2957:U2957,
2956,2008-3289,0.4,Iran J Microbiol,0.00,1.00,0.00,0,90,22,,,,31,17,,20,,,,,A2958:U2958,
2957,2191-0855,0.8,AMB Express,0.00,0.87,0.19,3,90,9,17,13,18,16,8,8,1,,,,,A2959:U2959,
2958,2332-7812,2.4,Neurol Neuroimmunol Neuroinflamm,0.88,1.00,0.97,0,90,13,10,9,12,6,15,7,18,,,,,A2960:U2960,
2959,2574-0970,1.01,ACS Appl Nano Mater,0.00,0.99,0.90,0,90,16,9,13,8,16,7,13,8,,,,,A2961:U2961,
2960,2638-6135,1.33,Radiol Cardiothorac Imaging,0.78,0.07,1.00,0,90,14,8,14,8,9,12,15,10,,,,,A2962:U2962,
2961,0046-8991,0.45,Indian J Microbiol,0.00,0.06,0.72,0,89,,22,,,20,28,,19,,,,,A2963:U2963,
2962,1024-2708,0.25,Hong Kong Med J,0.25,0.99,0.00,0,89,10,8,14,18,,18,5,16,,,,,A2964:U2964,
2963,1205-7088,0.55,Paediatr Child Health,0.00,0.46,0.57,0,89,2,19,16,12,,18,21,1,,,,,A2965:U2965,
2964,1421-9751,0.58,Cardiology,0.01,0.34,0.00,1,89,11,12,7,7,14,16,17,5,,,,,A2966:U2966,
2965,1467-8519,0.86,Bioethics,0.38,0.28,0.90,0,89,13,4,11,6,14,12,17,12,,,,,A2967:U2967,
2966,1478-596X,0.51,Int J Med Robot,1.00,0.37,0.88,0,89,7,8,10,12,17,10,14,11,,,,,A2968:U2968,
2967,1522-1504,1.41,Am J Physiol Lung Cell Mol Physiol,0.80,1.00,0.96,0,89,11,12,10,15,7,14,13,7,,,,,A2969:U2969,
2968,1532-4109,0.44,J Environ Sci Health B,0.69,0.06,0.66,1,89,10,15,12,8,10,12,10,12,,,,,A2970:U2970,
2969,1535-5675,0.35,J Nucl Med Technol,0.45,0.10,0.00,0,89,9,10,13,9,,23,8,17,,,,,A2971:U2971,
2970,1536-5166,0.41,J Neuroophthalmol,0.33,0.03,0.29,0,89,4,12,16,6,13,9,11,18,,,,,A2972:U2972,
2971,1537-6524,0.64,Toxicol Mech Methods,0.62,0.15,0.31,0,89,4,10,20,13,11,15,7,9,,,,,A2973:U2973,
2972,1549-5477,3.3,Genes Dev,0.78,0.74,0.80,2,89,7,9,10,12,9,,14,28,,,,,A2974:U2974,
2973,1551-6709,0.98,Cogn Sci,0.98,0.61,0.63,0,89,16,7,16,12,10,9,12,7,,,,,A2975:U2975,
2974,1573-3688,0.9,J Occup Rehabil,0.00,0.01,0.66,0,89,11,6,7,19,16,9,16,5,,,,,A2976:U2976,
2975,1578-1283,0.45,Gac Sanit,0.15,1.00,0.00,0,89,5,5,14,11,15,12,16,11,,,,,A2977:U2977,
2976,1663-2826,1.04,Horm Res Paediatr,0.03,0.53,0.00,0,89,14,10,11,14,8,16,7,9,,,,,A2978:U2978,
2977,1665-1731,0.23,Arch Cardiol Mex,0.10,0.22,0.00,0,89,9,19,3,18,22,4,11,3,,,,,A2979:U2979,
2978,1724-6040,0.38,Int J Artif Organs,0.61,0.07,0.99,0,89,5,9,6,13,8,17,17,14,,,,,A2980:U2980,
2979,1742-6405,0.93,AIDS Res Ther,0.74,1.00,0.28,0,89,13,14,15,10,4,20,13,,,,,,A2981:U2981,
2980,1744-9987,0.45,Ther Apher Dial,0.42,0.15,0.90,0,89,8,7,5,12,8,15,25,9,,,,,A2982:U2982,
2981,1759-4782,28.08,Nat Rev Clin Oncol,0.31,0.01,0.66,0,89,12,12,10,11,6,17,12,9,,,,,A2983:U2983,
2982,1759-5053,9.98,Nat Rev Gastroenterol Hepatol,0.26,0.00,0.67,0,89,11,9,10,15,8,7,15,14,,,,,A2984:U2984,
2983,1872-4353,0.61,J Bioeth Inq,0.00,0.04,0.83,0,89,4,3,11,7,26,13,12,13,,,,,A2985:U2985,
2984,1872-7131,0.52,Brain Dev,0.79,0.17,0.00,0,89,9,13,11,9,14,10,10,13,,,,,A2986:U2986,
2985,1878-1799,1.29,Women Birth,0.75,0.82,0.00,0,89,14,9,7,11,6,11,16,15,,,,,A2987:U2987,
2986,1941-9260,0.88,Postgrad Med,0.83,0.22,0.91,0,89,5,16,8,14,17,16,9,4,,,,,A2988:U2988,
2987,1942-0994,1.64,Oxid Med Cell Longev,0.34,1.00,0.34,55,89,15,9,12,12,8,12,13,8,,,,,A2989:U2989,
2988,2090-6803,,Case Rep Pediatr,0.00,1.00,0.99,0,89,8,12,3,4,7,26,12,17,,,,,A2990:U2990,
2989,2214-3602,1.07,J Neuromuscul Dis,0.29,1.00,0.90,0,89,12,11,11,11,8,10,14,12,,,,,A2991:U2991,
2990,2345-4644,0.69,Arch Bone Jt Surg,0.00,1.00,0.00,0,89,25,2,,11,21,14,,16,,,,,A2992:U2992,
2991,2359-4292,0.7,Arch Endocrinol Metab,0.73,1.00,0.38,0,89,1,16,8,14,15,15,15,5,,,,,A2993:U2993,
2992,2379-4313,,N C Med J,0.66,1.00,0.00,0,89,37,,52,,,,,,,,,,A2994:U2994,
2993,2432-261X,0.61,Spine Surg Relat Res,0.00,1.00,0.00,0,89,,19,,24,,28,,18,,,,,A2995:U2995,
2994,2515-5091,1.72,JNCI Cancer Spectr,0.74,1.00,0.85,0,89,13,8,11,14,11,13,9,10,,,,,A2996:U2996,
2995,2666-2477,1.76,HGG Adv,0.70,1.00,0.00,0,89,10,7,15,18,9,11,11,8,,,,,A2997:U2997,
2996,0028-3843,0.65,Neurol Neurochir Pol,0.43,0.81,0.81,0,88,7,12,12,24,11,6,8,8,,,,,A2998:U2998,
2997,0717-6163,0.22,Rev Med Chil,0.68,1.00,0.00,0,88,,,15,16,,17,28,12,,,,,A2999:U2999,
2998,1096-9888,0.39,J Mass Spectrom,0.69,0.61,0.91,0,88,14,9,14,8,6,6,20,11,,,,,A3000:U3000,
2999,1096-9896,2.13,J Pathol,0.75,0.41,0.93,1,88,16,15,9,11,9,7,10,11,,,,,A3001:U3001,
3000,1098-2744,1.05,Mol Carcinog,0.67,0.38,0.84,6,88,8,13,12,9,10,6,11,19,,,,,A3002:U3002,
3001,1308-4488,0.22,Turk Kardiyol Dern Ars,0.38,1.00,0.00,0,88,21,6,9,28,4,6,5,9,,,,,A3003:U3003,
3002,1440-1797,0.66,Nephrology (Carlton),0.92,0.32,0.90,0,88,8,7,21,11,13,9,10,9,,,,,A3004:U3004,
3003,1467-2995,0.52,Vet Anaesth Analg,0.65,0.99,0.00,0,88,15,12,5,12,13,11,12,8,,,,,A3005:U3005,
3004,1532-6497,0.32,Air Med J,0.80,0.33,0.00,0,88,17,10,,,24,21,,16,,,,,A3006:U3006,
3005,1533-4023,0.68,J Cardiovasc Pharmacol,0.48,0.06,0.59,0,88,8,14,7,9,,16,24,10,,,,,A3007:U3007,
3006,1534-6269,1.6,Curr Oncol Rep,0.99,0.47,0.43,0,88,3,19,14,11,15,8,7,11,,,,,A3008:U3008,
3007,1538-8670,0.33,Nurs Manage,0.45,0.07,0.00,0,88,19,13,,9,9,12,12,14,,,,,A3009:U3009,
3008,1543-2165,1.13,Arch Pathol Lab Med,0.27,1.00,0.00,0,88,13,9,13,10,13,15,6,9,,,,,A3010:U3010,
3009,1554-8120,0.5,Med Chem Res,0.78,0.09,0.39,0,88,,,,,,,70,18,,,,,A3011:U3011,
3010,1573-3521,0.88,J Behav Med,0.36,0.33,0.97,0,88,8,7,19,14,13,6,12,9,,,,,A3012:U3012,
3011,1734-9338,0.31,Postepy Kardiol Interwencyjnej,0.00,1.00,0.00,0,88,,26,,,29,,,33,,,,,A3013:U3013,
3012,1744-8379,0.51,Expert Rev Pharmacoecon Outcomes Res,0.55,0.23,0.41,0,88,6,11,11,6,2,22,2,28,,,,,A3014:U3014,
3013,1844-3117,,J Med Life,0.88,1.00,0.00,2,88,10,9,10,11,11,13,11,13,,,,,A3015:U3015,
3014,1875-5364,1.1,Chin J Nat Med,1.00,0.00,0.00,0,88,11,11,11,18,9,9,10,9,,,,,A3016:U3016,
3015,1879-307X,4.35,Trends Cogn Sci,0.33,0.39,0.00,0,88,10,8,17,10,7,12,16,8,,,,,A3017:U3017,
3016,1935-3456,3.09,Mucosal Immunol,0.70,1.00,0.00,0,88,11,10,12,9,7,15,19,5,,,,,A3018:U3018,
3017,1936-0568,0.99,Head Neck Pathol,0.94,0.44,0.48,0,88,13,7,11,7,14,21,9,6,,,,,A3019:U3019,
3018,1943-4693,0.8,J Natl Med Assoc,0.75,0.19,0.00,0,88,11,16,11,6,14,5,21,4,,,,,A3020:U3020,
3019,2059-7983,1.87,Acta Crystallogr D Struct Biol,0.98,0.83,0.91,0,88,7,10,9,15,11,12,14,10,,,,,A3021:U3021,
3020,2162-3619,4.13,Exp Hematol Oncol,0.00,1.00,0.15,0,88,12,16,7,8,6,17,11,11,,,,,A3022:U3022,
3021,2277-9175,0.36,Adv Biomed Res,0.00,1.00,0.00,0,88,,53,20,,,,15,,,,,,A3023:U3023,
3022,2666-0873,3.84,JACC CardioOncol,0.00,1.00,0.00,0,88,6,18,4,13,,22,7,18,,,,,A3024:U3024,
3023,0017-7768,,Harefuah,0.97,0.00,0.00,0,87,12,12,11,13,13,13,,13,,,,,A3025:U3025,
3024,0300-5283,0.25,Med J Malaysia,0.98,1.00,0.00,0,87,29,,15,,13,,,30,,,,,A3026:U3026,
3025,0301-2603,,No Shinkei Geka,1.00,0.00,0.00,0,87,,23,,22,,23,,19,,,,,A3027:U3027,
3026,1029-2330,0.83,J Drug Target,0.31,0.02,0.30,1,87,14,9,7,10,11,13,12,11,,,,,A3028:U3028,
3027,1090-2376,0.94,Conscious Cogn,0.83,0.57,0.00,0,87,10,17,11,10,7,8,13,11,,,,,A3029:U3029,
3028,1098-9064,1.1,Semin Thromb Hemost,0.11,0.31,0.79,0,87,13,7,10,9,13,13,11,11,,,,,A3030:U3030,
3029,1365-2567,1.58,Immunology,0.70,0.24,0.92,0,87,16,11,7,5,13,8,14,13,,,,,A3031:U3031,
3030,1423-0356,0.89,Respiration,0.15,0.47,0.00,0,87,9,9,21,14,11,8,9,6,,,,,A3032:U3032,
3031,1438-8820,0.15,Aktuelle Urol,0.28,0.02,0.16,0,87,4,16,5,14,1,16,15,16,,,,,A3033:U3033,
3032,1440-1800,0.97,Nurs Inq,0.89,0.74,0.97,0,87,8,9,8,4,10,15,16,17,,,,,A3034:U3034,
3033,1468-4381,1.57,Psychother Res,0.05,0.47,0.66,0,87,6,11,7,16,8,19,14,6,,,,,A3035:U3035,
3034,1475-5785,0.83,Inj Prev,0.07,0.29,1.00,0,87,7,7,12,18,7,6,19,11,,,,,A3036:U3036,
3035,1477-030X,1.71,Palliat Med,0.60,0.57,0.98,0,87,10,15,10,12,9,6,12,13,,,,,A3037:U3037,
3036,1477-1128,0.7,Prim Health Care Res Dev,0.98,0.94,0.98,0,87,10,16,15,6,6,13,11,10,,,,,A3038:U3038,
3037,1564-0604,1.55,Bull World Health Organ,0.53,1.00,0.00,0,87,16,,17,21,,11,22,,,,,,A3039:U3039,
3038,1740-1534,18.41,Nat Rev Microbiol,0.20,0.02,0.62,0,87,10,8,11,10,14,12,11,11,,,,,A3040:U3040,
3039,1744-5094,0.45,Ophthalmic Genet,0.40,0.22,0.51,0,87,10,11,20,10,9,15,4,8,,,,,A3041:U3041,
3040,1756-2856,1.24,Ther Adv Neurol Disord,0.00,1.00,0.98,0,87,6,12,9,15,6,9,9,21,,,,,A3042:U3042,
3041,1757-1146,0.65,J Foot Ankle Res,0.97,1.00,0.91,0,87,7,19,12,7,6,11,16,9,,,,,A3043:U3043,
3042,1791-2423,1.41,Int J Oncol,0.71,0.95,0.00,17,87,8,6,20,11,10,10,15,7,,,,,A3044:U3044,
3043,1878-3279,0.83,Immunobiology,0.83,0.99,0.00,1,87,11,8,6,6,13,19,10,14,,,,,A3045:U3045,
3044,1880-3865,0.65,J Oral Biosci,0.85,0.44,0.00,1,87,,44,9,,15,6,6,7,,,,,A3046:U3046,
3045,1938-4114,0.84,J Stud Alcohol Drugs,0.10,0.40,0.00,0,87,9,11,7,12,9,14,13,12,,,,,A3047:U3047,
3046,1939-5582,1.68,Ecol Appl,0.95,1.00,0.86,0,87,11,10,15,14,8,10,8,11,,,,,A3048:U3048,
3047,2044-8309,1.57,Br J Soc Psychol,0.98,0.70,0.95,0,87,12,8,15,15,9,8,7,13,,,,,A3049:U3049,
3048,2047-0525,,Perioper Med (Lond),0.00,1.00,0.17,0,87,11,13,13,12,12,12,14,,,,,,A3050:U3050,
3049,2052-3211,0.74,J Pharm Policy Pract,0.00,1.00,0.94,0,87,22,3,8,18,9,16,7,4,,,,,A3051:U3051,
3050,2056-807X,0.69,BDJ Open,0.00,1.00,0.93,0,87,11,8,9,15,14,8,13,9,,,,,A3052:U3052,
3051,2168-0485,1.41,ACS Sustain Chem Eng,0.00,0.99,0.97,0,87,16,15,17,15,13,9,2,,,,,,A3053:U3053,
3052,2373-8065,1.12,NPJ Microgravity,0.00,1.00,0.11,0,87,10,15,8,14,13,11,12,4,,,,,A3054:U3054,
3053,2375-6322,0.19,Aerosp Med Hum Perform,0.86,0.00,0.00,0,87,10,12,13,14,,11,14,13,,,,,A3055:U3055,
3054,2451-8654,0.63,Contemp Clin Trials Commun,0.00,1.00,0.00,1,87,11,22,11,11,7,6,11,8,,,,,A3056:U3056,
3055,2467-981X,0.87,Clin Neurophysiol Pract,0.00,1.00,0.00,0,87,9,11,6,15,3,9,20,14,,,,,A3057:U3057,
3056,2632-5012,0.72,Sleep Adv,0.00,1.00,0.93,0,87,2,9,14,12,13,7,16,14,,,,,A3058:U3058,
3057,2757-8038,,Alpha Psychiatry,0.00,1.00,1.00,0,87,18,,23,,23,,23,,,,,,A3059:U3059,
3058,0973-029X,0.32,J Oral Maxillofac Pathol,0.00,1.00,0.00,0,86,28,13,,,25,,,20,,,,,A3060:U3060,
3059,1360-046X,0.37,Br J Neurosurg,0.16,0.14,0.36,0,86,11,13,10,13,8,14,8,9,,,,,A3061:U3061,
3060,1423-0127,3.6,J Biomed Sci,0.92,1.00,0.21,1,86,14,9,13,6,14,13,10,7,,,,,A3062:U3062,
3061,1439-0264,0.32,Anat Histol Embryol,0.97,0.49,0.94,0,86,5,9,5,13,16,13,12,13,,,,,A3063:U3063,
3062,1470-8752,1.82,Biochem Soc Trans,0.99,0.99,1.00,0,86,9,9,6,8,15,19,12,8,,,,,A3064:U3064,
3063,1488-2361,0.92,Can Assoc Radiol J,0.12,0.38,1.00,0,86,14,9,7,10,18,10,10,8,,,,,A3065:U3065,
3064,1550-7416,0.81,AAPS J,0.94,0.08,0.99,0,86,15,9,18,10,19,7,5,3,,,,,A3066:U3066,
3065,1552-6844,1.28,Neurorehabil Neural Repair,0.56,0.47,0.95,0,86,12,12,7,10,13,10,6,16,,,,,A3067:U3067,
3066,1557-8259,0.47,Otolaryngol Clin North Am,0.63,0.00,0.00,1,86,10,8,12,7,29,8,9,3,,,,,A3068:U3068,
3067,1573-7322,1.65,Heart Fail Rev,0.90,0.43,0.27,0,86,5,6,23,13,6,7,13,13,,,,,A3069:U3069,
3068,1617-7940,0.6,Biomech Model Mechanobiol,1.00,0.63,0.23,0,86,10,,16,4,8,27,14,7,,,,,A3070:U3070,
3069,1619-3997,0.66,J Perinat Med,0.58,1.00,0.69,2,86,14,11,11,4,20,10,5,11,,,,,A3071:U3071,
3070,1746-0921,0.54,Future Microbiol,0.85,0.07,0.73,0,86,1,10,7,21,16,13,10,8,,,,,A3072:U3072,
3071,1748-7838,6.87,Cell Res,0.41,0.29,0.94,0,86,19,9,14,8,11,7,13,5,,,,,A3073:U3073,
3072,1842-1121,,J Gastrointestin Liver Dis,0.40,1.00,0.00,0,86,,,28,,3,30,9,16,,,,,A3074:U3074,
3073,1868-310X,0.59,J Community Genet,0.00,0.98,0.62,0,86,10,8,11,8,15,13,12,9,,,,,A3075:U3075,
3074,1872-969X,0.18,Ann ICRP,0.01,0.03,0.01,0,86,2,,,17,50,2,6,9,,,,,A3076:U3076,
3075,1876-4347,1.06,N Biotechnol,0.92,1.00,0.00,1,86,12,13,10,12,15,10,5,9,,,,,A3077:U3077,
3076,1877-8755,1.33,J Physiol Biochem,0.94,0.37,0.40,4,86,5,13,17,10,11,5,14,11,,,,,A3078:U3078,
3077,1937-5913,1.88,Ocul Surf,0.50,0.29,0.00,0,86,12,15,6,7,15,17,9,5,,,,,A3079:U3079,
3078,1999-6217,0.24,J Nepal Health Res Counc,0.99,0.00,0.28,0,86,,,27,31,,,,28,,,,,A3080:U3080,
3079,2152-2723,1.12,Cyberpsychol Behav Soc Netw,0.66,0.12,0.74,0,86,6,10,14,14,12,17,5,8,,,,,A3081:U3081,
3080,2157-6580,1.59,Stem Cells Transl Med,0.98,1.00,0.97,1,86,12,9,10,9,6,10,10,20,,,,,A3082:U3082,
3081,2197-7364,1.01,EJNMMI Phys,0.00,0.88,0.92,0,86,9,9,8,19,17,16,6,2,,,,,A3083:U3083,
3082,2210-7797,1.31,Pregnancy Hypertens,0.73,0.44,0.00,1,86,10,12,24,9,11,9,6,5,,,,,A3084:U3084,
3083,2220-315X,0.54,World J Exp Med,0.00,1.00,0.00,0,86,51,,22,,,,13,,,,,,A3085:U3085,
3084,2631-6129,0.65,J Breast Imaging,0.43,0.22,0.83,0,86,3,35,3,13,5,,24,3,,,,,A3086:U3086,
3085,2651-5032,0.33,Turk Neurosurg,0.88,1.00,0.21,0,86,22,1,20,,,25,,18,,,,,A3087:U3087,
3086,2659-6636,0.31,Open Respir Arch,0.00,1.00,0.00,0,86,12,16,11,13,8,6,16,4,,,,,A3088:U3088,
3087,2813-4540,0.5,Front Child Adolesc Psychiatry,0.00,1.00,0.00,0,86,5,6,10,9,10,11,18,17,,,,,A3089:U3089,
3088,2972-4066,0.56,Ann Acad Med Singap,0.29,1.00,0.00,0,86,16,6,12,25,5,10,8,4,,,,,A3090:U3090,
3089,3005-7590,0.82,IJTLD Open,0.00,1.00,0.08,0,86,9,,22,12,11,11,11,10,,,,,A3091:U3091,
3090,1108-7471,0.83,Ann Gastroenterol,0.00,1.00,0.00,0,85,21,2,18,1,14,,17,12,,,,,A3092:U3092,
3091,1347-5223,0.32,Chem Pharm Bull (Tokyo),0.95,1.00,0.02,0,85,13,12,12,7,13,11,10,7,,,,,A3093:U3093,
3092,1365-2796,3.03,J Intern Med,0.49,0.47,0.92,0,85,5,12,6,14,13,8,13,14,,,,,A3094:U3094,
3093,1399-5618,1.52,Bipolar Disord,0.78,0.67,0.92,0,85,5,18,9,,5,18,22,8,,,,,A3095:U3095,
3094,1432-1440,1.4,J Mol Med (Berl),0.92,0.45,0.94,2,85,18,10,10,13,11,10,8,5,,,,,A3096:U3096,
3095,1439-099X,0.77,Strahlenther Onkol,0.31,0.24,0.71,0,85,6,8,7,15,12,17,13,7,,,,,A3097:U3097,
3096,1466-1799,0.38,Br Poult Sci,0.27,0.14,0.67,0,85,21,11,10,8,5,16,8,6,,,,,A3098:U3098,
3097,1468-2869,1.45,J Urban Health,0.79,0.55,0.89,0,85,7,10,7,12,7,10,18,14,,,,,A3099:U3099,
3098,1471-0064,20.4,Nat Rev Genet,0.26,0.08,0.96,0,85,15,11,8,9,18,6,8,10,,,,,A3100:U3100,
3099,1476-5411,1.55,Cont Lens Anterior Eye,0.67,0.41,0.00,0,85,16,6,12,5,12,13,13,8,,,,,A3101:U3101,
3100,1476-5586,2.28,Neoplasia,0.93,1.00,0.00,0,85,11,17,8,11,5,12,11,10,,,,,A3102:U3102,
3101,1538-9235,0.76,Optom Vis Sci,0.84,0.08,0.56,0,85,,,11,39,8,16,6,5,,,,,A3103:U3103,
3102,1552-8456,0.79,West J Nurs Res,0.74,0.16,0.99,0,85,13,7,13,10,9,9,8,16,,,,,A3104:U3104,
3103,1572-9702,0.54,Exp Appl Acarol,0.96,0.47,0.51,0,85,5,9,14,9,10,6,12,20,,,,,A3105:U3105,
3104,1573-5028,1.11,Plant Mol Biol,0.96,0.25,0.49,0,85,8,13,13,7,11,8,14,11,,,,,A3106:U3106,
3105,1715-5320,0.76,Appl Physiol Nutr Metab,0.84,0.21,0.82,1,85,9,15,6,16,12,12,1,14,,,,,A3107:U3107,
3106,1741-203X,1.32,Int Psychogeriatr,0.04,1.00,0.00,0,85,12,8,9,8,8,12,13,15,,,,,A3108:U3108,
3107,1745-3682,1.23,Acta Orthop,0.87,1.00,0.88,0,85,9,11,8,9,7,21,9,11,,,,,A3109:U3109,
3108,1746-4269,0.97,J Ethnobiol Ethnomed,0.86,1.00,0.28,0,85,7,14,18,18,9,8,8,3,,,,,A3110:U3110,
3109,1746-4811,0.99,Plant Methods,0.00,1.00,0.27,0,85,14,10,14,11,7,13,16,,,,,,A3111:U3111,
3110,1759-720X,1.19,Ther Adv Musculoskelet Dis,0.00,1.00,0.96,0,85,8,9,14,11,12,9,9,13,,,,,A3112:U3112,
3111,1768-3122,0.24,Rev Med Interne,0.38,0.31,0.00,0,85,8,10,9,7,12,15,13,11,,,,,A3113:U3113,
3112,1879-0739,0.92,Nutr Res,0.98,0.39,0.00,0,85,12,5,11,11,18,12,12,4,,,,,A3114:U3114,
3113,1880-3873,1.05,J Atheroscler Thromb,0.49,1.00,0.00,0,85,7,7,18,9,10,13,11,10,,,,,A3115:U3115,
3114,1938-2472,0.38,J Contin Educ Nurs,0.74,0.22,0.00,0,85,,9,15,19,15,8,9,10,,,,,A3116:U3116,
3115,1998-3611,0.42,Indian J Dermatol,0.00,1.00,0.00,0,85,22,,22,,20,,20,1,,,,,A3117:U3117,
3116,2047-9956,0.44,Eur J Hosp Pharm,0.04,0.00,1.00,0,85,12,9,13,11,7,13,10,10,,,,,A3118:U3118,
3117,2049-9442,0.62,Biomed Rep,0.00,1.00,0.00,0,85,8,10,14,13,14,8,14,4,,,,,A3119:U3119,
3118,2090-908X,0.61,Scientifica (Cairo),0.00,1.00,0.99,0,85,26,15,7,3,13,9,8,4,,,,,A3120:U3120,
3119,2192-2195,1.05,Nat Prod Bioprospect,0.00,1.00,0.69,0,85,21,14,10,12,8,8,6,6,,,,,A3121:U3121,
3120,2352-8532,1.03,Addict Behav Rep,0.00,1.00,0.00,0,85,17,9,12,7,13,8,11,8,,,,,A3122:U3122,
3121,2468-4481,0.33,VideoGIE,0.00,1.00,0.00,0,85,9,9,8,11,12,12,12,12,,,,,A3123:U3123,
3122,2472-1727,0.56,Birth Defects Res,0.93,0.58,0.86,0,85,7,15,5,5,16,14,14,9,,,,,A3124:U3124,
3123,2543-6767,0.46,Ginekol Pol,0.72,0.67,0.81,0,85,7,3,12,2,4,22,26,9,,,,,A3125:U3125,
3124,2731-913X,1.25,BMC Glob Public Health,0.00,1.00,0.25,0,85,10,11,9,10,14,9,10,12,,,,,A3126:U3126,
3125,2769-755X,1.63,J Psychopathol Clin Sci,0.62,0.27,0.94,0,85,1,5,11,9,31,10,11,7,,,,,A3127:U3127,
3126,3050-2225,0.4,Sage Open Pediatr,0.00,1.00,0.99,0,85,8,10,17,14,14,10,4,8,,,,,A3128:U3128,
3127,0038-0814,0.14,Soins,0.85,1.00,0.00,0,84,14,14,,15,13,13,15,,,,,,A3129:U3129,
3128,0370-629X,0.23,Rev Med Liege,1.00,0.56,0.00,0,84,12,9,11,11,,26,,15,,,,,A3130:U3130,
3129,0412-4081,0.24,Zhonghua Yan Ke Za Zhi,1.00,0.00,0.00,0,84,11,11,10,10,10,18,,14,,,,,A3131:U3131,
3130,1096-9101,0.58,Lasers Surg Med,0.55,0.32,0.92,0,84,7,9,10,11,12,9,9,17,,,,,A3132:U3132,
3131,1365-2788,0.79,J Intellect Disabil Res,0.51,0.42,0.89,0,84,7,9,7,8,12,10,16,15,,,,,A3133:U3133,
3132,1473-5644,0.72,J Med Microbiol,0.93,0.90,0.00,0,84,9,7,21,10,11,9,10,7,,,,,A3134:U3134,
3133,1532-3145,0.41,J Comput Assist Tomogr,0.32,0.05,0.74,0,84,8,10,6,16,10,14,16,4,,,,,A3135:U3135,
3134,1557-2501,0.42,J Invasive Cardiol,0.19,0.98,0.00,0,84,17,8,3,16,13,5,16,6,,,,,A3136:U3136,
3135,1572-9788,0.86,Mol Breed,0.00,0.31,0.36,0,84,9,5,11,11,15,9,9,15,,,,,A3137:U3137,
3136,1573-2614,0.75,J Clin Monit Comput,0.33,0.51,0.42,1,84,7,16,7,7,5,16,11,15,,,,,A3138:U3138,
3137,1607-8454,0.6,Hematology,0.99,1.00,0.61,0,84,15,14,16,17,4,4,8,6,,,,,A3139:U3139,
3138,1677-6119,0.9,Int Braz J Urol,0.70,1.00,0.00,0,84,18,7,15,,15,5,20,4,,,,,A3140:U3140,
3139,1873-2534,0.45,Vet Immunol Immunopathol,0.71,0.21,0.00,0,84,8,6,11,8,13,11,11,16,,,,,A3141:U3141,
3140,1873-2933,0.69,Clin Biochem,0.64,0.24,0.00,1,84,12,17,8,6,10,10,13,8,,,,,A3142:U3142,
3141,1878-1810,1.88,Transl Res,0.88,0.25,0.00,0,84,7,10,6,6,8,21,15,11,,,,,A3143:U3143,
3142,1879-1611,0.64,J Insect Physiol,0.95,0.30,0.00,0,84,10,13,10,6,11,15,8,11,,,,,A3144:U3144,
3143,1923-4163,0.25,J Med Cases,0.00,1.00,0.23,0,84,7,16,7,8,10,12,10,14,,,,,A3145:U3145,
3144,1939-2869,,Cleve Clin J Med,0.24,1.00,0.00,0,84,8,9,8,11,9,12,13,14,,,,,A3146:U3146,
3145,2042-0226,7.02,Cell Mol Immunol,0.67,0.36,0.88,1,84,13,4,11,14,14,10,9,9,,,,,A3147:U3147,
3146,2052-0034,0.86,Gastroenterol Rep (Oxf),0.00,1.00,0.70,0,84,1,8,18,7,17,10,16,7,,,,,A3148:U3148,
3147,2054-2577,0.95,Neurooncol Pract,0.00,1.00,0.98,0,84,,,19,,41,2,22,,,,,,A3149:U3149,
3148,2058-5241,1.63,EFORT Open Rev,0.00,1.00,0.96,0,84,6,6,10,13,8,21,16,4,,,,,A3150:U3150,
3149,2090-6560,,Case Rep Hematol,0.00,1.00,1.00,0,84,4,11,4,9,12,14,17,13,,,,,A3151:U3151,
3150,2171-8695,0.36,Farm Hosp,0.43,1.00,0.00,0,84,6,14,11,7,17,14,9,6,,,,,A3152:U3152,
3151,2173-5786,,Actas Urol Esp (Engl Ed),0.62,0.04,0.00,0,84,28,12,4,9,10,2,12,7,,,,,A3153:U3153,
3152,2397-3358,13.68,Nat Rev Chem,0.12,0.02,0.82,0,84,10,9,10,11,7,14,13,10,,,,,A3154:U3154,
3153,2666-3899,2.07,Patterns (N Y),0.00,1.00,0.00,0,84,11,8,1,20,10,13,10,11,,,,,A3155:U3155,
3154,2948-1945,,Crop Health,0.00,1.00,0.83,0,84,,66,3,4,3,2,3,3,,,,,A3156:U3156,
3155,2950-3930,0.4,Fr J Urol,0.46,0.30,0.00,0,84,10,6,8,10,10,17,15,8,,,,,A3157:U3157,
3156,0277-786X,0.14,Proc SPIE Int Soc Opt Eng,0.00,1.00,0.00,0,83,1,2,16,29,10,12,7,6,,,,,A3158:U3158,
3157,0748-321X,0.44,J Vet Med Educ,0.05,0.00,0.89,0,83,9,1,4,2,17,14,22,14,,,,,A3159:U3159,
3158,0971-9202,0.3,J Obstet Gynaecol India,0.00,0.07,0.83,0,83,15,,,18,17,15,,18,,,,,A3160:U3160,
3159,0974-5130,0.25,Indian J Pathol Microbiol,0.83,1.00,0.00,0,83,26,4,10,7,10,25,,1,,,,,A3161:U3161,
3160,1097-4652,1.25,J Cell Physiol,0.75,0.46,0.67,45,83,13,11,8,13,16,7,8,7,,,,,A3162:U3162,
3161,1098-2345,0.51,Am J Primatol,0.93,0.52,0.93,0,83,12,4,12,14,12,11,13,5,,,,,A3163:U3163,
3162,1300-0667,0.39,Noro Psikiyatr Ars,0.00,1.00,0.00,0,83,20,,30,12,,,13,8,,,,,A3164:U3164,
3163,1349-9157,0.65,J Radiat Res,0.73,1.00,0.93,0,83,10,11,8,12,12,4,20,6,,,,,A3165:U3165,
3164,1432-0460,1.01,Dysphagia,0.22,0.13,0.84,0,83,4,12,15,8,7,11,13,13,,,,,A3166:U3166,
3165,1435-1250,0.31,Z Rheumatol,0.36,0.07,0.29,0,83,10,7,19,13,6,12,10,6,,,,,A3167:U3167,
3166,1440-1827,0.83,Pathol Int,0.86,0.41,0.92,0,83,12,9,7,6,14,13,13,9,,,,,A3168:U3168,
3167,1464-5157,0.9,Int J Hyperthermia,0.95,1.00,0.40,2,83,6,8,18,12,3,10,15,11,,,,,A3169:U3169,
3168,1471-0080,35.57,Nat Rev Mol Cell Biol,0.24,0.06,0.73,0,83,11,9,6,10,7,11,14,15,,,,,A3170:U3170,
3169,1473-6500,0.72,Curr Opin Anaesthesiol,0.83,0.12,0.01,0,83,4,12,17,16,,16,12,6,,,,,A3171:U3171,
3170,1545-5300,1.02,Fam Process,0.98,0.57,0.96,0,83,9,18,8,9,8,12,11,8,,,,,A3172:U3172,
3171,1555-3892,0.91,Cell Transplant,0.95,1.00,0.96,1,83,13,12,11,8,8,14,10,7,,,,,A3173:U3173,
3172,1557-7422,1.28,Hum Gene Ther,0.57,0.23,0.59,0,83,2,16,12,9,6,7,15,16,,,,,A3174:U3174,
3173,1601-5223,0.59,Hereditas,0.88,1.00,0.07,0,83,15,12,13,15,11,7,8,2,,,,,A3175:U3175,
3174,1613-9674,0.57,Oral Radiol,0.48,0.10,0.43,0,83,15,10,6,11,9,13,8,11,,,,,A3176:U3176,
3175,1749-4486,0.67,Clin Otolaryngol,0.57,0.34,0.93,1,83,14,3,10,9,11,11,16,9,,,,,A3177:U3177,
3176,1759-4766,7.08,Nat Rev Neurol,0.31,0.02,0.57,0,83,4,5,8,20,8,18,10,10,,,,,A3178:U3178,
3177,1793-5482,,Asian J Neurosurg,0.00,1.00,0.84,0,83,,,24,,27,,32,,,,,,A3179:U3179,
3178,1873-474X,0.5,Int J Dev Neurosci,0.99,0.39,0.96,0,83,11,6,11,14,11,8,13,9,,,,,A3180:U3180,
3179,1878-3449,0.73,Semin Oncol Nurs,0.69,0.27,0.00,0,83,5,8,16,6,12,10,21,5,,,,,A3181:U3181,
3180,2052-0492,1.91,J Intensive Care,0.00,1.00,0.24,0,83,14,9,12,5,7,6,16,14,,,,,A3182:U3182,
3181,2092-9382,0.61,Korean J Ophthalmol,0.29,1.00,0.00,0,83,6,9,9,10,14,11,18,6,,,,,A3183:U3183,
3182,2173-5077,,Cir Esp (Engl Ed),0.40,0.06,0.00,0,83,11,17,21,1,21,3,3,6,,,,,A3184:U3184,
3183,2282-4197,0.41,Arch Ital Urol Androl,0.90,1.00,0.14,0,83,14,10,21,,12,8,10,8,,,,,A3185:U3185,
3184,2325-8179,0.46,Ophthalmic Surg Lasers Imaging Retina,0.63,0.31,0.00,0,83,7,4,14,7,10,17,12,12,,,,,A3186:U3186,
3185,2468-6441,0.21,CASE (Phila),0.00,1.00,0.00,0,83,8,22,9,,15,10,7,12,,,,,A3187:U3187,
3186,2472-5625,0.34,Mod Rheumatol Case Rep,0.87,0.28,0.94,0,83,7,6,17,,11,13,15,14,,,,,A3188:U3188,
3187,2590-1125,0.65,Clin Park Relat Disord,0.00,1.00,0.00,0,83,16,5,5,10,6,13,18,10,,,,,A3189:U3189,
3188,2641-5275,0.59,Biomater Investig Dent,0.00,1.00,0.30,0,83,10,3,9,14,19,8,10,10,,,,,A3190:U3190,
3189,2667-114X,0.95,Curr Res Parasitol Vector Borne Dis,0.00,1.00,0.00,0,83,6,13,6,11,8,13,12,14,,,,,A3191:U3191,
3190,2732-7787,0.44,Cancer Diagn Progn,0.00,1.00,0.00,0,83,17,,21,,22,,23,,,,,,A3192:U3192,
3191,0015-5691,0.15,Nihon Yakurigaku Zasshi,0.52,0.00,0.00,0,82,16,,22,,21,,23,,,,,,A3193:U3193,
3192,0040-3660,0.21,Ter Arkh,1.00,0.00,1.00,0,82,9,22,17,,9,10,,15,,,,,A3194:U3194,
3193,0899-8280,0.32,Proc (Bayl Univ Med Cent),0.00,1.00,0.89,0,82,37,7,34,,4,,,,,,,,A3195:U3195,
3194,1099-0968,1.21,Eur Eat Disord Rev,0.61,0.35,0.96,1,82,6,10,11,15,10,9,16,5,,,,,A3196:U3196,
3195,1179-1926,1.21,Clin Pharmacokinet,0.84,0.52,0.96,0,82,9,11,8,5,13,13,12,11,,,,,A3197:U3197,
3196,1292-895X,0.41,Eur Phys J E Soft Matter,0.24,0.44,0.96,0,82,8,11,8,11,5,12,13,14,,,,,A3198:U3198,
3197,1347-4421,0.58,J Biosci Bioeng,0.96,0.00,0.00,1,82,12,10,14,13,8,10,9,6,,,,,A3199:U3199,
3198,1460-4752,2.19,Nat Prod Rep,0.46,0.07,0.99,0,82,10,6,8,7,7,20,14,10,,,,,A3200:U3200,
3199,1471-499X,3.68,Trends Mol Med,0.28,0.34,0.00,0,82,5,2,16,14,8,12,16,9,,,,,A3201:U3201,
3200,1479-5868,2.05,Int J Behav Nutr Phys Act,0.88,1.00,0.24,0,82,8,14,14,15,12,9,10,,,,,,A3202:U3202,
3201,1536-3694,0.59,Ther Drug Monit,0.13,0.06,0.71,0,82,15,7,6,8,9,15,17,5,,,,,A3203:U3203,
3202,1538-067X,0.28,Clin J Oncol Nurs,0.99,0.13,0.00,0,82,,22,,16,,17,9,18,,,,,A3204:U3204,
3203,1556-8342,0.69,Breastfeed Med,0.43,0.05,0.73,0,82,3,3,1,6,15,17,21,16,,,,,A3205:U3205,
3204,1665-2681,1.45,Ann Hepatol,0.06,1.00,0.00,0,82,16,4,10,8,20,17,2,5,,,,,A3206:U3206,
3205,1744-8328,0.84,Expert Rev Anticancer Ther,0.54,0.20,0.40,0,82,15,10,7,8,16,12,8,6,,,,,A3207:U3207,
3206,1750-7448,0.67,Immunotherapy,0.82,0.18,0.50,0,82,9,7,10,12,14,8,12,10,,,,,A3208:U3208,
3207,1759-4804,6.77,Nat Rev Rheumatol,0.28,0.01,0.60,0,82,5,11,5,7,15,8,16,15,,,,,A3209:U3209,
3208,1872-7697,0.98,Int J Psychophysiol,0.74,0.37,0.00,0,82,11,7,12,12,15,7,5,13,,,,,A3210:U3210,
3209,1879-0364,2.8,Curr Opin Microbiol,0.99,0.79,0.00,0,82,9,7,11,13,5,12,17,8,,,,,A3211:U3211,
3210,1879-0402,2.26,Curr Opin Chem Biol,0.62,0.63,0.00,0,82,2,5,8,10,13,10,17,17,,,,,A3212:U3212,
3211,1879-730X,0.46,Eur Ann Otorhinolaryngol Head Neck Dis,0.35,0.34,0.00,0,82,2,18,5,16,9,12,8,12,,,,,A3213:U3213,
3212,1938-131X,,Jt Comm J Qual Patient Saf,0.43,0.28,0.00,0,82,4,5,8,14,14,13,11,13,,,,,A3214:U3214,
3213,1938-7636,0.65,Foot Ankle Spec,0.10,0.16,1.00,0,82,10,7,8,10,5,11,16,15,,,,,A3215:U3215,
3214,2005-4408,0.87,Clin Orthop Surg,0.98,1.00,0.99,0,82,,20,,21,,20,,21,,,,,A3216:U3216,
3215,2046-4924,1.02,Health Technol Assess,0.84,1.00,0.99,0,82,6,19,18,4,14,8,7,6,,,,,A3217:U3217,
3216,2090-6900,,Case Rep Surg,0.00,1.00,1.00,0,82,9,5,1,13,10,21,7,16,,,,,A3218:U3218,
3217,2160-7648,0.55,Clin Pharmacol Drug Dev,0.89,0.55,0.00,0,82,20,15,11,11,4,5,8,8,,,,,A3219:U3219,
3218,2173-5808,,Neurologia (Engl Ed),0.44,1.00,0.00,0,82,7,,27,12,30,,5,1,,,,,A3220:U3220,
3219,2214-9996,1.02,Ann Glob Health,0.96,1.00,0.54,0,82,9,12,6,13,5,12,13,12,,,,,A3221:U3221,
3220,2287-4208,1.1,World J Mens Health,0.00,1.00,1.00,0,82,18,11,,9,10,6,17,11,,,,,A3222:U3222,
3221,2341-1929,,Rev Esp Anestesiol Reanim (Engl Ed),0.67,0.04,0.00,0,82,15,18,16,7,8,8,4,6,,,,,A3223:U3223,
3222,2376-7839,1.01,Neurol Genet,0.00,0.98,1.00,0,82,4,8,15,13,13,9,9,11,,,,,A3224:U3224,
3223,2398-3795,0.81,BJGP Open,0.00,1.00,0.85,0,82,14,12,9,12,14,7,9,5,,,,,A3225:U3225,
3224,2589-4196,1.28,Ophthalmol Glaucoma,0.15,0.38,0.00,0,82,11,9,10,7,15,10,14,6,,,,,A3226:U3226,
3225,2666-7568,5.43,Lancet Healthy Longev,0.56,1.00,0.00,0,82,3,9,10,6,14,15,11,14,,,,,A3227:U3227,
3226,2673-8600,0.77,Front Insect Sci,0.00,1.00,0.00,0,82,3,15,10,10,13,11,4,16,,,,,A3228:U3228,
3227,2834-4383,0.27,Neurosurg Pract,0.00,1.00,0.72,0,82,6,8,4,15,6,18,13,12,,,,,A3229:U3229,
3228,3005-1444,,NPJ Biomed Innov,0.00,1.00,0.04,0,82,3,4,2,49,5,4,8,7,,,,,A3230:U3230,
3229,0001-6462,0.34,Acta Orthop Belg,0.99,0.00,0.00,0,81,,,16,47,,,,18,,,,,A3231:U3231,
3230,0253-8253,0.29,Qatar Med J,0.00,1.00,0.00,0,81,20,,13,20,,5,5,18,,,,,A3232:U3232,
3231,1098-1101,0.89,J Clin Apher,0.94,0.49,0.89,0,81,4,14,14,6,7,13,12,11,,,,,A3233:U3233,
3232,1445-5781,1.14,Reprod Med Biol,0.00,1.00,0.91,0,81,13,10,4,17,8,10,10,9,,,,,A3234:U3234,
3233,1470-8744,0.72,Biotechnol Appl Biochem,0.47,0.38,0.35,2,81,15,14,14,14,7,3,5,9,,,,,A3235:U3235,
3234,1473-4893,0.82,Clin Med (Lond),0.57,1.00,0.00,1,81,9,4,11,14,10,9,19,5,,,,,A3236:U3236,
3235,1475-2697,0.44,J Helminthol,0.96,0.01,1.00,0,81,10,7,8,11,15,17,7,6,,,,,A3237:U3237,
3236,1477-7827,1.51,Reprod Biol Endocrinol,0.77,1.00,0.23,2,81,14,10,8,13,12,9,14,1,,,,,A3238:U3238,
3237,1507-1367,0.55,Rep Pract Oncol Radiother,0.00,1.00,0.12,0,81,30,,,17,17,,17,,,,,,A3239:U3239,
3238,1532-8384,1.84,Compr Psychiatry,0.84,1.00,0.00,0,81,14,10,6,11,15,13,6,6,,,,,A3240:U3240,
3239,1557-1246,1.19,J Atten Disord,0.53,0.40,1.00,0,81,10,6,19,8,9,5,12,12,,,,,A3241:U3241,
3240,1573-2592,1.8,J Clin Immunol,0.75,0.93,0.38,0,81,5,15,18,17,6,11,6,3,,,,,A3242:U3242,
3241,1573-3610,0.92,J Community Health,0.44,0.21,0.93,0,81,3,3,14,10,9,6,23,13,,,,,A3243:U3243,
3242,1652-7518,0.14,Lakartidningen,0.83,0.93,0.00,0,81,14,5,14,14,10,5,8,11,,,,,A3244:U3244,
3243,1678-8052,0.48,Neotrop Entomol,0.98,0.54,0.94,0,81,6,11,8,22,9,5,12,8,,,,,A3245:U3245,
3244,1718-4304,0.7,Perit Dial Int,0.05,0.21,0.99,0,81,11,5,10,10,10,14,7,14,,,,,A3246:U3246,
3245,1726-6890,0.43,Iran J Pharm Res,0.00,1.00,0.62,0,81,17,12,,,25,,27,,,,,,A3247:U3247,
3246,1812-2078,0.15,Kathmandu Univ Med J (KUMJ),0.96,0.00,0.00,0,81,,,,53,,28,,,,,,,A3248:U3248,
3247,1813-9175,0.2,Multimed Man Cardiothorac Surg,1.00,1.00,0.00,0,81,13,6,13,18,7,10,7,7,,,,,A3249:U3249,
3248,1879-0984,0.46,J Virol Methods,0.84,0.30,0.00,2,81,12,16,9,8,14,9,6,7,,,,,A3250:U3250,
3249,1980-5497,0.43,Rev Bras Epidemiol,0.99,1.00,0.99,0,81,2,4,7,11,4,3,28,22,,,,,A3251:U3251,
3250,2190-4286,0.51,Beilstein J Nanotechnol,0.00,1.00,1.00,0,81,15,12,3,5,15,11,6,14,,,,,A3252:U3252,
3251,2212-4632,1.16,J Prosthodont Res,0.21,1.00,0.00,0,81,31,2,8,12,8,7,10,3,,,,,A3253:U3253,
3252,2374-4243,0.73,Infect Dis (Lond),0.41,0.37,0.52,0,81,7,7,12,12,11,13,8,11,,,,,A3254:U3254,
3253,2755-9734,2.83,BMJ Ment Health,0.93,0.99,0.98,0,81,9,12,8,6,6,16,14,10,,,,,A3255:U3255,
3254,2791-6421,0.33,Turk J Pediatr,0.81,1.00,0.01,0,81,,19,22,,19,,21,,,,,,A3256:U3256,
3255,0168-9525,3.78,Trends Genet,0.60,0.41,0.00,0,80,4,8,20,14,3,14,11,6,,,,,A3257:U3257,
3256,0253-3766,0.61,Zhonghua Zhong Liu Za Zhi,0.95,0.00,0.00,0,80,2,9,12,,23,12,10,12,,,,,A3258:U3258,
3257,0975-9476,0.38,J Ayurveda Integr Med,0.00,1.00,0.00,0,80,6,14,12,1,20,,23,4,,,,,A3259:U3259,
3258,1178-6930,0.8,Onco Targets Ther,0.00,1.00,0.36,29,80,1,2,20,16,14,13,6,8,,,,,A3260:U3260,
3259,1423-0399,0.49,Urol Int,0.01,0.26,0.00,0,80,6,11,7,8,4,16,10,18,,,,,A3261:U3261,
3260,1439-7803,0.27,Z Gastroenterol,0.38,0.60,0.49,0,80,11,4,13,7,10,6,10,19,,,,,A3262:U3262,
3261,1473-5865,0.36,J Pediatr Orthop B,0.54,0.04,0.00,0,80,13,12,4,5,7,24,12,3,,,,,A3263:U3263,
3262,1534-6242,1.95,Curr Atheroscler Rep,0.97,0.44,0.30,0,80,14,10,4,10,15,8,9,10,,,,,A3264:U3264,
3263,1551-0018,0.46,Math Biosci Eng,0.72,1.00,0.00,1,80,20,,11,11,13,,12,13,,,,,A3265:U3265,
3264,1551-6776,0.4,J Pediatr Pharmacol Ther,0.00,1.00,0.00,0,80,,24,,18,,19,,19,,,,,A3266:U3266,
3265,1557-9891,0.86,Am J Mens Health,0.97,1.00,0.99,1,80,13,14,12,10,12,3,7,9,,,,,A3267:U3267,
3266,1590-1262,0.93,Eat Weight Disord,0.89,0.90,0.42,0,80,10,8,18,13,14,13,4,,,,,,A3268:U3268,
3267,1601-6343,0.82,Orthod Craniofac Res,0.57,0.49,0.96,0,80,11,4,9,14,20,5,12,5,,,,,A3269:U3269,
3268,1756-5391,0.98,J Evid Based Med,0.46,0.20,0.03,0,80,12,7,7,3,,8,28,15,,,,,A3270:U3270,
3269,1840-2445,0.25,Med Glas (Zenica),1.00,1.00,0.46,0,80,,,,43,,,,37,,,,,A3271:U3271,
3270,1873-2364,0.92,Neuromuscul Disord,0.75,0.51,0.00,0,80,13,13,14,7,7,8,8,10,,,,,A3272:U3272,
3271,1938-5404,0.63,Radiat Res,0.71,0.09,0.00,0,80,8,14,8,13,15,9,9,4,,,,,A3273:U3273,
3272,1944-7922,0.36,J AOAC Int,0.16,0.28,0.61,0,80,8,7,8,14,8,15,7,13,,,,,A3274:U3274,
3273,2005-1212,1.14,Gut Liver,0.30,1.00,0.96,1,80,8,,15,8,8,18,10,13,,,,,A3275:U3275,
3274,2041-3033,0.41,Proc Inst Mech Eng H,0.75,0.09,1.00,1,80,9,6,10,13,11,9,10,12,,,,,A3276:U3276,
3275,2071-9736,0.46,Health SA,0.00,1.00,1.00,0,80,3,8,5,7,12,12,5,28,,,,,A3277:U3277,
3276,2212-2672,1.31,J Acad Nutr Diet,0.54,0.54,0.00,1,80,9,7,14,10,8,9,7,16,,,,,A3278:U3278,
3277,2254-8874,,Rev Clin Esp (Barc),0.61,0.07,0.00,0,80,9,14,22,12,13,3,1,6,,,,,A3279:U3279,
3278,2292-5503,0.5,Plast Surg (Oakv),0.00,0.54,1.00,0,80,7,11,16,18,7,12,1,8,,,,,A3280:U3280,
3279,2303-9027,1.07,Endosc Ultrasound,0.00,1.00,0.19,0,80,41,,,12,,14,13,,,,,,A3281:U3281,
3280,2322-5939,1.17,Int J Health Policy Manag,0.75,1.00,0.99,0,80,,,,80,,,,,,,,,A3282:U3282,
3281,2369-2529,0.88,JMIR Rehabil Assist Technol,0.00,1.00,0.97,0,80,6,12,9,10,12,10,8,13,,,,,A3283:U3283,
3282,2470-9476,5.88,Sci Robot,0.50,0.03,0.84,0,80,9,8,10,11,11,10,11,10,,,,,A3284:U3284,
3283,2689-5277,2.29,Int J Transgend Health,0.00,1.00,0.66,0,80,3,16,39,,1,,19,2,,,,,A3285:U3285,
3284,0353-5053,0.33,Psychiatr Danub,0.53,1.00,0.00,0,79,45,,,,,17,,17,,,,,A3286:U3286,
3285,0377-1237,0.29,Med J Armed Forces India,0.00,0.00,0.00,0,79,,20,21,,20,,16,2,,,,,A3287:U3287,
3286,1432-1777,0.82,Mamm Genome,0.96,0.29,0.39,0,79,9,8,10,16,13,8,9,6,,,,,A3288:U3288,
3287,1476-5500,1.75,Cancer Gene Ther,0.78,0.29,0.97,3,79,7,9,8,13,7,9,12,14,,,,,A3289:U3289,
3288,1479-828X,0.74,Aust N Z J Obstet Gynaecol,0.90,0.92,0.96,0,79,,1,25,21,5,7,11,9,,,,,A3290:U3290,
3289,1479-8301,0.66,Psychogeriatrics,0.81,0.46,0.94,1,79,15,11,10,9,9,4,8,13,,,,,A3291:U3291,
3290,1502-7724,0.7,Scand J Prim Health Care,0.97,1.00,0.97,0,79,8,5,17,8,16,13,5,7,,,,,A3292:U3292,
3291,1520-6327,0.45,Arch Insect Biochem Physiol,0.99,0.41,0.94,0,79,5,10,11,9,11,13,8,12,,,,,A3293:U3293,
3292,1526-3347,0.35,Pediatr Rev,0.24,0.00,0.00,0,79,9,11,10,10,10,10,9,10,,,,,A3294:U3294,
3293,1530-8898,1.2,J Cogn Neurosci,0.61,0.09,0.59,0,79,10,7,15,6,19,4,7,11,,,,,A3295:U3295,
3294,1534-3170,1.27,Curr Cardiol Rep,0.96,0.42,0.22,0,79,10,12,15,9,6,5,11,11,,,,,A3296:U3296,
3295,1538-6724,1.13,Phys Ther,0.57,0.32,0.92,0,79,10,10,10,9,14,6,10,10,,,,,A3297:U3297,
3296,1550-5014,0.55,ANS Adv Nurs Sci,0.41,0.06,0.19,0,79,13,5,,3,15,10,19,14,,,,,A3298:U3298,
3297,1573-1561,0.48,J Chem Ecol,0.97,0.47,0.61,0,79,14,10,7,9,10,8,12,9,,,,,A3299:U3299,
3298,1661-7819,1.12,Neonatology,0.16,0.61,0.00,0,79,12,11,13,11,7,7,6,12,,,,,A3300:U3300,
3299,1738-6586,0.94,J Clin Neurol,0.00,1.00,1.00,0,79,21,,23,,19,,16,,,,,,A3301:U3301,
3300,1748-720X,0.6,J Law Med Ethics,0.76,0.22,0.67,0,79,5,11,25,20,10,3,,5,,,,,A3302:U3302,
3301,1750-192X,0.77,Epigenomics,0.85,0.20,0.43,1,79,8,8,10,10,14,10,12,7,,,,,A3303:U3303,
3302,1872-2059,0.22,Se Pu,0.72,1.00,0.00,0,79,9,8,16,12,11,12,11,,,,,,A3304:U3304,
3303,1875-9114,1.19,Pharmacotherapy,0.77,0.37,0.91,0,79,16,9,14,11,7,7,8,7,,,,,A3305:U3305,
3304,1876-7737,0.69,J Proteomics,0.94,0.38,0.00,0,79,14,12,8,10,8,12,9,6,,,,,A3306:U3306,
3305,1936-7163,0.44,Quintessence Int,0.65,0.00,0.00,0,79,2,10,10,25,7,10,10,5,,,,,A3307:U3307,
3306,1941-2789,0.61,J Clin Aesthet Dermatol,0.00,1.00,0.00,0,79,2,21,11,9,,12,24,,,,,,A3308:U3308,
3307,1941-7225,1.11,Am J Hypertens,0.38,0.34,0.58,0,79,4,9,7,14,9,16,15,5,,,,,A3309:U3309,
3308,1942-0870,2.07,MAbs,0.97,1.00,0.77,0,79,7,8,12,9,13,14,7,9,,,,,A3310:U3310,
3309,2055-0294,0.37,J Pharm Health Care Sci,0.00,1.00,0.15,0,79,12,15,8,10,9,16,9,,,,,,A3311:U3311,
3310,2186-2494,,J Neuroendovasc Ther,0.00,1.00,0.00,0,79,6,9,12,8,8,20,10,6,,,,,A3312:U3312,
3311,2212-1692,0.52,Pediatr Neonatol,0.28,1.00,0.00,0,79,17,5,6,11,7,11,8,14,,,,,A3313:U3313,
3312,2245-1919,0.42,Dan Med J,1.00,0.99,0.00,0,79,8,7,18,10,12,10,,14,,,,,A3314:U3314,
3313,2331-2165,1.09,Trends Hear,1.00,1.00,0.99,0,79,6,8,11,11,3,5,23,12,,,,,A3315:U3315,
3314,2405-8025,5.49,Trends Cancer,0.67,0.44,0.00,0,79,5,5,17,9,11,13,10,9,,,,,A3316:U3316,
3315,2522-087X,0.9,Comput Brain Behav,0.00,0.97,0.51,0,79,,,3,2,,1,73,,,,,,A3317:U3317,
3316,2632-1009,1.4,BMJ Health Care Inform,0.91,1.00,0.99,0,79,13,12,11,9,7,8,11,8,,,,,A3318:U3318,
3317,2751-4595,,Smart Mol,0.00,1.00,0.94,0,79,9,,,12,,,46,12,,,,,A3319:U3319,
3318,2769-6677,0.45,J Am Assoc Lab Anim Sci,0.00,0.77,0.00,0,79,10,13,9,9,11,15,11,1,,,,,A3320:U3320,
3319,3050-6204,,NAM J,0.00,1.00,0.05,0,79,2,1,1,,,55,11,9,,,,,A3321:U3321,
3320,1179-2027,1.81,Pharmacoeconomics,0.55,0.50,0.95,0,78,9,13,16,5,6,11,13,5,,,,,A3322:U3322,
3321,1468-2052,1.29,Arch Dis Child Fetal Neonatal Ed,0.12,0.13,0.96,0,78,9,12,9,15,10,11,4,8,,,,,A3323:U3323,
3322,1476-5608,2.03,Prostate Cancer Prostatic Dis,0.06,0.10,0.99,0,78,7,17,13,4,14,10,2,11,,,,,A3324:U3324,
3323,1477-2213,0.29,J Asian Nat Prod Res,0.10,0.03,0.13,0,78,15,8,6,10,15,13,7,4,,,,,A3325:U3325,
3324,1520-5711,0.68,J Biopharm Stat,0.17,0.12,0.22,1,78,1,10,4,11,21,18,10,3,,,,,A3326:U3326,
3325,1522-1547,1.15,Am J Physiol Gastrointest Liver Physiol,0.87,0.99,0.94,1,78,10,14,8,8,10,12,10,6,,,,,A3327:U3327,
3326,1532-8198,0.53,Ann Diagn Pathol,0.62,0.18,0.00,0,78,8,9,8,9,7,10,16,11,,,,,A3328:U3328,
3327,1545-9632,0.39,J Occup Environ Hyg,0.36,0.24,0.33,0,78,18,7,5,8,18,14,3,5,,,,,A3329:U3329,
3328,1548-8756,,Am Soc Clin Oncol Educ Book,0.99,1.00,0.74,0,78,3,1,4,12,39,14,4,1,,,,,A3330:U3330,
3329,1557-7759,0.63,Vector Borne Zoonotic Dis,0.73,0.08,0.71,1,78,1,16,16,7,7,9,11,11,,,,,A3331:U3331,
3330,1573-1677,1.34,Adv Health Sci Educ Theory Pract,0.06,0.03,0.72,0,78,7,16,12,8,8,10,10,7,,,,,A3332:U3332,
3331,1573-3602,0.84,J Gambl Stud,0.18,0.08,0.94,0,78,3,11,10,13,8,11,13,9,,,,,A3333:U3333,
3332,1651-1905,1.04,Scand J Public Health,0.10,0.72,0.97,0,78,17,11,11,11,8,6,11,3,,,,,A3334:U3334,
3333,1661-8769,0.42,Mol Syndromol,0.00,0.51,0.00,0,78,9,7,6,8,10,14,8,16,,,,,A3335:U3335,
3334,1662-6567,0.31,Case Rep Dermatol,0.00,1.00,0.00,0,78,9,6,10,7,5,14,15,12,,,,,A3336:U3336,
3335,1708-8305,1.75,J Travel Med,0.23,0.33,0.91,0,78,11,8,3,10,11,17,13,5,,,,,A3337:U3337,
3336,1728-7731,0.46,J Chin Med Assoc,0.71,0.74,0.67,0,78,15,6,11,13,6,9,9,9,,,,,A3338:U3338,
3337,1759-507X,10.73,Nat Rev Nephrol,0.29,0.00,0.74,0,78,17,3,12,7,9,11,13,6,,,,,A3339:U3339,
3338,1778-3585,1.77,Eur Psychiatry,0.78,0.83,0.99,0,78,12,17,10,7,7,10,12,3,,,,,A3340:U3340,
3339,1878-4429,0.34,J Neonatal Perinatal Med,0.23,0.10,0.95,0,78,4,9,8,10,10,9,18,10,,,,,A3341:U3341,
3340,1879-0380,2.33,Curr Opin Genet Dev,0.95,0.58,0.00,0,78,9,9,10,12,9,14,9,6,,,,,A3342:U3342,
3341,1934-8150,,Res Social Adm Pharm,0.76,0.51,0.00,0,78,10,12,5,13,10,9,10,9,,,,,A3343:U3343,
3342,2042-6186,0.5,J Man Manip Ther,0.04,0.08,0.94,0,78,5,12,13,8,7,9,18,6,,,,,A3344:U3344,
3343,2055-7647,1.03,BMJ Open Sport Exerc Med,0.00,1.00,1.00,0,78,10,18,16,10,11,3,5,5,,,,,A3345:U3345,
3344,2163-3916,,J Wrist Surg,0.00,0.92,0.79,0,78,20,,21,,19,1,17,,,,,,A3346:U3346,
3345,2189-7948,0.48,J Gen Fam Med,0.00,1.00,0.95,0,78,,23,2,13,6,9,10,15,,,,,A3347:U3347,
3346,2220-3206,,World J Psychiatry,0.00,1.00,0.00,0,78,40,38,,,,,,,,,,,A3348:U3348,
3347,2296-9195,0.53,Skin Appendage Disord,0.00,0.28,0.00,0,78,7,10,6,6,12,15,9,13,,,,,A3349:U3349,
3348,2299-5684,1.02,Pharmacol Rep,0.79,0.46,0.78,1,78,17,10,10,4,14,7,9,7,,,,,A3350:U3350,
3349,2414-3146,0.21,IUCrdata,0.00,1.00,0.69,0,78,18,6,10,13,5,8,11,7,,,,,A3351:U3351,
3350,2575-6265,0.57,Plant Environ Interact,0.00,1.00,0.97,0,78,9,12,4,8,9,14,13,9,,,,,A3352:U3352,
3351,2667-3681,1.58,Obes Pillars,0.00,1.00,0.00,0,78,7,4,8,10,3,11,16,19,,,,,A3353:U3353,
3352,2694-2445,1.04,ACS Phys Chem Au,0.00,1.00,1.00,0,78,,22,13,,,19,23,1,,,,,A3354:U3354,
3353,2731-703X,0.24,Unfallchirurgie (Heidelb),0.60,0.22,0.19,0,78,14,8,13,6,12,8,12,5,,,,,A3355:U3355,
3354,0266-4763,0.53,J Appl Stat,0.00,1.00,0.39,0,77,,9,20,10,10,19,9,,,,,,A3356:U3356,
3355,0300-0508,0.38,Physiother Can,0.00,0.71,0.21,0,77,,,,,76,1,,,,,,,A3357:U3357,
3356,0300-0729,2.03,Rhinology,0.71,0.03,0.00,0,77,25,7,8,5,12,5,6,9,,,,,A3358:U3358,
3357,1087-0415,0.79,J Health Commun,0.35,0.30,0.39,0,77,6,7,2,5,3,26,13,15,,,,,A3359:U3359,
3358,1179-1918,0.82,Clin Drug Investig,0.84,0.40,0.78,0,77,8,11,14,7,11,9,11,6,,,,,A3360:U3360,
3359,1179-1934,2.16,CNS Drugs,0.65,0.48,0.94,0,77,13,10,9,5,10,12,10,8,,,,,A3361:U3361,
3360,1308-8734,0.45,Eurasian J Med,0.00,0.94,0.00,0,77,16,1,5,11,,21,17,6,,,,,A3362:U3362,
3361,1347-3352,0.42,J Oleo Sci,0.99,1.00,0.55,0,77,8,8,11,12,17,,10,11,,,,,A3363:U3363,
3362,1420-9101,0.99,J Evol Biol,0.62,1.00,0.97,0,77,7,6,8,5,12,15,10,14,,,,,A3364:U3364,
3363,1426-9686,0.19,Pol Merkur Lekarski,0.83,0.00,0.00,0,77,20,15,,21,,,21,,,,,,A3365:U3365,
3364,1432-119X,0.83,Histochem Cell Biol,0.84,0.45,0.48,0,77,5,2,7,12,12,12,15,12,,,,,A3366:U3366,
3365,1468-6244,1.69,J Med Genet,0.65,0.45,0.97,8,77,5,10,14,12,7,8,8,13,,,,,A3367:U3367,
3366,1469-185X,4.61,Biol Rev Camb Philos Soc,0.73,0.57,0.92,0,77,13,14,8,8,16,8,8,2,,,,,A3368:U3368,
3367,1469-2198,1.7,Dev Psychopathol,0.00,0.43,1.00,0,77,6,13,10,12,10,5,15,6,,,,,A3369:U3369,
3368,1477-9560,0.74,Thromb J,0.00,1.00,0.31,0,77,11,15,11,6,11,14,6,3,,,,,A3370:U3370,
3369,1524-475X,0.86,Wound Repair Regen,0.94,0.60,0.88,0,77,9,7,13,12,8,9,9,10,,,,,A3371:U3371,
3370,1525-6014,0.54,Drug Chem Toxicol,0.45,0.04,0.25,0,77,18,12,7,5,6,8,6,15,,,,,A3372:U3372,
3371,1536-0911,0.54,Adv Neonatal Care,0.48,0.05,0.56,0,77,1,10,14,5,11,17,12,7,,,,,A3373:U3373,
3372,1541-3144,0.55,Phys Occup Ther Pediatr,0.52,0.25,0.60,0,77,13,4,11,14,6,11,11,7,,,,,A3374:U3374,
3373,1542-474X,0.38,Ann Noninvasive Electrocardiol,0.62,0.88,0.96,0,77,9,10,15,11,6,10,6,10,,,,,A3375:U3375,
3374,1545-861X,8.38,MMWR Morb Mortal Wkly Rep,0.73,1.00,0.00,2,77,11,6,9,10,8,12,12,9,,,,,A3376:U3376,
3375,1573-6598,1.22,J Trauma Stress,0.51,0.26,0.79,0,77,9,4,7,11,9,15,13,9,,,,,A3377:U3377,
3376,1573-6792,1.28,Brain Topogr,0.97,0.35,0.32,0,77,5,7,13,10,13,12,13,4,,,,,A3378:U3378,
3377,1744-7631,1.38,Expert Opin Ther Targets,0.65,0.27,0.34,0,77,15,7,5,,21,10,13,6,,,,,A3379:U3379,
3378,1752-1505,1.55,Confl Health,0.00,1.00,0.26,0,77,11,17,19,5,14,10,1,,,,,,A3380:U3380,
3379,1878-0814,0.38,Prog Mol Biol Transl Sci,0.95,0.00,0.00,0,77,12,27,,13,13,,12,,,,,,A3381:U3381,
3380,1878-5646,0.51,Vision Res,0.87,0.70,0.00,0,77,8,10,17,15,4,13,7,3,,,,,A3382:U3382,
3381,1941-2479,0.36,Asia Pac J Public Health,0.61,0.12,0.91,0,77,8,8,8,17,8,11,7,10,,,,,A3383:U3383,
3382,2073-4468,0.91,Antibodies (Basel),0.00,1.00,0.91,0,77,9,8,8,13,4,9,11,15,,,,,A3384:U3384,
3383,2192-3183,,Int Cancer Conf J,0.00,0.31,0.88,0,77,32,,,15,,,30,,,,,,A3385:U3385,
3384,2213-3941,0.84,Ann Endocrinol (Paris),0.45,0.42,0.00,0,77,5,10,21,5,13,9,9,5,,,,,A3386:U3386,
3385,2214-9112,0.25,Case Rep Womens Health,0.00,1.00,0.00,0,77,10,11,10,10,6,13,11,6,,,,,A3387:U3387,
3386,2235-1795,3.33,Liver Cancer,0.00,1.00,0.00,0,77,12,5,4,10,11,16,13,6,,,,,A3388:U3388,
3387,2399-3529,3.35,Hum Reprod Open,0.00,1.00,0.99,0,77,6,7,12,8,10,18,4,12,,,,,A3389:U3389,
3388,2531-1387,0.37,Hematol Transfus Cell Ther,0.00,1.00,0.00,0,77,8,6,5,13,17,6,15,7,,,,,A3390:U3390,
3389,2587-0831,0.52,Eur J Breast Health,0.00,0.43,0.43,0,77,,,18,31,,28,,,,,,,A3391:U3391,
3390,2633-3775,0.51,BMJ Mil Health,0.00,0.04,1.00,0,77,9,7,10,3,14,14,10,10,,,,,A3392:U3392,
3391,2731-8745,,NPJ Antimicrob Resist,0.00,1.00,0.10,0,77,6,8,6,13,17,16,8,3,,,,,A3393:U3393,
3392,2772-5944,0.44,Interv Pain Med,0.00,1.00,0.00,0,77,16,7,11,6,9,17,4,7,,,,,A3394:U3394,
3393,2772-6533,0.62,Dialogues Health,0.00,1.00,0.00,0,77,15,9,8,8,7,14,1,15,,,,,A3395:U3395,
3394,2950-3272,0.52,Blood Vessel Thromb Hemost,0.00,1.00,0.00,0,77,14,8,6,15,9,6,6,13,,,,,A3396:U3396,
3395,0929-6441,0.3,J Med Ultrasound,0.00,1.00,0.00,0,76,23,,,,25,,28,,,,,,A3397:U3397,
3396,0971-7196,0.38,J Parasit Dis,0.00,0.09,0.76,0,76,,,25,,,27,,24,,,,,A3398:U3398,
3397,1008-1275,0.56,Chin J Traumatol,0.18,1.00,0.00,0,76,6,11,9,14,8,9,8,11,,,,,A3399:U3399,
3398,1095-8584,1.77,J Mol Cell Cardiol,0.86,0.49,0.00,1,76,9,8,5,8,9,11,15,11,,,,,A3400:U3400,
3399,1096-0856,0.71,J Magn Reson,0.18,0.58,0.00,0,76,1,6,11,5,15,13,14,11,,,,,A3401:U3401,
3400,1176-6336,0.73,Ther Clin Risk Manag,0.00,1.00,0.59,0,76,9,1,23,10,12,9,9,3,,,,,A3402:U3402,
3401,1421-9786,0.65,Cerebrovasc Dis,0.01,0.50,0.00,1,76,17,5,7,11,6,6,11,13,,,,,A3403:U3403,
3402,1439-7609,0.77,Mod Rheumatol,0.43,0.47,0.91,1,76,1,17,13,4,14,7,4,16,,,,,A3404:U3404,
3403,1440-1711,1.08,Immunol Cell Biol,0.89,0.39,0.82,0,76,5,7,12,17,10,7,7,11,,,,,A3405:U3405,
3404,1460-2210,1.16,Eur J Orthod,0.88,0.37,0.86,0,76,4,8,6,3,29,12,6,8,,,,,A3406:U3406,
3405,1460-2229,1.02,Fam Pract,0.95,0.59,0.97,0,76,14,6,6,12,10,9,13,6,,,,,A3407:U3407,
3406,1532-2998,1.05,Stress Health,0.97,0.51,0.96,0,76,7,14,12,10,6,9,14,4,,,,,A3408:U3408,
3407,1542-2011,0.87,J Midwifery Womens Health,0.45,0.39,0.18,0,76,7,4,11,19,6,8,9,12,,,,,A3409:U3409,
3408,1547-0679,0.53,J Child Sex Abus,0.45,0.28,0.45,0,76,5,5,11,8,19,8,5,15,,,,,A3410:U3410,
3409,1573-7292,0.85,Fam Cancer,0.89,0.53,0.41,0,76,10,8,11,12,11,11,8,5,,,,,A3411:U3411,
3410,1615-5742,0.47,Pediatr Dev Pathol,0.30,0.12,0.93,0,76,9,7,6,12,13,6,17,6,,,,,A3412:U3412,
3411,1735-5303,0.3,Iran J Pathol,0.00,1.00,0.22,0,76,,20,,,23,,16,17,,,,,A3413:U3413,
3412,1744-8409,1.2,Expert Rev Clin Immunol,0.72,0.24,0.39,0,76,6,13,6,10,13,10,8,10,,,,,A3414:U3414,
3413,1746-4358,0.99,Int Breastfeed J,0.91,1.00,0.28,0,76,15,9,8,11,11,16,5,1,,,,,A3415:U3415,
3414,1869-6953,1.14,Diabetes Ther,0.00,0.76,0.79,0,76,5,11,7,14,8,10,9,12,,,,,A3416:U3416,
3415,1873-5835,0.88,Leuk Res,0.70,0.24,0.00,1,76,6,9,12,13,10,10,8,8,,,,,A3417:U3417,
3416,1873-6882,2.87,Curr Opin Neurobiol,0.95,0.75,0.00,0,76,3,6,8,15,17,13,6,8,,,,,A3418:U3418,
3417,1875-5828,0.55,Curr Alzheimer Res,0.13,0.00,0.58,0,76,16,3,6,10,9,9,12,11,,,,,A3419:U3419,
3418,1877-0665,1.36,Ann Phys Rehabil Med,0.46,0.54,0.00,0,76,12,4,14,18,9,3,,16,,,,,A3420:U3420,
3419,1878-5492,0.54,Transpl Immunol,0.95,0.24,0.00,0,76,7,8,10,5,8,11,5,22,,,,,A3421:U3421,
3420,1879-0542,1.04,Immunol Lett,0.89,0.46,0.00,0,76,12,10,12,6,9,11,9,7,,,,,A3422:U3422,
3421,1932-751X,0.81,J Cardiopulm Rehabil Prev,0.41,0.14,0.04,0,76,17,18,5,1,2,13,11,9,,,,,A3423:U3423,
3422,1941-3084,3.01,Circ Arrhythm Electrophysiol,0.59,0.55,0.99,0,76,7,13,6,16,8,11,11,4,,,,,A3424:U3424,
3423,1945-2403,0.75,J Anal Toxicol,0.86,0.28,0.92,0,76,8,10,5,6,7,23,11,6,,,,,A3425:U3425,
3424,2008-8140,0.39,Vet Res Forum,0.00,1.00,0.00,0,76,,16,,,,20,,40,,,,,A3426:U3426,
3425,2050-1161,0.53,Sex Med,0.00,1.00,0.78,0,76,2,7,7,9,12,13,12,14,,,,,A3427:U3427,
3426,2213-5979,1.56,Photoacoustics,0.00,1.00,0.00,0,76,6,16,7,6,12,8,8,13,,,,,A3428:U3428,
3427,2536-4553,0.32,North Clin Istanb,0.00,1.00,0.00,0,76,28,,,17,16,,15,,,,,,A3429:U3429,
3428,2574-173X,0.56,Neuropsychopharmacol Rep,0.96,1.00,0.91,2,76,6,11,12,14,6,13,8,6,,,,,A3430:U3430,
3429,2624-909X,0.69,Front Big Data,0.00,1.00,0.00,0,76,13,10,4,6,11,12,11,9,,,,,A3431:U3431,
3430,2951-0805,0.23,J Korean Soc Radiol,0.00,1.00,0.97,0,76,,18,,17,,21,,20,,,,,A3432:U3432,
3431,1097-0274,1.0,Am J Ind Med,0.68,0.57,0.99,0,75,10,7,11,5,11,11,11,9,,,,,A3433:U3433,
3432,1098-1136,2.36,Glia,0.99,0.71,0.84,1,75,6,3,6,8,8,16,16,12,,,,,A3434:U3434,
3433,1098-2302,0.73,Dev Psychobiol,0.97,0.57,0.40,0,75,9,9,12,9,12,8,6,10,,,,,A3435:U3435,
3434,1099-1069,1.07,Hematol Oncol,0.89,0.56,0.95,2,75,5,8,11,5,8,12,10,16,,,,,A3436:U3436,
3435,1348-4540,0.77,Endocr J,0.69,1.00,1.00,0,75,12,7,6,13,13,6,9,9,,,,,A3437:U3437,
3436,1364-6893,0.52,J Obstet Gynaecol,0.81,1.00,0.27,9,75,9,6,3,5,7,9,23,13,,,,,A3438:U3438,
3437,1365-2362,1.27,Eur J Clin Invest,0.87,0.57,0.88,0,75,12,8,9,11,15,7,3,10,,,,,A3439:U3439,
3438,1365-3016,1.16,Paediatr Perinat Epidemiol,0.36,0.41,0.96,0,75,7,11,9,10,12,9,8,9,,,,,A3440:U3440,
3439,1414-431X,0.5,Braz J Med Biol Res,0.96,1.00,0.99,9,75,7,15,9,16,,3,10,15,,,,,A3441:U3441,
3440,1435-5604,0.8,J Bone Miner Metab,0.45,0.16,0.73,0,75,13,17,11,9,4,6,3,12,,,,,A3442:U3442,
3441,1466-7657,1.46,Int Nurs Rev,0.87,0.49,0.87,0,75,11,16,5,7,7,11,8,10,,,,,A3443:U3443,
3442,1475-6773,1.76,Health Serv Res,0.91,0.53,0.92,1,75,3,9,14,13,12,7,8,9,,,,,A3444:U3444,
3443,1521-7035,1.32,Clin Immunol,0.85,0.25,0.00,1,75,6,11,10,8,8,9,12,11,,,,,A3445:U3445,
3444,1526-3711,0.35,J Contemp Dent Pract,1.00,0.00,0.15,0,75,15,,15,,15,15,,15,,,,,A3446:U3446,
3445,1542-4758,0.41,Hemodial Int,0.44,0.31,0.99,0,75,9,6,9,2,19,15,13,2,,,,,A3447:U3447,
3446,1543-6136,1.28,Arch Suicide Res,0.08,0.37,0.55,0,75,6,8,7,5,18,12,6,13,,,,,A3448:U3448,
3447,1545-1534,0.43,Wilderness Environ Med,0.07,0.17,0.69,0,75,6,10,10,10,15,4,11,9,,,,,A3449:U3449,
3448,1556-9535,0.47,Cutan Ocul Toxicol,0.60,0.04,0.44,0,75,9,10,8,10,7,7,13,11,,,,,A3450:U3450,
3449,1557-8070,0.76,Astrobiology,0.75,0.13,0.56,0,75,6,5,10,8,2,27,5,12,,,,,A3451:U3451,
3450,1558-1497,1.36,Neurobiol Aging,0.81,0.72,0.00,1,75,9,10,7,9,13,10,12,5,,,,,A3452:U3452,
3451,1723-8617,20.79,World Psychiatry,0.00,1.00,0.00,0,75,37,,,,38,,,,,,,,A3453:U3453,
3452,1740-8709,1.04,Matern Child Nutr,0.96,0.97,0.92,0,75,6,8,7,9,15,9,18,3,,,,,A3454:U3454,
3453,1744-859X,1.48,Ann Gen Psychiatry,0.00,1.00,0.16,0,75,8,15,9,11,14,12,4,2,,,,,A3455:U3455,
3454,1751-1097,0.66,Photochem Photobiol,0.04,0.07,0.84,0,75,10,6,13,5,12,12,14,3,,,,,A3456:U3456,
3455,1757-9996,0.45,Oral Health Prev Dent,1.00,0.99,0.00,0,75,6,8,10,6,9,10,8,18,,,,,A3457:U3457,
3456,1759-5037,9.09,Nat Rev Endocrinol,0.25,0.01,0.67,0,75,8,6,9,10,6,13,15,8,,,,,A3458:U3458,
3457,1793-6853,1.27,Am J Chin Med,0.97,0.00,0.96,0,75,10,15,,12,1,12,12,13,,,,,A3459:U3459,
3458,1873-5592,0.73,Curr Drug Targets,0.12,0.00,0.52,0,75,21,5,9,7,7,14,6,6,,,,,A3460:U3460,
3459,2008-7802,0.51,Int J Prev Med,0.00,1.00,0.01,0,75,7,16,,10,,11,18,13,,,,,A3461:U3461,
3460,2038-9922,,J Public Health Afr,0.00,1.00,1.00,0,75,5,8,15,7,9,8,14,9,,,,,A3462:U3462,
3461,2090-5920,0.68,J Genet Eng Biotechnol,0.00,1.00,0.00,0,75,,,36,,,39,,,,,,,A3463:U3463,
3462,2188-4226,,NMC Case Rep J,0.00,1.00,0.00,0,75,15,4,12,9,7,15,,13,,,,,A3464:U3464,
3463,2194-802X,0.72,Diagnosis (Berl),0.33,0.28,0.80,0,75,10,4,9,16,6,5,14,11,,,,,A3465:U3465,
3464,2291-9279,1.18,JMIR Serious Games,0.00,1.00,1.00,0,75,8,5,15,11,7,11,7,11,,,,,A3466:U3466,
3465,2324-7096,0.27,J Investig Med High Impact Case Rep,0.95,1.00,0.97,0,75,6,7,13,7,14,7,9,12,,,,,A3467:U3467,
3466,2468-0427,0.7,Infect Dis Model,0.00,1.00,0.00,0,75,16,9,10,9,13,8,8,2,,,,,A3468:U3468,
3467,2673-3129,0.91,Front Med Technol,0.00,1.00,0.00,0,75,7,12,5,7,6,12,17,9,,,,,A3469:U3469,
3468,2813-2440,0.67,Front Transplant,0.00,1.00,0.00,0,75,6,10,12,7,4,15,14,7,,,,,A3470:U3470,
3469,2957-3912,0.38,J Anesth Transl Med,0.00,1.00,0.00,0,75,,1,,54,2,4,9,5,,,,,A3471:U3471,
3470,0035-3787,0.76,Rev Neurol (Paris),0.70,0.42,0.00,0,74,8,9,10,20,6,8,7,6,,,,,A3472:U3472,
3471,0039-3681,0.95,Stud Hist Philos Sci,0.30,0.59,0.00,0,74,16,3,17,5,2,8,2,21,,,,,A3473:U3473,
3472,1095-9319,0.77,Microvasc Res,0.80,0.35,0.00,1,74,8,11,15,9,5,10,9,7,,,,,A3474:U3474,
3473,1099-1751,0.76,Int J Health Plann Manage,0.43,0.14,0.92,0,74,9,3,7,7,11,5,22,10,,,,,A3475:U3475,
3474,1440-172X,0.75,Int J Nurs Pract,0.96,0.47,0.93,1,74,9,7,14,14,6,8,11,5,,,,,A3476:U3476,
3475,1474-1768,22.81,Nat Rev Cancer,0.30,0.04,0.69,0,74,12,4,8,11,11,10,9,9,,,,,A3477:U3477,
3476,1532-1967,3.75,Cancer Treat Rev,0.80,0.51,0.00,0,74,16,7,5,12,7,13,9,5,,,,,A3478:U3478,
3477,1532-5520,0.52,Clin Obstet Gynecol,0.55,0.00,0.43,0,74,10,3,6,15,5,18,11,6,,,,,A3479:U3479,
3478,1537-453X,0.65,Am J Clin Oncol,0.12,0.03,0.68,0,74,4,11,14,11,4,9,12,9,,,,,A3480:U3480,
3479,1557-0681,,Musculoskeletal Care,0.93,0.43,0.95,0,74,,9,21,11,8,11,6,8,,,,,A3481:U3481,
3480,1558-9129,1.17,Lang Speech Hear Serv Sch,0.61,0.07,0.99,0,74,6,8,12,13,3,8,14,10,,,,,A3482:U3482,
3481,1753-4666,1.01,Ther Adv Respir Dis,0.97,1.00,0.99,0,74,6,6,9,7,7,6,13,20,,,,,A3483:U3483,
3482,1754-9515,0.61,Int J Speech Lang Pathol,0.14,0.54,0.69,0,74,3,8,5,14,7,12,11,14,,,,,A3484:U3484,
3483,1756-0381,1.25,BioData Min,0.00,1.00,0.22,0,74,9,6,14,14,8,15,5,3,,,,,A3485:U3485,
3484,1802-9973,0.77,Physiol Res,0.99,1.00,0.00,0,74,24,,17,,16,,16,1,,,,,A3486:U3486,
3485,1879-0356,3.15,Curr Opin Plant Biol,0.68,0.57,0.00,0,74,10,6,5,10,9,7,13,14,,,,,A3487:U3487,
3486,1879-680X,,Int Orthod,0.72,0.20,0.00,0,74,6,14,5,15,10,5,14,5,,,,,A3488:U3488,
3487,1911-6470,0.69,Can Urol Assoc J,0.00,0.99,0.00,0,74,17,9,12,7,1,6,22,,,,,,A3489:U3489,
3488,1920-8642,0.51,World J Emerg Med,0.00,1.00,0.00,0,74,,19,17,,20,,18,,,,,,A3490:U3490,
3489,1999-6187,0.31,Zhongguo Fei Ai Za Zhi,1.00,1.00,0.00,0,74,9,9,16,7,8,8,8,9,,,,,A3491:U3491,
3490,2005-7563,1.39,Korean J Anesthesiol,0.23,1.00,0.00,1,74,5,10,11,11,9,10,16,2,,,,,A3492:U3492,
3491,2047-3095,0.69,Int J Nurs Knowl,0.35,0.05,0.97,0,74,,,,14,12,7,23,18,,,,,A3493:U3493,
3492,2048-6790,0.62,J Nutr Sci,1.00,1.00,1.00,0,74,14,5,,,19,13,10,13,,,,,A3494:U3494,
3493,2056-5623,0.51,Future Sci OA,0.00,1.00,0.58,0,74,10,11,10,18,6,7,8,4,,,,,A3495:U3495,
3494,2090-6404,,Case Rep Cardiol,0.00,1.00,1.00,0,74,6,7,9,6,10,11,9,16,,,,,A3496:U3496,
3495,2146-3131,0.75,Balkan Med J,0.36,1.00,0.99,0,74,19,9,7,13,4,8,6,8,,,,,A3497:U3497,
3496,2165-0969,0.66,Workplace Health Saf,0.27,0.11,0.97,0,74,7,9,7,8,11,16,10,6,,,,,A3498:U3498,
3497,2167-9223,0.99,Amyotroph Lateral Scler Frontotemporal Degener,0.32,0.43,0.54,0,74,9,6,9,14,12,10,5,9,,,,,A3499:U3499,
3498,2201-1617,0.74,Health Promot J Austr,0.97,1.00,0.97,0,74,5,6,12,10,4,7,14,16,,,,,A3500:U3500,
3499,2300-732X,,Reprod Biol,0.70,0.30,0.00,1,74,7,7,12,6,6,10,12,14,,,,,A3501:U3501,
3500,2398-631X,0.46,BMJ Lead,0.03,0.03,1.00,0,74,4,4,11,12,9,6,18,10,,,,,A3502:U3502,
3501,2561-6722,0.74,JMIR Pediatr Parent,0.00,1.00,0.99,0,74,4,7,13,10,7,12,15,6,,,,,A3503:U3503,
3502,2590-0412,0.62,Respir Med Res,0.34,0.45,0.00,0,74,13,3,7,9,10,7,13,12,,,,,A3504:U3504,
3503,2662-4435,3.17,Commun Earth Environ,0.00,0.99,0.99,1,74,8,12,7,12,8,10,9,8,,,,,A3505:U3505,
3504,2666-3376,0.85,Sports Med Health Sci,0.00,1.00,0.00,0,74,11,23,,,13,12,,15,,,,,A3506:U3506,
3505,2724-6442,1.02,Minerva Urol Nephrol,0.42,0.34,0.00,0,74,6,21,2,10,6,9,18,2,,,,,A3507:U3507,
3506,2730-7182,0.82,BMC Ecol Evol,0.85,0.86,0.38,0,74,6,6,11,12,10,11,15,3,,,,,A3508:U3508,
3507,2768-2811,1.24,J Extracell Biol,0.00,1.00,0.96,0,74,4,8,3,13,14,10,12,10,,,,,A3509:U3509,
3508,2772-6096,0.96,BJA Open,0.00,1.00,0.00,0,74,11,10,14,3,7,8,12,9,,,,,A3510:U3510,
3509,1008-9292,0.36,Zhejiang Da Xue Xue Bao Yi Xue Ban,0.70,0.70,0.00,1,73,16,2,5,9,1,23,14,3,,,,,A3511:U3511,
3510,1095-8355,0.91,Cell Biol Int,0.92,0.37,0.85,12,73,19,5,6,5,9,12,7,10,,,,,A3512:U3512,
3511,1433-0407,0.26,Nervenarzt,0.19,0.12,0.05,0,73,6,11,9,11,9,10,7,10,,,,,A3513:U3513,
3512,1440-6047,0.53,Asia Pac J Clin Nutr,0.99,1.00,0.00,0,73,17,,14,,,18,24,,,,,,A3514:U3514,
3513,1471-6348,0.93,Int J Technol Assess Health Care,0.78,0.85,0.99,0,73,12,11,10,10,6,4,14,6,,,,,A3515:U3515,
3514,1472-765X,0.5,Lett Appl Microbiol,0.89,0.32,0.59,0,73,16,16,8,6,4,7,10,6,,,,,A3516:U3516,
3515,1473-6586,0.72,Curr Opin Urol,0.77,0.10,0.00,0,73,3,6,13,9,14,10,12,6,,,,,A3517:U3517,
3516,1476-4431,0.63,J Vet Emerg Crit Care (San Antonio),0.96,0.73,0.37,0,73,16,7,4,9,11,6,7,13,,,,,A3518:U3518,
3517,1502-3850,0.56,Acta Odontol Scand,0.96,1.00,0.25,0,73,9,6,7,8,7,12,15,9,,,,,A3519:U3519,
3518,1536-0539,0.35,J Pain Palliat Care Pharmacother,0.45,0.07,0.56,0,73,8,7,6,7,13,3,18,11,,,,,A3520:U3520,
3519,1552-6917,0.53,J Assoc Nurses AIDS Care,0.38,0.07,0.85,0,73,9,6,6,12,9,16,8,7,,,,,A3521:U3521,
3520,1552-7832,0.61,J Transcult Nurs,0.49,0.23,1.00,0,73,8,13,13,6,7,7,11,8,,,,,A3522:U3522,
3521,1741-2358,0.71,Gerodontology,0.37,0.36,0.97,0,73,12,8,8,7,18,7,7,6,,,,,A3523:U3523,
3522,1744-7593,1.06,Expert Opin Drug Deliv,0.75,0.29,0.37,0,73,7,10,6,15,4,11,7,13,,,,,A3524:U3524,
3523,1744-8395,1.28,Expert Rev Vaccines,0.95,1.00,0.27,0,73,4,9,12,6,5,10,13,14,,,,,A3525:U3525,
3524,1873-7897,1.82,J Anxiety Disord,0.86,0.52,0.00,0,73,9,12,13,6,8,12,7,6,,,,,A3526:U3526,
3525,1878-0210,0.72,Prim Care Diabetes,0.62,0.47,0.00,0,73,7,9,9,12,9,5,13,9,,,,,A3527:U3527,
3526,1878-108X,4.38,Trends Neurosci,0.81,0.51,0.00,0,73,3,10,12,12,11,6,8,11,,,,,A3528:U3528,
3527,1943-7730,0.36,Lab Med,0.97,0.10,0.70,0,73,7,4,9,18,10,8,5,12,,,,,A3529:U3529,
3528,2005-3711,0.58,J Korean Neurosurg Soc,0.00,1.00,0.00,0,73,12,6,14,12,6,9,11,3,,,,,A3530:U3530,
3529,2092-9293,0.54,Genes Genomics,0.70,0.05,0.79,1,73,13,8,13,11,5,9,9,5,,,,,A3531:U3531,
3530,2093-985X,0.7,Biomed Eng Lett,0.00,0.27,0.82,0,73,18,,20,,17,,,18,,,,,A3532:U3532,
3531,2161-3311,1.7,Curr Nutr Rep,0.97,0.56,0.62,0,73,9,10,14,11,9,5,8,7,,,,,A3533:U3533,
3532,2229-5089,1.16,J Pathol Inform,0.00,1.00,0.00,0,73,7,8,6,7,9,14,10,12,,,,,A3534:U3534,
3533,2310-8819,1.48,J Clin Transl Hepatol,0.00,1.00,1.00,0,73,,12,11,11,11,9,10,9,,,,,A3535:U3535,
3534,2376-9130,0.52,Int J Occup Saf Ergon,0.03,0.10,0.81,0,73,10,11,11,2,13,14,8,4,,,,,A3536:U3536,
3535,2474-7882,1.13,Environ Epidemiol,0.00,1.00,0.96,0,73,11,9,4,7,6,11,12,13,,,,,A3537:U3537,
3536,2504-0537,0.5,Front Res Metr Anal,0.00,1.00,0.00,0,73,3,5,8,5,10,8,17,17,,,,,A3538:U3538,
3537,2532-5264,0.27,Monaldi Arch Chest Dis,0.05,1.00,0.22,0,73,7,9,7,11,4,9,12,14,,,,,A3539:U3539,
3538,2694-3611,,Med J (Ft Sam Houst Tex),0.63,0.00,0.00,0,73,,,,,,,9,64,,,,,A3540:U3540,
3539,0242-6498,0.15,Ann Pathol,0.12,0.35,0.00,0,72,18,22,12,7,3,,6,4,,,,,A3541:U3541,
3540,1439-3964,0.77,Int J Sports Med,0.33,0.08,0.86,0,72,8,6,6,6,9,9,16,12,,,,,A3542:U3542,
3541,1452-8258,0.42,J Med Biochem,0.00,1.00,0.00,0,72,,,72,,,,,,,,,,A3543:U3543,
3542,1465-7333,0.96,J Hered,0.49,0.62,0.89,0,72,13,7,10,7,11,8,6,10,,,,,A3544:U3544,
3543,1468-4446,1.37,Br J Sociol,0.49,0.46,0.96,0,72,7,10,9,8,11,11,11,5,,,,,A3545:U3545,
3544,1521-0715,0.64,J Sex Marital Ther,0.56,0.21,0.69,0,72,8,4,11,6,7,12,12,12,,,,,A3546:U3546,
3545,1528-8951,0.42,J Biomech Eng,0.96,0.10,0.68,0,72,7,20,10,7,10,4,8,6,,,,,A3547:U3547,
3546,1532-7876,0.72,Mil Psychol,0.11,0.21,0.81,0,72,5,10,6,9,13,12,11,6,,,,,A3548:U3548,
3547,1534-4908,0.4,Surg Laparosc Endosc Percutan Tech,0.65,0.04,0.64,1,72,14,8,5,5,7,18,7,8,,,,,A3549:U3549,
3548,1552-5724,0.66,J Holist Nurs,0.03,0.14,0.92,0,72,2,4,12,10,4,15,6,19,,,,,A3550:U3550,
3549,1559-0267,3.29,Clin Rev Allergy Immunol,0.97,0.38,0.31,0,72,4,9,14,11,11,5,8,10,,,,,A3551:U3551,
3550,1572-8633,1.07,Med Health Care Philos,0.31,0.24,0.92,0,72,6,8,12,8,12,4,13,9,,,,,A3552:U3552,
3551,1573-2622,0.59,Doc Ophthalmol,0.47,0.26,0.49,0,72,11,6,12,7,8,13,9,6,,,,,A3553:U3553,
3552,1600-065X,3.95,Immunol Rev,0.92,0.76,0.97,0,72,17,7,4,8,2,3,15,16,,,,,A3554:U3554,
3553,1600-079X,1.8,J Pineal Res,0.60,0.32,0.56,6,72,7,11,15,4,7,6,14,8,,,,,A3555:U3555,
3554,1678-4782,0.82,J Pediatr (Rio J),0.51,1.00,0.00,0,72,4,12,11,7,10,6,11,11,,,,,A3556:U3556,
3555,1744-8298,0.34,Future Cardiol,0.85,0.19,0.54,0,72,6,8,9,10,7,10,7,15,,,,,A3557:U3557,
3556,1867-1462,0.85,Interdiscip Sci,0.06,0.00,0.71,0,72,5,10,9,9,10,12,7,10,,,,,A3558:U3558,
3557,1873-3735,4.45,Trends Pharmacol Sci,0.79,0.29,0.00,0,72,3,6,14,7,13,8,12,9,,,,,A3559:U3559,
3558,1875-6557,0.68,Curr Cardiol Rev,0.18,0.01,0.58,0,72,9,1,14,15,5,12,10,6,,,,,A3560:U3560,
3559,1943-572X,0.57,Ann Otol Rhinol Laryngol,0.67,0.17,1.00,0,72,11,5,6,15,23,1,7,4,,,,,A3561:U3561,
3560,1945-7103,1.43,Angle Orthod,0.35,0.54,0.00,0,72,6,12,17,7,7,6,11,6,,,,,A3562:U3562,
3561,2045-9912,0.64,Med Gas Res,0.49,1.00,0.99,0,72,24,1,5,10,7,4,12,9,,,,,A3563:U3563,
3562,2050-0521,0.74,Sex Med Rev,0.89,0.35,0.76,0,72,12,10,8,7,7,9,12,7,,,,,A3564:U3564,
3563,2162-402X,2.44,Oncoimmunology,0.93,1.00,0.82,0,72,9,8,11,10,7,11,9,7,,,,,A3565:U3565,
3564,2162-4968,3.27,Curr Obes Rep,0.97,0.62,0.47,0,72,8,7,12,11,4,12,14,4,,,,,A3566:U3566,
3565,2163-0097,0.37,Clin Adv Periodontics,0.24,0.08,0.86,0,72,3,16,7,16,9,8,2,11,,,,,A3567:U3567,
3566,2211-4122,0.27,J Cardiovasc Echogr,0.00,1.00,0.00,0,72,,20,,,15,,17,20,,,,,A3568:U3568,
3567,2398-7316,0.76,Ann Work Expo Health,0.89,0.56,0.88,0,72,5,6,10,11,11,10,10,9,,,,,A3569:U3569,
3568,2472-6311,0.59,SLAS Technol,0.78,1.00,0.00,3,72,7,10,10,5,16,11,7,6,,,,,A3570:U3570,
3569,2589-1294,0.53,Acta Orthop Traumatol Turc,1.00,1.00,0.00,0,72,24,,,18,,21,,9,,,,,A3571:U3571,
3570,2589-871X,0.94,Forensic Sci Int Synerg,0.00,1.00,0.00,0,72,4,7,8,4,11,17,11,10,,,,,A3572:U3572,
3571,2666-3341,0.81,F S Rep,0.00,1.00,0.00,0,72,,17,,15,,20,,20,,,,,A3573:U3573,
3572,2754-6993,,Schizophrenia (Heidelb),0.00,1.00,0.94,0,72,17,7,6,12,10,11,8,1,,,,,A3574:U3574,
3573,2772-803X,,Ann Pharm Fr,0.38,0.01,0.00,0,72,5,12,7,11,13,9,9,6,,,,,A3575:U3575,
3574,0018-5787,0.33,Hosp Pharm,0.00,0.11,0.96,0,71,14,11,3,13,5,6,11,8,,,,,A3576:U3576,
3575,0279-3695,0.38,J Psychosoc Nurs Ment Health Serv,0.27,0.13,0.00,0,71,4,9,13,10,8,11,8,8,,,,,A3577:U3577,
3576,1179-1942,1.45,Drug Saf,0.48,0.35,0.89,0,71,9,3,14,9,4,9,15,8,,,,,A3578:U3578,
3577,1369-1627,1.07,Int Rev Psychiatry,0.56,0.34,0.44,1,71,12,17,4,11,4,7,8,8,,,,,A3579:U3579,
3578,1460-2423,0.84,Glycobiology,0.62,0.32,0.85,1,71,7,5,11,8,8,11,9,12,,,,,A3580:U3580,
3579,1469-7629,0.33,J Dairy Res,0.23,0.00,0.69,0,71,16,10,9,4,14,12,3,3,,,,,A3581:U3581,
3580,1472-4146,0.82,J Clin Pathol,0.65,0.13,1.00,1,71,7,7,5,11,16,12,9,4,,,,,A3582:U3582,
3581,1476-8305,0.97,Nutr Neurosci,0.32,0.10,0.85,1,71,10,8,6,9,13,8,8,9,,,,,A3583:U3583,
3582,1532-2513,0.72,Immunopharmacol Immunotoxicol,0.68,0.01,0.23,3,71,5,5,12,8,16,5,10,10,,,,,A3584:U3584,
3583,1537-1921,0.74,J Neurosurg Anesthesiol,0.13,0.03,0.66,0,71,11,8,7,6,6,22,9,2,,,,,A3585:U3585,
3584,1538-9804,0.77,Cancer Nurs,0.01,0.00,0.07,0,71,,2,11,8,,27,14,9,,,,,A3586:U3586,
3585,1550-8080,0.32,Ann Clin Lab Sci,0.92,0.00,0.00,0,71,,19,,17,,14,21,,,,,,A3587:U3587,
3586,1578-1747,0.2,Rev Esp Geriatr Gerontol,0.35,0.08,0.00,0,71,,19,6,8,12,14,8,4,,,,,A3588:U3588,
3587,1612-9067,1.6,Esophagus,0.59,0.15,0.80,0,71,6,9,8,8,6,12,11,11,,,,,A3589:U3589,
3588,1744-5205,0.83,Semin Ophthalmol,0.01,0.04,0.23,0,71,14,11,6,1,6,11,8,14,,,,,A3590:U3590,
3589,1746-045X,1.29,Expert Opin Drug Discov,0.75,0.21,0.15,0,71,8,6,15,7,5,13,6,11,,,,,A3591:U3591,
3590,1751-0813,0.46,Aust Vet J,0.63,0.39,0.94,0,71,5,6,11,8,8,11,15,7,,,,,A3592:U3592,
3591,1752-0371,0.58,Biomark Med,0.75,0.04,0.35,0,71,4,16,5,5,12,10,8,11,,,,,A3593:U3593,
3592,1753-0407,1.44,J Diabetes,0.69,1.00,0.90,0,71,3,8,14,15,4,7,9,11,,,,,A3594:U3594,
3593,1807-3107,0.46,Braz Oral Res,0.99,1.00,1.00,0,71,,,10,5,11,13,10,22,,,,,A3595:U3595,
3594,1872-8081,1.36,Biofactors,0.99,0.41,0.96,2,71,9,7,9,10,10,7,9,10,,,,,A3596:U3596,
3595,1872-8308,0.53,Behav Processes,0.72,0.37,0.00,0,71,13,8,7,5,9,8,9,12,,,,,A3597:U3597,
3596,1873-1600,0.95,Phys Ther Sport,0.70,0.45,0.00,0,71,7,14,3,9,8,10,11,9,,,,,A3598:U3598,
3597,1875-5666,0.65,Curr Mol Med,0.03,0.00,0.38,0,71,9,3,3,7,18,18,7,6,,,,,A3599:U3599,
3598,1876-7583,1.03,Disabil Health J,0.62,0.42,0.00,0,71,9,8,5,5,11,10,16,7,,,,,A3600:U3600,
3599,1930-8264,0.23,J Am Podiatr Med Assoc,0.89,0.00,0.75,0,71,,11,2,18,14,6,10,10,,,,,A3601:U3601,
3600,1938-2650,0.4,Acta Cytol,0.11,0.24,0.00,0,71,13,7,14,8,11,8,6,4,,,,,A3602:U3602,
3601,1939-148X,0.7,Psychol Serv,0.14,0.41,0.97,0,71,12,7,7,5,8,7,14,11,,,,,A3603:U3603,
3602,2190-3883,0.48,J Appl Genet,0.13,0.08,0.76,0,71,5,3,8,10,11,14,13,7,,,,,A3604:U3604,
3603,2193-8237,0.92,Pain Ther,0.00,0.62,0.75,1,71,4,6,10,10,7,7,16,11,,,,,A3605:U3605,
3604,2314-4378,0.55,Int J Genomics,0.00,1.00,1.00,0,71,9,8,5,12,12,15,8,2,,,,,A3606:U3606,
3605,2444-054X,0.25,Cir Cir,0.72,0.73,0.00,0,71,13,11,,,18,1,16,12,,,,,A3607:U3607,
3606,2514-6645,,Future Healthc J,0.00,1.00,0.00,0,71,3,25,4,16,3,,16,4,,,,,A3608:U3608,
3607,2524-3489,0.96,Neurol Res Pract,0.00,1.00,0.70,0,71,,13,6,14,8,11,7,12,,,,,A3609:U3609,
3608,2673-6284,0.71,BioTech (Basel),0.00,1.00,0.87,0,71,8,12,5,6,4,10,12,14,,,,,A3610:U3610,
3609,2731-3654,1.11,Biotechnol Biofuels Bioprod,0.00,0.86,0.15,0,71,19,6,9,9,11,7,9,1,,,,,A3611:U3611,
3610,0974-8237,0.48,J Craniovertebr Junction Spine,0.00,1.00,0.00,0,70,,16,,17,,,20,17,,,,,A3612:U3612,
3611,0995-3914,0.19,Sante Publique,0.91,0.00,0.00,0,70,,,,,26,,,44,,,,,A3613:U3613,
3612,1011-6842,0.5,Acta Cardiol Sin,0.00,1.00,0.00,0,70,16,,14,,20,,20,,,,,,A3614:U3614,
3613,1178-6302,0.73,Environ Health Insights,0.00,1.00,0.84,0,70,5,4,12,9,13,16,2,9,,,,,A3615:U3615,
3614,1365-3164,0.55,Vet Dermatol,0.34,0.27,0.97,0,70,6,7,9,8,12,9,9,10,,,,,A3616:U3616,
3615,1421-9867,0.94,Digestion,0.00,0.34,0.00,2,70,12,14,7,10,7,8,4,8,,,,,A3617:U3617,
3616,1465-735X,0.81,J Pediatr Psychol,0.47,0.27,0.80,0,70,2,20,13,7,7,8,10,3,,,,,A3618:U3618,
3617,1473-5830,0.46,Coron Artery Dis,0.26,0.04,0.00,0,70,16,8,9,13,6,7,4,7,,,,,A3619:U3619,
3618,1476-069X,1.77,Environ Health,0.89,1.00,0.13,0,70,12,8,14,12,11,6,6,1,,,,,A3620:U3620,
3619,1522-2683,0.42,Electrophoresis,0.70,0.43,0.33,1,70,6,6,9,5,16,10,9,9,,,,,A3621:U3621,
3620,1533-2500,0.88,Pain Pract,0.57,0.33,0.91,0,70,3,7,20,4,21,3,10,2,,,,,A3622:U3622,
3621,1537-5323,1.18,Am Nat,0.94,0.03,0.00,0,70,,15,9,8,11,10,8,9,,,,,A3623:U3623,
3622,1538-8662,0.21,Nurse Pract,0.46,0.03,0.00,0,70,8,9,9,9,11,6,8,10,,,,,A3624:U3624,
3623,1540-4048,0.57,J Gerontol Soc Work,0.00,0.11,0.47,0,70,11,4,12,7,11,6,7,12,,,,,A3625:U3625,
3624,1552-3489,2.04,Assessment,0.00,0.44,1.00,0,70,9,2,13,5,7,11,11,12,,,,,A3626:U3626,
3625,1553-3514,0.51,Surg Innov,0.14,0.10,1.00,0,70,11,5,7,9,15,5,9,9,,,,,A3627:U3627,
3626,1557-7732,0.62,J Ocul Pharmacol Ther,0.36,0.10,0.76,0,70,,7,11,15,7,6,17,7,,,,,A3628:U3628,
3627,1557-8992,0.62,J Child Adolesc Psychopharmacol,0.59,0.24,0.79,0,70,1,6,10,15,12,10,10,6,,,,,A3629:U3629,
3628,1573-2606,2.83,Rev Endocr Metab Disord,0.33,0.31,0.54,0,70,1,7,12,10,14,8,10,8,,,,,A3630:U3630,
3629,1749-5024,1.25,Soc Cogn Affect Neurosci,0.84,1.00,0.87,0,70,5,6,13,4,10,11,13,8,,,,,A3631:U3631,
3630,1757-4749,1.17,Gut Pathog,0.00,1.00,0.21,1,70,7,16,11,11,5,14,5,1,,,,,A3632:U3632,
3631,1862-1783,1.18,J Zhejiang Univ Sci B,1.00,1.00,0.00,0,70,15,7,8,8,8,7,9,8,,,,,A3633:U3633,
3632,1873-4200,0.65,Biophys Chem,0.99,0.20,0.00,0,70,10,5,12,10,15,6,7,5,,,,,A3634:U3634,
3633,1878-4291,0.56,Micron,0.37,0.44,0.00,0,70,9,7,7,9,10,11,10,7,,,,,A3635:U3635,
3634,1879-3177,0.71,Toxicol In Vitro,0.96,0.34,0.00,1,70,10,7,8,11,8,12,6,8,,,,,A3636:U3636,
3635,1948-5182,0.72,World J Hepatol,0.00,1.00,0.00,0,70,23,23,24,,,,,,,,,,A3637:U3637,
3636,1976-2437,0.72,Yonsei Med J,0.93,1.00,0.94,1,70,10,12,10,7,7,,16,8,,,,,A3638:U3638,
3637,1998-3905,0.43,J Indian Soc Pedod Prev Dent,0.90,1.00,0.00,0,70,,20,,,16,16,,18,,,,,A3639:U3639,
3638,2005-6648,0.78,Korean J Intern Med,0.76,1.00,0.00,0,70,14,2,16,,17,,19,2,,,,,A3640:U3640,
3639,2005-9256,1.46,Cancer Res Treat,0.06,1.00,0.00,1,70,11,8,7,6,10,11,9,8,,,,,A3641:U3641,
3640,2156-535X,0.63,J Adolesc Young Adult Oncol,0.09,0.16,0.97,1,70,2,8,9,11,13,10,9,8,,,,,A3642:U3642,
3641,2210-6340,0.97,IMA Fungus,0.00,1.00,0.96,0,70,9,11,9,5,5,10,12,9,,,,,A3643:U3643,
3642,2210-7762,1.25,Cancer Genet,0.90,0.26,0.00,1,70,12,5,10,7,11,9,10,6,,,,,A3644:U3644,
3643,2211-5072,0.56,Taiwan J Ophthalmol,0.00,1.00,0.00,0,70,25,,,23,,,,22,,,,,A3645:U3645,
3644,2223-3652,0.61,Cardiovasc Diagn Ther,0.00,1.00,0.56,0,70,13,,13,,24,,20,,,,,,A3646:U3646,
3645,2233-6087,2.96,Diabetes Metab J,0.23,1.00,0.00,1,70,17,3,18,7,10,1,10,4,,,,,A3647:U3647,
3646,2311-7710,0.46,J Adv Vet Anim Res,0.00,1.00,0.50,0,70,1,,,35,23,11,,,,,,,A3648:U3648,
3647,2366-5017,0.49,GMS J Med Educ,0.89,1.00,0.00,1,70,2,13,13,14,14,,12,2,,,,,A3649:U3649,
3648,2501-2533,,Rom J Ophthalmol,0.96,1.00,0.00,0,70,,,,23,24,1,,22,,,,,A3650:U3650,
3649,2767-6641,1.44,Extracell Vesicles Circ Nucl Acids,0.00,1.00,0.00,0,70,24,1,,20,8,,17,,,,,,A3651:U3651,
3650,0972-124X,0.33,J Indian Soc Periodontol,0.00,1.00,0.00,0,69,,,,20,,26,,23,,,,,A3652:U3652,
3651,1095-6840,0.51,Gen Comp Endocrinol,0.90,0.33,0.00,0,69,8,3,9,13,5,9,13,9,,,,,A3653:U3653,
3652,1098-240X,0.86,Res Nurs Health,0.58,0.41,0.93,0,69,4,10,7,6,7,7,15,13,,,,,A3654:U3654,
3653,1178-2048,0.91,Vasc Health Risk Manag,1.00,1.00,0.88,0,69,1,5,23,12,8,5,8,7,,,,,A3655:U3655,
3654,1415-4757,0.49,Genet Mol Biol,0.00,1.00,0.97,0,69,2,7,5,10,15,3,19,8,,,,,A3656:U3656,
3655,1465-3664,0.42,J Trop Pediatr,0.94,0.13,0.97,0,69,7,11,9,7,10,7,7,11,,,,,A3657:U3657,
3656,1467-9450,0.84,Scand J Psychol,0.62,0.32,0.94,0,69,11,7,9,10,12,7,8,5,,,,,A3658:U3658,
3657,1552-7573,0.93,Res Aging,0.06,0.48,0.97,0,69,11,6,7,5,5,15,11,9,,,,,A3659:U3659,
3658,1680-5348,0.66,Rev Panam Salud Publica,0.00,1.00,0.13,0,69,4,10,17,14,2,6,15,1,,,,,A3660:U3660,
3659,1728-2985,0.15,Urologiia,0.99,0.00,0.00,0,69,,,,,,,69,,,,,,A3661:U3661,
3660,1741-6787,1.34,Worldviews Evid Based Nurs,0.99,0.36,0.97,0,69,16,13,2,9,10,3,11,5,,,,,A3662:U3662,
3661,1747-4477,0.53,Aust Endod J,0.54,0.49,0.99,0,69,12,6,6,13,4,10,9,9,,,,,A3663:U3663,
3662,1750-3639,1.96,Brain Pathol,0.29,0.65,0.99,0,69,10,12,8,6,4,10,7,12,,,,,A3664:U3664,
3663,1752-6116,0.84,Sports Biomech,0.04,0.22,0.64,0,69,10,6,11,6,3,11,9,13,,,,,A3665:U3665,
3664,1755-5922,0.86,Cardiovasc Ther,0.96,1.00,0.96,1,69,13,7,10,6,6,10,10,7,,,,,A3666:U3666,
3665,1873-1449,0.57,Brachytherapy,0.52,0.23,0.00,0,69,10,8,5,8,16,8,11,3,,,,,A3667:U3667,
3666,1933-6586,0.23,Med Acupunct,0.00,0.19,0.30,0,69,36,1,,,25,,7,,,,,,A3668:U3668,
3667,1945-7049,0.27,J Nurs Meas,0.03,0.01,0.00,0,69,4,9,4,11,15,,19,7,,,,,A3669:U3669,
3668,1998-3751,0.35,Indian J Pharmacol,0.83,1.00,0.00,1,69,10,,16,19,,,,24,,,,,A3670:U3670,
3669,2008-126X,0.4,Basic Clin Neurosci,0.00,1.00,1.00,0,69,,,,,,47,22,,,,,,A3671:U3671,
3670,2169-981X,0.37,J Nurses Prof Dev,0.35,0.01,0.46,0,69,1,21,4,9,4,12,,18,,,,,A3672:U3672,
3671,2212-0289,0.67,Z Evid Fortbild Qual Gesundhwes,0.65,0.80,0.00,0,69,6,3,4,12,3,19,15,7,,,,,A3673:U3673,
3672,2214-4269,0.61,Mol Genet Metab Rep,0.00,1.00,0.00,0,69,2,12,10,9,9,11,8,8,,,,,A3674:U3674,
3673,2329-4051,0.77,IEEE Trans Haptics,0.54,0.03,0.00,0,69,7,10,7,18,4,9,9,5,,,,,A3675:U3675,
3674,2352-8273,1.5,SSM Popul Health,0.00,1.00,0.00,0,69,7,5,6,13,8,4,16,10,,,,,A3676:U3676,
3675,2409-515X,1.29,Int J Neonatal Screen,0.00,1.00,0.96,0,69,3,5,10,8,11,7,11,14,,,,,A3677:U3677,
3676,2520-8721,0.67,Hormones (Athens),0.00,0.01,0.77,0,69,9,4,10,10,8,12,15,1,,,,,A3678:U3678,
3677,2529-198X,0.51,Mediterr J Rheumatol,0.00,1.00,0.00,0,69,17,11,,,22,19,,,,,,,A3679:U3679,
3678,2730-6844,0.62,BMC Genom Data,0.75,0.78,0.22,0,69,6,2,7,5,14,18,12,5,,,,,A3680:U3680,
3679,2772-8129,0.36,CJC Pediatr Congenit Heart Dis,0.00,1.00,0.00,0,69,19,8,10,,10,,10,12,,,,,A3681:U3681,
3680,2813-3919,0.53,Front Dement,0.00,1.00,0.00,0,69,7,7,9,13,8,10,10,5,,,,,A3682:U3682,
3681,1076-836X,3.34,Syst Biol,0.12,0.59,0.90,0,68,10,11,12,4,5,3,14,9,,,,,A3683:U3683,
3682,1090-2155,0.84,Brain Lang,0.88,0.50,0.00,0,68,9,9,6,9,7,13,10,5,,,,,A3684:U3684,
3683,1349-8029,0.87,Neurol Med Chir (Tokyo),0.72,1.00,0.00,0,68,7,8,11,10,14,4,8,6,,,,,A3685:U3685,
3684,1432-1203,1.56,Hum Genet,0.97,0.51,0.37,0,68,10,11,8,5,5,9,10,10,,,,,A3686:U3686,
3685,1465-7325,0.73,J Deaf Stud Deaf Educ,0.25,0.41,0.79,0,68,12,3,1,5,7,17,12,11,,,,,A3687:U3687,
3686,1467-9566,1.18,Sociol Health Illn,1.00,0.84,0.90,0,68,11,3,12,10,6,10,8,8,,,,,A3688:U3688,
3687,1473-0804,1.09,Climacteric,0.50,0.28,0.75,1,68,10,5,9,4,9,12,9,10,,,,,A3689:U3689,
3688,1532-950X,0.59,Vet Surg,0.53,0.54,0.82,0,68,4,13,9,11,3,13,6,9,,,,,A3690:U3690,
3689,1552-7557,1.07,Qual Health Res,0.01,0.71,0.97,0,68,4,8,13,12,6,8,5,12,,,,,A3691:U3691,
3690,1558-4623,1.49,Semin Nucl Med,0.81,0.40,0.00,1,68,5,3,11,15,7,6,7,14,,,,,A3692:U3692,
3691,1612-4790,0.52,Cogn Process,0.32,0.15,0.54,0,68,6,7,4,7,6,16,13,9,,,,,A3693:U3693,
3692,1687-9686,0.71,J Trop Med,0.00,1.00,0.97,2,68,8,8,2,5,8,9,15,13,,,,,A3694:U3694,
3693,1726-4642,0.32,Rev Peru Med Exp Salud Publica,0.82,1.00,0.46,1,68,15,16,,,,,37,,,,,,A3695:U3695,
3694,1741-2811,0.6,Health Informatics J,0.99,1.00,0.97,0,68,9,6,9,9,7,12,7,9,,,,,A3696:U3696,
3695,1759-4820,2.59,Nat Rev Urol,0.21,0.04,0.81,0,68,11,5,5,11,9,15,6,6,,,,,A3697:U3697,
3696,1864-6743,0.28,Z Orthop Unfall,0.32,0.09,0.47,0,68,8,14,13,5,1,11,5,11,,,,,A3698:U3698,
3697,1873-5843,0.65,Arch Clin Neuropsychol,0.96,0.31,0.96,0,68,7,14,6,8,10,11,6,6,,,,,A3699:U3699,
3698,1881-641X,,Ann Vasc Dis,0.00,1.00,0.00,0,68,5,10,8,12,15,5,6,7,,,,,A3700:U3700,
3699,1934-6638,0.98,Cancer Cytopathol,0.68,0.51,0.78,0,68,5,8,6,8,14,10,6,11,,,,,A3701:U3701,
3700,1939-1501,1.03,Psychol Addict Behav,0.54,0.54,0.94,2,68,10,2,15,9,10,8,7,7,,,,,A3702:U3702,
3701,1943-3700,0.43,J Wildl Dis,0.84,0.00,0.01,0,68,5,19,3,6,22,,6,7,,,,,A3703:U3703,
3702,1976-9148,0.97,Biomol Ther (Seoul),0.00,1.00,0.00,0,68,7,17,,25,,19,,,,,,,A3704:U3704,
3703,2040-6207,1.02,Ther Adv Hematol,0.00,1.00,0.82,0,68,9,11,9,5,5,4,2,23,,,,,A3705:U3705,
3704,2048-7207,0.98,J Pediatric Infect Dis Soc,0.72,0.37,0.88,0,68,6,5,11,8,4,9,17,8,,,,,A3706:U3706,
3705,2055-6845,2.01,Eur Heart J Cardiovasc Pharmacother,0.38,1.00,0.90,0,68,7,7,5,11,10,9,9,10,,,,,A3707:U3707,
3706,2071-2936,0.6,Afr J Prim Health Care Fam Med,0.88,0.96,0.00,0,68,,9,8,7,7,12,12,13,,,,,A3708:U3708,
3707,2452-2325,0.43,J Curr Ophthalmol,0.00,1.00,0.00,0,68,17,,,20,,,16,15,,,,,A3709:U3709,
3708,2474-1949,,J Educ Teach Emerg Med,0.00,1.00,0.00,0,68,18,13,,,17,,,20,,,,,A3710:U3710,
3709,2618-0456,0.21,Hua Xi Kou Qiang Yi Xue Za Zhi,1.00,1.00,0.00,0,68,,,18,16,,17,,17,,,,,A3711:U3711,
3710,2667-646X,0.2,Infect Dis Clin Microbiol,0.00,1.00,0.99,0,68,16,,16,,12,13,,11,,,,,A3712:U3712,
3711,2694-2461,1.71,ACS Mater Au,0.00,1.00,1.00,0,68,16,,17,,15,,20,,,,,,A3713:U3713,
3712,2772-7246,1.46,Drug Alcohol Depend Rep,0.00,1.00,0.00,0,68,9,6,13,7,6,14,7,6,,,,,A3714:U3714,
3713,2773-0654,0.97,AJPM Focus,0.00,1.00,0.00,0,68,6,13,3,13,8,5,4,16,,,,,A3715:U3715,
3714,0888-5885,0.76,Ind Eng Chem Res,0.00,0.99,0.96,0,67,13,11,14,4,6,6,8,5,,,,,A3716:U3716,
3715,0970-1915,0.27,Indian J Clin Biochem,0.00,0.01,0.78,0,67,,18,18,,15,,16,,,,,,A3717:U3717,
3716,1087-2981,1.1,Med Educ Online,0.96,1.00,0.91,0,67,8,7,7,7,10,10,9,9,,,,,A3718:U3718,
3717,1099-1050,1.16,Health Econ,0.79,0.54,0.93,0,67,6,3,12,9,3,10,12,12,,,,,A3719:U3719,
3718,1421-9735,0.65,Blood Purif,0.30,0.15,0.00,1,67,12,4,6,8,6,10,12,9,,,,,A3720:U3720,
3719,1462-4753,0.23,Br J Community Nurs,0.78,0.13,0.00,1,67,8,9,8,,24,,18,,,,,,A3721:U3721,
3720,1471-8405,0.6,Occup Med (Lond),0.45,0.42,0.78,1,67,7,7,6,5,11,14,8,9,,,,,A3722:U3722,
3721,1526-9906,0.37,Neoreviews,0.51,0.00,0.00,0,67,8,8,8,9,8,10,8,8,,,,,A3723:U3723,
3722,1531-698X,0.8,Curr Opin Pediatr,0.63,0.07,0.00,0,67,7,7,1,15,7,11,6,13,,,,,A3724:U3724,
3723,1535-3699,0.95,Exp Biol Med (Maywood),0.99,1.00,0.00,2,67,10,15,14,3,8,5,6,6,,,,,A3725:U3725,
3724,1536-7312,0.66,J Dev Behav Pediatr,0.63,0.19,0.87,0,67,11,12,7,14,5,5,5,8,,,,,A3726:U3726,
3725,1537-4424,2.19,J Clin Child Adolesc Psychol,0.22,0.24,0.49,0,67,12,14,12,4,6,5,6,8,,,,,A3727:U3727,
3726,1538-6899,0.87,Continuum (Minneap Minn),0.69,0.03,0.00,0,67,,17,,16,,17,,17,,,,,A3728:U3728,
3727,1547-8181,1.44,Hum Factors,0.54,0.43,0.90,0,67,7,8,12,8,6,8,11,7,,,,,A3729:U3729,
3728,1550-2783,1.07,J Int Soc Sports Nutr,0.97,1.00,0.82,0,67,4,9,5,10,17,9,10,3,,,,,A3730:U3730,
3729,1557-0703,0.63,Occup Ther Int,0.99,1.00,0.99,0,67,5,4,9,8,14,11,13,3,,,,,A3731:U3731,
3730,1573-9546,0.86,Purinergic Signal,0.93,0.69,0.39,0,67,15,7,14,6,12,7,3,3,,,,,A3732:U3732,
3731,1600-0447,2.04,Acta Psychiatr Scand,0.54,0.49,0.91,0,67,8,9,8,12,8,8,8,6,,,,,A3733:U3733,
3732,1600-9657,0.93,Dent Traumatol,0.03,0.04,0.91,0,67,10,5,4,4,9,9,14,12,,,,,A3734:U3734,
3733,1741-3850,0.85,J Public Health (Oxf),0.85,0.76,0.78,1,67,10,14,4,9,8,13,6,3,,,,,A3735:U3735,
3734,1746-160X,0.77,Head Face Med,0.90,1.00,0.27,0,67,13,9,13,11,3,11,5,2,,,,,A3736:U3736,
3735,1873-2615,2.06,Trends Cardiovasc Med,0.10,0.27,0.00,0,67,6,13,11,8,2,4,10,13,,,,,A3737:U3737,
3736,1878-1519,0.56,Respir Physiol Neurobiol,0.99,0.55,0.00,1,67,7,4,7,11,11,11,9,7,,,,,A3738:U3738,
3737,1878-1888,1.58,Behav Ther,0.85,0.46,0.00,0,67,14,15,,,15,12,,11,,,,,A3739:U3739,
3738,1881-1469,0.41,J Antibiot (Tokyo),0.75,0.13,0.81,0,67,7,10,9,9,9,7,11,5,,,,,A3740:U3740,
3739,1938-2359,0.32,Pediatr Ann,0.72,0.34,0.00,0,67,8,11,7,9,8,8,8,8,,,,,A3741:U3741,
3740,1939-165X,0.44,Vet Clin Pathol,0.24,0.09,0.93,0,67,12,5,7,3,8,2,16,14,,,,,A3742:U3742,
3741,1949-8470,,World J Radiol,0.00,1.00,0.00,0,67,7,7,10,15,,10,18,,,,,,A3743:U3743,
3742,1998-3603,0.25,Indian J Dent Res,0.82,1.00,0.00,0,67,14,12,10,3,1,23,3,1,,,,,A3744:U3744,
3743,2044-8341,1.42,Psychol Psychother,0.54,0.43,0.93,0,67,4,9,11,12,8,7,7,9,,,,,A3745:U3745,
3744,2046-2441,1.34,Open Biol,0.97,1.00,1.00,2,67,19,7,8,10,4,7,5,7,,,,,A3746:U3746,
3745,2054-9369,5.9,Mil Med Res,0.79,1.00,0.10,0,67,4,,3,8,26,8,7,11,,,,,A3747:U3747,
3746,2059-0628,1.15,Adv Simul (Lond),0.00,1.00,0.30,0,67,8,11,14,6,7,8,12,1,,,,,A3748:U3748,
3747,2093-5978,1.51,Endocrinol Metab (Seoul),0.40,1.00,0.00,0,67,9,6,8,5,16,11,5,7,,,,,A3749:U3749,
3748,2211-5684,2.45,Diagn Interv Imaging,0.15,0.22,0.00,0,67,11,10,7,4,9,10,9,7,,,,,A3750:U3750,
3749,2221-285X,2.2,Asian J Pharm Sci,0.00,1.00,0.00,0,67,,,34,11,,13,1,8,,,,,A3751:U3751,
3750,2234-3814,1.03,Ann Lab Med,0.21,1.00,1.00,0,67,7,8,7,14,6,3,2,20,,,,,A3752:U3752,
3751,2329-4302,0.59,J Med Imaging (Bellingham),0.00,0.36,0.93,0,67,11,9,7,8,7,9,6,10,,,,,A3753:U3753,
3752,2352-2291,0.54,Braz J Anesthesiol,0.43,1.00,0.00,1,67,8,5,12,7,6,10,10,9,,,,,A3754:U3754,
3753,2379-6146,0.99,Learn Health Syst,0.00,1.00,0.82,0,67,19,8,2,6,4,13,7,8,,,,,A3755:U3755,
3754,2399-4908,0.46,Int J Popul Data Sci,1.00,1.00,0.00,0,67,4,7,14,16,11,6,6,3,,,,,A3756:U3756,
3755,2450-131X,2.02,J Transl Int Med,0.00,1.00,0.97,0,67,,16,,16,,,17,18,,,,,A3757:U3757,
3756,2589-9368,,Metabol Open,0.00,1.00,0.00,0,67,15,7,11,10,8,7,3,6,,,,,A3758:U3758,
3757,2667-0267,1.24,JID Innov,0.00,1.00,0.00,0,67,10,8,7,6,8,7,10,11,,,,,A3759:U3759,
3758,2673-6128,0.99,Front Fungal Biol,0.00,1.00,0.00,0,67,5,12,7,11,6,9,9,8,,,,,A3760:U3760,
3759,2813-7868,,Front Tuberc,0.00,1.00,0.00,0,67,,2,,,,3,,62,,,,,A3761:U3761,
3760,2948-281X,,NPJ Biol Timing Sleep,0.00,1.00,0.13,0,67,2,1,37,5,3,9,8,2,,,,,A3762:U3762,
3761,0102-3616,0.27,Rev Bras Ortop (Sao Paulo),0.00,1.00,0.91,0,66,18,,6,14,2,12,12,2,,,,,A3763:U3763,
3762,0974-3227,0.34,J Hand Microsurg,0.00,0.18,0.00,0,66,13,15,5,3,13,5,2,10,,,,,A3764:U3764,
3763,1179-1888,3.46,Am J Clin Dermatol,0.59,0.35,0.89,0,66,4,5,13,9,11,9,8,7,,,,,A3765:U3765,
3764,1179-3201,1.1,J Healthc Leadersh,0.00,1.00,0.94,0,66,4,6,11,10,9,8,7,11,,,,,A3766:U3766,
3765,1464-0686,0.77,Memory,0.79,0.35,0.50,0,66,10,7,6,11,7,10,1,14,,,,,A3767:U3767,
3766,1478-4505,1.32,Health Res Policy Syst,0.86,1.00,0.27,0,66,9,7,13,11,9,6,11,,,,,,A3768:U3768,
3767,1520-765X,0.8,Eur Heart J Suppl,0.00,1.00,0.80,1,66,,7,,,50,9,,,,,,,A3769:U3769,
3768,1521-0553,0.66,J Invest Surg,0.91,1.00,0.17,1,66,7,12,6,7,10,12,5,7,,,,,A3770:U3770,
3769,1531-7072,1.09,Curr Opin Crit Care,0.82,0.05,0.00,0,66,15,7,6,7,4,11,10,6,,,,,A3771:U3771,
3770,1532-4192,0.5,Cancer Invest,0.64,0.09,0.26,0,66,9,5,4,3,14,16,8,7,,,,,A3772:U3772,
3771,1532-4311,0.65,Immunol Invest,0.53,0.00,0.29,1,66,6,4,9,7,10,9,14,7,,,,,A3773:U3773,
3772,1552-5775,1.17,Perm J,0.24,1.00,0.97,0,66,6,5,7,7,9,10,8,14,,,,,A3774:U3774,
3773,1557-7716,1.82,Antioxid Redox Signal,0.76,0.03,0.74,1,66,3,10,9,10,8,9,7,10,,,,,A3775:U3775,
3774,1674-8018,4.72,Protein Cell,0.21,1.00,0.76,0,66,4,4,19,2,6,11,12,8,,,,,A3776:U3776,
3775,1745-8315,0.51,Int J Psychoanal,0.58,0.09,0.18,0,66,1,20,1,14,1,13,16,,,,,,A3777:U3777,
3776,1756-8722,11.82,J Hematol Oncol,0.95,1.00,0.15,0,66,9,6,,17,8,9,13,4,,,,,A3778:U3778,
3777,1793-6462,1.08,Int J Neural Syst,0.76,0.00,0.98,0,66,9,7,7,8,11,7,5,12,,,,,A3779:U3779,
3778,1875-2128,0.77,Arch Cardiovasc Dis,0.44,0.41,0.00,0,66,11,23,3,6,9,6,5,3,,,,,A3780:U3780,
3779,2051-1434,0.73,Conserv Physiol,0.00,1.00,0.88,0,66,4,10,4,12,5,7,12,12,,,,,A3781:U3781,
3780,2055-1010,1.19,NPJ Prim Care Respir Med,0.79,1.00,0.15,0,66,6,8,9,20,8,8,6,1,,,,,A3782:U3782,
3781,2056-4694,0.52,BJPsych Bull,0.00,1.00,0.92,0,66,11,3,9,12,5,7,18,1,,,,,A3783:U3783,
3782,2057-2107,1.28,Neurosci Conscious,0.00,1.00,0.92,0,66,9,6,3,6,5,11,13,13,,,,,A3784:U3784,
3783,2090-0023,0.42,J Parasitol Res,0.00,1.00,1.00,0,66,9,2,4,10,11,18,9,3,,,,,A3785:U3785,
3784,2211-8179,1.33,Glob Heart,0.92,1.00,0.97,0,66,6,8,18,5,6,9,7,7,,,,,A3786:U3786,
3785,2374-8265,0.53,MedEdPORTAL,0.98,1.00,0.95,0,66,6,6,9,9,6,12,9,9,,,,,A3787:U3787,
3786,2424-8363,0.3,J Hand Surg Asian Pac Vol,0.91,0.00,0.00,0,66,16,17,8,,8,14,3,,,,,,A3788:U3788,
3787,2641-5895,0.5,Matern Fetal Med,0.00,1.00,0.00,0,66,12,14,,21,,,18,1,,,,,A3789:U3789,
3788,2666-4984,3.39,Environ Sci Ecotechnol,0.00,1.00,0.00,0,66,7,10,7,6,8,8,9,11,,,,,A3790:U3790,
3789,2690-7097,0.49,ATS Sch,0.32,1.00,0.50,0,66,,8,16,11,6,3,6,16,,,,,A3791:U3791,
3790,2702-3648,0.5,J Osteopath Med,0.15,1.00,0.45,0,66,7,8,7,12,6,8,8,10,,,,,A3792:U3792,
3791,1098-8947,1.01,J Reconstr Microsurg,0.02,0.08,0.72,0,65,1,10,15,6,8,9,8,8,,,,,A3793:U3793,
3792,1440-1592,1.95,Allergol Int,0.29,1.00,0.00,0,65,6,8,6,10,5,12,6,12,,,,,A3794:U3794,
3793,1441-2772,0.95,Crit Care Resusc,0.00,1.00,0.00,0,65,20,3,11,8,4,3,11,5,,,,,A3795:U3795,
3794,1471-0048,10.28,Nat Rev Neurosci,0.34,0.03,0.66,0,65,14,1,9,8,6,9,10,8,,,,,A3796:U3796,
3795,1499-3872,1.02,Hepatobiliary Pancreat Dis Int,0.29,0.00,0.00,0,65,16,4,5,6,9,4,9,12,,,,,A3797:U3797,
3796,1532-8201,0.81,Appl Nurs Res,0.94,0.31,0.00,1,65,15,,12,,,16,1,21,,,,,A3798:U3798,
3797,1546-0096,0.82,Pediatr Rheumatol Online J,0.80,1.00,0.34,0,65,10,5,11,7,13,9,10,,,,,,A3799:U3799,
3798,1548-6869,0.52,J Health Care Poor Underserved,0.88,0.03,0.00,0,65,,,,,,24,16,25,,,,,A3800:U3800,
3799,1555-8584,1.5,RNA Biol,0.97,1.00,0.74,1,65,4,7,14,7,13,12,6,2,,,,,A3801:U3801,
3800,1613-2254,0.38,J Med Ultrason (2001),0.12,0.03,0.89,0,65,13,4,4,4,11,10,7,12,,,,,A3802:U3802,
3801,1662-680X,0.26,Case Rep Neurol,0.00,1.00,0.00,0,65,9,5,6,6,1,10,12,16,,,,,A3803:U3803,
3802,1746-1553,0.45,Prosthet Orthot Int,0.03,0.03,0.91,0,65,,6,3,,32,1,1,22,,,,,A3804:U3804,
3803,1873-5711,0.73,J Electromyogr Kinesiol,0.82,0.40,0.00,0,65,7,10,10,13,12,4,1,8,,,,,A3805:U3805,
3804,1879-016X,3.84,Pharmacol Ther,0.78,0.28,0.00,3,65,3,13,5,3,4,12,14,11,,,,,A3806:U3806,
3805,1879-2642,0.74,Biochim Biophys Acta Biomembr,0.91,0.58,0.00,0,65,10,4,7,10,9,11,9,5,,,,,A3807:U3807,
3806,1916-7245,0.68,Can Respir J,0.94,1.00,0.94,1,65,8,12,2,5,4,12,12,10,,,,,A3808:U3808,
3807,1938-2405,0.5,J Pediatr Ophthalmol Strabismus,0.18,0.18,0.00,0,65,4,5,22,5,10,5,6,8,,,,,A3809:U3809,
3808,1949-3592,0.68,Cytoskeleton (Hoboken),0.02,0.09,0.69,0,65,4,15,9,5,4,12,7,9,,,,,A3810:U3810,
3809,2040-7947,0.52,Int J Numer Method Biomed Eng,1.00,0.48,0.89,0,65,6,12,6,7,9,11,6,8,,,,,A3811:U3811,
3810,2044-8279,1.75,Br J Educ Psychol,0.38,0.37,0.95,0,65,5,6,12,9,9,6,7,11,,,,,A3812:U3812,
3811,2056-6646,1.21,Glob Chall,0.00,1.00,0.85,0,65,16,6,1,9,4,8,8,13,,,,,A3813:U3813,
3812,2211-4203,0.43,Afr J Emerg Med,0.00,1.00,0.00,0,65,7,11,13,8,4,13,3,6,,,,,A3814:U3814,
3813,2224-5839,,Ann Palliat Med,0.77,1.00,0.00,0,65,10,7,8,4,,22,,14,,,,,A3815:U3815,
3814,2304-3873,0.64,Chin Clin Oncol,0.58,1.00,0.00,0,65,10,,20,,19,,15,1,,,,,A3816:U3816,
3815,2305-5839,,Ann Transl Med,0.00,1.00,0.65,0,65,19,,13,,17,,16,,,,,,A3817:U3817,
3816,2330-4022,1.82,ACS Photonics,0.00,1.00,1.00,0,65,13,10,6,7,8,5,4,12,,,,,A3818:U3818,
3817,2335-6936,0.45,Pac Symp Biocomput,1.00,1.00,0.00,0,65,,65,,,,,,,,,,,A3819:U3819,
3818,2397-3269,0.9,BMJ Open Ophthalmol,0.92,1.00,1.00,0,65,18,9,6,3,5,8,10,6,,,,,A3820:U3820,
3819,2520-1026,0.86,BMC Rheumatol,0.00,1.00,0.40,0,65,6,13,10,7,12,8,8,1,,,,,A3821:U3821,
3820,2573-7732,0.91,Immunohorizons,0.94,1.00,0.80,0,65,10,7,8,15,4,3,10,8,,,,,A3822:U3822,
3821,2589-3610,,Chin Herb Med,0.00,1.00,0.00,0,65,18,,,23,,,24,,,,,,A3823:U3823,
3822,2638-6100,4.61,Radiol Artif Intell,0.52,0.02,1.00,0,65,7,5,7,14,13,11,6,2,,,,,A3824:U3824,
3823,2690-0637,1.26,ACS ES T Water,0.00,0.95,0.92,0,65,9,5,12,4,10,13,3,9,,,,,A3825:U3825,
3824,2694-2496,1.69,ACS Nanosci Au,0.00,1.00,0.98,0,65,,16,,16,,16,,17,,,,,A3826:U3826,
3825,2713-4148,1.21,Clin Exp Pediatr,0.00,1.00,0.00,0,65,8,5,7,12,8,5,14,6,,,,,A3827:U3827,
3826,0042-465X,0.22,Vestn Oftalmol,1.00,0.00,1.00,0,64,,,16,16,,15,,17,,,,,A3828:U3828,
3827,0042-8817,0.19,Zh Vopr Neirokhir Im N N Burdenko,1.00,0.00,1.00,0,64,8,13,,15,14,,,14,,,,,A3829:U3829,
3828,0446-6586,0.11,Nihon Shokakibyo Gakkai Zasshi,0.27,0.00,0.00,0,64,10,9,9,10,9,9,8,,,,,,A3830:U3830,
3829,0973-3922,0.42,Indian J Dermatol Venereol Leprol,0.11,1.00,0.00,0,64,7,35,1,21,,,,,,,,,A3831:U3831,
3830,1470-7926,1.12,Occup Environ Med,0.75,0.59,0.95,0,64,7,4,4,9,6,10,17,7,,,,,A3832:U3832,
3831,1473-5695,0.7,Eur J Emerg Med,0.28,0.08,0.00,0,64,7,12,4,15,6,6,4,10,,,,,A3833:U3833,
3832,1520-6033,0.56,Biotechnol Prog,0.53,0.38,0.98,0,64,10,5,3,8,8,13,10,7,,,,,A3834:U3834,
3833,1532-432X,0.31,Hemoglobin,0.67,0.11,0.56,0,64,10,7,5,8,7,5,8,14,,,,,A3835:U3835,
3834,1533-7790,1.77,Demography,0.98,0.08,1.00,0,64,2,13,3,15,1,10,4,16,,,,,A3836:U3836,
3835,1540-7748,1.13,J Gen Physiol,0.97,0.36,1.00,0,64,4,7,7,6,8,10,8,14,,,,,A3837:U3837,
3836,1545-2301,1.02,Clin Gerontol,0.20,0.19,0.41,0,64,7,4,7,15,8,8,8,7,,,,,A3838:U3838,
3837,1547-5069,1.06,J Nurs Scholarsh,0.80,0.52,0.94,0,64,4,2,11,9,7,8,9,14,,,,,A3839:U3839,
3838,1552-6119,0.95,Child Maltreat,0.02,0.45,1.00,0,64,8,9,5,4,4,14,10,10,,,,,A3840:U3840,
3839,1555-824X,0.33,Am J Med Qual,0.44,0.03,0.03,0,64,5,4,9,5,10,8,8,15,,,,,A3841:U3841,
3840,1573-7233,3.22,Cancer Metastasis Rev,0.95,0.61,0.44,0,64,7,2,13,4,10,7,10,11,,,,,A3842:U3842,
3841,1613-9860,1.07,Transl Behav Med,0.97,0.59,0.91,1,64,6,7,4,16,6,5,14,6,,,,,A3843:U3843,
3842,1651-1999,0.69,Blood Press,0.64,1.00,0.44,0,64,5,7,4,6,10,9,8,15,,,,,A3844:U3844,
3843,1708-8208,1.4,Clin Implant Dent Relat Res,0.92,0.55,0.95,0,64,10,6,10,15,8,3,9,3,,,,,A3845:U3845,
3844,1744-4292,4.23,Mol Syst Biol,0.72,1.00,1.00,0,64,12,7,7,5,9,7,11,6,,,,,A3846:U3846,
3845,1867-0687,1.36,World J Pediatr,0.47,0.31,0.80,0,64,8,6,6,5,9,9,10,11,,,,,A3847:U3847,
3846,1873-0442,1.08,Travel Med Infect Dis,0.70,0.98,0.00,0,64,7,5,11,8,11,12,4,6,,,,,A3848:U3848,
3847,1876-4452,0.64,Sci Justice,0.75,0.53,0.00,1,64,12,,,18,25,,9,,,,,,A3849:U3849,
3848,1878-5875,0.94,Int J Biochem Cell Biol,0.75,0.11,0.00,2,64,3,5,4,13,12,13,8,6,,,,,A3850:U3850,
3849,1939-1854,5.47,J Appl Psychol,0.38,0.05,0.94,0,64,,26,4,11,5,5,9,4,,,,,A3851:U3851,
3850,1945-8932,0.99,Am J Rhinol Allergy,0.38,0.11,0.95,0,64,5,3,7,10,7,12,6,14,,,,,A3852:U3852,
3851,2038-2529,0.57,Tumori,0.53,0.33,1.00,0,64,10,8,5,7,11,11,5,7,,,,,A3853:U3853,
3852,2051-3933,1.21,Mov Ecol,0.00,1.00,0.31,0,64,6,7,11,11,9,8,8,4,,,,,A3854:U3854,
3853,2055-2173,0.67,Mult Scler J Exp Transl Clin,0.00,1.00,0.98,0,64,7,5,4,8,12,8,8,12,,,,,A3855:U3855,
3854,2057-1577,1.57,Virus Evol,0.00,1.00,0.92,0,64,11,6,6,11,6,5,8,11,,,,,A3856:U3856,
3855,2078-6204,0.38,S Afr Fam Pract (2004),0.92,1.00,0.00,0,64,6,10,10,14,7,6,8,3,,,,,A3857:U3857,
3856,2090-6722,,Case Rep Ophthalmol Med,0.00,1.00,1.00,0,64,5,2,5,12,13,6,15,6,,,,,A3858:U3858,
3857,2162-2973,0.52,Appl Neuropsychol Child,0.00,0.11,0.80,1,64,4,7,9,4,6,9,12,13,,,,,A3859:U3859,
3858,2212-277X,1.51,Perspect Med Educ,0.98,1.00,1.00,0,64,3,12,14,6,7,9,7,6,,,,,A3860:U3860,
3859,2307-8960,,World J Clin Cases,0.00,1.00,0.00,0,64,40,16,8,,,,,,,,,,A3861:U3861,
3860,2383-4625,0.52,Clin Exp Emerg Med,0.00,1.00,0.00,0,64,19,2,,22,1,10,10,,,,,,A3862:U3862,
3861,2471-5492,0.69,J Shoulder Elb Arthroplast,0.00,1.00,0.00,0,64,,,2,12,7,15,16,12,,,,,A3863:U3863,
3862,2515-7949,0.25,J Perioper Pract,0.08,0.22,0.98,0,64,3,10,6,6,7,13,5,14,,,,,A3864:U3864,
3863,2516-5542,0.86,BMJ Nutr Prev Health,0.00,1.00,0.98,1,64,7,,33,,,,4,20,,,,,A3865:U3865,
3864,2590-0889,0.61,Infect Prev Pract,0.00,1.00,0.00,0,64,3,5,13,9,11,9,8,6,,,,,A3866:U3866,
3865,2730-9401,2.46,Mol Hortic,0.00,1.00,0.72,0,64,7,9,8,7,8,8,8,9,,,,,A3867:U3867,
3866,0009-4293,0.34,Chimia (Aarau),0.37,0.98,0.51,0,63,,,20,,16,16,,11,,,,,A3868:U3868,
3867,0301-0430,0.3,Clin Nephrol,0.63,0.00,0.00,0,63,4,4,14,10,6,2,8,15,,,,,A3869:U3869,
3868,0976-7800,0.41,J Midlife Health,0.00,1.00,0.00,0,63,,,9,,31,,,23,,,,,A3870:U3870,
3869,1004-5619,0.19,Fa Yi Xue Za Zhi,1.00,1.00,0.00,0,63,13,,17,15,,,18,,,,,,A3871:U3871,
3870,1098-1128,3.27,Med Res Rev,0.40,0.24,0.89,0,63,,3,5,8,12,10,15,10,,,,,A3872:U3872,
3871,1365-2303,0.39,Cytopathology,0.65,0.33,0.92,0,63,7,7,11,6,13,6,10,3,,,,,A3873:U3873,
3872,1365-2443,0.55,Genes Cells,0.92,0.76,0.78,0,63,9,8,7,13,4,7,7,8,,,,,A3874:U3874,
3873,1421-9972,0.44,Folia Phoniatr Logop,0.00,0.38,0.00,0,63,10,7,6,8,7,9,9,7,,,,,A3875:U3875,
3874,1423-0143,0.65,Kidney Blood Press Res,0.86,1.00,0.00,2,63,6,5,10,9,6,13,10,4,,,,,A3876:U3876,
3875,1432-2099,0.49,Radiat Environ Biophys,0.83,0.29,0.46,0,63,11,9,8,7,5,11,5,7,,,,,A3877:U3877,
3876,1438-8790,0.23,Pneumologie,0.38,0.16,0.32,0,63,10,4,10,8,10,6,7,8,,,,,A3878:U3878,
3877,1529-8027,0.94,J Peripher Nerv Syst,0.97,0.62,0.95,0,63,10,7,9,2,4,7,14,10,,,,,A3879:U3879,
3878,1559-0305,0.73,Mol Biotechnol,0.43,0.08,1.00,2,63,10,6,10,6,6,7,8,10,,,,,A3880:U3880,
3879,1563-5279,0.51,Int J Neurosci,0.90,0.14,0.17,3,63,6,8,11,10,5,14,4,5,,,,,A3881:U3881,
3880,1600-0722,0.54,Eur J Oral Sci,0.46,0.40,0.84,0,63,5,5,13,7,12,10,3,8,,,,,A3882:U3882,
3881,1600-0757,4.92,Periodontol 2000,0.05,0.06,0.97,0,63,,1,5,16,6,6,8,21,,,,,A3883:U3883,
3882,1744-411X,0.45,J Clin Exp Neuropsychol,0.57,0.35,0.40,0,63,8,4,11,12,10,5,9,4,,,,,A3884:U3884,
3883,1744-4144,0.81,Clin Neuropsychol,0.06,0.33,0.51,0,63,5,8,4,11,12,5,12,6,,,,,A3885:U3885,
3884,1744-7658,1.2,Expert Opin Investig Drugs,0.79,0.29,0.21,0,63,9,12,6,7,4,8,9,8,,,,,A3886:U3886,
3885,1744-8352,1.03,Expert Rev Mol Diagn,0.79,0.17,0.19,0,63,6,1,4,11,17,8,8,8,,,,,A3887:U3887,
3886,1744-8360,1.11,Expert Rev Neurother,0.71,0.24,0.30,0,63,5,7,13,9,9,9,7,4,,,,,A3888:U3888,
3887,1756-2651,0.81,J Biochem,0.71,0.43,0.75,1,63,8,10,8,7,3,13,12,2,,,,,A3889:U3889,
3888,1872-7484,1.08,Auton Neurosci,0.79,0.60,0.00,0,63,6,13,5,7,10,12,5,5,,,,,A3890:U3890,
3889,1872-8278,1.47,Mitochondrion,0.98,0.46,0.00,1,63,8,9,6,2,10,13,7,8,,,,,A3891:U3891,
3890,1873-149X,0.9,Pathophysiology,0.00,1.00,0.95,0,63,8,10,5,6,4,8,13,9,,,,,A3892:U3892,
3891,1873-1740,2.73,Prog Cardiovasc Dis,0.16,0.19,0.00,0,63,5,7,6,8,11,5,8,13,,,,,A3893:U3893,
3892,1878-1306,0.64,Vet Clin North Am Small Anim Pract,0.60,0.02,0.00,0,63,1,8,10,11,9,6,9,9,,,,,A3894:U3894,
3893,1878-7886,0.43,J Visc Surg,0.19,0.24,0.00,0,63,1,8,13,5,7,9,8,12,,,,,A3895:U3895,
3894,1938-2383,0.48,OTJR (Thorofare N J),0.02,0.32,0.98,0,63,8,9,7,5,7,4,12,11,,,,,A3896:U3896,
3895,1939-1315,3.77,J Pers Soc Psychol,0.65,0.05,0.97,1,63,12,8,9,7,7,6,9,5,,,,,A3897:U3897,
3896,1939-1498,1.23,Psychol Aging,0.38,0.14,1.00,0,63,12,9,3,6,6,8,11,8,,,,,A3898:U3898,
3897,1949-3614,0.53,Assist Technol,0.32,0.27,0.62,0,63,11,7,16,3,3,7,9,7,,,,,A3899:U3899,
3898,2047-2501,0.83,Health Inf Sci Syst,0.00,0.22,0.81,0,63,15,9,5,13,4,4,8,5,,,,,A3900:U3900,
3899,2055-2238,0.88,Obes Sci Pract,0.00,1.00,0.92,0,63,10,1,6,10,,16,10,10,,,,,A3901:U3901,
3900,2056-5968,4.88,Cell Discov,0.00,1.00,0.81,0,63,8,5,12,5,9,9,8,7,,,,,A3902:U3902,
3901,2153-4063,,AMIA Jt Summits Transl Sci Proc,0.00,1.00,0.00,0,63,,,,,,63,,,,,,,A3903:U3903,
3902,2173-5743,,Reumatol Clin (Engl Ed),0.62,1.00,0.00,0,63,4,8,12,10,2,19,5,3,,,,,A3904:U3904,
3903,2213-3070,0.5,Gynecol Minim Invasive Ther,0.00,1.00,0.00,0,63,,,21,,,21,,21,,,,,A3905:U3905,
3904,2213-3763,0.54,Indian Heart J,0.25,1.00,0.00,0,63,5,2,9,16,5,8,10,8,,,,,A3906:U3906,
3905,2352-3840,0.96,Can J Diabetes,0.33,0.52,0.00,0,63,6,9,7,9,9,5,8,10,,,,,A3907:U3907,
3906,2405-6324,0.62,Tech Innov Patient Support Radiat Oncol,0.00,1.00,0.00,0,63,13,8,6,10,10,5,4,7,,,,,A3908:U3908,
3907,2589-0409,0.55,J Egypt Natl Canc Inst,1.00,1.00,0.24,0,63,3,3,4,4,13,12,13,11,,,,,A3909:U3909,
3908,2813-0626,0.73,Front Nephrol,0.00,1.00,0.00,0,63,8,7,6,3,4,13,9,13,,,,,A3910:U3910,
3909,2980-2156,,J Clin Pract Res,0.00,1.00,0.00,0,63,2,15,13,,,17,16,,,,,,A3911:U3911,
3910,0151-9638,0.61,Ann Dermatol Venereol,0.13,0.26,0.00,0,62,6,8,7,13,12,9,4,3,,,,,A3912:U3912,
3911,0253-9772,0.23,Yi Chuan,1.00,0.00,0.00,0,62,7,8,8,7,8,8,7,9,,,,,A3913:U3913,
3912,0272-9490,0.59,Am J Occup Ther,0.97,0.15,0.00,0,62,14,10,13,6,19,,,,,,,,A3914:U3914,
3913,0915-5287,,J Phys Ther Sci,0.00,1.00,0.00,2,62,6,8,12,5,11,6,7,7,,,,,A3915:U3915,
3914,0971-3026,0.31,Indian J Radiol Imaging,0.00,1.00,0.85,0,62,23,,22,,,17,,,,,,,A3916:U3916,
3915,0974-620X,0.23,Oman J Ophthalmol,0.00,1.00,0.00,0,62,,,,37,,,25,,,,,,A3917:U3917,
3916,0975-5950,0.3,Natl J Maxillofac Surg,0.00,1.00,0.00,0,62,33,,,,,,29,,,,,,A3918:U3918,
3917,1088-1980,1.74,J Ind Ecol,0.00,1.00,0.89,0,62,,,,46,2,9,1,4,,,,,A3919:U3919,
3918,1095-8657,0.99,J Struct Biol,0.89,0.44,0.00,0,62,11,5,10,3,10,6,7,10,,,,,A3920:U3920,
3919,1394-195X,0.44,Malays J Med Sci,0.00,1.00,0.00,0,62,,,,,32,,16,14,,,,,A3921:U3921,
3920,1432-0878,1.11,Cell Tissue Res,0.97,0.45,0.16,0,62,14,13,8,5,7,12,2,1,,,,,A3922:U3922,
3921,1432-1750,1.03,Lung,0.90,0.52,0.34,0,62,5,4,9,7,8,9,10,10,,,,,A3923:U3923,
3922,1439-0396,0.65,J Anim Physiol Anim Nutr (Berl),0.37,0.29,0.95,0,62,2,9,6,7,12,6,9,11,,,,,A3924:U3924,
3923,1464-3502,0.8,Alcohol Alcohol,0.95,0.40,0.81,1,62,9,4,9,12,8,9,10,1,,,,,A3925:U3925,
3924,1469-672X,0.73,J Reprod Infant Psychol,0.06,0.40,0.52,1,62,11,4,8,11,6,10,8,4,,,,,A3926:U3926,
3925,1476-542X,1.16,Dentomaxillofac Radiol,0.50,0.34,0.66,0,62,9,4,4,1,18,9,10,7,,,,,A3927:U3927,
3926,1502-7686,0.49,Scand J Clin Lab Invest,0.92,0.35,0.84,0,62,7,11,7,7,8,12,2,8,,,,,A3928:U3928,
3927,1518-8345,0.48,Rev Lat Am Enfermagem,0.89,1.00,1.00,0,62,6,4,6,13,,10,10,13,,,,,A3929:U3929,
3928,1520-636X,0.62,Chirality,0.47,0.60,0.90,0,62,4,5,7,10,1,11,10,14,,,,,A3930:U3930,
3929,1521-1878,1.15,Bioessays,0.92,0.73,0.19,0,62,5,8,12,7,6,8,7,9,,,,,A3931:U3931,
3930,1530-8022,0.49,J Biomater Appl,0.37,0.03,0.97,1,62,12,10,7,4,8,11,5,5,,,,,A3932:U3932,
3931,1532-1738,0.5,Food Sci Technol Int,0.00,0.10,1.00,0,62,5,6,5,6,9,8,11,12,,,,,A3933:U3933,
3932,1535-6302,0.41,Curr Probl Diagn Radiol,0.52,0.13,0.00,0,62,11,6,6,20,2,8,2,7,,,,,A3934:U3934,
3933,1536-5409,0.88,Clin J Pain,0.65,0.21,0.77,1,62,7,8,11,11,7,4,9,5,,,,,A3935:U3935,
3934,1537-1603,0.5,J Clin Neurophysiol,0.37,0.08,0.81,0,62,5,5,9,3,7,22,6,5,,,,,A3936:U3936,
3935,1552-6941,0.53,Int J Low Extrem Wounds,0.00,0.10,0.95,1,62,8,6,6,7,5,13,10,7,,,,,A3937:U3937,
3936,1557-9859,1.4,Med Clin North Am,0.87,0.02,0.00,0,62,,14,,14,14,,20,,,,,,A3938:U3938,
3937,1559-0879,0.43,Innovations (Phila),0.40,0.24,0.97,0,62,2,16,1,8,8,12,8,7,,,,,A3939:U3939,
3938,1568-5888,0.79,Neth Heart J,0.00,0.84,0.50,0,62,9,11,6,9,8,2,11,6,,,,,A3940:U3940,
3939,1573-6709,1.15,Psychiatr Q,0.02,0.08,0.65,0,62,5,15,11,9,6,2,5,9,,,,,A3941:U3941,
3940,1600-0714,0.7,J Oral Pathol Med,0.77,0.50,0.85,0,62,14,6,4,11,7,7,10,3,,,,,A3942:U3942,
3941,1612-9210,0.6,Ecohealth,0.06,0.08,0.63,0,62,5,1,6,13,8,7,16,6,,,,,A3943:U3943,
3942,1615-9861,1.12,Proteomics,0.60,0.48,0.16,1,62,5,6,9,11,12,8,5,6,,,,,A3944:U3944,
3943,1618-0860,0.67,J Plant Res,0.47,0.21,0.90,0,62,4,7,4,13,8,5,6,15,,,,,A3945:U3945,
3944,1738-1088,0.98,Clin Psychopharmacol Neurosci,0.00,1.00,1.00,0,62,20,,,20,,,22,,,,,,A3946:U3946,
3945,1744-8344,0.66,Expert Rev Cardiovasc Ther,0.74,0.15,0.32,0,62,6,8,8,8,7,11,9,5,,,,,A3947:U3947,
3946,1746-1596,0.88,Diagn Pathol,0.84,1.00,0.26,2,62,13,11,13,7,5,2,9,2,,,,,A3948:U3948,
3947,1751-2441,0.85,Expert Rev Clin Pharmacol,0.79,0.23,0.34,0,62,8,13,9,5,11,5,5,6,,,,,A3949:U3949,
3948,1810-6838,1.13,Breathe (Sheff),0.00,1.00,0.68,0,62,10,7,10,8,7,6,7,7,,,,,A3950:U3950,
3949,1876-1631,0.46,Adv Protein Chem Struct Biol,1.00,0.00,0.00,0,62,14,,16,,17,,15,,,,,,A3951:U3951,
3950,1878-7401,0.33,Technol Health Care,0.50,0.08,0.58,12,62,3,9,10,12,2,7,9,10,,,,,A3952:U3952,
3951,1879-3088,6.81,Trends Cell Biol,0.65,0.50,0.00,0,62,3,,10,13,9,12,7,8,,,,,A3953:U3953,
3952,1916-0216,0.76,J Otolaryngol Head Neck Surg,0.94,1.00,0.98,0,62,11,13,8,5,5,5,11,4,,,,,A3954:U3954,
3953,1930-7810,1.18,Health Psychol,0.60,0.40,0.94,0,62,6,7,20,3,7,7,7,5,,,,,A3955:U3955,
3954,1936-3567,0.59,Integr Psychol Behav Sci,0.98,0.27,0.56,0,62,7,6,18,4,10,8,6,3,,,,,A3956:U3956,
3955,1948-9358,,World J Diabetes,0.00,1.00,0.00,0,62,42,20,,,,,,,,,,,A3957:U3957,
3956,1980-5764,0.57,Dement Neuropsychol,0.00,1.00,0.98,0,62,4,7,8,8,,8,8,19,,,,,A3958:U3958,
3957,2035-3006,0.54,Mediterr J Hematol Infect Dis,0.00,1.00,0.00,0,62,,16,16,,17,,13,,,,,,A3959:U3959,
3958,2047-3877,0.62,Int J Dev Disabil,0.00,1.00,0.81,0,62,,15,1,19,20,1,4,2,,,,,A3960:U3960,
3959,2055-0391,0.77,J Anim Sci Technol,0.00,1.00,1.00,0,62,,22,,20,,20,,,,,,,A3961:U3961,
3960,2090-911X,0.41,Egypt Heart J,0.00,1.00,0.16,0,62,6,5,9,9,10,11,10,2,,,,,A3962:U3962,
3961,2253-1556,1.11,Immunotargets Ther,0.00,1.00,0.89,0,62,5,5,16,11,9,8,5,3,,,,,A3963:U3963,
3962,2305-7823,0.29,Glob Cardiol Sci Pract,0.00,1.00,0.00,0,62,,,3,41,10,,,8,,,,,A3964:U3964,
3963,2308-1430,0.22,Probl Endokrinol (Mosk),0.98,0.98,0.00,0,62,,25,13,,,13,,11,,,,,A3965:U3965,
3964,2352-2895,1.53,Neurobiol Stress,0.00,1.00,0.00,0,62,5,3,9,13,6,11,5,10,,,,,A3966:U3966,
3965,2365-421X,0.75,EJNMMI Radiopharm Chem,0.00,0.90,0.94,0,62,5,9,9,9,5,16,5,4,,,,,A3967:U3967,
3966,2383-7977,0.53,Anesth Pain Med (Seoul),0.00,1.00,0.00,0,62,,20,,4,18,,12,8,,,,,A3968:U3968,
3967,2405-6731,0.68,Parasite Epidemiol Control,0.00,1.00,0.00,0,62,7,4,7,12,11,7,4,10,,,,,A3969:U3969,
3968,2524-7948,1.55,Arthroplasty,0.00,1.00,0.06,0,62,8,8,6,7,9,7,8,9,,,,,A3970:U3970,
3969,2562-7600,1.11,JMIR Nurs,0.94,1.00,0.97,1,62,7,6,7,5,6,12,8,11,,,,,A3971:U3971,
3970,0098-9134,0.36,J Gerontol Nurs,0.51,0.18,0.00,0,61,5,8,7,6,7,3,17,8,,,,,A3972:U3972,
3971,1096-9861,0.99,J Comp Neurol,0.98,0.80,0.44,0,61,10,6,9,6,8,6,9,7,,,,,A3973:U3973,
3972,1098-898X,0.33,Semin Musculoskelet Radiol,0.77,0.00,0.79,0,61,2,21,15,5,5,4,7,2,,,,,A3974:U3974,
3973,1120-9763,0.26,Epidemiol Prev,0.56,0.61,0.00,0,61,,15,17,3,,8,15,3,,,,,A3975:U3975,
3974,1421-9832,1.36,Dermatology,0.46,0.46,0.00,0,61,6,8,9,9,4,5,7,13,,,,,A3976:U3976,
3975,1423-0151,0.79,Med Princ Pract,0.08,1.00,0.00,1,61,6,13,8,4,12,7,4,7,,,,,A3977:U3977,
3976,1432-1890,0.88,Mycorrhiza,1.00,0.38,0.59,0,61,2,6,1,8,10,14,11,9,,,,,A3978:U3978,
3977,1432-2013,1.07,Pflugers Arch,0.93,0.72,0.51,0,61,5,5,11,8,6,9,10,7,,,,,A3979:U3979,
3978,1435-232X,0.92,J Hum Genet,0.62,0.21,0.89,1,61,11,6,9,4,6,6,8,11,,,,,A3980:U3980,
3979,1532-7558,0.93,Int J Behav Med,0.05,0.13,0.10,0,61,6,10,7,8,11,7,7,5,,,,,A3981:U3981,
3980,1538-9847,0.78,Nurs Res,0.56,0.16,0.97,0,61,5,16,4,6,4,6,7,13,,,,,A3982:U3982,
3981,1550-509X,0.83,J Head Trauma Rehabil,0.20,0.11,0.74,0,61,5,,10,5,10,14,14,3,,,,,A3983:U3983,
3982,1552-681X,0.91,Med Decis Making,0.49,0.57,1.00,0,61,6,5,8,7,7,8,7,13,,,,,A3984:U3984,
3983,1557-2536,0.6,Mycologia,0.90,0.30,0.93,0,61,9,8,13,4,6,7,9,5,,,,,A3985:U3985,
3984,1640-5544,1.2,J Hum Kinet,0.00,1.00,0.93,0,61,,,21,20,20,,,,,,,,A3986:U3986,
3985,1671-5411,0.72,J Geriatr Cardiol,0.00,1.00,0.00,0,61,15,,15,,15,,16,,,,,,A3987:U3987,
3986,1758-2032,0.8,Neurodegener Dis Manag,0.11,0.18,0.64,0,61,3,7,10,6,16,4,3,12,,,,,A3988:U3988,
3987,1872-6216,1.9,Mech Ageing Dev,0.72,0.44,0.00,1,61,5,5,7,4,13,12,7,8,,,,,A3989:U3989,
3988,1878-0067,1.01,Epidemics,0.69,0.98,0.00,0,61,8,10,8,9,5,7,8,6,,,,,A3990:U3990,
3989,1931-8448,0.61,Microb Drug Resist,0.61,0.00,0.67,0,61,1,5,14,4,12,9,8,8,,,,,A3991:U3991,
3990,1939-134X,1.51,Psychol Assess,0.49,0.20,0.97,0,61,8,7,11,2,7,7,16,3,,,,,A3992:U3992,
3991,1940-0640,1.13,Addict Sci Clin Pract,0.80,1.00,0.23,0,61,8,7,4,7,13,10,11,1,,,,,A3993:U3993,
3992,1945-225X,0.2,J Clin Orthod,0.00,0.00,0.00,0,61,,16,10,,18,7,,10,,,,,A3994:U3994,
3993,1945-5119,0.89,Top Stroke Rehabil,0.10,0.13,0.74,0,61,4,6,8,11,11,8,4,9,,,,,A3995:U3995,
3994,1945-5763,0.39,Top Spinal Cord Inj Rehabil,0.98,0.02,0.11,0,61,,10,1,21,13,,,16,,,,,A3996:U3996,
3995,2008-2231,0.52,Daru,1.00,0.10,0.33,0,61,4,4,7,4,5,13,9,15,,,,,A3997:U3997,
3996,2051-6967,0.55,Ir J Psychol Med,0.00,0.00,0.82,0,61,10,10,10,7,3,3,13,5,,,,,A3998:U3998,
3997,2053-2296,0.23,Acta Crystallogr C Struct Chem,0.08,0.25,0.79,0,61,4,7,6,7,5,9,10,13,,,,,A3999:U3999,
3998,2075-0528,0.35,Sultan Qaboos Univ Med J,0.85,1.00,0.89,1,61,10,8,12,10,6,3,,12,,,,,A4000:U4000,
3999,2154-2317,0.26,IEEE Pulse,1.00,0.00,0.00,0,61,10,,13,9,5,15,,9,,,,,A4001:U4001,
4000,2168-3824,0.77,Res Q Exerc Sport,0.23,0.16,0.84,0,61,1,6,17,13,1,15,7,1,,,,,A4002:U4002,
4001,2174-0852,,Int J Clin Health Psychol,0.00,1.00,0.00,0,61,10,7,3,11,8,12,6,4,,,,,A4003:U4003,
4002,2212-1366,,J Bone Oncol,0.00,1.00,0.00,0,61,4,12,5,3,7,9,13,8,,,,,A4004:U4004,
4003,2225-319X,1.08,Ann Cardiothorac Surg,0.00,1.00,0.28,0,61,,16,,13,,15,,17,,,,,A4005:U4005,
4004,2296-9381,1.08,Kidney Dis (Basel),0.00,1.00,0.00,0,61,5,10,10,2,2,8,12,12,,,,,A4006:U4006,
4005,2567-5761,0.56,Hamostaseologie,0.21,0.97,0.44,0,61,9,17,1,7,5,10,3,9,,,,,A4007:U4007,
4006,2637-6105,0.89,ACS Appl Polym Mater,0.00,0.97,1.00,0,61,9,2,6,8,10,5,13,8,,,,,A4008:U4008,
4007,2639-6378,0.46,Dela J Public Health,0.00,1.00,0.00,0,61,10,1,,15,2,16,,17,,,,,A4009:U4009,
4008,2662-1738,1.89,aBIOTECH,0.00,1.00,0.00,0,61,,,,36,8,7,8,2,,,,,A4010:U4010,
4009,2687-4792,0.8,Jt Dis Relat Surg,0.95,1.00,0.00,0,61,,,31,,,,,30,,,,,A4011:U4011,
4010,2731-0450,1.71,Stress Biol,0.00,1.00,0.80,0,61,10,9,6,9,6,6,8,7,,,,,A4012:U4012,
4011,2772-6541,,Osteoarthr Imaging,0.00,1.00,0.03,0,61,,1,,,,45,3,12,,,,,A4013:U4013,
4012,0546-1766,,Nihon Koshu Eisei Zasshi,0.48,1.00,0.00,0,60,6,8,9,11,6,7,6,7,,,,,A4014:U4014,
4013,1095-6867,0.88,Horm Behav,0.95,0.53,0.00,1,60,9,10,11,6,8,8,4,4,,,,,A4015:U4015,
4014,1095-9157,2.3,J Autoimmun,0.80,0.62,0.00,0,60,7,4,4,14,7,8,7,9,,,,,A4016:U4016,
4015,1097-9867,0.47,Pharm Dev Technol,0.70,0.12,0.32,0,60,15,5,7,3,8,7,9,6,,,,,A4017:U4017,
4016,1098-1063,1.1,Hippocampus,0.97,0.70,0.88,0,60,16,11,4,8,4,4,2,11,,,,,A4018:U4018,
4017,1175-8899,,J R Soc N Z,0.00,1.00,0.93,0,60,,,27,6,5,5,7,10,,,,,A4019:U4019,
4018,1179-1349,1.66,Clin Epidemiol,0.00,1.00,0.92,0,60,3,2,15,12,13,7,3,5,,,,,A4020:U4020,
4019,1221-9118,0.25,Chirurgia (Bucur),0.95,0.53,0.00,0,60,13,1,12,1,15,4,14,,,,,,A4021:U4021,
4020,1297-9686,1.11,Genet Sel Evol,0.97,1.00,0.88,0,60,8,5,7,5,3,11,9,12,,,,,A4022:U4022,
4021,1349-3299,0.39,Int Heart J,0.80,1.00,0.00,3,60,4,10,,14,15,,6,11,,,,,A4023:U4023,
4022,1366-5928,0.38,Xenobiotica,0.87,0.15,0.33,0,60,9,4,4,7,10,15,7,4,,,,,A4024:U4024,
4023,1423-0348,3.39,Psychother Psychosom,0.00,0.53,0.00,0,60,6,7,11,7,4,9,2,14,,,,,A4025:U4025,
4024,1461-7196,0.55,Health (London),0.00,0.60,1.00,0,60,4,8,7,5,14,7,7,8,,,,,A4026:U4026,
4025,1473-558X,0.58,Neuroreport,1.00,0.13,0.00,0,60,10,,17,3,7,11,7,5,,,,,A4027:U4027,
4026,1473-5636,0.74,Melanoma Res,0.68,0.17,0.00,0,60,4,7,9,7,9,7,9,8,,,,,A4028:U4028,
4027,1475-357X,2.19,Child Adolesc Ment Health,0.37,0.35,0.80,0,60,8,7,13,3,2,4,15,8,,,,,A4029:U4029,
4028,1518-0557,0.64,JBRA Assist Reprod,0.38,1.00,0.00,0,60,,12,5,,1,16,26,,,,,,A4030:U4030,
4029,1532-2130,0.84,Eur J Paediatr Neurol,0.63,0.27,0.00,0,60,3,6,10,6,6,9,11,9,,,,,A4031:U4031,
4030,1532-3129,0.48,J Comp Pathol,0.80,0.45,0.00,0,60,7,5,9,10,5,9,7,8,,,,,A4032:U4032,
4031,1541-4094,,Focus (Am Psychiatr Publ),0.00,0.03,0.23,0,60,11,3,,19,,,,27,,,,,A4033:U4033,
4032,1552-6127,0.83,Health Educ Behav,0.27,0.43,0.98,1,60,8,2,10,14,4,8,3,11,,,,,A4034:U4034,
4033,1557-7600,0.5,J Med Food,0.62,0.02,0.50,2,60,2,4,24,8,6,6,1,9,,,,,A4035:U4035,
4034,1557-8100,0.47,OMICS,0.73,0.00,1.00,0,60,,10,4,,7,15,9,15,,,,,A4036:U4036,
4035,1563-258X,0.42,Wien Med Wochenschr,0.37,0.12,0.75,0,60,5,6,6,12,7,9,11,4,,,,,A4037:U4037,
4036,1600-0455,0.41,Acta Radiol,0.88,0.05,0.98,0,60,4,9,10,6,5,10,9,7,,,,,A4038:U4038,
4037,1744-4136,0.7,Child Neuropsychol,0.22,0.15,0.77,0,60,5,8,6,4,9,10,9,9,,,,,A4039:U4039,
4038,1747-597X,1.01,Subst Abuse Treat Prev Policy,0.88,1.00,0.22,0,60,12,9,6,11,11,5,6,,,,,,A4040:U4040,
4039,1756-6606,1.24,Mol Brain,0.93,1.00,0.17,0,60,6,5,14,9,11,8,6,1,,,,,A4041:U4041,
4040,1790-6245,0.81,Cancer Genomics Proteomics,0.98,0.98,0.00,0,60,12,,11,10,,15,,12,,,,,A4042:U4042,
4041,1873-6130,0.74,Econ Hum Biol,0.98,0.52,0.00,0,60,7,4,8,9,7,10,7,8,,,,,A4043:U4043,
4042,1873-7811,5.0,Clin Psychol Rev,0.90,0.72,0.00,0,60,9,6,8,6,13,9,5,4,,,,,A4044:U4044,
4043,1891-1803,2.46,Campbell Syst Rev,0.00,1.00,0.58,0,60,,,,8,,40,9,3,,,,,A4045:U4045,
4044,1931-1559,0.82,Neuropsychology,0.52,0.27,0.97,0,60,2,7,10,12,1,12,8,8,,,,,A4046:U4046,
4045,1939-8425,1.52,Rice (N Y),0.00,0.83,0.12,0,60,6,8,8,7,13,7,11,,,,,,A4047:U4047,
4046,1943-5657,0.24,Radiol Technol,0.20,0.00,0.00,0,60,12,,12,12,,,12,12,,,,,A4048:U4048,
4047,2038-8322,0.57,Hematol Rep,0.00,1.00,0.95,0,60,10,5,8,6,5,8,8,10,,,,,A4049:U4049,
4048,2044-5423,1.96,BMJ Qual Saf,0.15,0.37,1.00,0,60,9,7,4,8,7,9,12,4,,,,,A4050:U4050,
4049,2049-3169,3.51,Int J Oral Sci,0.97,1.00,0.92,0,60,10,10,10,9,4,5,5,7,,,,,A4051:U4051,
4050,2090-2387,0.32,Arab J Gastroenterol,0.75,0.08,0.00,0,60,9,1,10,10,,3,19,8,,,,,A4052:U4052,
4051,2150-4113,0.5,Health Hum Rights,0.62,1.00,0.00,0,60,38,,,,,,22,,,,,,A4053:U4053,
4052,2150-7759,0.83,AJOB Neurosci,0.03,0.37,0.88,0,60,12,,2,23,,5,17,1,,,,,A4054:U4054,
4053,2190-1678,0.46,Diabetol Int,0.00,0.43,0.87,0,60,9,5,8,12,9,6,5,6,,,,,A4055:U4055,
4054,2198-6576,0.99,Rheumatol Ther,0.00,1.00,0.73,0,60,7,2,17,10,6,9,5,4,,,,,A4056:U4056,
4055,2206-3552,0.66,J Bone Jt Infect,0.00,1.00,0.93,0,60,13,7,2,10,6,8,4,10,,,,,A4057:U4057,
4056,2211-7539,0.38,Med Mycol Case Rep,0.00,1.00,0.00,0,60,4,15,8,5,9,10,2,7,,,,,A4058:U4058,
4057,2220-3230,0.54,World J Transplant,0.00,1.00,0.00,0,60,25,,,,,35,,,,,,,A4059:U4059,
4058,2235-0802,1.4,Eur Thyroid J,0.88,1.00,1.00,0,60,4,10,8,13,2,14,3,6,,,,,A4060:U4060,
4059,2288-6575,0.55,Ann Surg Treat Res,0.00,1.00,1.00,0,60,8,8,8,8,7,7,7,7,,,,,A4061:U4061,
4060,2320-2890,1.36,Biomed J,0.27,1.00,0.00,0,60,6,5,11,6,10,7,7,8,,,,,A4062:U4062,
4061,2468-7189,0.3,Gynecol Obstet Fertil Senol,0.38,0.33,0.00,0,60,12,10,6,4,10,5,10,3,,,,,A4063:U4063,
4062,2530-0180,,Endocrinol Diabetes Nutr (Engl Ed),0.60,0.03,0.00,0,60,5,10,12,11,8,13,1,,,,,,A4064:U4064,
4063,2662-1746,1.04,Mar Life Sci Technol,0.00,1.00,0.07,0,60,,,15,,25,,,20,,,,,A4065:U4065,
4064,2731-7196,0.27,Pathologie (Heidelb),0.47,0.12,0.50,0,60,17,4,4,10,9,8,4,4,,,,,A4066:U4066,
4065,2992-5827,,J West Afr Coll Surg,0.00,1.00,0.00,0,60,,,20,20,,,20,,,,,,A4067:U4067,
4066,0021-4884,0.12,Arerugi,0.19,0.00,0.00,0,59,,16,,12,,15,,16,,,,,A4068:U4068,
4067,0026-6620,0.51,Mo Med,0.31,1.00,0.00,0,59,,20,,,19,20,,,,,,,A4069:U4069,
4068,1098-2795,0.88,Mol Reprod Dev,0.95,0.46,0.86,0,59,7,9,2,7,13,6,12,3,,,,,A4070:U4070,
4069,1364-6753,0.7,Neurogenetics,0.95,0.27,0.41,0,59,7,8,9,6,8,6,5,10,,,,,A4071:U4071,
4070,1365-2915,0.61,Med Vet Entomol,0.44,0.42,1.00,0,59,5,8,6,9,12,5,7,7,,,,,A4072:U4072,
4071,1365-2958,1.31,Mol Microbiol,0.71,0.56,0.75,0,59,12,5,4,6,7,10,10,5,,,,,A4073:U4073,
4072,1421-9964,0.73,Fetal Diagn Ther,0.17,0.29,0.00,0,59,11,4,6,6,5,11,11,5,,,,,A4074:U4074,
4073,1432-136X,0.56,J Comp Physiol B,0.71,0.34,0.83,0,59,7,7,5,2,11,10,14,3,,,,,A4075:U4075,
4074,1439-0507,0.85,Mycoses,0.97,0.98,0.90,0,59,6,10,11,8,4,8,7,5,,,,,A4076:U4076,
4075,1488-2310,0.61,Can J Surg,0.80,1.00,0.00,0,59,7,8,10,6,6,11,8,3,,,,,A4077:U4077,
4076,1531-7080,0.66,Curr Opin Cardiol,0.81,0.05,0.00,0,59,2,4,11,5,14,7,7,9,,,,,A4078:U4078,
4077,1532-5725,0.71,J Am Psychiatr Nurses Assoc,0.20,0.17,0.88,0,59,6,5,13,6,6,6,8,9,,,,,A4079:U4079,
4078,1532-8015,0.97,Teach Learn Med,0.02,0.29,0.97,0,59,8,10,3,7,8,3,10,10,,,,,A4080:U4080,
4079,1538-7151,0.86,Int J Gynecol Pathol,0.36,0.03,0.51,0,59,,13,4,8,15,8,7,4,,,,,A4081:U4081,
4080,1539-0683,0.35,MCN Am J Matern Child Nurs,0.31,0.00,0.00,0,59,,11,4,16,2,14,1,11,,,,,A4082:U4082,
4081,1550-5065,0.59,J Nurs Care Qual,0.31,0.02,0.10,0,59,2,,11,11,7,18,4,6,,,,,A4083:U4083,
4082,1572-994X,0.54,Virus Genes,0.69,0.05,0.29,0,59,2,11,7,7,8,8,12,4,,,,,A4084:U4084,
4083,1573-2770,1.2,Am J Community Psychol,0.27,0.17,0.90,0,59,7,9,3,10,4,7,8,11,,,,,A4085:U4085,
4084,1608-3091,0.27,Dokl Biochem Biophys,0.78,0.10,0.02,0,59,20,3,16,8,1,,5,6,,,,,A4086:U4086,
4085,1642-395X,0.52,Postepy Dermatol Alergol,0.00,1.00,0.00,0,59,,15,,,15,14,,15,,,,,A4087:U4087,
4086,1735-3688,0.42,Iran J Med Sci,0.71,1.00,0.00,0,59,,18,,8,7,18,,8,,,,,A4088:U4088,
4087,1744-4160,0.76,Arch Physiol Biochem,0.20,0.00,0.14,3,59,10,8,5,10,6,2,15,3,,,,,A4089:U4089,
4088,1744-5132,0.38,Strabismus,0.39,0.17,0.68,0,59,2,4,4,7,9,7,4,22,,,,,A4090:U4090,
4089,1750-1326,6.26,Mol Neurodegener,0.71,1.00,0.14,1,59,11,5,5,4,11,11,11,1,,,,,A4091:U4091,
4090,1751-486X,0.34,Nurs Womens Health,0.58,0.08,0.00,4,59,7,4,5,10,5,5,18,5,,,,,A4092:U4092,
4091,1752-699X,0.66,Clin Respir J,0.97,1.00,0.92,0,59,7,4,8,5,11,7,12,5,,,,,A4093:U4093,
4092,1758-1001,0.53,Ann Clin Biochem,0.02,0.05,0.98,0,59,,13,11,,15,5,9,6,,,,,A4094:U4094,
4093,1809-9777,0.43,Int Arch Otorhinolaryngol,0.00,1.00,1.00,0,59,,,20,9,18,3,,9,,,,,A4095:U4095,
4094,1810-522X,0.51,Zool Stud,0.00,1.00,0.00,0,59,26,10,,3,6,8,4,2,,,,,A4096:U4096,
4095,1860-0980,1.93,Psychometrika,0.19,0.27,0.80,0,59,12,7,8,8,10,4,9,1,,,,,A4097:U4097,
4096,1875-5704,0.54,Curr Drug Deliv,0.03,0.02,0.37,0,59,8,1,1,11,13,11,12,2,,,,,A4098:U4098,
4097,1879-3649,0.99,Vascul Pharmacol,0.88,0.27,0.00,1,59,2,8,4,8,10,7,9,11,,,,,A4099:U4099,
4098,1938-2367,0.52,Orthopedics,0.92,0.42,0.00,1,59,4,13,11,6,6,3,5,11,,,,,A4100:U4100,
4099,1938-4351,,Avian Dis,0.78,0.02,0.00,0,59,,29,,17,,,13,,,,,,A4101:U4101,
4100,1939-1277,1.29,J Exp Psychol Hum Percept Perform,0.85,0.08,0.98,0,59,2,3,8,18,13,6,2,7,,,,,A4102:U4102,
4101,1940-8250,0.54,Crit Care Nurse,0.47,0.00,0.00,0,59,18,,12,,15,,14,,,,,,A4103:U4103,
4102,1943-7811,1.42,J Mol Diagn,0.66,0.47,0.00,0,59,5,11,3,9,8,6,13,4,,,,,A4104:U4104,
4103,2042-0188,1.64,Ther Adv Endocrinol Metab,0.00,1.00,0.95,0,59,2,8,8,10,10,2,13,6,,,,,A4105:U4105,
4104,2090-0724,0.75,J Nutr Metab,0.00,1.00,0.95,1,59,5,8,2,7,6,9,10,12,,,,,A4106:U4106,
4105,2097-1109,0.16,Zhonghua Shao Shang Yu Chuang Mian Xiu Fu Za Zhi,1.00,1.00,0.00,0,59,12,,12,,12,11,,12,,,,,A4107:U4107,
4106,2299-8306,0.5,Endokrynol Pol,0.76,1.00,0.76,0,59,,8,6,7,7,15,9,7,,,,,A4108:U4108,
4107,2405-5794,0.83,J Clin Tuberc Other Mycobact Dis,0.00,1.00,0.00,0,59,4,8,6,7,10,8,11,5,,,,,A4109:U4109,
4108,2471-5646,0.52,J Exp Zool A Ecol Integr Physiol,0.71,0.44,0.92,0,59,7,11,4,6,8,10,5,8,,,,,A4110:U4110,
4109,2477-4073,0.58,Belitung Nurs J,0.00,1.00,1.00,0,59,14,,,15,,17,,13,,,,,A4111:U4111,
4110,2543-6031,0.77,Adv Respir Med,1.00,1.00,0.97,0,59,7,6,6,7,7,9,6,11,,,,,A4112:U4112,
4111,2689-0216,,HCA Healthc J Med,0.00,1.00,0.00,0,59,14,,11,,20,,14,,,,,,A4113:U4113,
4112,2949-7612,0.94,Mayo Clin Proc Digit Health,0.00,1.00,0.00,0,59,6,9,6,8,9,14,5,2,,,,,A4114:U4114,
4113,2994-1520,0.3,J Med Ext Real,0.00,1.00,0.88,0,59,,,,,,,,59,,,,,A4115:U4115,
4114,2996-2684,,ASM Case Rep,0.00,1.00,1.00,0,59,18,,16,,13,,12,,,,,,A4116:U4116,
4115,0165-8107,0.33,Neuroophthalmology,0.00,1.00,0.52,0,58,,14,14,,15,14,1,,,,,,A4117:U4117,
4116,0301-0422,1.24,Public Health Rev,0.00,1.00,0.00,0,58,1,7,8,8,6,5,13,10,,,,,A4118:U4118,
4117,1098-8793,0.57,Facial Plast Surg,0.21,0.12,0.72,1,58,4,6,9,8,7,15,5,4,,,,,A4119:U4119,
4118,1347-4715,0.78,Environ Health Prev Med,0.97,1.00,0.60,0,58,7,6,11,5,7,3,11,8,,,,,A4120:U4120,
4119,1349-9092,1.12,J Epidemiol,0.05,1.00,1.00,0,58,7,8,4,8,6,5,10,10,,,,,A4121:U4121,
4120,1423-0003,1.1,Gerontology,0.38,0.43,0.00,0,58,5,6,7,11,9,7,7,6,,,,,A4122:U4122,
4121,1445-4416,0.67,Funct Plant Biol,0.98,0.21,0.97,0,58,7,1,6,5,11,13,7,8,,,,,A4123:U4123,
4122,1473-6543,0.94,Curr Opin Nephrol Hypertens,0.79,0.17,0.00,0,58,10,5,10,2,14,5,9,3,,,,,A4124:U4124,
4123,1473-6551,1.38,Curr Opin Neurol,0.88,0.24,0.00,0,58,7,16,2,20,,5,2,6,,,,,A4125:U4125,
4124,1518-8787,0.98,Rev Saude Publica,0.95,1.00,1.00,0,58,9,7,7,4,11,6,11,3,,,,,A4126:U4126,
4125,1524-4741,0.65,Breast J,0.97,1.00,1.00,0,58,6,7,11,9,5,7,8,5,,,,,A4127:U4127,
4126,1535-1645,2.35,Curr Psychiatry Rep,0.98,0.64,0.50,0,58,2,6,6,6,5,12,14,7,,,,,A4128:U4128,
4127,1552-695X,0.73,Integr Cancer Ther,0.78,1.00,0.95,2,58,8,10,7,9,7,5,2,10,,,,,A4129:U4129,
4128,1556-7125,0.54,Foodborne Pathog Dis,0.05,0.03,0.88,0,58,3,7,8,2,11,8,15,4,,,,,A4130:U4130,
4129,1557-3125,1.76,Mol Cancer Res,0.64,0.40,0.81,2,58,11,8,13,5,9,5,4,3,,,,,A4131:U4131,
4130,1557-8275,0.7,Radiol Clin North Am,0.93,0.02,0.00,0,58,,14,,16,,15,,13,,,,,A4132:U4132,
4131,1559-713X,0.7,Simul Healthc,0.14,0.02,1.00,0,58,10,8,1,14,5,7,4,9,,,,,A4133:U4133,
4132,1572-8781,0.66,Biomed Microdevices,1.00,0.45,0.22,0,58,7,8,9,8,14,5,1,6,,,,,A4134:U4134,
4133,1573-0832,0.71,Mycopathologia,0.98,0.50,0.45,0,58,11,8,11,4,8,6,6,4,,,,,A4135:U4135,
4134,1598-9100,1.27,Intest Res,0.00,1.00,0.00,0,58,2,17,5,4,9,5,10,6,,,,,A4136:U4136,
4135,1600-0846,0.75,Skin Res Technol,0.60,1.00,0.47,50,58,18,9,3,12,2,5,4,5,,,,,A4137:U4137,
4136,1661-8157,0.14,Praxis (Bern 1994),0.97,0.00,0.00,0,58,7,7,8,15,7,7,,7,,,,,A4138:U4138,
4137,1662-5137,1.29,Front Syst Neurosci,0.00,1.00,0.00,0,58,6,5,7,7,7,11,11,4,,,,,A4139:U4139,
4138,1678-7765,0.63,J Appl Oral Sci,1.00,1.00,1.00,0,58,5,7,16,5,5,2,9,9,,,,,A4140:U4140,
4139,1678-9946,0.43,Rev Inst Med Trop Sao Paulo,0.98,1.00,1.00,0,58,,20,6,3,6,3,11,9,,,,,A4141:U4141,
4140,1741-427X,,Evid Based Complement Alternat Med,0.00,1.00,0.00,34,58,5,16,5,4,3,6,15,4,,,,,A4142:U4142,
4141,1744-1358,1.74,Essays Biochem,0.93,0.78,1.00,0,58,1,5,7,3,17,7,14,4,,,,,A4143:U4143,
4142,1756-2872,1.11,Ther Adv Urol,0.00,1.00,1.00,0,58,8,8,5,8,5,9,4,11,,,,,A4144:U4144,
4143,1943-278X,1.3,Suicide Life Threat Behav,1.00,0.55,0.98,0,58,5,5,9,8,7,9,11,4,,,,,A4145:U4145,
4144,2044-8287,1.12,Br J Health Psychol,0.97,0.81,0.93,0,58,9,4,5,10,7,1,11,11,,,,,A4146:U4146,
4145,2230-8210,0.39,Indian J Endocrinol Metab,0.00,1.00,0.00,1,58,15,,,17,,13,,13,,,,,A4147:U4147,
4146,2455-4626,,Brain Circ,0.00,1.00,0.00,0,58,17,,14,,14,,,13,,,,,A4148:U4148,
4147,2472-0054,0.54,Pediatr Qual Saf,0.00,1.00,0.00,0,58,,9,,5,22,3,19,,,,,,A4149:U4149,
4148,2587-1250,0.49,Turk J Phys Med Rehabil,0.00,0.95,0.97,0,58,,21,1,,,33,,3,,,,,A4150:U4150,
4149,2667-100X,1.24,J Intensive Med,0.00,1.00,0.00,0,58,,12,,13,17,,16,,,,,,A4151:U4151,
4150,2667-2960,0.77,J Acad Consult Liaison Psychiatry,0.10,0.10,0.00,0,58,8,4,10,6,4,9,11,6,,,,,A4152:U4152,
4151,2689-288X,0.65,Neurotrauma Rep,0.00,1.00,0.84,0,58,1,,1,,,,,56,,,,,A4153:U4153,
4152,2813-0413,0.38,Muscles,0.00,1.00,0.91,0,58,7,9,5,8,10,6,7,6,,,,,A4154:U4154,
4153,2837-1402,1.1,ACS EST Air,0.00,0.84,0.83,1,58,9,10,4,7,8,8,4,8,,,,,A4155:U4155,
4154,2949-7329,1.21,JAACAP Open,0.00,1.00,0.00,0,58,,15,,17,,12,14,,,,,,A4156:U4156,
4155,2994-9726,,O G Open,0.00,1.00,0.05,0,58,7,10,9,4,5,7,5,11,,,,,A4157:U4157,
4156,0363-6771,0.21,Gen Dent,0.65,0.00,0.00,0,57,,15,,11,1,15,1,14,,,,,A4158:U4158,
4157,1018-9068,0.83,J Investig Allergol Clin Immunol,0.11,1.00,0.00,0,57,4,8,15,8,7,4,10,1,,,,,A4159:U4159,
4158,1045-2249,0.89,Behav Ecol,0.00,1.00,0.98,0,57,7,,15,3,8,10,,14,,,,,A4160:U4160,
4159,1095-8274,0.86,Anaerobe,0.53,0.40,0.00,0,57,7,6,6,9,6,4,11,8,,,,,A4161:U4161,
4160,1099-1166,1.13,Int J Geriatr Psychiatry,0.79,0.65,0.96,0,57,9,4,8,8,7,8,8,5,,,,,A4162:U4162,
4161,1321-8719,0.52,Psychiatr Psychol Law,0.00,1.00,0.61,0,57,,10,9,,17,2,,19,,,,,A4163:U4163,
4162,1365-2540,0.98,Heredity (Edinb),0.67,0.35,0.96,0,57,5,5,7,10,5,7,11,7,,,,,A4164:U4164,
4163,1439-1651,0.26,Z Geburtshilfe Neonatol,0.37,0.11,0.68,0,57,8,8,11,6,5,11,4,4,,,,,A4165:U4165,
4164,1468-2494,0.67,Int J Cosmet Sci,0.25,0.25,0.91,0,57,8,8,7,3,5,12,6,8,,,,,A4166:U4166,
4165,1469-9567,0.95,J Interprof Care,0.54,0.35,0.53,0,57,5,8,4,8,13,3,6,10,,,,,A4167:U4167,
4166,1476-5829,0.63,Vet Comp Oncol,0.70,0.56,0.96,0,57,6,7,7,12,3,4,9,9,,,,,A4168:U4168,
4167,1533-404X,0.27,Am J Forensic Med Pathol,0.39,0.02,0.42,0,57,4,8,8,6,8,9,9,5,,,,,A4169:U4169,
4168,1543-2688,0.5,J Appl Biomech,0.49,0.11,0.95,0,57,6,5,9,12,5,4,10,6,,,,,A4170:U4170,
4169,1550-5073,0.37,J Perinat Neonatal Nurs,0.12,0.02,0.47,0,57,12,2,1,9,7,12,12,2,,,,,A4171:U4171,
4170,1556-3707,0.32,J Chiropr Med,0.00,1.00,0.00,0,57,,,,,57,,,,,,,,A4172:U4172,
4171,1598-2254,0.63,Plant Pathol J,0.00,1.00,0.00,0,57,,13,2,16,1,11,3,11,,,,,A4173:U4173,
4172,1744-8603,1.69,Global Health,0.86,1.00,0.39,0,57,11,10,10,5,7,8,5,1,,,,,A4174:U4174,
4173,1752-0606,0.64,J Marital Fam Ther,0.95,0.75,0.93,1,57,6,9,5,9,7,8,5,8,,,,,A4175:U4175,
4174,1758-0463,0.94,Database (Oxford),0.98,1.00,0.98,0,57,10,9,3,7,7,6,11,4,,,,,A4176:U4176,
4175,1816-5370,0.25,Asian Cardiovasc Thorac Ann,0.89,0.02,1.00,0,57,5,8,6,15,5,9,4,5,,,,,A4177:U4177,
4176,1875-0834,0.66,J Vet Cardiol,0.26,0.25,0.00,0,57,5,8,9,1,9,10,6,9,,,,,A4178:U4178,
4177,1936-2293,0.8,Exp Clin Psychopharmacol,0.58,0.53,0.93,0,57,6,3,11,10,7,6,8,6,,,,,A4179:U4179,
4178,1939-1463,4.77,Psychol Methods,0.26,0.04,0.98,0,57,1,6,5,15,7,7,12,4,,,,,A4180:U4180,
4179,1953-8022,0.34,Transfus Clin Biol,0.28,0.09,0.00,0,57,9,6,3,3,10,11,8,7,,,,,A4181:U4181,
4180,1976-3794,0.73,J Microbiol,0.93,1.00,0.00,0,57,7,14,10,6,,6,8,6,,,,,A4182:U4182,
4181,1995-9133,1.07,J Microbiol Immunol Infect,0.11,0.98,0.00,0,57,7,6,5,7,7,8,7,10,,,,,A4183:U4183,
4182,2049-9361,0.95,Ther Adv Infect Dis,0.00,1.00,1.00,0,57,4,4,7,7,9,5,9,12,,,,,A4184:U4184,
4183,2051-3909,0.42,J Med Radiat Sci,0.42,1.00,0.77,0,57,4,8,19,3,6,5,11,1,,,,,A4185:U4185,
4184,2056-676X,15.61,Nat Rev Dis Primers,0.46,0.00,0.54,0,57,4,4,8,8,9,9,8,7,,,,,A4186:U4186,
4185,2093-2340,0.72,Infect Chemother,0.00,1.00,0.98,0,57,21,,8,10,,3,15,,,,,,A4187:U4187,
4186,2333-0376,0.54,J Oral Facial Pain Headache,1.00,1.00,0.42,1,57,15,,15,,,15,,12,,,,,A4188:U4188,
4187,2352-0132,1.01,Int J Nurs Sci,0.49,1.00,0.00,0,57,,13,,15,,16,13,,,,,,A4189:U4189,
4188,2411-5150,0.71,Vision (Basel),0.00,1.00,0.95,0,57,3,10,3,6,9,5,9,12,,,,,A4190:U4190,
4189,2436-259X,,J Plast Reconstr Surg,0.00,1.00,0.00,0,57,,12,,15,,13,,17,,,,,A4191:U4191,
4190,2470-2986,1.31,Open Mind (Camb),0.00,1.00,0.88,0,57,8,,,22,3,7,9,8,,,,,A4192:U4192,
4191,2573-959X,1.84,Autism Adulthood,0.00,0.79,0.79,0,57,1,11,3,,3,16,20,3,,,,,A4193:U4193,
4192,2667-0054,5.05,J Natl Cancer Cent,0.00,1.00,0.00,0,57,11,12,,12,,10,,12,,,,,A4194:U4194,
4193,2667-3703,1.38,Eng Microbiol,0.00,1.00,0.00,0,57,,,,39,3,5,8,2,,,,,A4195:U4195,
4194,2701-0198,1.01,Adv Biol (Weinh),0.98,0.49,0.95,0,57,9,12,7,1,9,1,8,10,,,,,A4196:U4196,
4195,3005-4745,0.28,Biophotonics Discov,0.00,1.00,0.81,0,57,,,,53,,4,,,,,,,A4197:U4197,
4196,3059-4057,,Cardiovasc Diabetol Endocrinol Rep,0.00,1.00,0.21,0,57,2,5,5,8,9,9,12,7,,,,,A4198:U4198,
4197,0310-057X,0.44,Anaesth Intensive Care,0.34,0.23,1.00,1,56,11,6,1,8,3,13,9,5,,,,,A4199:U4199,
4198,0371-0874,0.22,Sheng Li Xue Bao,1.00,1.00,0.00,0,56,,,19,18,,19,,,,,,,A4200:U4200,
4199,0974-5963,0.57,Cytojournal,0.00,1.00,0.48,0,56,,19,4,11,2,7,8,5,,,,,A4201:U4201,
4200,1006-7248,0.15,Shanghai Kou Qiang Yi Xue,1.00,0.00,0.00,0,56,,,20,18,,,18,,,,,,A4202:U4202,
4201,1178-6981,0.79,Clinicoecon Outcomes Res,0.00,1.00,0.79,0,56,1,4,15,14,7,9,3,3,,,,,A4203:U4203,
4202,1179-1969,1.35,Drugs Aging,0.75,0.38,0.88,0,56,6,7,10,5,6,6,12,4,,,,,A4204:U4204,
4203,1319-0164,0.76,Saudi Pharm J,0.00,1.00,0.77,0,56,4,4,8,9,6,8,7,10,,,,,A4205:U4205,
4204,1369-1600,0.92,Addict Biol,0.89,0.98,0.82,1,56,11,3,11,8,9,6,6,2,,,,,A4206:U4206,
4205,1421-9670,1.17,Am J Nephrol,0.02,0.50,0.00,1,56,8,5,8,5,5,6,11,8,,,,,A4207:U4207,
4206,1435-9456,0.63,Anim Cogn,0.88,0.88,0.68,0,56,10,7,8,6,6,9,6,4,,,,,A4208:U4208,
4207,1439-0876,0.29,Psychiatr Prax,0.61,0.11,0.43,0,56,11,2,8,4,10,8,8,5,,,,,A4209:U4209,
4208,1446-9235,0.59,Sleep Biol Rhythms,0.00,0.30,0.61,0,56,21,,,16,,18,1,,,,,,A4210:U4210,
4209,1473-0766,0.7,Gynecol Endocrinol,0.79,1.00,0.38,1,56,8,3,7,13,6,9,6,4,,,,,A4211:U4211,
4210,1520-6629,0.84,J Community Psychol,0.98,0.73,0.95,1,56,9,7,2,2,2,15,13,6,,,,,A4212:U4212,
4211,1521-0464,1.34,Drug Deliv,0.93,1.00,0.18,0,56,13,9,4,2,12,4,5,7,,,,,A4213:U4213,
4212,1532-7078,1.08,Infancy,1.00,0.68,0.96,0,56,8,6,6,2,7,9,9,9,,,,,A4214:U4214,
4213,1532-7752,1.17,J Pers Assess,0.34,0.00,0.66,0,56,11,6,5,6,9,10,4,5,,,,,A4215:U4215,
4214,1532-9453,0.71,Semin Pediatr Surg,0.68,0.23,0.00,0,56,4,11,16,,2,5,8,10,,,,,A4216:U4216,
4215,1540-7586,0.56,J Psychosoc Oncol,0.18,0.27,0.46,0,56,4,6,4,7,13,8,8,6,,,,,A4217:U4217,
4216,1543-267X,0.64,J Aging Phys Act,0.00,0.07,0.93,0,56,1,12,4,3,6,6,11,13,,,,,A4218:U4218,
4217,1615-6714,0.75,J Orofac Orthop,0.05,0.04,0.14,0,56,7,7,7,7,6,4,10,8,,,,,A4219:U4219,
4218,1678-8060,0.54,Mem Inst Oswaldo Cruz,1.00,1.00,1.00,1,56,7,4,19,6,5,2,10,3,,,,,A4220:U4220,
4219,1712-9532,0.71,Can J Infect Dis Med Microbiol,0.00,1.00,0.98,0,56,6,6,5,10,6,9,6,8,,,,,A4221:U4221,
4220,1744-8069,1.06,Mol Pain,0.88,1.00,0.98,0,56,10,8,7,6,8,8,4,5,,,,,A4222:U4222,
4221,1769-664X,0.5,Arch Pediatr,0.73,0.30,0.00,1,56,10,7,4,9,5,12,8,1,,,,,A4223:U4223,
4222,1862-278X,0.33,Biomed Tech (Berl),0.25,1.00,0.36,0,56,4,8,5,6,4,10,12,7,,,,,A4224:U4224,
4223,1873-2399,0.96,Exp Hematol,0.66,0.52,0.00,0,56,7,8,11,6,6,4,4,10,,,,,A4225:U4225,
4224,1878-0334,1.17,Diabetes Metab Syndr,0.66,0.32,0.00,1,56,6,6,8,8,5,5,10,8,,,,,A4226:U4226,
4225,1878-5867,0.63,Steroids,0.70,0.12,0.00,2,56,6,3,4,4,15,8,15,1,,,,,A4227:U4227,
4226,1881-1361,0.56,Dent Mater J,0.86,1.00,0.00,0,56,5,8,9,9,2,10,6,7,,,,,A4228:U4228,
4227,1923-1202,,Can Med Educ J,0.55,1.00,0.09,0,56,20,,,11,,13,12,,,,,,A4229:U4229,
4228,1939-795X,0.46,Int J Exerc Sci,0.00,1.00,0.00,0,56,,,7,15,,,33,1,,,,,A4230:U4230,
4229,1940-0896,0.71,J Genet Psychol,0.02,0.11,0.34,0,56,3,4,2,6,6,12,7,16,,,,,A4231:U4231,
4230,1941-2460,0.46,J Am Psychoanal Assoc,0.14,0.05,0.73,0,56,4,13,2,13,15,2,2,5,,,,,A4232:U4232,
4231,1942-4434,0.59,Int J Oral Maxillofac Implants,0.11,0.00,0.00,0,56,10,6,6,6,9,6,5,8,,,,,A4233:U4233,
4232,1945-4589,1.12,Aging (Albany NY),0.50,1.00,0.00,8,56,,5,8,7,10,6,9,11,,,,,A4234:U4234,
4233,1947-5543,0.43,Biopreserv Biobank,0.09,0.07,0.73,0,56,3,7,7,4,8,7,8,12,,,,,A4235:U4235,
4234,2044-8295,1.46,Br J Psychol,0.20,0.20,0.95,0,56,11,3,4,10,5,12,7,4,,,,,A4236:U4236,
4235,2059-8696,1.97,Stroke Vasc Neurol,0.02,1.00,1.00,0,56,8,6,3,13,8,7,7,4,,,,,A4237:U4237,
4236,2075-4655,1.19,Epigenomes,0.00,1.00,0.96,0,56,4,9,8,6,5,10,6,8,,,,,A4238:U4238,
4237,2093-0879,0.99,J Neurogastroenterol Motil,0.00,1.00,0.46,1,56,15,,3,14,,,20,4,,,,,A4239:U4239,
4238,2093-7911,0.91,Saf Health Work,0.00,1.00,0.00,0,56,17,,22,,,,17,,,,,,A4240:U4240,
4239,2212-5469,0.97,Tissue Eng Regen Med,0.77,0.20,0.89,0,56,13,3,9,7,1,8,10,5,,,,,A4241:U4241,
4240,2255-534X,,Rev Gastroenterol Mex (Engl Ed),0.39,1.00,0.00,0,56,12,1,,,16,26,1,,,,,,A4242:U4242,
4241,2329-9185,0.99,JBJS Rev,0.89,0.09,1.00,0,56,6,10,4,5,8,13,5,5,,,,,A4243:U4243,
4242,2352-3883,0.93,Healthc Manage Forum,0.59,0.54,0.91,0,56,4,13,7,2,5,10,10,5,,,,,A4244:U4244,
4243,2476-4108,0.51,Int J Reprod Biomed,0.00,1.00,0.00,0,56,,,16,16,8,8,7,1,,,,,A4245:U4245,
4244,2574-8300,1.84,Circ Genom Precis Med,0.70,0.64,0.98,0,56,8,7,3,20,3,4,10,1,,,,,A4246:U4246,
4245,2643-3249,4.62,Blood Cancer Discov,0.86,0.18,0.96,0,56,3,11,8,8,6,7,4,9,,,,,A4247:U4247,
4246,2666-6235,0.99,J Migr Health,0.00,1.00,0.00,0,56,10,6,2,7,5,7,11,8,,,,,A4248:U4248,
4247,2694-2518,2.47,ACS Environ Au,0.00,1.00,1.00,0,56,14,,16,,13,,13,,,,,,A4249:U4249,
4248,2979-9139,0.28,Thorac Res Pract,0.00,1.00,0.98,0,56,12,3,10,6,3,3,12,7,,,,,A4250:U4250,
4249,3005-1452,,NPJ Drug Discov,0.00,1.00,0.00,0,56,1,1,1,3,,17,25,8,,,,,A4251:U4251,
4250,NLM9919231923506676,,Int Conf Learn Represent,0.00,1.00,0.00,0,56,,14,10,5,3,4,2,18,,,,,A4252:U4252,
4251,0306-0225,,Subcell Biochem,0.96,0.05,0.16,0,55,24,19,2,10,,,,,,,,,A4253:U4253,
4252,0946-1965,0.29,Int J Clin Pharmacol Ther,0.60,0.02,0.00,0,55,9,5,9,3,9,5,3,12,,,,,A4254:U4254,
4253,0965-206X,0.73,J Tissue Viability,0.73,0.95,0.00,1,55,4,2,5,8,15,7,7,7,,,,,A4255:U4255,
4254,0970-1591,0.33,Indian J Urol,0.00,1.00,0.00,0,55,15,,,,21,,19,,,,,,A4256:U4256,
4255,1097-458X,0.37,Magn Reson Chem,0.24,0.49,0.89,0,55,7,3,12,8,9,8,7,1,,,,,A4257:U4257,
4256,1365-2885,0.32,J Vet Pharmacol Ther,0.42,0.38,0.96,0,55,7,9,11,5,5,6,7,5,,,,,A4258:U4258,
4257,1432-1017,0.5,Eur Biophys J,0.42,0.38,0.69,0,55,10,8,13,6,4,5,8,1,,,,,A4259:U4259,
4258,1476-8321,1.01,Psychol Health,0.02,0.55,0.55,0,55,6,6,11,9,11,4,4,4,,,,,A4260:U4260,
4259,1477-6006,0.44,Br J Occup Ther,0.00,0.42,0.96,0,55,,14,8,,14,6,7,6,,,,,A4261:U4261,
4260,1523-5378,1.08,Helicobacter,0.91,0.47,0.96,0,55,7,2,6,12,11,4,5,8,,,,,A4262:U4262,
4261,1530-0307,1.47,Lab Invest,0.65,0.45,0.00,1,55,7,9,2,7,11,8,7,4,,,,,A4263:U4263,
4262,1542-538X,0.23,Orthop Nurs,0.38,0.00,0.13,0,55,15,,13,,13,,,14,,,,,A4264:U4264,
4263,1557-8674,0.53,Surg Infect (Larchmt),0.60,0.09,0.71,0,55,3,12,2,19,9,2,3,5,,,,,A4265:U4265,
4264,1557-8852,0.5,Cancer Biother Radiopharm,0.33,0.04,0.76,4,55,1,10,12,5,11,7,7,2,,,,,A4266:U4266,
4265,1559-3258,0.57,Dose Response,0.00,1.00,0.95,3,55,3,3,5,14,9,6,9,6,,,,,A4267:U4267,
4266,1576-6578,,Rev Neurol,0.87,1.00,0.00,0,55,17,6,6,6,6,,14,,,,,,A4268:U4268,
4267,1590-9999,1.48,J Orthop Traumatol,0.76,0.78,0.80,0,55,6,4,9,6,7,11,12,,,,,,A4269:U4269,
4268,1600-0528,0.85,Community Dent Oral Epidemiol,0.25,0.25,1.00,0,55,3,5,5,6,4,11,10,11,,,,,A4270:U4270,
4269,1610-7365,0.54,Primates,0.65,0.29,0.85,0,55,5,7,5,9,7,7,9,6,,,,,A4271:U4271,
4270,1678-4219,0.34,Arq Gastroenterol,0.95,1.00,1.00,0,55,6,,10,,15,4,10,10,,,,,A4272:U4272,
4271,1741-2684,0.99,Dementia (London),0.04,0.76,1.00,0,55,6,5,4,8,6,7,10,9,,,,,A4273:U4273,
4272,1743-0593,0.25,Arch Dis Child Educ Pract Ed,0.00,0.00,0.91,0,55,7,4,9,9,6,5,12,3,,,,,A4274:U4274,
4273,1744-5086,0.8,Ophthalmic Epidemiol,0.67,0.13,0.25,0,55,5,8,11,4,6,5,8,8,,,,,A4275:U4275,
4274,1750-9378,0.92,Infect Agent Cancer,0.00,1.00,0.35,0,55,8,8,7,14,6,7,5,,,,,,A4276:U4276,
4275,1795-990X,1.6,Scand J Work Environ Health,0.84,1.00,0.00,0,55,8,4,5,16,6,7,2,7,,,,,A4277:U4277,
4276,1848-7718,0.83,ADMET DMPK,0.00,1.00,1.00,0,55,9,,16,,9,,,21,,,,,A4278:U4278,
4277,1873-460X,1.06,J Diabetes Complications,0.78,0.45,0.00,1,55,3,13,12,4,4,4,7,8,,,,,A4279:U4279,
4278,1873-5967,1.02,J Clin Virol,0.76,0.64,0.00,1,55,7,6,6,7,7,5,10,7,,,,,A4280:U4280,
4279,1929-073X,,Interact J Med Res,0.00,1.00,0.93,0,55,5,7,8,5,5,7,12,6,,,,,A4281:U4281,
4280,1938-162X,1.17,J Athl Train,0.96,0.00,0.00,0,55,5,,14,5,8,7,9,7,,,,,A4282:U4282,
4281,2045-7022,1.4,Clin Transl Allergy,0.00,1.00,0.89,0,55,5,8,9,7,5,7,5,9,,,,,A4283:U4283,
4282,2047-6310,1.13,Pediatr Obes,0.96,0.67,0.91,0,55,4,10,10,2,4,5,11,9,,,,,A4284:U4284,
4283,2056-7944,2.27,NPJ Genom Med,0.00,1.00,0.05,0,55,5,6,8,11,7,9,5,4,,,,,A4285:U4285,
4284,2090-8016,0.49,Cardiol Res Pract,0.00,1.00,0.96,0,55,4,6,2,10,3,15,8,7,,,,,A4286:U4286,
4285,2173-5107,,Radiologia (Engl Ed),0.73,0.53,0.00,0,55,,16,13,,12,,14,,,,,,A4287:U4287,
4286,2192-8304,0.53,JIMD Rep,0.00,1.00,0.96,0,55,10,7,4,6,4,11,5,8,,,,,A4288:U4288,
4287,2228-7930,0.64,Avicenna J Phytomed,0.00,1.00,0.00,0,55,14,14,,13,14,,,,,,,,A4289:U4289,
4288,2287-9714,0.55,Ann Coloproctol,0.00,1.00,0.00,0,55,14,,13,,1,13,14,,,,,,A4290:U4290,
4289,2321-3868,2.22,Burns Trauma,0.00,1.00,0.98,0,55,7,6,6,1,8,9,9,9,,,,,A4291:U4291,
4290,2338-2732,0.24,Acta Med Indones,1.00,1.00,0.00,0,55,18,,,19,,,18,,,,,,A4292:U4292,
4291,2374-4537,0.22,Home Healthc Now,0.36,0.04,0.00,0,55,14,,13,,14,,14,,,,,,A4293:U4293,
4292,2426-8887,0.79,SICOT J,0.00,1.00,0.87,0,55,6,6,3,11,15,5,4,5,,,,,A4294:U4294,
4293,2691-3593,,Ann Surg Open,0.00,1.00,0.00,0,55,,,20,,,35,,,,,,,A4295:U4295,
4294,2772-5162,0.55,Magn Reson Lett,0.00,1.00,0.00,0,55,9,,7,,,13,23,3,,,,,A4296:U4296,
4295,3022-7712,0.37,Clin Transplant Res,0.00,1.00,1.00,0,55,8,4,5,10,10,3,11,4,,,,,A4297:U4297,
4296,0047-262X,0.19,Hu Li Za Zhi,0.98,0.00,0.00,1,54,,14,13,,14,,13,,,,,,A4298:U4298,
4297,0150-9861,0.97,J Neuroradiol,0.56,0.31,0.00,0,54,9,6,5,6,5,10,5,8,,,,,A4299:U4299,
4298,0265-539X,0.27,Community Dent Health,0.00,0.26,0.89,0,54,5,7,4,6,11,6,5,10,,,,,A4300:U4300,
4299,1029-2454,0.45,Biofouling,0.93,0.20,0.37,0,54,12,12,2,5,2,7,10,4,,,,,A4301:U4301,
4300,1096-0945,1.11,Exp Mol Pathol,0.59,1.00,0.00,15,54,9,7,8,4,10,5,9,2,,,,,A4302:U4302,
4301,1099-0798,0.4,Behav Sci Law,0.65,0.31,0.96,0,54,8,8,8,3,10,5,7,5,,,,,A4303:U4303,
4302,1205-7541,0.47,Can J Physiol Pharmacol,0.69,0.41,0.72,1,54,12,5,4,8,5,5,5,10,,,,,A4304:U4304,
4303,1332-8166,0.37,Croat Med J,0.72,1.00,0.00,0,54,12,,9,,10,11,,12,,,,,A4305:U4305,
4304,1423-0372,0.62,Stereotact Funct Neurosurg,0.04,0.54,0.00,0,54,5,3,10,8,6,8,6,8,,,,,A4306:U4306,
4305,1439-3824,0.19,Klin Padiatr,0.04,0.15,0.76,0,54,4,10,7,6,8,2,10,7,,,,,A4307:U4307,
4306,1460-2180,1.02,Carcinogenesis,0.50,0.59,0.65,7,54,5,8,10,1,11,5,1,13,,,,,A4308:U4308,
4307,1468-0009,2.47,Milbank Q,0.33,0.07,0.57,0,54,1,8,6,3,11,10,6,9,,,,,A4309:U4309,
4308,1468-6996,0.62,Sci Technol Adv Mater,0.00,1.00,0.89,0,54,4,6,10,2,5,7,9,11,,,,,A4310:U4310,
4309,1473-5733,0.4,Blood Coagul Fibrinolysis,0.61,0.04,0.00,0,54,7,8,4,4,11,8,2,10,,,,,A4311:U4311,
4310,1521-4028,0.71,J Basic Microbiol,0.94,0.37,0.85,0,54,10,12,5,3,2,5,9,8,,,,,A4312:U4312,
4311,1531-6971,0.66,Curr Opin Pulm Med,0.91,0.11,0.00,0,54,5,16,6,4,10,3,8,2,,,,,A4313:U4313,
4312,1539-6304,0.59,Allergy Asthma Proc,0.87,0.19,0.00,0,54,13,1,11,15,,14,,,,,,,A4314:U4314,
4313,1542-233X,0.85,Eye Contact Lens,0.74,0.13,0.69,0,54,7,1,6,6,14,9,3,8,,,,,A4315:U4315,
4314,1573-7209,2.71,Angiogenesis,0.83,0.54,0.35,2,54,3,4,6,,9,16,1,15,,,,,A4316:U4316,
4315,1662-5218,0.71,Front Neurorobot,0.00,1.00,0.00,0,54,3,6,5,9,5,10,8,8,,,,,A4317:U4317,
4316,1674-5507,0.69,Curr Zool,0.00,1.00,0.81,0,54,,,,14,13,14,,13,,,,,A4318:U4318,
4317,1708-3923,0.15,Sante Ment Que,0.87,1.00,0.00,0,54,,,14,,,,23,17,,,,,A4319:U4319,
4318,1860-2002,0.74,Mol Imaging Biol,0.57,0.26,0.80,0,54,,8,9,9,8,4,11,5,,,,,A4320:U4320,
4319,1873-6386,0.4,Int J Law Psychiatry,0.93,0.59,0.00,0,54,10,5,5,8,6,13,3,4,,,,,A4321:U4321,
4320,1878-4321,1.09,Womens Health Issues,0.56,0.48,0.00,0,54,4,4,8,11,5,6,9,7,,,,,A4322:U4322,
4321,1879-0135,0.76,Int J Parasitol,0.44,0.65,0.00,0,54,8,3,5,9,8,11,5,5,,,,,A4323:U4323,
4322,1884-2836,0.37,Jpn J Infect Dis,0.02,1.00,0.00,0,54,5,6,4,14,4,,6,15,,,,,A4324:U4324,
4323,1938-1344,1.79,J Orthop Sports Phys Ther,0.98,0.02,0.00,0,54,5,5,6,6,7,8,10,7,,,,,A4325:U4325,
4324,1970-5565,1.1,Oncol Rev,0.00,1.00,0.00,0,54,3,7,4,3,10,7,12,8,,,,,A4326:U4326,
4325,2045-1253,1.32,Ther Adv Psychopharmacol,0.00,1.00,0.93,0,54,2,10,8,7,5,3,10,9,,,,,A4327:U4327,
4326,2066-8643,0.43,Med Ultrason,0.15,1.00,0.00,0,54,5,7,15,,,23,,4,,,,,A4328:U4328,
4327,2080-4806,0.5,Cent European J Urol,0.00,1.00,0.00,0,54,,15,14,,1,24,,,,,,,A4329:U4329,
4328,2090-6706,,Case Rep Oncol Med,0.00,1.00,0.98,0,54,5,5,7,15,7,5,4,6,,,,,A4330:U4330,
4329,2095-4964,0.94,J Integr Med,0.59,0.24,0.00,0,54,10,9,12,2,4,4,7,6,,,,,A4331:U4331,
4330,2196-5226,,GMS Hyg Infect Control,0.00,1.00,0.00,0,54,,8,15,14,,3,14,,,,,,A4332:U4332,
4331,2218-4333,,World J Clin Oncol,0.00,1.00,0.00,0,54,38,,16,,,,,,,,,,A4333:U4333,
4332,2218-5836,0.66,World J Orthop,0.00,1.00,0.00,0,54,36,18,,,,,,,,,,,A4334:U4334,
4333,2328-5273,0.26,Bull Hosp Jt Dis (2013),0.89,1.00,0.33,1,54,,36,5,5,6,1,1,,,,,,A4335:U4335,
4334,2329-423X,1.1,Neurophotonics,0.00,1.00,0.93,0,54,9,8,11,7,5,4,4,6,,,,,A4336:U4336,
4335,2374-8060,0.57,J Dance Med Sci,0.00,0.33,1.00,0,54,2,6,8,9,7,9,6,7,,,,,A4337:U4337,
4336,2450-7393,0.43,J Vet Res,0.00,1.00,0.96,0,54,18,,,18,,,18,,,,,,A4338:U4338,
4337,2564-6850,0.23,Turk J Surg,0.00,0.67,1.00,0,54,13,9,5,2,9,7,2,7,,,,,A4339:U4339,
4338,2578-5478,0.37,Photobiomodul Photomed Laser Surg,0.93,0.04,0.70,1,54,2,6,15,6,4,9,6,6,,,,,A4340:U4340,
4339,2640-3498,0.98,Proc Mach Learn Res,0.00,0.98,0.07,0,54,4,4,9,6,11,10,8,2,,,,,A4341:U4341,
4340,2666-6685,0.42,Int J Cardiol Congenit Heart Dis,0.00,1.00,0.00,0,54,7,4,11,6,10,5,6,5,,,,,A4342:U4342,
4341,2731-5541,0.79,J Prev (2022),0.31,0.13,0.94,0,54,5,6,4,5,11,7,7,9,,,,,A4343:U4343,
4342,2836-967X,1.73,Chem Bio Eng,0.00,1.00,1.00,0,54,7,,21,10,,10,6,,,,,,A4344:U4344,
4343,2948-197X,1.24,Npj Imaging,0.00,0.98,0.04,0,54,5,7,10,7,13,4,7,1,,,,,A4345:U4345,
4344,0303-7339,0.17,Tijdschr Psychiatr,0.75,1.00,0.00,0,53,8,8,,8,10,,19,,,,,,A4346:U4346,
4345,0970-0358,0.35,Indian J Plast Surg,0.00,1.00,0.70,0,53,12,,13,,,13,,15,,,,,A4347:U4347,
4346,1016-7315,0.32,J Saudi Heart Assoc,0.00,1.00,0.02,0,53,,,22,2,8,6,6,9,,,,,A4348:U4348,
4347,1049-5258,2.15,Adv Neural Inf Process Syst,0.00,1.00,0.00,0,53,2,1,4,,16,9,15,6,,,,,A4349:U4349,
4348,1097-0029,0.42,Microsc Res Tech,0.45,0.17,0.79,3,53,10,10,10,6,3,3,5,6,,,,,A4350:U4350,
4349,1098-2361,0.39,Zoo Biol,0.51,0.23,0.96,0,53,1,5,10,5,11,5,4,12,,,,,A4351:U4351,
4350,1178-6329,0.73,Health Serv Insights,0.00,1.00,0.98,0,53,3,3,2,1,6,7,13,18,,,,,A4352:U4352,
4351,1365-2249,1.41,Clin Exp Immunol,0.92,0.51,1.00,0,53,6,7,7,2,11,5,7,8,,,,,A4353:U4353,
4352,1399-3089,0.99,Xenotransplantation,0.92,0.47,0.92,0,53,5,2,11,8,10,5,7,5,,,,,A4354:U4354,
4353,1413-7852,0.27,Acta Ortop Bras,0.00,1.00,0.98,0,53,,7,,3,9,6,14,14,,,,,A4355:U4355,
4354,1438-9592,0.15,Zentralbl Chir,0.34,0.02,0.43,0,53,6,9,5,9,2,10,4,8,,,,,A4356:U4356,
4355,1476-5462,1.5,Gene Ther,0.47,0.34,0.91,0,53,5,5,12,8,7,5,7,4,,,,,A4357:U4357,
4356,1478-7954,1.23,Popul Health Metr,0.89,1.00,0.34,0,53,5,6,12,7,9,5,9,,,,,,A4358:U4358,
4357,1479-666X,0.68,Surgeon,0.25,0.28,0.00,0,53,6,8,7,10,6,1,4,11,,,,,A4359:U4359,
4358,1502-7732,0.68,Scand J Rheumatol,0.26,0.43,0.91,0,53,7,6,6,12,5,7,5,5,,,,,A4360:U4360,
4359,1540-2010,0.72,Behav Sleep Med,0.45,0.40,0.43,0,53,4,8,4,10,10,6,6,5,,,,,A4361:U4361,
4360,1559-0089,0.9,Neuroinformatics,0.98,0.40,0.38,0,53,5,6,2,10,7,5,12,6,,,,,A4362:U4362,
4361,1806-9339,0.52,Rev Bras Ginecol Obstet,0.72,1.00,0.98,0,53,,,9,11,3,,28,2,,,,,A4363:U4363,
4362,1863-2521,0.6,J Child Orthop,0.00,1.00,0.91,0,53,3,12,11,7,4,5,5,6,,,,,A4364:U4364,
4363,1869-3474,0.48,Nucl Med Mol Imaging,0.00,0.15,0.92,0,53,,10,13,,,10,20,,,,,,A4365:U4365,
4364,1869-5760,0.69,J Ophthalmic Inflamm Infect,0.00,0.81,0.17,0,53,,5,7,8,12,18,3,,,,,,A4366:U4366,
4365,1871-403X,0.73,Obes Res Clin Pract,0.81,0.38,0.00,0,53,7,5,1,10,15,7,5,3,,,,,A4367:U4367,
4366,1873-569X,1.1,J Dermatol Sci,0.49,0.30,0.00,0,53,7,2,10,5,10,5,8,6,,,,,A4368:U4368,
4367,1876-1038,0.33,Rev Recent Clin Trials,0.00,0.00,0.47,0,53,6,,15,9,5,9,6,3,,,,,A4369:U4369,
4368,1876-4436,0.84,Z Med Phys,0.04,1.00,0.00,0,53,8,7,13,2,6,4,8,5,,,,,A4370:U4370,
4369,1879-2618,1.25,Biochim Biophys Acta Mol Cell Biol Lipids,0.75,0.25,0.00,0,53,13,7,4,5,5,7,7,5,,,,,A4371:U4371,
4370,1879-6265,2.22,Curr Opin Virol,0.81,0.64,0.00,0,53,3,2,3,22,7,7,6,3,,,,,A4372:U4372,
4371,1881-7742,0.33,J Nutr Sci Vitaminol (Tokyo),0.94,1.00,0.00,0,53,10,,10,12,,,10,11,,,,,A4373:U4373,
4372,1918-3003,0.55,J Clin Med Res,0.00,1.00,0.28,0,53,9,6,5,14,,7,5,7,,,,,A4374:U4374,
4373,1939-0025,0.86,Am J Orthopsychiatry,0.04,0.15,0.96,0,53,8,2,9,7,7,5,7,8,,,,,A4375:U4375,
4374,1941-9449,0.32,J Physician Assist Educ,0.47,0.02,0.21,0,53,8,1,9,9,8,4,9,5,,,,,A4376:U4376,
4375,1942-5473,,Pediatr Dent,0.75,0.02,0.00,0,53,12,,12,11,,9,,9,,,,,A4377:U4377,
4376,2052-4897,1.65,BMJ Open Diabetes Res Care,0.98,1.00,0.94,0,53,7,6,7,8,9,8,4,4,,,,,A4378:U4378,
4377,2054-3581,0.62,Can J Kidney Health Dis,0.00,1.00,1.00,0,53,2,8,6,8,5,10,7,7,,,,,A4379:U4379,
4378,2055-1169,0.34,JFMS Open Rep,0.00,1.00,1.00,0,53,4,6,11,1,7,12,9,3,,,,,A4380:U4380,
4379,2058-8615,,Res Integr Peer Rev,0.00,1.00,0.45,0,53,3,2,3,3,7,21,10,4,,,,,A4381:U4381,
4380,2210-9099,0.47,Osong Public Health Res Perspect,0.00,1.00,0.00,0,53,3,5,5,7,13,3,8,9,,,,,A4382:U4382,
4381,2231-0746,0.25,Ann Maxillofac Surg,0.00,1.00,0.00,0,53,,29,,,,,,24,,,,,A4383:U4383,
4382,2234-6163,0.54,Arch Plast Surg,0.00,1.00,0.98,0,53,,15,9,1,,16,,12,,,,,A4384:U4384,
4383,2284-0729,,Eur Rev Med Pharmacol Sci,0.60,1.00,0.00,63,53,8,8,6,8,7,5,11,,,,,,A4385:U4385,
4384,2574-2272,0.54,Pediatr Investig,0.00,1.00,0.74,0,53,,8,,8,,11,17,9,,,,,A4386:U4386,
4385,2589-9090,1.17,J Transl Autoimmun,0.00,1.00,0.00,0,53,8,10,6,6,4,8,5,6,,,,,A4387:U4387,
4386,2666-688X,0.29,EJVES Vasc Forum,0.00,1.00,0.00,0,53,8,4,6,12,7,8,7,1,,,,,A4388:U4388,
4387,2666-9919,0.78,Infect Dis Now,0.72,0.42,0.00,W1,53,5,3,6,5,10,14,7,3,,,,,A4389:U4389,https://pubmed.ncbi.nlm.nih.gov/?term=42303068
4388,2692-7632,2.54,Cyborg Bionic Syst,0.00,1.00,0.75,0,53,6,3,12,9,10,6,3,4,,,,,A4390:U4390,
4389,2998-8756,,Biopsychosoc Sci Med,0.68,0.09,0.85,0,53,3,7,4,9,7,5,12,6,,,,,A4391:U4391,
4390,0006-3568,2.3,Bioscience,0.00,1.00,0.92,0,52,9,7,6,4,5,4,10,7,,,,,A4392:U4392,
4391,1300-0527,0.34,Turk J Chem,0.00,1.00,1.00,0,52,11,,9,15,8,,9,,,,,,A4393:U4393,
4392,1308-5263,0.51,Turk J Haematol,0.27,1.00,0.92,W2,52,3,7,10,10,3,7,8,4,,,,,A4394:U4394,https://pubmed.ncbi.nlm.nih.gov/?term=26377619+25913722
4393,1347-3409,0.54,J Nippon Med Sch,0.75,1.00,0.00,0,52,4,,14,,13,9,,12,,,,,A4395:U4395,
4394,1347-8648,0.89,J Pharmacol Sci,0.94,1.00,0.00,2,52,7,6,8,4,3,9,9,6,,,,,A4396:U4396,
4395,1464-0694,0.73,Neuropsychol Rehabil,0.10,0.62,0.73,0,52,8,11,6,5,1,5,9,7,,,,,A4397:U4397,
4396,1464-5076,0.49,Clin Linguist Phon,0.12,0.35,0.54,0,52,5,3,6,5,3,8,9,13,,,,,A4398:U4398,
4397,1479-6805,1.58,J Endocrinol,0.92,0.29,0.96,1,52,10,6,6,10,6,3,3,8,,,,,A4399:U4399,
4398,1521-4036,0.91,Biom J,0.98,0.58,0.87,0,52,4,5,8,9,7,4,6,9,,,,,A4400:U4400,
4399,1538-9766,0.29,Gastroenterol Nurs,0.42,0.02,0.33,0,52,11,,10,1,8,3,14,5,,,,,A4401:U4401,
4400,1539-0705,0.39,J Hosp Palliat Nurs,0.35,0.00,0.13,0,52,4,4,8,2,9,13,7,5,,,,,A4402:U4402,
4401,1541-3535,0.89,Int J Aging Hum Dev,0.23,0.04,0.96,0,52,1,1,,3,7,23,9,8,,,,,A4403:U4403,
4402,1543-3072,0.61,J Sport Rehabil,0.52,0.06,0.98,0,52,7,3,8,13,7,2,4,8,,,,,A4404:U4404,
4403,1551-4005,0.94,Cell Cycle,0.85,0.27,0.69,14,52,10,7,2,6,9,10,6,2,,,,,A4405:U4405,
4404,1556-3316,0.68,HSS J,0.00,0.23,0.92,1,52,3,4,4,7,7,5,9,13,,,,,A4406:U4406,
4405,1557-0657,1.32,Int J Methods Psychiatr Res,0.98,1.00,0.90,0,52,6,7,2,6,5,12,6,8,,,,,A4407:U4407,
4406,1580-3155,0.22,Acta Chim Slov,0.46,0.00,0.50,0,52,,,,30,,22,,,,,,,A4408:U4408,
4407,1710-1484,0.74,Allergy Asthma Clin Immunol,0.00,1.00,0.19,0,52,7,6,9,7,7,7,8,1,,,,,A4409:U4409,
4408,1728-869X,1.23,J Exerc Sci Fit,0.00,1.00,0.00,0,52,7,7,4,7,5,3,6,13,,,,,A4410:U4410,
4409,1735-5249,0.42,Iran J Allergy Asthma Immunol,1.00,1.00,0.00,0,52,,12,,,26,,14,,,,,,A4411:U4411,
4410,1747-4132,0.88,Expert Rev Gastroenterol Hepatol,0.90,0.15,0.52,0,52,3,12,8,7,5,8,6,3,,,,,A4412:U4412,
4411,1752-7325,0.58,J Public Health Dent,0.63,0.38,0.94,0,52,12,2,16,4,3,4,4,7,,,,,A4413:U4413,
4412,1776-260X,1.44,Target Oncol,0.75,0.63,0.81,0,52,5,5,7,7,8,6,5,9,,,,,A4414:U4414,
4413,1809-452X,0.86,Braz J Psychiatry,0.02,1.00,0.00,0,52,7,10,4,5,7,6,9,4,,,,,A4415:U4415,
4414,1839-2628,0.39,Twin Res Hum Genet,0.17,0.06,0.94,0,52,5,4,6,4,11,8,9,5,,,,,A4416:U4416,
4415,1872-7905,0.51,J Immunol Methods,0.92,0.52,0.00,0,52,4,4,1,6,8,10,9,10,,,,,A4417:U4417,
4416,1873-4022,0.5,Med Dosim,0.42,0.21,0.00,0,52,5,7,6,9,5,12,7,1,,,,,A4418:U4418,
4417,1879-1646,2.47,J Health Econ,0.87,0.60,0.00,0,52,7,10,4,6,7,7,8,3,,,,,A4419:U4419,
4418,1935-973X,1.62,Curr Rev Musculoskelet Med,0.00,1.00,0.25,0,52,3,7,11,4,7,14,4,2,,,,,A4420:U4420,
4419,1938-3711,0.72,J Exp Anal Behav,0.92,0.56,0.94,0,52,7,5,7,3,7,6,10,7,,,,,A4421:U4421,
4420,1948-2035,,Kans J Med,0.00,1.00,0.00,0,52,,,5,7,26,,7,7,,,,,A4422:U4422,
4421,1949-8462,0.63,World J Cardiol,0.00,1.00,0.00,0,52,36,16,,,,,,,,,,,A4423:U4423,
4422,1973-9095,1.14,Eur J Phys Rehabil Med,0.77,0.96,0.00,0,52,2,9,10,4,2,8,14,3,,,,,A4424:U4424,
4423,1983-1447,0.35,Rev Gaucha Enferm,0.94,1.00,1.00,0,52,1,5,6,12,5,5,6,12,,,,,A4425:U4425,
4424,1984-3143,0.54,Anim Reprod,0.00,1.00,1.00,0,52,4,,14,4,5,6,17,2,,,,,A4426:U4426,
4425,2042-0986,0.83,Ther Adv Drug Saf,0.00,1.00,0.98,0,52,10,5,5,7,8,7,6,4,,,,,A4427:U4427,
4426,2055-5660,0.77,Porcine Health Manag,0.00,1.00,0.15,0,52,7,8,8,12,6,7,2,2,,,,,A4428:U4428,
4427,2090-6501,0.25,Case Rep Endocrinol,0.00,1.00,0.96,0,52,9,11,2,6,4,11,5,4,,,,,A4429:U4429,
4428,2107-0180,0.63,Eur J Drug Metab Pharmacokinet,0.62,0.21,0.77,0,52,5,3,4,11,7,12,4,6,,,,,A4430:U4430,
4429,2186-3326,0.32,Nagoya J Med Sci,0.98,1.00,0.00,0,52,18,,,,17,,,17,,,,,A4431:U4431,
4430,2197-1714,0.83,Inj Epidemiol,0.00,1.00,0.19,0,52,8,9,9,7,10,3,4,2,,,,,A4432:U4432,
4431,2213-2961,3.72,J Sport Health Sci,0.00,1.00,0.00,1,52,10,4,5,6,5,5,13,4,,,,,A4433:U4433,
4432,2287-1098,0.61,Prev Nutr Food Sci,0.00,1.00,0.98,0,52,13,,10,,11,,10,8,,,,,A4434:U4434,
4433,2299-2847,0.3,Pol Przegl Chir,0.96,1.00,0.02,0,52,10,13,2,8,6,10,2,1,,,,,A4435:U4435,
4434,2365-7464,1.13,Cogn Res Princ Implic,0.87,0.88,0.94,0,52,10,8,13,5,4,7,5,,,,,,A4436:U4436,
4435,2432-3853,0.47,J Anus Rectum Colon,0.00,1.00,0.00,0,52,,12,,,16,,14,10,,,,,A4437:U4437,
4436,2586-6060,0.65,Acute Crit Care,0.00,1.00,0.00,0,52,1,,15,6,2,18,3,7,,,,,A4438:U4438,
4437,2589-9864,0.49,Epilepsy Behav Rep,0.00,1.00,0.00,0,52,4,8,9,8,2,6,8,7,,,,,A4439:U4439,
4438,2637-3726,0.31,Anaesth Rep,0.00,0.33,0.71,0,52,5,5,1,5,2,12,20,2,,,,,A4440:U4440,
4439,2770-100X,1.59,mLife,0.00,1.00,0.98,0,52,11,,11,,10,,11,9,,,,,A4441:U4441,
4440,2799-8010,0.5,J Yeungnam Med Sci,0.00,1.00,0.00,0,52,9,3,8,3,6,7,7,9,,,,,A4442:U4442,
4441,2949-7744,0.82,Genet Med Open,0.00,1.00,0.00,0,52,13,3,4,3,11,4,8,6,,,,,A4443:U4443,
4442,2951-3146,0.26,Korean J Community Nutr,0.00,1.00,0.42,0,52,30,,8,,8,,6,,,,,,A4444:U4444,
4443,3091-4981,,MedScience,0.38,0.02,0.00,0,52,,6,4,7,9,6,15,5,,,,,A4445:U4445,
4444,0717-6287,1.37,Biol Res,0.78,1.00,0.75,1,51,8,6,9,5,6,8,8,1,,,,,A4446:U4446,
4445,0972-9062,0.4,J Vector Borne Dis,0.14,1.00,0.00,0,51,4,9,11,3,,10,5,9,,,,,A4447:U4447,
4446,1097-0134,1.1,Proteins,0.65,0.33,0.76,0,51,9,7,5,6,2,7,8,7,,,,,A4448:U4448,
4447,1098-2264,1.31,Genes Chromosomes Cancer,0.96,0.51,0.96,1,51,6,4,4,6,9,6,5,11,,,,,A4449:U4449,
4448,1098-6618,6.58,Clin Microbiol Rev,0.49,0.18,1.00,0,51,3,3,11,7,3,14,5,5,,,,,A4450:U4450,
4449,1365-263X,0.69,Int J Paediatr Dent,0.53,0.45,0.90,0,51,5,3,2,9,7,7,8,10,,,,,A4451:U4451,
4450,1365-3083,0.72,Scand J Immunol,0.88,0.45,0.84,2,51,9,10,7,5,3,6,6,5,,,,,A4452:U4452,
4451,1432-1351,0.77,J Comp Physiol A Neuroethol Sens Neural Behav Physiol,0.24,0.22,0.82,0,51,2,2,8,3,8,7,8,13,,,,,A4453:U4453,
4452,1435-1803,2.89,Basic Res Cardiol,0.65,0.39,0.86,0,51,4,4,9,9,5,6,7,7,,,,,A4454:U4454,
4453,1439-0221,0.46,Planta Med,0.45,0.45,0.80,0,51,5,7,13,6,4,5,7,4,,,,,A4455:U4455,
4454,1447-073X,0.47,Anat Sci Int,0.04,0.02,0.37,0,51,5,5,6,2,9,13,3,8,,,,,A4456:U4456,
4455,1477-8920,0.69,J Water Health,0.96,0.10,0.94,0,51,,7,26,,,13,,5,,,,,A4457:U4457,
4456,1523-536X,1.0,Birth,0.27,0.35,0.94,0,51,6,6,8,1,6,13,8,3,,,,,A4458:U4458,
4457,1533-4058,0.47,Appl Immunohistochem Mol Morphol,0.59,0.25,0.49,0,51,4,12,5,4,5,3,12,6,,,,,A4459:U4459,
4458,1543-5865,0.17,J Emerg Manag,0.88,0.00,0.00,0,51,15,,17,,1,18,,,,,,,A4460:U4460,
4459,1545-004X,0.51,J Hand Ther,0.08,0.22,0.00,0,51,10,,4,22,1,13,1,,,,,,A4461:U4461,
4460,1545-0821,0.7,J Aging Soc Policy,0.14,0.16,0.94,0,51,12,11,8,7,6,5,1,1,,,,,A4462:U4462,
4461,1545-5882,0.5,Med Anthropol,0.67,0.43,0.59,0,51,5,3,4,9,11,13,3,3,,,,,A4463:U4463,
4462,1555-8576,1.41,Cancer Biol Ther,0.98,1.00,0.98,1,51,5,1,6,4,9,17,8,1,,,,,A4464:U4464,
4463,1557-8216,1.1,Clin Chest Med,0.94,0.14,0.00,0,51,,13,,,20,,18,,,,,,A4465:U4465,
4464,1557-8666,0.65,J Comput Biol,0.88,0.08,0.63,1,51,6,7,14,5,7,5,5,2,,,,,A4466:U4466,
4465,1662-4033,1.51,Obes Facts,0.04,1.00,0.00,0,51,4,5,7,6,8,13,3,5,,,,,A4467:U4467,
4466,1678-2674,0.38,Acta Cir Bras,0.96,1.00,0.98,1,51,4,6,5,6,5,,18,7,,,,,A4468:U4468,
4467,1678-2925,0.35,Arq Bras Oftalmol,0.82,1.00,1.00,0,51,,5,14,,9,,12,11,,,,,A4469:U4469,
4468,1747-6356,0.77,Expert Rev Respir Med,0.65,0.24,0.33,0,51,10,7,5,4,9,5,4,7,,,,,A4470:U4470,
4469,1872-7646,0.54,Hum Mov Sci,0.59,0.57,0.00,0,51,7,4,6,2,4,6,13,9,,,,,A4471:U4471,
4470,1873-1635,5.18,Prog Retin Eye Res,0.94,0.65,0.00,1,51,4,7,5,7,5,4,10,9,,,,,A4472:U4472,
4471,1873-9601,1.27,J Cell Commun Signal,0.00,1.00,0.86,0,51,,7,3,2,7,14,4,14,,,,,A4473:U4473,
4472,1875-5550,0.53,Curr Protein Pept Sci,0.00,0.00,0.55,0,51,6,2,5,14,12,8,4,,,,,,A4474:U4474,
4473,1875-5631,0.71,Curr Gene Ther,0.00,0.00,0.59,0,51,7,1,9,6,7,9,5,7,,,,,A4475:U4475,
4474,1878-1667,0.6,Comp Immunol Microbiol Infect Dis,0.98,0.29,0.00,0,51,1,6,3,10,9,6,8,8,,,,,A4476:U4476,
4475,1880-487X,,J Rural Med,0.00,1.00,0.00,0,51,14,,,19,,,18,,,,,,A4477:U4477,
4476,1958-5578,0.56,Therapie,0.18,0.39,0.00,0,51,13,8,6,4,10,2,1,7,,,,,A4478:U4478,
4477,1976-555X,0.49,J Vet Sci,1.00,1.00,1.00,0,51,4,8,,12,,11,,16,,,,,A4479:U4479,
4478,1998-4049,0.63,Saudi J Gastroenterol,0.00,1.00,0.02,0,51,12,4,7,3,2,15,2,6,,,,,A4480:U4480,
4479,2148-3817,0.42,J Int Adv Otol,0.94,1.00,1.00,0,51,,,,,,51,,,,,,,A4481:U4481,
4480,2158-1797,,Compend Contin Educ Dent,1.00,0.00,0.00,0,51,,26,7,5,6,,7,,,,,,A4482:U4482,
4481,2160-8288,0.52,Tremor Other Hyperkinet Mov (N Y),0.94,1.00,0.98,0,51,7,8,6,7,7,8,5,3,,,,,A4483:U4483,
4482,2162-2906,0.61,J Air Waste Manag Assoc,0.63,0.27,0.67,0,51,4,5,6,6,7,7,9,7,,,,,A4484:U4484,
4483,2241-5955,0.65,Hellenic J Cardiol,0.00,1.00,0.00,1,51,7,2,10,9,7,5,6,5,,,,,A4485:U4485,
4484,2251-6093,0.55,Iran J Public Health,0.00,1.00,0.00,0,51,,,1,,,,24,26,,,,,A4486:U4486,
4485,2253-8089,,Rev Esp Med Nucl Imagen Mol (Engl Ed),0.18,0.02,0.00,0,51,8,12,8,2,6,,1,14,,,,,A4487:U4487,
4486,2352-6475,0.7,Int J Womens Dermatol,0.00,1.00,0.00,0,51,3,12,1,,,17,10,8,,,,,A4488:U4488,
4487,2380-8195,5.78,ACS Energy Lett,0.00,0.98,0.98,0,51,10,13,8,6,6,7,1,,,,,,A4489:U4489,
4488,2385-2070,0.7,Blood Transfus,0.31,1.00,0.00,0,51,7,9,7,5,1,9,13,,,,,,A4490:U4490,
4489,2434-9194,0.5,Glob Health Med,0.00,1.00,0.00,0,51,10,10,,,10,11,,10,,,,,A4491:U4491,
4490,2472-2448,0.46,Psychopharmacol Bull,0.96,0.04,0.00,0,51,15,,19,,,17,,,,,,,A4492:U4492,
4491,2572-1143,0.97,JOR Spine,0.00,1.00,0.92,0,51,4,6,4,11,1,12,6,7,,,,,A4493:U4493,
4492,2573-9832,0.78,FASEB Bioadv,0.00,1.00,0.92,0,51,7,8,2,11,6,7,3,7,,,,,A4494:U4494,
4493,2590-1133,0.69,Glob Epidemiol,0.00,1.00,0.00,0,51,13,6,5,2,5,10,6,4,,,,,A4495:U4495,
4494,2590-2075,1.33,Biofilm,0.00,1.00,0.00,0,51,5,10,4,3,5,7,10,7,,,,,A4496:U4496,
4495,2674-1199,0.82,Front Epidemiol,0.00,1.00,0.00,1,51,5,3,4,4,4,11,11,9,,,,,A4497:U4497,
4496,2772-9850,3.6,Eco Environ Health,0.00,1.00,0.00,1,51,8,10,2,10,6,4,7,4,,,,,A4498:U4498,
4497,2778-2034,0.22,Med Trop Sante Int,0.94,1.00,0.35,0,51,,,24,,2,16,9,,,,,,A4499:U4499,
4498,2948-1767,1.13,Npj Viruses,0.00,1.00,0.06,0,51,7,7,6,4,8,9,6,4,,,,,A4500:U4500,
4499,3005-0774,0.35,Discov Public Health,0.00,1.00,0.45,0,51,6,5,4,10,6,10,4,6,,,,,A4501:U4501,
4500,0016-3813,0.22,Gac Med Mex,0.64,1.00,0.00,0,50,,,22,,,,12,16,,,,,A4502:U4502,
4501,0035-9351,0.15,Rozhl Chir,1.00,0.00,0.66,0,50,9,5,6,6,6,5,4,9,,,,,A4503:U4503,
4502,0144-6657,2.51,Br J Clin Psychol,0.12,0.00,1.00,0,50,4,3,2,11,9,7,8,6,,,,,A4504:U4504,
4503,0301-1526,0.63,Vasa,0.04,0.16,0.82,0,50,7,5,10,6,7,6,3,6,,,,,A4505:U4505,
4504,0973-2284,0.24,Indian J Occup Environ Med,0.00,1.00,0.00,0,50,,15,,16,,,19,,,,,,A4506:U4506,
4505,1000-9604,1.41,Chin J Cancer Res,0.00,1.00,0.00,0,50,15,,7,,12,,16,,,,,,A4507:U4507,
4506,1042-7260,0.32,J Zoo Wildl Med,1.00,0.00,0.00,0,50,,,,24,,,26,,,,,,A4508:U4508,
4507,1097-0177,0.84,Dev Dyn,0.04,0.12,0.80,0,50,6,3,5,2,14,7,10,3,,,,,A4509:U4509,
4508,1365-3148,0.39,Transfus Med,0.30,0.24,0.94,0,50,8,3,6,7,9,5,11,1,,,,,A4510:U4510,
4509,1438-2199,0.82,Amino Acids,0.78,0.76,0.32,0,50,2,9,12,6,5,11,5,,,,,,A4511:U4511,
4510,1440-1630,0.7,Aust Occup Ther J,0.90,0.84,0.92,0,50,4,6,6,6,9,1,11,7,,,,,A4512:U4512,
4511,1460-2407,1.18,Mol Hum Reprod,0.82,0.52,0.98,0,50,3,9,8,5,8,7,4,6,,,,,A4513:U4513,
4512,1473-6527,1.31,Curr Opin Infect Dis,0.90,0.16,0.00,0,50,6,1,5,9,4,9,4,12,,,,,A4514:U4514,
4513,1473-656X,0.79,Curr Opin Obstet Gynecol,0.76,0.06,0.00,0,50,4,9,2,8,6,9,4,8,,,,,A4515:U4515,
4514,1532-1770,1.94,Best Pract Res Clin Rheumatol,0.50,0.40,0.00,0,50,1,5,10,17,13,3,1,,,,,,A4516:U4516,
4515,1532-2963,0.56,Foot (Edinb),0.94,0.22,0.00,0,50,1,3,9,9,2,15,8,3,,,,,A4517:U4517,
4516,1533-2659,0.48,J Ethn Subst Abuse,0.02,0.10,0.80,0,50,13,4,4,9,4,4,5,7,,,,,A4518:U4518,
4517,1550-5030,0.87,Health Care Manage Rev,0.90,0.26,0.92,0,50,3,18,2,5,,10,4,8,,,,,A4519:U4519,
4518,1557-055X,0.38,Prog Community Health Partnersh,0.82,0.10,0.00,0,50,,17,,16,,17,,,,,,,A4520:U4520,
4519,1557-9840,0.97,Clin Perinatol,0.88,0.12,0.00,0,50,,14,,,,16,,20,,,,,A4521:U4521,
4520,1619-1560,1.07,Clin Auton Res,0.44,0.40,0.92,0,50,4,9,8,7,6,7,6,3,,,,,A4522:U4522,
4521,1698-6946,0.59,Med Oral Patol Oral Cir Bucal,0.64,1.00,0.00,0,50,16,,12,11,,10,,1,,,,,A4523:U4523,
4522,1724-5990,0.29,G Ital Nefrol,0.86,0.22,0.00,0,50,,10,,13,12,,15,,,,,,A4524:U4524,
4523,1735-7020,0.34,Iran J Parasitol,0.00,1.00,0.00,0,50,,,,,,,32,18,,,,,A4525:U4525,
4524,1740-7753,1.47,Clin Trials,0.56,0.68,1.00,0,50,6,11,9,7,6,2,1,8,,,,,A4526:U4526,
4525,1745-7319,0.56,Int J Inj Contr Saf Promot,0.60,0.32,0.48,0,50,4,2,5,6,6,7,13,7,,,,,A4527:U4527,
4526,1748-6653,0.65,J Neuropsychol,0.28,0.28,1.00,0,50,6,4,10,5,3,7,8,7,,,,,A4528:U4528,
4527,1758-1095,0.91,J R Soc Med,0.08,0.54,0.82,0,50,,10,6,6,4,6,4,14,,,,,A4529:U4529,
4528,1827-191X,0.48,J Cardiovasc Surg (Torino),0.64,0.34,0.00,0,50,6,12,8,4,3,7,7,3,,,,,A4530:U4530,
4529,1873-1465,0.88,Physiotherapy,0.66,0.40,0.00,0,50,5,,8,18,3,5,9,2,,,,,A4531:U4531,
4530,1878-1454,0.66,Biochim Biophys Acta Proteins Proteom,0.72,0.14,0.00,0,50,5,5,6,6,9,3,6,10,,,,,A4532:U4532,
4531,1880-2206,1.25,Magn Reson Med Sci,0.88,1.00,0.52,0,50,7,9,9,6,4,6,4,5,,,,,A4533:U4533,
4532,1948-2124,0.12,PDA J Pharm Sci Technol,0.40,0.00,0.00,0,50,7,5,4,11,,12,4,7,,,,,A4534:U4534,
4533,1948-5190,,World J Gastrointest Endosc,0.00,1.00,0.00,0,50,34,16,,,,,,,,,,,A4535:U4535,
4534,2001-6689,0.77,J Mark Access Health Policy,0.00,1.00,0.94,0,50,5,6,6,6,9,4,3,11,,,,,A4536:U4536,
4535,2008-6164,0.35,Caspian J Intern Med,0.00,1.00,0.00,0,50,,,,25,,,,25,,,,,A4537:U4537,
4536,2041-6008,0.46,Ther Deliv,0.90,0.04,0.78,0,50,1,3,5,12,5,8,9,7,,,,,A4538:U4538,
4537,2209-6051,0.35,Commun Dis Intell (2018),1.00,1.00,0.00,0,50,4,6,7,4,7,8,7,7,,,,,A4539:U4539,
4538,2235-3186,0.76,Nephron,0.38,0.40,0.00,0,50,7,4,9,6,5,10,8,1,,,,,A4540:U4540,
4539,2295-3337,0.41,Acta Clin Belg,0.44,0.16,0.84,0,50,6,5,6,8,1,5,8,11,,,,,A4541:U4541,
4540,2327-8994,0.9,AIMS Public Health,0.00,1.00,0.00,0,50,15,,,19,,,16,,,,,,A4542:U4542,
4541,2459-3087,0.29,Tob Prev Cessat,0.00,1.00,0.00,0,50,6,5,5,5,5,2,19,3,,,,,A4543:U4543,
4542,2589-8450,0.54,Surg Open Sci,0.00,1.00,0.00,0,50,9,7,9,2,2,9,8,4,,,,,A4544:U4544,
4543,2731-4251,1.81,Npj Ment Health Res,0.00,1.00,0.08,0,50,8,7,6,7,8,5,5,4,,,,,A4545:U4545,
4544,2759-7504,0.13,Juntendo Med J,0.00,1.00,0.00,0,50,13,,18,,10,1,8,,,,,,A4546:U4546,
4545,2807-2618,,Narra J,0.62,1.00,0.00,0,50,4,21,,,25,,,,,,,,A4547:U4547,
4546,2994-5593,,J Brown Hosp Med,0.00,1.00,0.80,0,50,16,,,15,,,19,,,,,,A4548:U4548,
4547,0276-7333,0.55,Organometallics,0.00,1.00,0.94,0,49,5,9,6,7,5,4,6,7,,,,,A4549:U4549,
4548,0724-6145,,Adv Biochem Eng Biotechnol,0.00,0.00,0.16,0,49,,1,16,4,6,9,9,4,,,,,A4550:U4550,
4549,1094-6950,0.68,J Clin Densitom,0.67,0.16,0.00,0,49,8,8,7,4,4,3,8,7,,,,,A4551:U4551,
4550,1466-769X,0.68,Nurs Philos,0.96,0.76,0.98,0,49,3,8,6,8,2,3,10,9,,,,,A4552:U4552,
4551,1473-6519,1.02,Curr Opin Clin Nutr Metab Care,0.78,0.12,0.00,0,49,13,6,6,4,7,6,2,5,,,,,A4553:U4553,
4552,1480-3321,0.44,Genome,0.82,0.55,0.76,0,49,9,10,2,2,6,3,6,11,,,,,A4554:U4554,
4553,1521-0111,1.15,Mol Pharmacol,0.78,0.65,0.00,2,49,5,6,8,6,6,7,8,3,,,,,A4555:U4555,
4554,1531-0043,0.47,Clin Colon Rectal Surg,0.00,0.22,0.00,0,49,,11,,13,,13,,12,,,,,A4556:U4556,
4555,1537-8918,0.45,Curr Sports Med Rep,0.41,0.02,0.00,0,49,7,7,4,5,7,7,8,4,,,,,A4557:U4557,
4556,1545-0813,0.62,J Agromedicine,0.33,0.14,0.47,0,49,3,4,9,6,5,10,6,6,,,,,A4558:U4558,
4557,1546-8364,0.75,J Sch Nurs,0.04,0.29,0.82,0,49,4,6,7,6,5,8,4,9,,,,,A4559:U4559,
4558,1549-4918,1.24,Stem Cells,0.84,0.49,0.86,0,49,6,5,6,7,9,2,7,7,,,,,A4560:U4560,
4559,1559-1174,0.98,Neuromolecular Med,0.96,0.24,0.39,2,49,5,6,6,5,6,11,5,5,,,,,A4561:U4561,
4560,1600-0684,0.26,J Med Primatol,0.96,0.57,0.88,0,49,8,6,2,5,7,10,2,9,,,,,A4562:U4562,
4561,1735-8604,0.24,Iran J Kidney Dis,0.98,0.00,0.24,0,49,,,,,,49,,,,,,,A4563:U4563,
4562,1745-4603,0.71,J Texture Stud,0.96,0.37,0.92,0,49,6,9,3,8,3,8,5,7,,,,,A4564:U4564,
4563,1745-6584,0.82,Ground Water,0.59,0.45,0.98,0,49,5,5,9,8,9,1,7,5,,,,,A4565:U4565,
4564,1749-7922,1.74,World J Emerg Surg,0.92,1.00,0.37,0,49,4,10,8,9,8,4,4,2,,,,,A4566:U4566,
4565,1865-5785,0.23,J Hematop,1.00,0.35,0.43,0,49,1,5,6,3,9,12,7,6,,,,,A4567:U4567,
4566,1866-1955,1.25,J Neurodev Disord,0.90,1.00,0.29,0,49,8,4,9,10,10,3,5,,,,,,A4568:U4568,
4567,1873-1457,2.06,Phys Life Rev,0.41,0.24,0.00,0,49,7,3,5,7,3,9,8,7,,,,,A4569:U4569,
4568,1873-5177,0.75,Pharmacol Biochem Behav,0.92,0.35,0.00,0,49,7,5,5,3,12,6,9,2,,,,,A4570:U4570,
4569,1945-2810,,J Neurosci Nurs,0.51,0.08,0.78,0,49,13,9,3,4,4,6,5,5,,,,,A4571:U4571,
4570,1948-965X,0.75,J Nurs Res,0.80,0.88,0.90,1,49,9,4,8,,12,4,,12,,,,,A4572:U4572,
4571,1976-1457,0.57,Nutr Res Pract,0.00,1.00,1.00,0,49,,13,,12,,12,,12,,,,,A4573:U4573,
4572,2052-2525,1.06,IUCrJ,0.35,0.88,0.80,0,49,6,3,5,9,6,14,5,1,,,,,A4574:U4574,
4573,2054-4774,0.85,BMJ Open Gastroenterol,0.94,1.00,0.98,0,49,3,4,7,3,7,8,12,5,,,,,A4575:U4575,
4574,2056-7936,1.26,NPJ Sci Learn,0.00,1.00,0.16,0,49,7,6,8,12,4,3,8,1,,,,,A4576:U4576,
4575,2090-2840,0.42,Emerg Med Int,0.00,1.00,0.98,1,49,7,4,3,5,3,7,11,9,,,,,A4577:U4577,
4576,2090-682X,0.23,Case Rep Psychiatry,0.00,1.00,0.98,0,49,7,7,1,4,2,9,9,10,,,,,A4578:U4578,
4577,2213-4220,0.84,Integr Med Res,0.00,1.00,0.00,0,49,8,6,5,3,10,10,7,,,,,,A4579:U4579,
4578,2223-8956,,Tzu Chi Med J,0.00,1.00,0.00,0,49,,16,,,17,,16,,,,,,A4580:U4580,
4579,2233-4521,1.12,J Prev Med Public Health,0.82,1.00,0.00,0,49,7,6,4,3,5,3,12,9,,,,,A4581:U4581,
4580,2233-8233,0.64,Clin Exp Reprod Med,0.00,1.00,0.00,0,49,10,6,6,3,3,8,3,10,,,,,A4582:U4582,
4581,2366-1089,1.16,Oncol Ther,0.00,1.00,0.61,0,49,4,7,7,5,9,11,3,3,,,,,A4583:U4583,
4582,2381-3504,,J Toxicol Environ Health A,0.59,0.02,0.33,1,49,11,6,7,3,4,4,7,7,,,,,A4584:U4584,
4583,2523-3106,0.72,Adv Rheumatol,0.82,0.88,1.00,0,49,11,8,4,8,3,11,3,1,,,,,A4585:U4585,
4584,2542-4823,0.89,J Alzheimers Dis Rep,0.00,1.00,0.98,0,49,4,,,43,2,,,,,,,,A4586:U4586,
4585,2624-5175,0.75,Clocks Sleep,0.00,1.00,0.94,0,49,4,3,7,6,8,8,8,5,,,,,A4587:U4587,
4586,2688-4844,0.52,Womens Health Rep (New Rochelle),0.00,1.00,0.88,0,49,,,,,2,,1,46,,,,,A4588:U4588,
4587,2731-6076,2.71,Nat Ment Health,0.00,1.00,0.61,0,49,4,5,6,9,3,8,5,9,,,,,A4589:U4589,
4588,2752-7948,2.35,BMJ Oncol,0.00,1.00,0.98,0,49,1,8,2,11,8,8,8,3,,,,,A4590:U4590,
4589,2772-414X,0.37,JADA Found Sci,0.00,1.00,0.02,0,49,1,,1,,,46,1,,,,,,A4591:U4591,
4590,2772-6282,0.68,PEC Innov,0.00,1.00,0.00,0,49,7,3,15,3,3,4,7,7,,,,,A4592:U4592,
4591,0004-1955,0.16,Arkh Patol,1.00,0.00,1.00,0,48,11,,,12,,13,12,,,,,,A4593:U4593,
4592,0039-1735,0.13,Stomatologiia (Mosk),0.79,0.00,1.00,0,48,,13,,11,,11,,13,,,,,A4594:U4594,
4593,0042-4668,0.2,Vestn Otorinolaringol,1.00,0.00,1.00,0,48,,,15,,16,,17,,,,,,A4595:U4595,
4594,0177-5103,0.34,Dis Aquat Organ,0.96,0.17,0.00,0,48,8,9,5,3,5,6,6,6,,,,,A4596:U4596,
4595,0887-0624,1.03,Energy Fuels,0.00,0.96,1.00,0,48,4,7,7,6,8,2,8,6,,,,,A4597:U4597,
4596,1179-2000,1.81,Mol Diagn Ther,0.79,0.29,0.94,0,48,7,3,9,3,6,7,6,7,,,,,A4598:U4598,
4597,1179-2736,0.71,J Blood Med,0.00,1.00,0.88,0,48,1,3,13,7,2,6,6,10,,,,,A4599:U4599,
4598,1179-5549,0.65,Clin Med Insights Oncol,0.00,1.00,0.96,0,48,6,3,8,3,3,6,8,11,,,,,A4600:U4600,
4599,1210-7832,0.24,Ceska Gynekol,1.00,0.00,0.92,0,48,11,,12,,11,,14,,,,,,A4601:U4601,
4600,1366-5804,0.59,Biomarkers,0.69,0.10,0.73,0,48,7,10,5,3,8,5,1,9,,,,,A4602:U4602,
4601,1423-0232,0.6,Oncology,0.17,0.54,0.00,1,48,4,4,9,5,6,5,8,7,,,,,A4603:U4603,
4602,1439-1902,0.43,Thorac Cardiovasc Surg,0.23,0.12,0.88,0,48,4,8,7,7,6,5,7,4,,,,,A4604:U4604,
4603,1467-6494,1.8,J Pers,0.08,0.06,0.90,0,48,6,8,4,10,7,1,6,6,,,,,A4605:U4605,
4604,1473-6322,0.8,Curr Opin Allergy Clin Immunol,0.83,0.10,0.00,0,48,2,2,1,13,3,15,,12,,,,,A4606:U4606,
4605,1473-6578,1.78,Curr Opin Psychiatry,0.88,0.19,0.00,0,48,18,1,9,3,7,6,3,1,,,,,A4607:U4607,
4606,1480-3275,0.45,Can J Microbiol,0.75,0.60,0.81,0,48,9,3,7,3,6,7,4,9,,,,,A4608:U4608,
4607,1552-4957,1.03,Cytometry B Clin Cytom,0.23,0.02,0.90,0,48,4,9,6,4,6,6,4,9,,,,,A4609:U4609,
4608,1573-3270,0.73,Appl Psychophysiol Biofeedback,0.06,0.04,0.46,0,48,10,6,5,6,5,5,7,4,,,,,A4610:U4610,
4609,1573-3572,0.72,J Clin Psychol Med Settings,0.33,0.12,0.10,0,48,7,10,6,8,3,4,5,5,,,,,A4611:U4611,
4610,1573-6881,0.79,J Bioenerg Biomembr,0.96,0.12,0.19,1,48,,3,12,7,8,4,9,5,,,,,A4612:U4612,
4611,1618-2545,0.4,Mycoscience,0.00,1.00,0.00,0,48,,,,34,,6,8,,,,,,A4613:U4613,
4612,1705-7051,1.03,Can J Nurs Res,0.58,0.50,0.98,1,48,6,5,5,6,9,4,6,7,,,,,A4614:U4614,
4613,1744-8042,0.41,Pharmacogenomics,0.88,0.19,0.40,0,48,9,6,6,5,5,8,5,4,,,,,A4615:U4615,
4614,1751-1437,0.58,J Intensive Care Soc,0.00,0.98,1.00,0,48,7,3,7,8,4,7,4,8,,,,,A4616:U4616,
4615,1806-4760,0.52,Braz Dent J,1.00,1.00,1.00,0,48,16,8,1,4,3,,7,9,,,,,A4617:U4617,
4616,1872-9614,0.75,Nucl Med Biol,0.77,0.46,0.00,0,48,9,5,6,2,6,6,7,7,,,,,A4618:U4618,
4617,1873-281X,0.67,Tuberculosis (Edinb),0.85,0.38,0.00,0,48,10,7,6,8,8,3,3,3,,,,,A4619:U4619,
4618,1878-1780,1.81,Diabetes Metab,0.75,0.38,0.00,0,48,11,8,7,7,5,5,2,3,,,,,A4620:U4620,
4619,1879-1107,0.53,Comp Biochem Physiol B Biochem Mol Biol,0.96,0.10,0.00,0,48,5,7,7,6,8,5,6,4,,,,,A4621:U4621,
4620,1879-9809,0.71,PET Clin,0.62,0.00,0.00,0,48,5,2,1,8,4,5,14,9,,,,,A4622:U4622,
4621,1881-7122,,Exp Anim,0.25,1.00,0.00,0,48,3,3,5,3,5,1,21,7,,,,,A4623:U4623,
4622,1931-762X,0.65,Int J Sex Health,0.00,1.00,0.50,1,48,,16,,7,25,,,,,,,,A4624:U4624,
4623,1932-846X,0.99,Dev Neurobiol,0.98,0.27,0.42,0,48,10,1,10,3,13,5,5,1,,,,,A4625:U4625,
4624,1938-3797,0.59,JSLS,0.85,1.00,0.00,0,48,4,4,8,6,10,3,7,6,,,,,A4626:U4626,
4625,2045-7979,2.05,Epidemiol Psychiatr Sci,0.92,0.98,0.94,0,48,8,3,9,8,4,3,10,3,,,,,A4627:U4627,
4626,2049-9469,0.51,Mol Clin Oncol,0.00,1.00,0.00,0,48,3,6,8,11,8,4,4,4,,,,,A4628:U4628,
4627,2052-0573,0.31,Endocrinol Diabetes Metab Case Rep,0.00,1.00,0.96,0,48,5,13,6,13,1,7,1,2,,,,,A4629:U4629,
4628,2092-7355,1.24,Allergy Asthma Immunol Res,0.00,1.00,1.00,0,48,9,,13,,,13,,13,,,,,A4630:U4630,
4629,2093-3665,0.32,Anat Cell Biol,0.00,1.00,1.00,0,48,8,6,5,6,9,5,4,5,,,,,A4631:U4631,
4630,2149-8709,0.53,Turk J Ophthalmol,0.58,1.00,1.00,0,48,,12,1,11,,12,,12,,,,,A4632:U4632,
4631,2157-9024,2.08,Oncogenesis,0.00,1.00,0.98,0,48,5,3,7,9,12,8,4,,,,,,A4633:U4633,
4632,2169-5180,1.79,Soft Robot,0.27,0.02,0.42,0,48,1,10,13,12,5,3,3,1,,,,,A4634:U4634,
4633,2312-8852,,Exp Oncol,1.00,0.00,0.00,0,48,15,,12,,,11,,10,,,,,A4635:U4635,
4634,2333-3936,0.79,Glob Qual Nurs Res,0.00,1.00,1.00,0,48,1,3,6,5,12,6,5,10,,,,,A4636:U4636,
4635,2341-4545,0.26,GE Port J Gastroenterol,0.00,1.00,0.00,1,48,5,5,6,5,3,6,3,15,,,,,A4637:U4637,
4636,2452-6053,0.2,Andes Pediatr,0.77,1.00,0.00,0,48,,,48,,,,,,,,,,A4638:U4638,
4637,2509-4254,0.86,Pharmacoecon Open,0.00,1.00,0.92,0,48,10,3,5,7,7,6,5,5,,,,,A4639:U4639,
4638,2640-8074,0.48,J Evid Based Soc Work (2019),0.08,0.27,0.50,0,48,4,6,4,8,5,6,7,8,,,,,A4640:U4640,
4639,2770-596X,9.12,Imeta,0.00,1.00,0.98,0,48,,,,,12,,18,18,,,,,A4641:U4641,
4640,2813-2092,0.74,J Abdom Wall Surg,0.00,1.00,0.00,0,48,14,4,3,11,4,3,4,5,,,,,A4642:U4642,
4641,0024-3639,0.18,Linacre Q,0.00,0.11,0.91,0,47,,1,13,10,8,7,6,2,,,,,A4643:U4643,
4642,0171-2004,0.17,Handb Exp Pharmacol,0.30,0.00,0.19,0,47,1,8,1,1,12,6,11,7,,,,,A4644:U4644,
4643,0912-0009,0.61,J Clin Biochem Nutr,0.00,1.00,0.00,0,47,12,,11,,12,,12,,,,,,A4645:U4645,
4644,1005-6661,0.2,Zhongguo Xue Xi Chong Bing Fang Zhi Za Zhi,1.00,0.00,0.00,0,47,,,,16,,15,,16,,,,,A4646:U4646,
4645,1078-4497,,Fed Pract,0.00,1.00,0.00,0,47,,,23,,,,,24,,,,,A4647:U4647,
4646,1348-9585,0.77,J Occup Health,0.83,1.00,1.00,0,47,7,5,5,9,3,5,9,4,,,,,A4648:U4648,
4647,1438-8782,0.54,Ultraschall Med,0.13,0.36,0.70,0,47,7,11,2,5,6,6,5,5,,,,,A4649:U4649,
4648,1461-7471,0.89,Transcult Psychiatry,0.49,0.43,0.96,0,47,5,3,2,3,12,12,4,6,,,,,A4650:U4650,
4649,1475-2670,0.43,Bull Entomol Res,0.17,0.00,0.98,1,47,2,8,8,12,7,7,2,1,,,,,A4651:U4651,
4650,1476-5446,0.6,Evid Based Dent,0.47,0.13,0.74,0,47,4,6,5,5,5,5,10,7,,,,,A4652:U4652,
4651,1528-3976,0.45,J Wound Ostomy Continence Nurs,0.57,0.13,0.30,0,47,15,,18,,1,1,12,,,,,,A4653:U4653,
4652,1528-7483,0.62,Cryst Growth Des,0.00,1.00,1.00,0,47,11,10,3,,6,3,6,8,,,,,A4654:U4654,
4653,1531-703X,0.98,Curr Opin Oncol,0.87,0.09,0.00,0,47,,9,12,4,4,11,2,5,,,,,A4655:U4655,
4654,1532-3390,1.16,J Evid Based Dent Pract,0.89,0.43,0.00,1,47,,,10,,16,,,21,,,,,A4656:U4656,
4655,1538-2443,0.6,J Neurovirol,0.72,0.45,0.34,2,47,1,5,13,2,4,4,10,8,,,,,A4657:U4657,
4656,1539-1612,0.99,Pharm Stat,0.98,0.45,0.96,0,47,3,7,9,6,7,5,3,7,,,,,A4658:U4658,
4657,1542-6416,1.04,Clin Proteomics,0.00,1.00,0.17,0,47,8,6,10,5,6,8,4,,,,,,A4659:U4659,
4658,1552-4531,1.15,J Biol Rhythms,0.60,0.53,0.98,0,47,7,2,,11,8,5,11,3,,,,,A4660:U4660,
4659,1558-1756,0.27,IEEE Comput Graph Appl,0.11,0.04,0.00,0,47,5,4,6,1,7,5,15,4,,,,,A4661:U4661,
4660,1573-0719,0.43,J Cross Cult Gerontol,1.00,0.43,0.55,0,47,4,7,9,5,7,4,8,3,,,,,A4662:U4662,
4661,1573-3645,0.26,J Med Humanit,0.02,0.04,0.13,0,47,2,6,6,6,7,10,3,7,,,,,A4663:U4663,
4662,1609-722X,0.14,Rev Gastroenterol Peru,0.94,0.00,0.00,0,47,16,,,15,,,16,,,,,,A4664:U4664,
4663,1651-2316,1.35,Cogn Behav Ther,0.00,0.45,1.00,0,47,4,11,8,6,4,4,5,5,,,,,A4665:U4665,
4664,1671-7104,0.12,Zhongguo Yi Liao Qi Xie Za Zhi,1.00,0.00,0.00,0,47,,16,,16,,15,,,,,,,A4666:U4666,
4665,1756-6053,0.52,Lang Speech,0.04,0.43,1.00,0,47,8,5,2,6,6,5,9,6,,,,,A4667:U4667,
4666,1757-5672,0.48,Low Urin Tract Symptoms,0.83,0.60,0.98,0,47,3,4,7,4,3,8,9,9,,,,,A4668:U4668,
4667,1758-1109,1.38,J Telemed Telecare,0.17,0.21,1.00,0,47,5,2,6,7,6,8,7,6,,,,,A4669:U4669,
4668,1758-1117,0.39,Lab Anim,0.38,0.28,0.94,0,47,1,,10,6,4,10,8,8,,,,,A4670:U4670,
4669,1776-1042,0.72,Parasite,1.00,1.00,0.91,0,47,3,6,6,12,3,6,5,6,,,,,A4671:U4671,
4670,1790-5427,0.24,Hell J Nucl Med,0.68,0.26,0.00,0,47,,,,12,,,22,13,,,,,A4672:U4672,
4671,1867-1632,0.53,Mycotoxin Res,0.98,0.47,0.62,0,47,4,11,5,3,3,5,5,11,,,,,A4673:U4673,
4672,1920-454X,0.74,World J Oncol,0.00,1.00,0.36,0,47,11,,11,,12,,13,,,,,,A4674:U4674,
4673,1999-768X,0.33,Oman Med J,0.00,1.00,0.00,0,47,11,3,1,9,6,6,9,2,,,,,A4675:U4675,
4674,2044-4052,1.61,Nutr Diabetes,0.68,1.00,0.98,0,47,2,1,4,7,7,15,11,,,,,,A4676:U4676,
4675,2054-1538,,Anim Welf,0.00,1.00,1.00,0,47,6,7,3,12,7,1,8,3,,,,,A4677:U4677,
4676,2090-2204,0.55,J Aging Res,0.00,1.00,0.98,0,47,11,7,,7,3,6,10,3,,,,,A4678:U4678,
4677,2090-6781,,Case Rep Pathol,0.00,1.00,1.00,0,47,4,8,7,7,8,3,6,4,,,,,A4679:U4679,
4678,2149-2042,0.41,Medeni Med J,0.00,1.00,0.98,0,47,10,,15,3,2,,11,6,,,,,A4680:U4680,
4679,2156-3977,0.31,J Innov Card Rhythm Manag,0.00,1.00,0.17,0,47,5,7,8,6,6,8,6,1,,,,,A4681:U4681,
4680,2162-0989,1.61,Asia Pac J Ophthalmol (Phila),0.68,0.91,0.00,0,47,8,2,10,6,8,1,10,2,,,,,A4682:U4682,
4681,2165-5987,1.02,Bioengineered,0.00,1.00,0.00,69,47,3,,6,,37,,,1,,,,,A4683:U4683,
4682,2169-141X,0.97,Artif Cells Nanomed Biotechnol,0.83,1.00,0.85,24,47,8,3,4,6,6,6,13,1,,,,,A4684:U4684,
4683,2214-3882,0.79,Asian J Urol,0.00,1.00,0.00,0,47,,,16,,,15,,16,,,,,A4685:U4685,
4684,2215-0013,1.25,Schizophr Res Cogn,0.00,1.00,0.00,0,47,7,6,5,7,6,6,3,7,,,,,A4686:U4686,
4685,2327-2236,0.67,J Health Econ Outcomes Res,0.00,1.00,0.53,0,47,3,5,7,3,5,14,4,6,,,,,A4687:U4687,
4686,2352-1872,0.8,Bone Rep,0.00,1.00,0.00,0,47,2,12,3,7,4,8,8,3,,,,,A4688:U4688,
4687,2371-4379,0.83,JMIR Diabetes,0.00,1.00,1.00,0,47,6,6,7,5,5,8,5,5,,,,,A4689:U4689,
4688,2393-1809,0.35,J Crit Care Med (Targu Mures),0.00,1.00,0.00,0,47,,15,,,17,,15,,,,,,A4690:U4690,
4689,2396-8923,0.5,Biol Methods Protoc,0.00,1.00,0.91,0,47,4,7,7,3,4,11,9,2,,,,,A4691:U4691,
4690,2548-0839,0.73,Eur Endod J,0.96,1.00,0.74,0,47,,12,,,22,6,7,,,,,,A4692:U4692,
4691,2608-1008,0.1,J Int Bioethique Ethique Sci,0.53,0.00,0.00,0,47,,16,18,,8,,5,,,,,,A4693:U4693,
4692,0022-0167,1.38,J Couns Psychol,0.43,0.02,0.93,0,46,4,6,7,3,5,9,10,2,,,,,A4694:U4694,
4693,0219-1032,1.93,Mol Cells,0.87,1.00,0.00,0,46,9,7,12,6,6,2,1,3,,,,,A4695:U4695,
4694,0529-567X,0.27,Zhonghua Fu Chan Ke Za Zhi,1.00,0.00,0.00,0,46,6,,17,6,,7,10,,,,,,A4696:U4696,
4695,0743-2550,0.13,J Christ Nurs,0.22,0.00,0.00,0,46,,,21,,,25,,,,,,,A4697:U4697,
4696,0894-0282,1.24,Mol Plant Microbe Interact,0.83,1.00,0.98,0,46,9,11,7,6,3,5,4,1,,,,,A4698:U4698,
4697,1097-4687,0.47,J Morphol,0.98,0.70,0.96,0,46,3,,5,4,7,8,8,11,,,,,A4699:U4699,
4698,1439-3522,0.17,Fortschr Neurol Psychiatr,0.22,0.09,0.35,0,46,4,7,6,5,5,11,5,3,,,,,A4700:U4700,
4699,1440-1681,0.63,Clin Exp Pharmacol Physiol,0.96,0.28,0.83,0,46,3,8,6,6,5,6,3,9,,,,,A4701:U4701,
4700,1450-1147,,World J Nucl Med,0.00,1.00,0.80,0,46,15,,,,15,1,15,,,,,,A4702:U4702,
4701,1476-3524,0.86,Neurotox Res,0.96,0.37,0.46,0,46,3,5,8,6,2,3,10,9,,,,,A4703:U4703,
4702,1521-0081,4.97,Pharmacol Rev,0.72,0.59,0.00,0,46,5,10,8,5,4,8,6,,,,,,A4704:U4704,
4703,1534-6315,1.61,Curr Allergy Asthma Rep,0.93,0.48,0.43,1,46,7,9,11,5,8,4,,2,,,,,A4705:U4705,
4704,1545-5815,0.9,Account Res,0.41,0.41,0.63,1,46,7,7,7,6,4,8,1,6,,,,,A4706:U4706,
4705,1549-7801,1.78,Crit Rev Biotechnol,0.87,0.15,0.61,0,46,6,7,10,5,,5,9,4,,,,,A4707:U4707,
4706,1557-9786,0.57,Magn Reson Imaging Clin N Am,0.87,0.00,0.00,0,46,,,,15,,,17,14,,,,,A4708:U4708,
4707,1558-9307,0.43,Lipids,0.41,0.17,0.93,0,46,4,8,6,6,6,2,5,9,,,,,A4709:U4709,
4708,1568-4156,1.0,Int J Integr Care,0.00,1.00,0.98,0,46,,6,6,6,8,9,5,6,,,,,A4710:U4710,
4709,1574-6976,4.56,FEMS Microbiol Rev,0.91,1.00,0.93,0,46,3,6,7,4,7,4,7,8,,,,,A4711:U4711,
4710,1578-3278,0.18,Rehabilitacion (Madr),0.67,0.00,0.00,0,46,1,9,4,4,10,9,5,4,,,,,A4712:U4712,
4711,1744-7607,0.99,Expert Opin Drug Metab Toxicol,0.67,0.20,0.41,0,46,3,5,9,5,9,6,2,7,,,,,A4713:U4713,
4712,1746-6318,1.33,Curr Opin HIV AIDS,0.72,0.22,0.00,0,46,9,7,6,,8,2,5,9,,,,,A4714:U4714,
4713,1753-3023,0.63,Arts Health,0.00,0.41,0.46,0,46,2,9,6,8,9,1,4,7,,,,,A4715:U4715,
4714,1863-2378,0.78,Zoonoses Public Health,0.83,0.61,0.93,0,46,2,10,8,6,4,3,6,7,,,,,A4716:U4716,
4715,1873-1732,1.0,Prog Biophys Mol Biol,0.91,0.24,0.00,2,46,5,5,8,2,6,5,10,5,,,,,A4717:U4717,
4716,1873-5118,2.41,Prog Neurobiol,0.85,0.76,0.00,0,46,6,5,5,10,7,7,3,3,,,,,A4718:U4718,
4717,1875-6697,0.32,Curr Comput Aided Drug Des,0.00,0.00,0.41,0,46,11,2,2,6,9,4,6,6,,,,,A4719:U4719,
4718,1879-0410,2.85,Curr Opin Cell Biol,0.80,0.65,0.00,0,46,2,6,7,6,9,8,7,1,,,,,A4720:U4720,
4719,1940-1027,0.45,J Mot Behav,0.85,0.17,0.46,0,46,6,5,10,2,8,2,9,4,,,,,A4721:U4721,
4720,1940-5200,0.44,J Correct Health Care,0.54,0.13,0.61,0,46,3,10,3,6,9,4,6,5,,,,,A4722:U4722,
4721,1988-561X,0.19,Rev Esp Patol,0.83,0.15,0.00,0,46,13,6,,8,4,7,7,1,,,,,A4723:U4723,
4722,2052-286X,0.34,Int J Palliat Nurs,0.78,0.04,0.02,0,46,,,12,6,6,6,11,5,,,,,A4724:U4724,
4723,2057-3995,1.92,NPJ Regen Med,0.00,1.00,0.15,0,46,9,3,7,6,6,5,10,,,,,,A4725:U4725,
4724,2058-5357,0.82,BJA Educ,0.00,0.17,0.00,0,46,,16,,9,5,5,6,5,,,,,A4726:U4726,
4725,2090-2735,0.38,J Pregnancy,1.00,1.00,1.00,0,46,3,4,12,6,2,7,8,4,,,,,A4727:U4727,
4726,2090-696X,,Case Rep Urol,0.00,1.00,0.98,0,46,1,2,3,13,6,6,7,8,,,,,A4728:U4728,
4727,2153-2176,0.72,Child Obes,0.78,0.33,0.93,2,46,2,11,2,4,6,7,9,5,,,,,A4729:U4729,
4728,2157-1740,0.11,Narrat Inq Bioeth,0.30,0.00,0.00,0,46,,25,,,21,,,,,,,,A4730:U4730,
4729,2159-9777,0.7,J Psychoactive Drugs,0.00,0.37,0.67,0,46,9,1,9,6,4,11,1,5,,,,,A4731:U4731,
4730,2164-2850,0.8,Health Psychol Behav Med,0.00,1.00,0.50,0,46,4,7,4,6,3,3,8,11,,,,,A4732:U4732,
4731,2194-7899,0.83,Health Justice,0.00,1.00,0.15,0,46,8,5,6,6,1,11,8,1,,,,,A4733:U4733,
4732,2198-4034,,Int J Implant Dent,0.85,1.00,0.28,1,46,4,4,2,10,9,6,7,4,,,,,A4734:U4734,
4733,2220-3141,,World J Crit Care Med,0.00,1.00,0.00,0,46,,,24,,,22,,,,,,,A4735:U4735,
4734,2253-2447,0.86,Res Rep Urol,0.00,1.00,0.96,0,46,2,1,15,7,4,6,4,7,,,,,A4736:U4736,
4735,2354-4716,,Neuro Endocrinol Lett,0.57,0.00,0.00,0,46,10,,6,,7,6,8,9,,,,,A4737:U4737,
4736,2432-1354,,Prog Rehabil Med,0.00,1.00,0.00,1,46,3,6,4,6,7,7,6,7,,,,,A4738:U4738,
4737,2445-1479,,Enferm Clin (Engl Ed),0.76,0.07,0.00,0,46,6,6,9,2,6,2,15,,,,,,A4739:U4739,
4738,2666-4976,0.72,Compr Psychoneuroendocrinol,0.00,1.00,0.00,0,46,5,4,3,5,4,3,10,12,,,,,A4740:U4740,
4739,2757-7392,0.46,Hepatol Forum,0.00,0.98,0.00,0,46,14,,,,,,,32,,,,,A4741:U4741,
4740,2813-2890,0.56,Front Sleep,0.00,1.00,0.00,0,46,5,6,1,7,5,8,6,8,,,,,A4742:U4742,
4741,2835-5598,,Pediatr Discov,0.00,1.00,0.93,0,46,13,,,13,,,18,2,,,,,A4743:U4743,
4742,0241-6972,0.11,Soins Psychiatr,0.82,0.00,0.00,0,45,11,,11,,12,,11,,,,,,A4744:U4744,
4743,0300-9173,0.12,Nihon Ronen Igakkai Zasshi,0.27,1.00,0.00,0,45,17,,14,,,14,,,,,,,A4745:U4745,
4744,1029-2470,0.7,Free Radic Res,0.78,0.09,0.24,0,45,5,4,3,7,10,6,7,3,,,,,A4746:U4746,
4745,1092-874X,0.4,Int J Toxicol,0.44,0.09,0.56,1,45,4,7,2,3,5,10,11,3,,,,,A4747:U4747,
4746,1097-9891,0.97,Am J Drug Alcohol Abuse,0.69,0.29,0.71,0,45,2,11,6,10,,7,3,6,,,,,A4748:U4748,
4747,1233-9687,0.31,Pol J Pathol,0.96,1.00,0.00,1,45,10,,11,,,,24,,,,,,A4749:U4749,
4748,1392-0138,0.22,Acta Med Litu,0.00,1.00,1.00,0,45,,21,,,,,,24,,,,,A4750:U4750,
4749,1423-002X,0.73,Gynecol Obstet Invest,0.07,0.49,0.00,4,45,3,5,4,8,6,9,4,6,,,,,A4751:U4751,
4750,1423-0267,0.77,Ophthalmologica,0.40,0.31,0.00,0,45,11,4,8,7,1,4,5,5,,,,,A4752:U4752,
4751,1435-1544,0.28,Herzschrittmacherther Elektrophysiol,0.58,0.07,0.04,0,45,5,8,9,,8,2,4,9,,,,,A4753:U4753,
4752,1438-7573,0.82,J Assoc Res Otolaryngol,0.76,0.64,0.96,0,45,7,5,9,6,4,6,5,3,,,,,A4754:U4754,
4753,1469-5111,1.65,Int J Neuropsychopharmacol,0.80,1.00,0.93,1,45,5,4,5,7,10,5,3,6,,,,,A4755:U4755,
4754,1473-0790,0.58,Aging Male,1.00,1.00,0.33,0,45,7,9,13,6,1,2,3,4,,,,,A4756:U4756,
4755,1475-097X,0.46,Clin Physiol Funct Imaging,0.98,0.53,0.93,0,45,8,5,4,6,4,8,6,4,,,,,A4757:U4757,
4756,1475-2719,1.41,Proc Nutr Soc,0.02,0.04,0.96,0,45,12,5,,4,7,,11,6,,,,,A4758:U4758,
4757,1530-888X,0.67,Neural Comput,0.47,0.13,0.02,0,45,,6,7,13,,8,6,5,,,,,A4759:U4759,
4758,1531-1937,0.41,J Pharm Pract,0.22,0.04,0.98,0,45,8,4,4,2,12,2,4,9,,,,,A4760:U4760,
4759,1532-7906,2.02,Multivariate Behav Res,0.33,0.33,0.56,0,45,3,2,9,3,9,6,2,11,,,,,A4761:U4761,
4760,1536-0210,3.01,Invest Radiol,0.38,0.18,0.93,0,45,7,11,2,9,3,4,7,2,,,,,A4762:U4762,
4761,1539-3429,0.32,Biochem Mol Biol Educ,0.69,0.40,0.87,0,45,6,5,10,3,3,6,7,5,,,,,A4763:U4763,
4762,1541-3098,0.37,Occup Ther Health Care,0.04,0.22,0.33,0,45,5,8,7,3,6,3,7,6,,,,,A4764:U4764,
4763,1557-1904,1.46,J Neuroimmune Pharmacol,0.96,0.29,0.40,0,45,9,3,4,7,3,5,4,10,,,,,A4765:U4765,
4764,1558-0474,0.82,Obstet Gynecol Clin North Am,0.87,0.04,0.00,0,45,,15,,,,13,17,,,,,,A4766:U4766,
4765,1573-8744,0.85,J Pharmacokinet Pharmacodyn,0.93,0.56,0.40,0,45,4,3,8,4,4,6,15,1,,,,,A4767:U4767,
4766,1687-9589,0.63,Obstet Gynecol Int,0.00,1.00,1.00,0,45,10,8,2,,2,10,7,6,,,,,A4768:U4768,
4767,1742-271X,0.28,Ultrasound,0.00,0.09,0.89,0,45,4,3,10,,5,10,8,5,,,,,A4769:U4769,
4768,1743-2928,1.82,Redox Rep,0.91,1.00,0.58,0,45,3,12,6,6,5,10,1,2,,,,,A4770:U4770,
4769,1744-2818,2.19,Amyloid,0.20,0.31,0.31,0,45,9,3,5,4,6,9,5,4,,,,,A4771:U4771,
4770,1745-655X,0.53,J Public Health Policy,0.69,0.40,0.13,0,45,2,2,7,4,6,3,5,16,,,,,A4772:U4772,
4771,1814-1412,1.47,World J Biol Psychiatry,0.82,0.27,0.67,0,45,7,4,4,5,4,8,9,4,,,,,A4773:U4773,
4772,1836-7399,0.5,Aust J Prim Health,0.96,0.96,0.71,0,45,2,2,2,11,8,9,6,5,,,,,A4774:U4774,
4773,1836-9561,1.41,J Physiother,0.22,1.00,0.00,0,45,,,11,11,,21,1,1,,,,,A4775:U4775,
4774,1873-7358,0.74,Eat Behav,0.96,0.47,0.00,0,45,6,4,5,1,7,8,7,7,,,,,A4776:U4776,
4775,1878-1594,,Best Pract Res Clin Endocrinol Metab,0.71,0.29,0.00,0,45,2,5,6,4,13,9,,6,,,,,A4777:U4777,
4776,1932-8095,0.22,Prof Case Manag,0.33,0.02,0.36,0,45,11,1,3,2,5,8,13,2,,,,,A4778:U4778,
4777,1937-2345,0.35,J Parasitol,1.00,0.04,0.31,0,45,4,8,8,8,6,4,6,1,,,,,A4779:U4779,
4778,1947-6108,0.6,Methodist Debakey Cardiovasc J,0.96,1.00,0.96,0,45,3,4,14,5,,,16,3,,,,,A4780:U4780,
4779,1985-2533,0.29,Malays Orthop J,0.00,1.00,0.00,0,45,22,,,,23,,,,,,,,A4781:U4781,
4780,1988-9518,0.61,Rev Esp Quimioter,0.42,1.00,0.93,0,45,8,5,10,5,7,4,4,2,,,,,A4782:U4782,
4781,2005-3894,0.44,Ann Dermatol,0.00,1.00,1.00,0,45,11,,,10,,12,,12,,,,,A4783:U4783,
4782,2005-6443,0.85,Korean J Fam Med,0.00,1.00,0.00,0,45,9,5,4,4,6,6,5,6,,,,,A4784:U4784,
4783,2044-8317,1.2,Br J Math Stat Psychol,0.07,0.07,0.98,0,45,5,7,8,3,3,5,10,4,,,,,A4785:U4785,
4784,2052-5206,0.44,Acta Crystallogr B Struct Sci Cryst Eng Mater,0.00,0.53,0.78,0,45,7,6,9,3,8,8,2,2,,,,,A4786:U4786,
4785,2053-3713,0.52,Healthc Technol Lett,0.00,1.00,0.93,1,45,3,17,1,8,7,3,3,3,,,,,A4787:U4787,
4786,2067-0656,,Curr Health Sci J,0.00,1.00,0.00,0,45,14,,,16,15,,,,,,,,A4788:U4788,
4787,2090-6668,,Case Rep Neurol Med,0.00,1.00,0.98,1,45,5,6,2,8,7,5,5,7,,,,,A4789:U4789,
4788,2090-6765,,Case Rep Otolaryngol,0.00,1.00,1.00,0,45,4,4,1,11,9,3,7,6,,,,,A4790:U4790,
4789,2159-3000,0.27,FP Essent,0.80,0.00,0.00,0,45,10,,10,,10,,,15,,,,,A4791:U4791,
4790,2415-6809,0.59,Ann Jt,0.00,1.00,0.73,0,45,,15,,,18,,,12,,,,,A4792:U4792,
4791,2473-2877,1.1,APL Bioeng,0.00,1.00,1.00,0,45,7,4,10,8,4,4,4,4,,,,,A4793:U4793,
4792,2508-4909,0.86,Ann Geriatr Med Res,0.53,1.00,0.00,0,45,1,,5,13,6,7,7,6,,,,,A4794:U4794,
4793,2508-5859,0.61,Ann Hepatobiliary Pancreat Surg,0.00,0.93,1.00,0,45,8,3,3,14,3,7,3,4,,,,,A4795:U4795,
4794,2527-2179,0.29,Braz J Vet Med,0.00,1.00,0.98,0,45,5,6,8,1,2,10,5,8,,,,,A4796:U4796,
4795,2574-2167,0.6,OTA Int,0.00,1.00,0.67,0,45,7,4,9,2,3,5,9,6,,,,,A4797:U4797,
4796,2641-0397,0.94,Sex Reprod Health Matters,0.78,1.00,0.89,0,45,5,7,4,2,6,5,12,4,,,,,A4798:U4798,
4797,2673-1991,0.31,Eur Burn J,0.00,1.00,0.98,0,45,4,8,7,2,10,4,5,5,,,,,A4799:U4799,
4798,2674-0109,0.79,Front Netw Physiol,0.00,1.00,0.00,0,45,6,2,5,3,7,7,10,5,,,,,A4800:U4800,
4799,2771-1757,1.15,Health Care Sci,0.00,1.00,1.00,0,45,,,9,7,,10,15,4,,,,,A4801:U4801,
4800,2960-110X,,J Coll Med S Afr,0.00,1.00,1.00,0,45,4,3,4,8,4,5,3,14,,,,,A4802:U4802,
4801,2976-856X,,NAR Mol Med,0.00,1.00,0.93,0,45,8,9,2,6,5,6,5,4,,,,,A4803:U4803,
4802,0008-7335,0.15,Cas Lek Cesk,0.93,0.00,0.00,0,44,17,,2,7,,9,,9,,,,,A4804:U4804,
4803,0039-4521,0.22,Sud Med Ekspert,1.00,0.00,1.00,0,44,,13,,9,9,,,13,,,,,A4805:U4805,
4804,0042-8833,0.22,Vopr Pitan,1.00,0.00,1.00,0,44,13,,,,11,8,,12,,,,,A4806:U4806,
4805,1095-9564,0.81,Neurobiol Learn Mem,0.73,0.70,0.00,0,44,4,4,6,4,9,6,6,5,,,,,A4807:U4807,
4806,1096-4665,0.5,Health Care Women Int,0.45,0.11,0.73,1,44,7,10,,4,7,3,4,9,,,,,A4808:U4808,
4807,1097-0355,0.95,Infant Ment Health J,1.00,0.68,0.91,0,44,9,,4,4,16,5,4,2,,,,,A4809:U4809,
4808,1098-9021,0.74,Semin Neurol,0.48,0.11,0.34,0,44,9,10,8,4,4,3,1,5,,,,,A4810:U4810,
4809,1099-1387,0.48,J Pept Sci,0.95,0.59,0.82,0,44,6,6,3,,10,7,4,8,,,,,A4811:U4811,
4810,1432-0703,0.92,Arch Environ Contam Toxicol,1.00,0.27,0.86,0,44,10,4,4,7,4,6,5,4,,,,,A4812:U4812,
4811,1432-1432,0.74,J Mol Evol,0.84,0.36,0.68,0,44,4,3,7,2,9,5,11,3,,,,,A4813:U4813,
4812,1439-3646,0.53,Exp Clin Endocrinol Diabetes,0.34,0.25,0.75,1,44,,4,7,7,9,5,6,6,,,,,A4814:U4814,
4813,1439-3980,0.2,Handchir Mikrochir Plast Chir,0.59,0.14,0.61,0,44,4,3,9,7,7,3,2,9,,,,,A4815:U4815,
4814,1465-3338,0.64,Avian Pathol,0.50,0.34,0.50,0,44,4,2,4,6,10,8,7,3,,,,,A4816:U4816,
4815,1468-4233,0.43,Perception,0.50,0.32,0.98,0,44,6,5,10,5,5,2,4,7,,,,,A4817:U4817,
4816,1478-4491,1.53,Hum Resour Health,0.89,1.00,0.36,0,44,9,3,4,8,13,4,3,,,,,,A4818:U4818,
4817,1502-4725,0.68,Nord J Psychiatry,0.70,0.52,0.48,0,44,3,4,6,2,5,7,9,8,,,,,A4819:U4819,
4818,1526-0976,0.68,J Low Genit Tract Dis,0.64,0.07,0.64,0,44,3,6,6,10,5,4,5,5,,,,,A4820:U4820,
4819,1532-8686,1.34,Semin Hematol,0.68,0.16,0.00,0,44,4,1,7,9,8,8,4,3,,,,,A4821:U4821,
4820,1538-1145,0.36,J Psychiatr Pract,0.82,0.02,0.45,0,44,10,,12,,12,,10,,,,,,A4822:U4822,
4821,1541-3527,0.58,Int J Psychiatry Med,0.11,0.14,0.84,1,44,5,6,7,3,3,5,6,9,,,,,A4823:U4823,
4822,1557-8240,0.75,Pediatr Clin North Am,0.86,0.05,0.00,0,44,,,,16,13,15,,,,,,,A4824:U4824,
4823,1558-1357,0.62,Nurs Clin North Am,0.86,0.00,0.00,0,44,16,,,,15,,13,,,,,,A4825:U4825,
4824,1572-9249,0.92,Lifetime Data Anal,0.93,0.45,0.84,0,44,6,5,8,5,5,5,4,6,,,,,A4826:U4826,
4825,1662-0631,0.22,Case Rep Gastroenterol,0.00,1.00,0.00,0,44,3,1,5,6,1,5,15,8,,,,,A4827:U4827,
4826,1687-5443,1.22,Neural Plast,0.89,1.00,0.89,2,44,4,3,6,5,13,6,5,2,,,,,A4828:U4828,
4827,1744-764X,0.86,Expert Opin Drug Saf,0.16,0.23,0.34,1,44,3,6,9,8,5,3,5,5,,,,,A4829:U4829,
4828,1748-5908,4.95,Implement Sci,0.70,1.00,0.50,0,44,4,9,6,3,6,9,7,,,,,,A4830:U4830,
4829,1753-495X,0.33,Obstet Med,0.00,0.14,0.98,0,44,2,4,12,8,7,5,2,4,,,,,A4831:U4831,
4830,1923-2829,0.45,Cardiol Res,0.00,1.00,0.30,0,44,9,,5,9,,11,10,,,,,,A4832:U4832,
4831,1938-9116,0.29,Vasc Endovascular Surg,0.68,0.09,0.98,0,44,3,7,,25,4,1,,4,,,,,A4833:U4833,
4832,1939-1544,0.6,Rehabil Psychol,0.18,0.18,0.95,0,44,1,6,5,7,9,7,6,3,,,,,A4834:U4834,
4833,1940-9990,1.77,IEEE Trans Biomed Circuits Syst,0.50,0.00,0.00,0,44,10,4,3,6,4,6,5,6,,,,,A4835:U4835,
4834,1947-6043,0.95,Cartilage,0.02,1.00,1.00,0,44,6,9,3,5,5,6,1,9,,,,,A4836:U4836,
4835,1998-4057,0.42,J Indian Prosthodont Soc,0.91,1.00,0.00,0,44,14,,,15,,,15,,,,,,A4837:U4837,
4836,2052-8817,,Acute Med Surg,0.00,1.00,0.98,0,44,4,10,,5,3,4,14,4,,,,,A4838:U4838,
4837,2054-958X,,Matern Health Neonatol Perinatol,0.00,1.00,0.41,0,44,3,3,3,4,5,8,5,13,,,,,A4839:U4839,
4838,2055-7159,,BJR Case Rep,0.00,1.00,0.70,0,44,9,4,8,5,7,4,4,3,,,,,A4840:U4840,
4839,2090-3170,0.59,Int J Breast Cancer,0.00,1.00,1.00,0,44,6,1,4,11,8,5,6,3,,,,,A4841:U4841,
4840,2092-7193,0.9,Epidemiol Health,0.64,1.00,0.00,0,44,6,5,2,4,3,10,5,9,,,,,A4842:U4842,
4841,2167-5112,0.65,HERD,0.48,0.16,0.93,0,44,4,4,2,9,4,6,8,7,,,,,A4843:U4843,
4842,2186-1005,0.38,Ann Thorac Cardiovasc Surg,0.98,1.00,0.43,0,44,7,4,2,6,3,7,6,9,,,,,A4844:U4844,
4843,2191-0200,1.29,Rev Neurosci,0.52,1.00,0.55,0,44,3,4,4,6,8,8,8,3,,,,,A4845:U4845,
4844,2194-7791,1.33,Mol Cell Pediatr,0.00,1.00,0.32,0,44,4,4,3,13,8,4,4,4,,,,,A4846:U4846,
4845,2213-0489,0.33,Leuk Res Rep,0.00,1.00,0.00,0,44,6,4,7,12,5,6,2,2,,,,,A4847:U4847,
4846,2234-0726,1.68,Knee Surg Relat Res,0.00,1.00,0.55,0,44,5,6,2,4,3,2,13,9,,,,,A4848:U4848,
4847,2251-7251,0.24,Iran J Otorhinolaryngol,0.00,1.00,0.00,0,44,20,,,8,,,,16,,,,,A4849:U4849,
4848,2287-979X,0.92,Blood Res,0.00,1.00,0.32,0,44,3,3,3,6,8,7,5,9,,,,,A4850:U4850,
4849,2385-0787,1.08,Clin Neuropsychiatry,0.00,1.00,0.18,0,44,10,,11,8,,,8,7,,,,,A4851:U4851,
4850,2514-4820,1.22,J Cogn,0.00,1.00,0.98,0,44,11,8,3,4,4,3,5,6,,,,,A4852:U4852,
4851,2516-1091,1.32,Prog Biomed Eng (Bristol),0.82,0.11,1.00,0,44,11,1,5,6,6,10,1,4,,,,,A4853:U4853,
4852,2524-4655,,One Health Outlook,0.00,0.93,0.16,0,44,7,8,7,4,6,6,3,3,,,,,A4854:U4854,
4853,2529-9840,,Enferm Intensiva (Engl Ed),0.91,0.11,0.00,0,44,8,7,2,6,5,5,10,1,,,,,A4855:U4855,
4854,2651-2823,0.42,Eur Oral Res,0.00,1.00,0.48,0,44,,13,11,,8,,11,1,,,,,A4856:U4856,
4855,2692-3114,0.88,Explor Target Antitumor Ther,0.00,1.00,0.95,0,44,2,2,5,4,5,3,8,15,,,,,A4857:U4857,
4856,2771-9979,,Neurol Educ,0.00,1.00,0.95,0,44,7,6,3,6,5,6,4,7,,,,,A4858:U4858,
4857,2976-8705,,BJR Artif Intell,0.00,1.00,1.00,0,44,,,,,37,3,3,1,,,,,A4859:U4859,
4858,2982-6799,0.41,Parasites Hosts Dis,0.84,1.00,0.00,0,44,8,5,3,6,3,4,7,8,,,,,A4860:U4860,
4859,0973-6131,,Int J Yoga,0.00,1.00,0.00,0,43,,16,,,14,,,13,,,,,A4861:U4861,
4860,0973-6247,0.23,Asian J Transfus Sci,0.00,1.00,0.00,0,43,,,,,,43,,,,,,,A4862:U4862,
4861,0974-2700,0.32,J Emerg Trauma Shock,0.00,1.00,0.00,0,43,14,,,16,,,13,,,,,,A4863:U4863,
4862,1097-0282,0.44,Biopolymers,0.93,0.49,0.81,0,43,7,4,10,3,9,,7,3,,,,,A4864:U4864,
4863,1179-1896,1.26,Appl Health Econ Health Policy,0.74,0.63,0.88,0,43,4,5,9,5,6,2,10,2,,,,,A4865:U4865,
4864,1179-190X,2.63,BioDrugs,0.72,0.49,0.88,0,43,4,4,6,7,5,8,5,4,,,,,A4866:U4866,
4865,1226-4512,0.61,Korean J Physiol Pharmacol,0.00,1.00,0.91,0,43,9,,2,7,6,5,11,3,,,,,A4867:U4867,
4866,1349-6867,0.28,J Med Invest,1.00,1.00,0.00,0,43,,,,43,,,,,,,,,A4868:U4868,
4867,1365-2931,0.47,Minim Invasive Ther Allied Technol,0.51,0.28,0.44,0,43,5,5,3,5,9,4,6,6,,,,,A4869:U4869,
4868,1365-2990,1.51,Neuropathol Appl Neurobiol,0.91,0.72,0.95,0,43,6,4,5,5,7,6,6,4,,,,,A4870:U4870,
4869,1532-1916,1.18,Best Pract Res Clin Gastroenterol,0.91,0.33,0.00,0,43,,17,,,12,,,14,,,,,A4871:U4871,
4870,1532-1991,1.55,Cell Calcium,0.95,0.53,0.00,0,43,8,3,2,2,7,8,9,4,,,,,A4872:U4872,
4871,1532-530X,1.08,Eat Disord,0.00,0.42,0.95,0,43,5,2,1,1,10,7,9,8,,,,,A4873:U4873,
4872,1532-6578,0.32,J Vasc Nurs,0.86,0.21,0.00,0,43,,,20,,,9,,14,,,,,A4874:U4874,
4873,1532-7914,0.71,Nutr Cancer,0.70,0.12,0.26,1,43,5,5,6,5,5,3,7,7,,,,,A4875:U4875,
4874,1538-0688,0.44,Oncol Nurs Forum,0.93,0.19,0.00,0,43,8,,13,,11,11,,,,,,,A4876:U4876,
4875,1550-7408,0.8,J Eukaryot Microbiol,1.00,0.58,0.88,0,43,3,8,6,6,4,6,4,6,,,,,A4877:U4877,
4876,1557-9816,1.01,Transplant Rev (Orlando),0.49,0.44,0.00,0,43,5,4,4,4,4,5,9,8,,,,,A4878:U4878,
4877,1557-9832,0.57,Clin Lab Med,0.77,0.02,0.00,0,43,,12,,,16,,15,,,,,,A4879:U4879,
4878,1558-4410,1.49,Endocrinol Metab Clin North Am,0.91,0.02,0.00,0,43,,15,,,11,,17,,,,,,A4880:U4880,
4879,1558-4658,0.37,Semin Roentgenol,0.47,0.12,0.00,0,43,14,3,,5,8,4,4,5,,,,,A4881:U4881,
4880,1573-076X,0.6,Cult Med Psychiatry,1.00,0.47,0.23,0,43,8,6,4,9,5,3,8,,,,,,A4882:U4882,
4881,1592-9558,0.23,Ann Burns Fire Disasters,0.00,1.00,0.00,0,43,23,,10,,,10,,,,,,,A4883:U4883,
4882,1619-0904,0.39,J Artif Organs,0.95,0.42,0.79,0,43,2,3,4,3,4,10,9,8,,,,,A4884:U4884,
4883,1755-148X,1.19,Pigment Cell Melanoma Res,0.86,0.49,0.98,0,43,7,5,4,2,4,8,11,2,,,,,A4885:U4885,
4884,1758-3764,1.19,Eur Cardiol,0.00,1.00,0.93,0,43,2,3,11,2,6,6,10,3,,,,,A4886:U4886,
4885,1758-8111,0.8,Clin Obes,0.88,0.63,0.88,0,43,5,2,5,,8,7,6,10,,,,,A4887:U4887,
4886,1869-4098,0.5,Cardiovasc Eng Technol,0.65,0.37,0.88,0,43,5,6,6,5,9,2,5,5,,,,,A4888:U4888,
4887,1872-8111,0.96,Neurosci Res,0.79,0.95,0.00,1,43,6,3,2,6,10,4,8,4,,,,,A4889:U4889,
4888,1875-5305,0.47,Protein Pept Lett,0.84,0.16,0.42,1,43,6,,8,7,17,,,5,,,,,A4890:U4890,
4889,1875-5941,1.06,Vet Q,0.91,1.00,0.21,0,43,12,4,7,3,4,3,4,6,,,,,A4891:U4891,
4890,1879-0453,,Infant Behav Dev,0.40,0.56,0.00,0,43,1,3,4,3,6,6,6,14,,,,,A4892:U4892,
4891,1932-863X,0.98,Personal Ment Health,0.86,0.49,0.91,0,43,6,3,7,7,2,10,,8,,,,,A4893:U4893,
4892,1937-6448,,Int Rev Cell Mol Biol,0.95,0.00,0.00,0,43,,5,7,,13,18,,,,,,,A4894:U4894,
4893,1940-6215,1.13,Cancer Prev Res (Phila),0.72,0.35,0.95,0,43,4,5,6,7,5,6,5,5,,,,,A4895:U4895,
4894,1943-0264,3.93,Cold Spring Harb Perspect Biol,0.21,0.14,0.19,0,43,1,5,3,12,3,3,5,11,,,,,A4896:U4896,
4895,1946-1895,,Creat Nurs,0.86,0.37,1.00,0,43,7,2,3,8,5,6,10,2,,,,,A4897:U4897,
4896,2042-1818,0.4,Med Sci Law,0.05,0.19,0.98,0,43,2,7,5,6,2,4,10,7,,,,,A4898:U4898,
4897,2152-8217,0.39,MSMR,0.72,1.00,0.00,0,43,10,4,8,,6,4,,11,,,,,A4899:U4899,
4898,2162-5514,0.41,Int Rev Neurobiol,1.00,0.00,0.00,0,43,,,,,,11,12,20,,,,,A4900:U4900,
4899,2199-1154,0.66,Drugs Real World Outcomes,0.00,0.53,0.81,0,43,5,2,6,7,2,7,8,6,,,,,A4901:U4901,
4900,2220-8372,,Public Health Action,0.00,1.00,0.07,0,43,,,13,,12,,,18,,,,,A4902:U4902,
4901,2228-5652,0.57,Bioimpacts,0.00,1.00,0.98,0,43,,8,,9,,18,,8,,,,,A4903:U4903,
4902,2287-1683,0.21,J Trauma Inj,0.00,1.00,0.00,0,43,11,1,12,9,1,6,,3,,,,,A4904:U4904,
4903,2317-6326,0.51,Arq Bras Cir Dig,0.91,1.00,0.98,0,43,3,6,1,4,2,8,5,14,,,,,A4905:U4905,
4904,2398-7324,0.75,Precis Radiat Oncol,0.00,1.00,0.77,0,43,11,,,11,,11,4,6,,,,,A4906:U4906,
4905,2523-3548,7.99,Cancer Commun (Lond),0.56,1.00,0.77,0,43,,12,6,7,5,6,3,4,,,,,A4907:U4907,
4906,2542-4548,0.89,Mayo Clin Proc Innov Qual Outcomes,0.00,1.00,0.00,0,43,5,3,8,3,4,6,7,7,,,,,A4908:U4908,
4907,2578-5826,0.82,Immunol Med,0.16,1.00,0.77,0,43,4,3,6,2,4,9,6,9,,,,,A4909:U4909,
4908,2590-0536,0.65,Biosaf Health,0.00,1.00,0.00,0,43,8,17,,,8,,10,,,,,,A4910:U4910,
4909,2590-7379,0.27,Biomedica,0.86,1.00,0.93,0,43,,,14,,,15,14,,,,,,A4911:U4911,
4910,2633-6685,1.01,FEMS Microbes,0.00,1.00,0.98,0,43,2,4,7,3,8,10,5,4,,,,,A4912:U4912,
4911,2673-9828,0.38,Front Urol,0.00,1.00,0.00,0,43,5,6,5,8,4,9,4,2,,,,,A4913:U4913,
4912,2674-0702,0.74,Front Syst Biol,0.00,1.00,0.00,0,43,2,2,2,3,4,9,10,11,,,,,A4914:U4914,
4913,2694-247X,0.91,ACS Org Inorg Au,0.00,1.00,1.00,0,43,,15,,7,,10,,11,,,,,A4915:U4915,
4914,2730-5848,1.51,Phenomics,0.00,0.16,0.93,0,43,,24,,,,10,,9,,,,,A4916:U4916,
4915,2731-9377,,BJC Rep,0.00,1.00,0.44,0,43,1,5,7,8,5,9,2,6,,,,,A4917:U4917,
4916,0021-9584,0.63,J Chem Educ,0.00,0.98,1.00,0,42,8,7,5,4,2,4,4,8,,,,,A4918:U4918,
4917,0289-0003,0.37,Zoolog Sci,1.00,0.00,0.00,1,42,,12,,,10,,,20,,,,,A4919:U4919,
4918,0976-237X,0.38,Contemp Clin Dent,0.00,1.00,0.00,0,42,15,,,12,,,15,,,,,,A4920:U4920,
4919,1099-9809,1.0,Cultur Divers Ethnic Minor Psychol,0.00,0.14,0.98,0,42,4,14,1,5,4,5,3,6,,,,,A4921:U4921,
4920,1179-1985,0.82,High Blood Press Cardiovasc Prev,0.60,0.26,0.90,0,42,4,,14,1,9,6,7,1,,,,,A4922:U4922,
4921,1179-2752,0.66,Clin Optom (Auckl),0.00,1.00,0.88,0,42,1,5,11,8,5,4,5,3,,,,,A4923:U4923,
4922,1342-4580,0.43,Plant Biotechnol (Tokyo),0.00,1.00,0.00,0,42,16,,,,16,,10,,,,,,A4924:U4924,
4923,1365-3024,0.46,Parasite Immunol,0.95,0.43,0.76,0,42,5,7,8,3,8,3,5,3,,,,,A4925:U4925,
4924,1432-2129,0.26,Schmerz,0.40,0.07,0.05,0,42,7,,7,7,3,9,8,1,,,,,A4926:U4926,
4925,1439-1074,0.14,Anasthesiol Intensivmed Notfallmed Schmerzther,0.71,0.00,0.05,0,42,6,7,5,6,6,6,,6,,,,,A4927:U4927,
4926,1439-4286,0.71,Horm Metab Res,0.76,0.10,0.69,0,42,2,6,8,9,4,3,5,5,,,,,A4928:U4928,
4927,1467-9280,2.31,Psychol Sci,0.83,0.60,1.00,0,42,4,5,8,6,3,3,8,5,,,,,A4929:U4929,
4928,1469-7602,0.91,J Child Lang,0.00,0.05,1.00,0,42,4,2,6,11,3,7,6,3,,,,,A4930:U4930,
4929,1531-2267,0.88,Physiol Genomics,0.55,1.00,0.93,1,42,5,2,6,4,4,8,5,8,,,,,A4931:U4931,
4930,1534-6277,1.63,Curr Treat Options Oncol,1.00,0.40,0.40,0,42,6,5,5,6,6,4,7,3,,,,,A4932:U4932,
4931,1534-6285,0.91,Curr Urol Rep,1.00,0.33,0.43,0,42,6,6,3,6,3,3,4,11,,,,,A4933:U4933,
4932,1540-336X,0.87,Cancer J,0.90,0.10,0.55,0,42,10,,12,,10,,10,,,,,,A4934:U4934,
4933,1542-4863,104.07,CA Cancer J Clin,0.36,1.00,0.64,0,42,8,5,6,3,6,6,4,4,,,,,A4935:U4935,
4934,1546-4156,0.49,Alzheimer Dis Assoc Disord,0.67,0.10,0.52,0,42,1,6,6,1,11,5,1,11,,,,,A4936:U4936,
4935,1550-5103,0.57,Nurs Adm Q,0.74,0.38,0.38,0,42,,,24,1,8,,,9,,,,,A4937:U4937,
4936,1552-4930,1.4,Cytometry A,0.71,0.02,0.93,0,42,4,5,4,4,7,8,5,5,,,,,A4938:U4938,
4937,1557-7449,1.51,AIDS Patient Care STDS,0.60,0.19,0.88,0,42,,9,7,2,7,4,4,9,,,,,A4939:U4939,
4938,1557-8518,0.55,Metab Syndr Relat Disord,0.81,0.02,1.00,0,42,,5,11,11,4,1,3,7,,,,,A4940:U4940,
4939,1558-075X,1.04,Semin Perinatol,0.29,0.19,0.00,0,42,1,,1,11,10,12,5,2,,,,,A4941:U4941,
4940,1558-299X,1.24,Prim Care,0.86,0.05,0.00,0,42,,14,,,14,,14,,,,,,A4942:U4942,
4941,1573-3394,0.52,Health Care Anal,0.10,0.12,0.19,0,42,5,3,,6,4,11,9,4,,,,,A4943:U4943,
4942,1573-5079,1.12,Photosynth Res,0.93,0.55,0.50,0,42,9,3,10,3,4,5,6,2,,,,,A4944:U4944,
4943,1588-2640,0.43,Acta Microbiol Immunol Hung,0.57,0.00,0.81,0,42,8,3,5,9,2,7,1,7,,,,,A4945:U4945,
4944,1597-1627,,Ann Ib Postgrad Med,0.00,1.00,0.00,0,42,,,19,,,1,21,1,,,,,A4946:U4946,
4945,1608-3105,0.19,Dokl Biol Sci,0.52,0.02,0.00,0,42,6,,12,3,6,,7,8,,,,,A4947:U4947,
4946,1650-3414,0.42,EJIFCC,0.00,1.00,0.24,0,42,,22,,20,,,,,,,,,A4948:U4948,
4947,1687-8191,0.66,J Toxicol,0.00,1.00,0.93,1,42,7,4,2,9,3,5,7,5,,,,,A4949:U4949,
4948,1733-134X,0.43,Pol J Radiol,0.00,1.00,0.00,1,42,5,6,,,19,,,12,,,,,A4950:U4950,
4949,1742-8149,0.66,Hum Fertil (Camb),0.93,1.00,0.62,1,42,6,8,5,6,3,5,6,3,,,,,A4951:U4951,
4950,1753-6405,0.84,Aust N Z J Public Health,0.62,0.98,0.00,0,42,6,2,7,4,4,7,1,11,,,,,A4952:U4952,
4951,1757-9147,0.72,Perspect Public Health,0.12,0.57,0.93,0,42,1,5,6,7,9,5,6,3,,,,,A4953:U4953,
4952,1806-9460,0.51,Sao Paulo Med J,0.86,1.00,0.98,0,42,4,3,,8,4,3,11,9,,,,,A4954:U4954,
4953,1827-675X,0.77,Acta Otorhinolaryngol Ital,0.76,1.00,0.00,0,42,,,8,9,13,12,,,,,,,A4955:U4955,
4954,1875-9157,0.6,Surg Pathol Clin,0.93,0.00,0.00,0,42,,13,1,,15,,13,,,,,,A4956:U4956,
4955,1880-3989,0.49,J Toxicol Sci,0.98,1.00,0.00,0,42,7,7,7,5,8,,3,5,,,,,A4957:U4957,
4956,1895-4588,0.5,Wideochir Inne Tech Maloinwazyjne,0.00,1.00,0.05,0,42,,11,1,10,5,,,15,,,,,A4958:U4958,
4957,1898-018X,0.68,Cardiol J,0.43,1.00,0.74,0,42,,1,7,14,10,5,1,4,,,,,A4959:U4959,
4958,1931-7913,1.34,CBE Life Sci Educ,0.95,1.00,0.17,0,42,8,2,5,5,8,2,3,9,,,,,A4960:U4960,
4959,1932-2275,0.52,Anesthesiol Clin,0.86,0.00,0.00,0,42,,,14,,15,,13,,,,,,A4961:U4961,
4960,1939-0602,0.37,Fam Syst Health,0.52,0.07,0.90,0,42,,,4,23,,8,5,2,,,,,A4962:U4962,
4961,1939-2117,2.08,J Consult Clin Psychol,1.00,0.21,1.00,0,42,5,5,,5,5,6,7,9,,,,,A4963:U4963,
4962,1945-404X,0.27,J Allied Health,1.00,0.00,0.12,0,42,,,21,,,21,,,,,,,A4964:U4964,
4963,1976-3786,1.84,Arch Pharm Res,0.98,0.24,0.83,1,42,3,7,6,7,5,9,1,4,,,,,A4965:U4965,
4964,1984-2961,0.37,Rev Bras Parasitol Vet,1.00,1.00,1.00,0,42,,1,2,5,10,5,13,6,,,,,A4966:U4966,
4965,1985-207X,0.33,Malays Fam Physician,0.00,1.00,0.00,0,42,4,7,5,6,5,6,4,5,,,,,A4967:U4967,
4966,2009-8774,1.15,Fam Med Community Health,0.86,1.00,0.98,0,42,4,6,4,6,2,5,8,7,,,,,A4968:U4968,
4967,2045-709X,0.56,Chiropr Man Therap,0.90,1.00,0.29,0,42,2,4,7,5,7,7,7,3,,,,,A4969:U4969,
4968,2047-9158,4.99,Transl Neurodegener,0.93,1.00,0.55,0,42,2,5,7,6,5,4,6,7,,,,,A4970:U4970,
4969,2115-7863,0.15,Geriatr Psychol Neuropsychiatr Vieil,0.76,0.00,0.00,0,42,,13,,,13,1,11,4,,,,,A4971:U4971,
4970,2228-5881,0.8,Adv Pharm Bull,0.00,1.00,1.00,0,42,,,21,1,,,20,,,,,,A4972:U4972,
4971,2231-0762,0.45,J Int Soc Prev Community Dent,0.00,1.00,0.00,0,42,10,,,10,,12,10,,,,,,A4973:U4973,
4972,2239-7132,0.34,Ital J Food Saf,0.00,1.00,0.57,0,42,6,4,13,9,1,3,3,3,,,,,A4974:U4974,
4973,2260-1341,1.01,J Frailty Aging,0.81,1.00,0.00,0,42,6,4,8,,7,11,3,3,,,,,A4975:U4975,
4974,2331-5180,0.63,Int J Part Ther,0.00,1.00,0.00,0,42,10,11,2,3,7,,5,4,,,,,A4976:U4976,
4975,2373-3357,0.2,New Dir Stud Leadersh,0.67,0.21,0.24,0,42,1,15,1,,13,,,12,,,,,A4977:U4977,
4976,2383-7837,0.95,J Pathol Transl Med,0.00,1.00,0.00,0,42,11,4,9,2,6,,10,,,,,,A4978:U4978,
4977,2470-4083,0.33,J Vet Dent,0.31,0.17,0.88,0,42,2,12,5,5,6,5,3,4,,,,,A4979:U4979,
4978,2475-0360,0.81,Aging Med (Milton),0.00,1.00,0.95,0,42,10,,,,11,,13,8,,,,,A4980:U4980,
4979,2517-4843,0.69,Integr Org Biol,0.00,1.00,0.83,0,42,2,3,3,8,8,4,10,4,,,,,A4981:U4981,
4980,2521-9855,0.28,Trop Biomed,1.00,0.00,0.00,0,42,12,,,,15,,,15,,,,,A4982:U4982,
4981,2754-0413,3.64,BMJ Med,0.00,1.00,0.86,0,42,3,8,5,8,6,4,4,4,,,,,A4983:U4983,
4982,2772-4085,0.76,Neurosci Appl,0.00,1.00,0.00,0,42,2,6,6,5,10,7,5,1,,,,,A4984:U4984,
4983,2950-4333,0.65,J Epidemiol Popul Health,0.45,0.43,0.00,0,42,4,2,13,9,2,1,10,1,,,,,A4985:U4985,
4984,0026-8984,0.16,Mol Biol (Mosk),1.00,0.00,0.00,0,41,11,,,,10,10,,10,,,,,A4986:U4986,
4985,0255-7053,0.11,Zhonghua Yi Shi Za Zhi,1.00,0.00,0.00,0,41,,9,,8,9,7,,8,,,,,A4987:U4987,
4986,1095-9114,0.31,J Xray Sci Technol,0.68,0.05,0.63,1,41,2,1,6,13,5,5,5,4,,,,,A4988:U4988,
4987,1176-0710,0.34,N Z Vet J,0.34,0.49,0.76,0,41,8,6,4,3,7,3,5,5,,,,,A4989:U4989,
4988,1179-1357,0.5,Clin Cosmet Investig Dent,0.00,1.00,0.95,0,41,1,4,6,10,6,6,4,4,,,,,A4990:U4990,
4989,1179-187X,0.95,Am J Cardiovasc Drugs,0.68,0.22,0.83,0,41,7,3,2,4,6,4,8,7,,,,,A4991:U4991,
4990,1308-5735,0.6,J Clin Res Pediatr Endocrinol,0.15,1.00,0.85,0,41,8,3,8,5,1,4,8,4,,,,,A4992:U4992,
4991,1348-0421,0.66,Microbiol Immunol,0.63,0.27,0.88,0,41,7,4,3,5,3,6,12,1,,,,,A4993:U4993,
4992,1360-0567,1.23,J Ment Health,0.41,0.49,0.49,0,41,1,4,10,3,6,3,13,1,,,,,A4994:U4994,
4993,1361-6609,1.15,Public Underst Sci,0.24,0.59,1.00,0,41,3,8,3,2,5,5,7,8,,,,,A4995:U4995,
4994,1439-1058,0.25,Psychother Psychosom Med Psychol,0.51,0.15,0.44,0,41,7,5,,8,6,5,4,6,,,,,A4996:U4996,
4995,1473-5741,0.51,Anticancer Drugs,0.39,0.07,0.00,0,41,13,,3,5,7,5,2,6,,,,,A4997:U4997,
4996,1521-0391,0.88,Am J Addict,0.54,0.39,0.54,0,41,4,21,4,4,2,2,4,,,,,,A4998:U4998,
4997,1531-6963,1.57,Curr Opin Rheumatol,0.68,0.12,0.00,0,41,2,3,8,6,4,6,3,9,,,,,A4999:U4999,
4998,1531-6998,0.59,Curr Opin Otolaryngol Head Neck Surg,0.90,0.15,0.00,0,41,4,6,4,5,4,7,3,8,,,,,A5000:U5000,
4999,1541-2563,0.62,COPD,0.73,1.00,0.34,0,41,7,8,6,3,1,8,5,3,,,,,A5001:U5001,
5000,1543-0790,0.28,Clin Adv Hematol Oncol,0.17,0.00,0.00,0,41,,9,,7,7,11,,7,,,,,A5002:U5002,
5001,1543-2742,1.01,Int J Sport Nutr Exerc Metab,0.68,0.15,0.90,0,41,9,1,7,6,6,4,6,2,,,,,A5003:U5003,
5002,1545-7222,0.83,J Neuropsychiatry Clin Neurosci,0.10,0.12,0.44,0,41,6,3,8,9,3,2,6,4,,,,,A5004:U5004,
5003,1546-993X,0.26,Integr Med (Encinitas),0.00,0.78,0.00,0,41,7,,,7,,20,7,,,,,,A5005:U5005,
5004,1552-146X,0.67,Hastings Cent Rep,0.98,0.63,0.00,0,41,,8,8,1,9,,15,,,,,,A5006:U5006,
5005,1552-6909,0.52,J Obstet Gynecol Neonatal Nurs,0.46,0.20,0.00,2,41,3,7,9,4,4,6,4,4,,,,,A5007:U5007,
5006,1558-3147,1.21,Psychiatr Clin North Am,0.85,0.10,0.00,0,41,,16,,,13,,,12,,,,,A5008:U5008,
5007,1573-5192,0.42,Syst Parasitol,1.00,0.27,0.61,0,41,6,4,1,3,14,1,5,7,,,,,A5009:U5009,
5008,1573-6814,0.55,Cell Tissue Bank,0.98,0.34,0.59,0,41,3,7,7,2,4,4,10,4,,,,,A5010:U5010,
5009,1573-7276,1.19,Clin Exp Metastasis,0.93,0.34,0.27,0,41,6,3,7,4,4,4,5,8,,,,,A5011:U5011,
5010,1600-0781,0.84,Photodermatol Photoimmunol Photomed,0.68,0.41,0.93,0,41,1,3,8,10,3,5,6,5,,,,,A5012:U5012,
5011,1601-5215,0.68,Acta Neuropsychiatr,0.76,0.93,1.00,0,41,6,9,5,12,3,3,1,2,,,,,A5013:U5013,
5012,1661-7649,0.56,Curr Urol,0.00,1.00,0.34,0,41,,18,,11,,12,,,,,,,A5014:U5014,
5013,1664-5502,0.86,Cardiorenal Med,0.78,1.00,0.00,0,41,4,5,8,7,4,7,3,3,,,,,A5015:U5015,
5014,1679-4435,0.25,Rev Bras Med Trab,0.00,1.00,0.98,0,41,10,5,7,4,4,4,5,2,,,,,A5016:U5016,
5015,1687-6121,0.51,Gastroenterol Res Pract,0.00,1.00,0.93,1,41,6,3,5,11,8,6,,2,,,,,A5017:U5017,
5016,1735-3947,0.42,Arch Iran Med,0.90,1.00,1.00,0,41,,,23,,,,,18,,,,,A5018:U5018,
5017,1743-8977,2.26,Part Fibre Toxicol,0.95,1.00,0.07,0,41,5,6,7,8,5,8,2,,,,,,A5019:U5019,
5018,1841-0987,0.29,Acta Endocrinol (Buchar),0.00,1.00,0.00,0,41,,,21,,,,,20,,,,,A5020:U5020,
5019,1873-801X,0.81,J Fluency Disord,0.61,0.39,0.00,0,41,8,7,2,5,3,5,3,8,,,,,A5021:U5021,
5020,1878-6847,0.27,Int J Risk Saf Med,0.59,0.10,0.61,0,41,5,4,6,7,7,1,4,7,,,,,A5022:U5022,
5021,1898-2263,0.39,Ann Agric Environ Med,1.00,1.00,0.00,0,41,,,21,,,20,,,,,,,A5023:U5023,
5022,1937-335X,0.7,Tissue Eng Part A,0.07,0.10,0.59,2,41,,7,4,1,8,9,11,1,,,,,A5024:U5024,
5023,1939-1471,3.22,Psychol Rev,0.05,0.05,0.93,0,41,5,4,3,6,5,6,9,3,,,,,A5025:U5025,
5024,1942-6038,0.41,NASN Sch Nurse,0.80,0.10,0.90,0,41,6,4,7,7,2,7,6,2,,,,,A5026:U5026,
5025,1942-7905,0.75,Popul Health Manag,0.59,0.12,0.73,0,41,,5,5,8,5,6,6,6,,,,,A5027:U5027,
5026,1948-8270,0.5,J Bronchology Interv Pulmonol,0.95,0.00,0.71,0,41,5,7,4,,8,7,2,8,,,,,A5028:U5028,
5027,2005-940X,1.03,J Mov Disord,0.00,1.00,0.00,0,41,4,7,4,5,5,3,7,6,,,,,A5029:U5029,
5028,2008-2258,0.43,Gastroenterol Hepatol Bed Bench,0.00,1.00,0.00,0,41,,,15,,13,,13,,,,,,A5030:U5030,
5029,2050-0068,1.31,Clin Transl Immunology,0.00,1.00,0.88,0,41,6,4,1,11,5,8,2,4,,,,,A5031:U5031,
5030,2090-6528,,Case Rep Gastrointest Med,0.00,1.00,0.98,0,41,5,4,,4,5,10,8,5,,,,,A5032:U5032,
5031,2093-4777,0.53,Int Neurourol J,0.00,1.00,0.00,0,41,9,,1,11,,10,10,,,,,,A5033:U5033,
5032,2152-7202,0.33,J Particip Med,0.00,1.00,0.98,0,41,4,7,4,5,8,5,4,4,,,,,A5034:U5034,
5033,2163-0933,0.99,Neurol Clin Pract,0.95,0.29,1.00,0,41,,,3,1,14,7,10,6,,,,,A5035:U5035,
5034,2196-5404,2.21,Nano Converg,0.00,1.00,0.85,0,41,4,6,2,5,7,7,7,3,,,,,A5036:U5036,
5035,2212-3911,0.29,Curr Drug Saf,0.00,0.00,0.59,0,41,4,1,8,9,4,7,5,3,,,,,A5037:U5037,
5036,2223-9170,0.53,Afr J Disabil,0.00,1.00,1.00,0,41,2,8,3,7,4,7,8,2,,,,,A5038:U5038,
5037,2227-7382,0.97,Proteomes,0.00,1.00,0.98,0,41,3,6,6,5,6,4,4,7,,,,,A5039:U5039,
5038,2228-5482,0.52,J Reprod Infertil,0.00,1.00,0.00,0,41,10,,9,11,,,,11,,,,,A5040:U5040,
5039,2237-9622,0.56,Epidemiol Serv Saude,0.90,1.00,0.98,0,41,5,15,18,3,,,,,,,,,A5041:U5041,
5040,2288-5919,0.79,Ultrasonography,0.00,1.00,0.00,0,41,10,,11,,,10,10,,,,,,A5042:U5042,
5041,2364-1746,0.82,Pulm Ther,0.00,1.00,0.71,0,41,5,8,6,2,5,6,5,4,,,,,A5043:U5043,
5042,2380-0852,0.86,JDR Clin Trans Res,0.00,0.49,1.00,0,41,4,2,5,4,8,1,8,9,,,,,A5044:U5044,
5043,2405-6766,0.82,Food Waterborne Parasitol,0.00,1.00,0.00,0,41,5,4,8,5,5,9,2,3,,,,,A5045:U5045,
5044,2468-0540,1.18,Noncoding RNA Res,0.00,1.00,0.00,0,41,7,10,6,3,4,3,3,5,,,,,A5046:U5046,
5045,2475-4455,0.85,Plant Direct,0.00,1.00,1.00,0,41,5,9,2,10,4,4,6,1,,,,,A5047:U5047,
5046,2504-2106,0.29,Complement Med Res,0.37,0.27,0.00,0,41,2,6,6,3,8,7,6,3,,,,,A5048:U5048,
5047,2516-5410,0.47,World J Pediatr Surg,0.00,1.00,1.00,0,41,5,9,5,4,4,5,6,3,,,,,A5049:U5049,
5048,2534-773X,0.85,JAR Life,0.00,1.00,0.00,0,41,15,6,4,2,3,3,3,5,,,,,A5050:U5050,
5049,2564-1891,0.71,JMIR Infodemiology,0.95,1.00,0.98,0,41,5,3,6,6,8,2,5,6,,,,,A5051:U5051,
5050,2575-7873,,PRiMER,0.00,1.00,0.00,0,41,14,,11,,1,,12,3,,,,,A5052:U5052,
5051,2643-5217,0.37,Neurosurg Focus Video,0.00,1.00,0.00,0,41,19,,,10,,,12,,,,,,A5053:U5053,
5052,2667-677X,0.32,Turk J Anaesthesiol Reanim,0.00,1.00,1.00,0,41,7,3,3,3,,10,,15,,,,,A5054:U5054,
5053,2687-6442,0.37,Florence Nightingale J Nurs,0.00,0.98,0.00,0,41,,16,1,,2,8,12,2,,,,,A5055:U5055,
5054,2688-4887,,Transgend Health,0.00,0.63,0.73,0,41,10,1,,,16,1,7,6,,,,,A5056:U5056,
5055,2724-5365,,Minerva Gastroenterol (Torino),0.56,0.29,0.00,0,41,8,3,7,7,2,6,1,7,,,,,A5057:U5057,
5056,2733-7545,0.61,Phys Act Nutr,0.00,1.00,0.00,0,41,11,,,12,,,18,,,,,,A5058:U5058,
5057,2753-6130,0.66,Glob Adv Integr Med Health,0.00,1.00,0.98,0,41,4,2,6,2,6,10,6,5,,,,,A5059:U5059,
5058,2754-1304,,Med Int (Lond),0.00,1.00,0.00,0,41,4,4,7,8,7,4,5,2,,,,,A5060:U5060,
5059,3005-1940,,NPJ Dement,0.00,1.00,0.00,0,41,4,5,4,5,5,6,8,4,,,,,A5061:U5061,
5060,NLM101249582,,Med Image Comput Comput Assist Interv,0.00,0.98,0.20,0,41,5,5,9,7,3,5,4,3,,,,,A5062:U5062,
5061,0032-7034,0.18,Prax Kinderpsychol Kinderpsychiatr,0.53,0.25,0.00,0,40,8,13,,5,,8,6,,,,,,A5063:U5063,
5062,1078-7496,0.26,J Trauma Nurs,0.55,0.00,0.78,0,40,9,4,3,6,2,8,4,4,,,,,A5064:U5064,
5063,1090-2449,0.45,Exp Parasitol,0.95,0.28,0.00,0,40,7,6,,4,4,5,9,5,,,,,A5065:U5065,
5064,1098-5557,3.77,Microbiol Mol Biol Rev,0.47,0.07,1.00,0,40,5,2,1,7,3,10,5,7,,,,,A5066:U5066,
5065,1421-9875,0.86,Dig Dis,0.47,0.47,0.00,0,40,2,9,7,4,4,5,5,4,,,,,A5067:U5067,
5066,1448-5990,0.5,Reprod Fertil Dev,0.93,0.45,0.95,0,40,8,4,2,7,5,3,7,4,,,,,A5068:U5068,
5067,1462-3994,1.69,Expert Rev Mol Med,0.80,0.93,0.93,0,40,5,4,6,4,7,6,6,2,,,,,A5069:U5069,
5068,1473-0782,0.83,Eur J Contracept Reprod Health Care,0.42,0.33,0.65,5,40,8,5,3,4,4,2,7,7,,,,,A5070:U5070,
5069,1526-0550,0.83,Paediatr Respir Rev,0.23,0.55,0.00,0,40,4,5,5,4,6,12,3,1,,,,,A5071:U5071,
5070,1531-7013,0.86,Curr Opin Organ Transplant,0.88,0.07,0.00,0,40,6,6,9,3,2,6,5,3,,,,,A5072:U5072,
5071,1532-2394,0.7,J Liposome Res,0.47,0.10,0.28,0,40,3,7,6,3,5,7,3,6,,,,,A5073:U5073,
5072,1533-1601,0.57,Toxicol Pathol,0.65,0.23,0.97,1,40,,5,5,6,7,6,3,8,,,,,A5074:U5074,
5073,1535-2188,0.52,Semin Plast Surg,0.00,0.00,0.00,0,40,,,,16,,12,,12,,,,,A5075:U5075,
5074,1538-9782,0.26,Clin Nurse Spec,0.42,0.03,0.40,0,40,,,,19,,10,,11,,,,,A5076:U5076,
5075,1545-1151,1.82,Prev Chronic Dis,0.88,1.00,0.00,0,40,,1,,2,15,4,10,8,,,,,A5077:U5077,
5076,1546-9549,1.16,Curr Heart Fail Rep,0.80,0.53,0.42,0,40,2,6,9,6,6,3,3,5,,,,,A5078:U5078,
5077,1548-1336,0.36,J Oral Implantol,0.88,0.00,0.03,0,40,,11,,11,,9,,9,,,,,A5079:U5079,
5078,1552-6933,0.74,Int J Offender Ther Comp Criminol,0.12,0.38,1.00,0,40,7,2,4,2,10,8,3,4,,,,,A5080:U5080,
5079,1557-8933,0.47,Curr Top Dev Biol,0.97,0.05,0.00,0,40,,,5,13,13,9,,,,,,,A5081:U5081,
5080,1558-9439,1.14,J Med Libr Assoc,1.00,1.00,0.65,0,40,,,11,15,,,14,,,,,,A5082:U5082,
5081,1572-9389,0.75,Health Care Manag Sci,1.00,0.47,0.85,0,40,2,8,8,1,2,7,9,3,,,,,A5083:U5083,
5082,1608-9685,0.53,S Afr J Psychiatr,0.00,1.00,0.97,0,40,3,12,6,3,3,4,4,5,,,,,A5084:U5084,
5083,1618-0984,0.85,Syst Appl Microbiol,0.70,0.30,0.00,0,40,1,8,4,5,5,7,6,4,,,,,A5085:U5085,
5084,1660-3796,0.67,Transfus Med Hemother,0.00,1.00,0.00,0,40,4,4,7,2,5,3,10,5,,,,,A5086:U5086,
5085,1674-8301,0.79,J Biomed Res,0.00,1.00,0.00,W1,40,3,1,6,6,10,6,3,5,,,,,A5087:U5087,https://pubmed.ncbi.nlm.nih.gov/?term=41872076
5086,1677-7301,0.32,J Vasc Bras,0.00,1.00,1.00,0,40,5,,16,5,6,,1,7,,,,,A5088:U5088,
5087,1735-5362,0.54,Res Pharm Sci,0.00,1.00,0.00,0,40,10,,,,10,10,,10,,,,,A5089:U5089,
5088,1744-9081,0.98,Behav Brain Funct,0.68,1.00,0.25,0,40,3,4,6,5,4,8,10,,,,,,A5090:U5090,
5089,1751-1402,0.86,Eur J Gen Pract,0.85,1.00,0.65,0,40,6,8,4,4,6,2,2,8,,,,,A5091:U5091,
5090,1758-6542,,Int J Health Care Qual Assur,0.00,0.00,0.95,0,40,5,4,7,3,5,3,9,4,,,,,A5092:U5092,
5091,1759-9873,0.63,Acupunct Med,0.38,0.03,1.00,0,40,8,6,5,3,6,3,7,2,,,,,A5093:U5093,
5092,1784-3227,0.41,Acta Gastroenterol Belg,0.72,1.00,0.00,1,40,11,12,,,,,17,,,,,,A5094:U5094,
5093,1793-9453,0.51,Asian Bioeth Rev,0.00,0.45,0.90,0,40,14,,,16,,,10,,,,,,A5095:U5095,
5094,1812-5735,0.24,Pak J Biol Sci,0.93,0.00,0.00,0,40,15,5,5,,5,5,,5,,,,,A5096:U5096,
5095,1873-6823,0.7,Alcohol,0.90,0.55,0.00,0,40,3,6,7,8,7,2,3,4,,,,,A5097:U5097,
5096,1878-1292,0.41,Int J Orthop Trauma Nurs,0.88,0.47,0.00,0,40,1,9,4,4,2,4,7,9,,,,,A5098:U5098,
5097,1881-7823,1.17,Biosci Trends,0.70,1.00,0.00,0,40,1,9,7,3,2,10,,8,,,,,A5099:U5099,
5098,1881-784X,,Drug Discov Ther,0.75,1.00,0.00,0,40,,9,1,10,,10,,10,,,,,A5100:U5100,
5099,1899-1505,0.55,J Physiol Pharmacol,1.00,1.00,0.00,0,40,10,,,10,,10,10,,,,,,A5101:U5101,
5100,1940-1019,1.01,J Psychol,0.25,0.07,0.47,0,40,4,7,5,3,4,5,6,6,,,,,A5102:U5102,
5101,1950-6112,0.21,Ann Biol Clin (Paris),0.78,0.03,0.00,0,40,7,5,5,3,4,8,4,4,,,,,A5103:U5103,
5102,1976-8710,1.04,Clin Exp Otorhinolaryngol,0.00,1.00,0.00,0,40,3,8,3,4,7,2,9,4,,,,,A5104:U5104,
5103,2047-9018,0.39,Nurs Stand,0.82,0.00,0.00,0,40,5,5,5,5,5,5,5,5,,,,,A5105:U5105,
5104,2094-7313,0.35,Western Pac Surveill Response J,0.65,1.00,0.00,0,40,14,8,2,7,1,,8,,,,,,A5106:U5106,
5105,2173-5735,,Acta Otorrinolaringol Esp (Engl Ed),0.35,0.03,0.00,0,40,,11,12,,,11,6,,,,,,A5107:U5107,
5106,2185-4610,0.32,Fukushima J Med Sci,0.23,1.00,0.00,1,40,2,5,6,5,5,5,4,8,,,,,A5108:U5108,
5107,2211-7466,0.44,Interv Cardiol Clin,0.90,0.00,0.00,0,40,,,11,,17,,,12,,,,,A5109:U5109,
5108,2213-2945,0.68,J Am Soc Cytopathol,0.42,0.25,0.00,0,40,3,4,2,5,10,6,4,6,,,,,A5110:U5110,
5109,2218-6778,0.89,Transl Breast Cancer Res,0.00,1.00,0.70,0,40,,10,,,12,,,18,,,,,A5111:U5111,
5110,2225-4110,0.79,J Tradit Complement Med,0.00,1.00,0.00,0,40,,10,10,9,,1,10,,,,,,A5112:U5112,
5111,2326-3660,0.85,Phys Sportsmed,0.50,0.17,0.68,0,40,5,9,4,7,5,4,3,3,,,,,A5113:U5113,
5112,2346-3414,0.18,Rev Cuid,0.00,1.00,1.00,0,40,,13,,4,8,8,3,4,,,,,A5114:U5114,
5113,2399-3650,1.64,Commun Phys,0.00,1.00,0.97,0,40,6,12,5,6,3,2,2,4,,,,,A5115:U5115,
5114,2432-0935,,Interv Radiol (Higashimatsuyama),0.00,1.00,0.00,0,40,6,,7,8,4,7,4,4,,,,,A5116:U5116,
5115,2468-0869,0.36,Infect Dis Health,0.50,0.35,0.00,0,40,7,5,1,5,1,11,5,5,,,,,A5117:U5117,
5116,2562-0959,0.69,JMIR Dermatol,0.93,1.00,0.95,0,40,7,3,3,3,1,8,8,7,,,,,A5118:U5118,
5117,2603-6479,0.28,J Healthc Qual Res,0.55,0.10,0.00,0,40,5,7,6,5,1,7,7,2,,,,,A5119:U5119,
5118,2618-6500,0.45,Arch Rheumatol,0.00,1.00,0.03,0,40,19,,,9,,,12,,,,,,A5120:U5120,
5119,2633-6693,1.76,Microlife,0.00,1.00,0.93,0,40,13,2,4,5,5,4,4,3,,,,,A5121:U5121,
5120,2666-5603,1.26,SSM Ment Health,0.00,1.00,0.62,0,40,5,2,1,4,4,12,6,6,,,,,A5122:U5122,
5121,0016-5751,0.37,Geburtshilfe Frauenheilkd,0.00,1.00,0.51,0,39,5,5,5,4,,9,5,6,,,,,A5123:U5123,
5122,0021-5252,,Kyobu Geka,1.00,0.00,0.00,0,39,,,,,39,,,,,,,,A5124:U5124,
5123,1046-7890,0.33,J Clin Ethics,0.97,0.00,0.00,0,39,,11,,,15,,,13,,,,,A5125:U5125,
5124,1061-1711,0.32,Int J Angiol,0.00,0.67,0.59,0,39,,10,,,15,1,,13,,,,,A5126:U5126,
5125,1095-8606,1.59,J Hum Evol,0.64,0.49,0.00,0,39,1,3,2,5,7,6,7,8,,,,,A5127:U5127,
5126,1098-5549,0.98,Mol Cell Biol,0.69,0.44,0.56,0,39,5,6,4,1,6,5,8,4,,,,,A5128:U5128,
5127,1176-9351,0.54,Cancer Inform,0.00,1.00,0.97,0,39,3,4,4,1,5,11,3,8,,,,,A5129:U5129,
5128,1178-1661,1.08,Patient,0.51,0.46,0.92,0,39,2,8,6,6,1,5,8,3,,,,,A5130:U5130,
5129,1268-6034,0.12,Soins Gerontol,0.72,0.00,0.00,0,39,9,,,9,,9,,12,,,,,A5131:U5131,
5130,1319-6138,0.4,Neurosciences (Riyadh),0.92,1.00,0.92,0,39,,,,,,25,14,,,,,,A5132:U5132,
5131,1344-7610,0.61,Breed Sci,0.00,1.00,0.00,0,39,,,,9,13,,,17,,,,,A5133:U5133,
5132,1432-1327,0.53,J Biol Inorg Chem,0.44,0.31,0.41,1,39,1,2,6,6,6,3,11,4,,,,,A5134:U5134,
5133,1464-5246,0.5,J Microencapsul,0.90,0.03,0.33,0,39,1,,,,14,9,7,8,,,,,A5135:U5135,
5134,1465-3419,1.0,Ethn Health,0.59,0.38,0.28,0,39,4,7,4,14,1,5,1,3,,,,,A5136:U5136,
5135,1476-0711,1.19,Ann Clin Microbiol Antimicrob,0.72,1.00,0.15,0,39,10,2,7,3,4,8,5,,,,,,A5137:U5137,
5136,1476-4245,0.35,Homeopathy,0.15,0.13,0.77,0,39,2,8,6,5,4,4,6,4,,,,,A5138:U5138,
5137,1476-5470,1.34,Genes Immun,0.77,0.28,1.00,1,39,4,5,13,6,2,2,3,4,,,,,A5139:U5139,
5138,1531-7021,1.12,Curr Opin Ophthalmol,0.82,0.08,0.00,0,39,10,1,8,1,13,3,,3,,,,,A5140:U5140,
5139,1532-2807,0.74,Pathol Oncol Res,0.90,1.00,0.00,1,39,1,6,5,3,6,5,8,5,,,,,A5141:U5141,
5140,1532-9461,1.21,Semin Radiat Oncol,0.64,0.46,0.00,0,39,2,7,4,,,13,,13,,,,,A5142:U5142,
5141,1541-0331,0.4,Women Health,0.85,0.23,0.33,0,39,2,6,5,5,6,4,3,8,,,,,A5143:U5143,
5142,1545-0848,0.51,J Addict Dis,0.03,0.08,0.95,0,39,6,2,5,6,5,7,3,5,,,,,A5144:U5144,
5143,1553-3840,0.32,J Complement Integr Med,0.28,0.95,0.56,1,39,4,3,3,5,7,6,5,6,,,,,A5145:U5145,
5144,1554-558X,0.62,J Contin Educ Health Prof,0.31,0.08,0.67,0,39,2,1,2,,4,15,10,5,,,,,A5146:U5146,
5145,1557-8194,0.76,Dis Mon,0.13,0.00,0.00,1,39,2,2,2,16,8,1,4,4,,,,,A5147:U5147,
5146,1558-3171,0.82,Surg Clin North Am,0.85,0.00,0.00,0,39,,,,13,,13,13,,,,,,A5148:U5148,
5147,1558-3481,0.37,Crit Care Nurs Clin North Am,0.85,0.00,0.00,0,39,,13,,,13,,13,,,,,,A5149:U5149,
5148,1573-0646,0.82,Invest New Drugs,0.67,0.31,0.33,1,39,2,6,6,4,8,6,4,3,,,,,A5150:U5150,
5149,1581-3207,0.64,Radiol Oncol,0.82,1.00,0.03,0,39,4,4,9,6,4,6,5,1,,,,,A5151:U5151,
5150,1662-5110,1.38,Front Neural Circuits,0.92,1.00,0.00,0,39,1,3,5,7,6,5,8,4,,,,,A5152:U5152,
5151,1741-4520,,Congenit Anom (Kyoto),0.82,1.00,1.00,0,39,7,3,9,5,5,3,3,4,,,,,A5153:U5153,
5152,1744-5116,1.12,Pharm Biol,0.97,1.00,0.15,1,39,6,5,10,5,5,4,,4,,,,,A5154:U5154,
5153,1745-1981,0.66,Drugs Context,0.00,1.00,0.15,0,39,1,8,3,4,5,11,3,4,,,,,A5155:U5155,
5154,1753-8165,0.71,Inform Health Soc Care,0.38,0.03,0.59,0,39,20,8,4,4,1,,2,,,,,,A5156:U5156,
5155,1873-7994,0.71,J Commun Disord,0.69,0.46,0.00,0,39,6,2,3,5,8,2,5,8,,,,,A5157:U5157,
5156,1875-6417,0.66,Curr Diabetes Rev,0.69,0.00,0.56,0,39,10,5,8,3,,3,6,4,,,,,A5158:U5158,
5157,1878-6464,0.63,J Vestib Res,0.10,0.18,0.95,0,39,5,2,5,3,7,3,8,6,,,,,A5159:U5159,
5158,1879-3592,0.69,Mutat Res Genet Toxicol Environ Mutagen,0.92,0.26,0.00,1,39,6,7,,6,,14,,6,,,,,A5160:U5160,
5159,1879-6400,0.71,J Huntingtons Dis,0.56,0.36,0.97,0,39,8,4,5,3,6,1,6,6,,,,,A5161:U5161,
5160,1937-3376,1.16,Tissue Eng Part B Rev,0.03,0.03,0.51,0,39,3,10,3,1,8,8,5,1,,,,,A5162:U5162,
5161,1937-6995,0.56,J Med Toxicol,0.36,0.21,0.85,0,39,4,1,16,4,3,,3,8,,,,,A5163:U5163,
5162,1943-2704,0.31,Wounds,0.90,0.97,0.00,0,39,,,,21,,6,,12,,,,,A5164:U5164,
5163,1944-7558,0.65,Am J Intellect Dev Disabil,0.77,0.38,0.82,0,39,,,,,,,,39,,,,,A5165:U5165,
5164,2041-2851,0.78,AoB Plants,0.00,1.00,0.92,0,39,4,6,10,3,1,5,7,3,,,,,A5166:U5166,
5165,2046-0260,0.54,Psych J,0.92,1.00,0.95,1,39,5,3,5,5,9,3,5,4,,,,,A5167:U5167,
5166,2055-7426,0.62,Contracept Reprod Med,0.00,1.00,0.23,0,39,6,7,8,7,7,4,,,,,,,A5168:U5168,
5167,2151-4585,0.58,Geriatr Orthop Surg Rehabil,0.00,1.00,0.95,0,39,7,2,2,3,5,10,7,3,,,,,A5169:U5169,
5168,2211-3207,0.8,Int J Parasitol Drugs Drug Resist,0.92,1.00,0.00,0,39,5,3,2,7,4,5,7,6,,,,,A5170:U5170,
5169,2220-3249,,World J Virol,0.00,1.00,0.00,0,39,12,,17,,,,10,,,,,,A5171:U5171,
5170,2229-516X,,Int J Appl Basic Med Res,0.00,1.00,0.00,0,39,12,,13,,,,14,,,,,,A5172:U5172,
5171,2280-8000,0.48,J Appl Biomater Funct Mater,0.97,1.00,0.95,3,39,2,5,5,4,4,6,10,3,,,,,A5173:U5173,
5172,2296-9365,0.54,Inflamm Intest Dis,0.00,1.00,0.00,0,39,6,1,3,2,4,6,6,11,,,,,A5174:U5174,
5173,2326-5108,0.42,Health Secur,0.72,0.15,0.23,0,39,,9,,10,3,7,5,5,,,,,A5175:U5175,
5174,2331-2637,0.35,Neurologist,0.87,0.15,0.62,0,39,6,2,6,4,5,9,4,3,,,,,A5176:U5176,
5175,2385-1996,0.48,Neuroradiol J,0.10,0.15,0.92,0,39,7,8,3,2,6,7,2,4,,,,,A5177:U5177,
5176,2515-2009,1.32,BMJ Sex Reprod Health,0.15,0.00,0.97,0,39,9,1,3,7,4,7,8,,,,,,A5178:U5178,
5177,2517-729X,2.49,Gen Psychiatr,0.00,1.00,0.56,0,39,,,6,7,4,12,4,6,,,,,A5179:U5179,
5178,2645-4904,0.69,Arch Acad Emerg Med,0.00,0.97,0.00,0,39,,11,,,,15,7,6,,,,,A5180:U5180,
5179,2662-205X,1.63,Affect Sci,0.00,0.49,0.54,0,39,,10,2,12,1,14,,,,,,,A5181:U5181,
5180,2755-0230,1.34,Life Metab,0.00,1.00,0.69,0,39,,1,4,13,7,5,5,4,,,,,A5182:U5182,
5181,2950-1954,0.83,J Liq Biopsy,0.00,1.00,0.00,0,39,7,2,,8,4,5,6,7,,,,,A5183:U5183,
5182,2997-0571,,ACS Electrochem,0.00,1.00,0.97,0,39,5,4,6,6,9,5,2,2,,,,,A5184:U5184,
5183,0001-5415,0.25,Acta Chir Orthop Traumatol Cech,1.00,1.00,0.00,0,38,15,,7,,7,,8,1,,,,,A5185:U5185,
5184,0972-2823,0.24,J Postgrad Med,0.55,1.00,0.00,0,38,,1,11,,,12,,14,,,,,A5186:U5186,
5185,0973-1075,0.6,Indian J Palliat Care,0.00,1.00,0.68,0,38,,,,18,,20,,,,,,,A5187:U5187,
5186,1090-2147,0.65,Brain Cogn,0.71,0.53,0.00,1,38,5,4,2,5,3,3,7,9,,,,,A5188:U5188,
5187,1090-2163,1.03,Cell Immunol,0.82,0.24,0.00,2,38,4,7,4,7,1,4,5,6,,,,,A5189:U5189,
5188,1177-9322,0.5,Bioinform Biol Insights,0.00,1.00,0.97,0,38,4,1,7,6,5,6,1,8,,,,,A5190:U5190,
5189,1259-4792,0.1,Soins Pediatr Pueric,0.79,0.00,0.00,0,38,10,,10,,,10,8,,,,,,A5191:U5191,
5190,1319-4534,0.53,Saudi J Ophthalmol,0.00,1.00,0.00,0,38,,,,21,,17,,,,,,,A5192:U5192,
5191,1421-9662,0.51,Acta Haematol,0.00,0.50,0.00,0,38,6,1,9,4,3,7,5,3,,,,,A5193:U5193,
5192,1423-0194,0.95,Neuroendocrinology,0.24,0.45,0.00,1,38,3,2,7,6,6,6,7,1,,,,,A5194:U5194,
5193,1460-2377,1.35,Int Immunol,0.47,0.55,0.66,0,38,3,4,4,4,7,4,7,5,,,,,A5195:U5195,
5194,1476-072X,0.95,Int J Health Geogr,0.92,1.00,0.21,0,38,6,5,8,3,8,5,3,,,,,,A5196:U5196,
5195,1526-744X,0.23,Nephrol Nurs J,0.74,0.00,0.00,0,38,9,,,10,,11,8,,,,,,A5197:U5197,
5196,1531-7048,1.17,Curr Opin Hematol,0.63,0.16,0.00,0,38,5,2,9,2,6,7,1,6,,,,,A5198:U5198,
5197,1531-7056,0.94,Curr Opin Gastroenterol,0.76,0.11,0.00,0,38,3,6,10,2,4,5,4,4,,,,,A5199:U5199,
5198,1532-2785,0.79,Neuropeptides,0.92,0.34,0.00,0,38,3,5,5,6,7,7,3,2,,,,,A5200:U5200,
5199,1548-9221,2.14,Physiology (Bethesda),0.39,0.34,0.87,0,38,5,1,10,4,6,5,3,4,,,,,A5201:U5201,
5200,1551-7489,0.25,J Opioid Manag,0.95,0.08,0.00,0,38,7,1,10,,9,,2,9,,,,,A5202:U5202,
5201,1552-3888,2.63,Educ Psychol Meas,0.00,0.39,0.97,0,38,3,3,5,3,5,7,8,4,,,,,A5203:U5203,
5202,1555-1377,0.5,Iowa Orthop J,1.00,1.00,0.00,0,38,,,,,,,36,2,,,,,A5204:U5204,
5203,1556-4088,1.38,Sleep Med Clin,0.92,0.03,0.00,0,38,,17,,,12,,,9,,,,,A5205:U5205,
5204,1557-9824,1.48,Infect Dis Clin North Am,0.82,0.03,0.00,0,38,5,3,18,6,1,,2,3,,,,,A5206:U5206,
5205,1558-1942,1.09,Gastroenterol Clin North Am,0.84,0.11,0.00,0,38,14,,,,12,,12,,,,,,A5207:U5207,
5206,1558-2639,0.5,IEEE Trans Nanobioscience,0.34,0.00,0.00,0,38,4,3,5,6,10,4,3,3,,,,,A5208:U5208,
5207,1558-4232,0.37,Vet Clin North Am Exot Anim Pract,0.68,0.00,0.00,0,38,1,10,,,1,15,9,2,,,,,A5209:U5209,
5208,1567-1364,0.78,FEMS Yeast Res,0.95,1.00,0.97,0,38,6,4,2,1,4,8,1,12,,,,,A5210:U5210,
5209,1573-6873,0.45,J Comput Neurosci,0.53,0.34,0.21,0,38,4,6,5,3,4,3,6,7,,,,,A5211:U5211,
5210,1611-7530,0.36,Theory Biosci,1.00,0.13,0.21,0,38,3,2,4,7,5,7,9,1,,,,,A5212:U5212,
5211,1618-1298,1.43,Eur J Cell Biol,0.68,1.00,0.00,1,38,5,2,1,5,5,6,4,10,,,,,A5213:U5213,
5212,1744-7674,1.1,Expert Opin Ther Pat,0.89,0.13,0.34,0,38,6,4,2,3,6,6,7,4,,,,,A5214:U5214,
5213,1756-8765,1.19,Top Cogn Sci,0.13,0.13,0.84,0,38,2,2,2,3,16,4,9,,,,,,A5215:U5215,
5214,1759-4685,1.44,J Mol Cell Biol,0.21,1.00,0.61,0,38,5,2,12,1,2,2,5,9,,,,,A5216:U5216,
5215,1768-319X,0.22,Ann Chir Plast Esthet,0.50,0.16,0.00,1,38,5,10,1,10,6,,5,1,,,,,A5217:U5217,
5216,1809-9246,1.0,Braz J Phys Ther,0.71,1.00,0.00,0,38,2,5,4,4,5,7,7,4,,,,,A5218:U5218,
5217,1872-9428,0.4,Mol Biochem Parasitol,0.87,0.26,0.00,0,38,7,3,2,3,11,2,1,9,,,,,A5219:U5219,
5218,1873-3506,1.69,J Sch Psychol,1.00,0.26,0.00,0,38,9,,8,,14,,7,,,,,,A5220:U5220,
5219,1879-0305,3.3,Cytokine Growth Factor Rev,0.68,0.29,0.00,0,38,8,6,1,4,4,4,6,5,,,,,A5221:U5221,
5220,1941-8744,0.28,Neurohospitalist,0.00,0.13,0.87,1,38,3,3,4,4,5,6,3,10,,,,,A5222:U5222,
5221,1973-9478,0.53,J Chemother,0.03,0.08,0.76,0,38,5,4,6,4,6,6,3,4,,,,,A5223:U5223,
5222,2081-3252,0.24,Int Marit Health,0.50,0.53,0.79,0,38,5,,8,,,,7,18,,,,,A5224:U5224,
5223,2090-701X,0.18,Case Rep Vet Med,0.00,1.00,1.00,0,38,7,1,4,6,5,5,6,4,,,,,A5225:U5225,
5224,2162-5557,1.73,Adv Cancer Res,1.00,0.00,0.00,0,38,,,,,29,9,,,,,,,A5226:U5226,
5225,2169-5202,0.65,Clin EEG Neurosci,0.26,0.16,0.95,0,38,5,5,3,3,3,8,3,8,,,,,A5227:U5227,
5226,2189-7255,0.26,Fujita Med J,0.00,1.00,0.00,0,38,,13,,,13,,,12,,,,,A5228:U5228,
5227,2196-1042,1.76,Prog Orthod,1.00,1.00,0.18,0,38,1,7,6,5,3,10,5,1,,,,,A5229:U5229,
5228,2196-5412,2.66,Curr Environ Health Rep,0.97,0.84,0.55,0,38,3,5,6,6,4,4,4,6,,,,,A5230:U5230,
5229,2198-591X,0.32,Int J Esthet Dent,0.53,0.05,0.00,0,38,,10,,,18,,,10,,,,,A5231:U5231,
5230,2229-3485,0.58,Perspect Clin Res,0.00,1.00,0.00,0,38,,12,,,14,,,12,,,,,A5232:U5232,
5231,2287-8882,1.03,Prostate Int,0.00,1.00,0.00,0,38,,8,15,,,,15,,,,,,A5233:U5233,
5232,2296-3529,0.48,Dermatopathology (Basel),0.00,1.00,0.92,0,38,7,1,6,4,4,5,6,5,,,,,A5234:U5234,
5233,2472-5560,0.87,SLAS Discov,0.66,1.00,0.00,0,38,1,4,7,3,3,10,4,6,,,,,A5235:U5235,
5234,2512-9465,,TH Open,0.00,1.00,0.87,0,38,6,2,2,2,1,14,3,8,,,,,A5236:U5236,
5235,2522-6711,0.59,Mediastinum,0.00,1.00,0.61,0,38,6,,,15,,,17,,,,,,A5237:U5237,
5236,2633-5565,,J Multimorb Comorb,0.00,1.00,1.00,0,38,3,4,5,1,6,6,4,9,,,,,A5238:U5238,
5237,2641-5224,0.37,Hawaii J Health Soc Welf,0.84,1.00,0.18,0,38,10,,8,4,2,8,2,4,,,,,A5239:U5239,
5238,2666-027X,0.95,Curr Res Toxicol,0.00,1.00,0.00,0,38,3,6,4,4,5,10,5,1,,,,,A5240:U5240,
5239,2671-826X,,Korean J Helicobacter Up Gastrointest Res,0.00,1.00,0.00,0,38,2,,18,,1,17,,,,,,,A5241:U5241,
5240,2708-7212,0.14,Arch Peru Cardiol Cir Cardiovasc,0.00,1.00,0.97,0,38,11,1,1,,,13,,12,,,,,A5242:U5242,
5241,2770-730X,0.78,Neuroprotection,0.00,1.00,1.00,0,38,9,,,7,,9,10,3,,,,,A5243:U5243,
5242,0162-1459,3.79,J Am Stat Assoc,0.00,0.97,0.38,0,37,5,5,5,,4,7,7,4,,,,,A5244:U5244,
5243,0325-7541,0.47,Rev Argent Microbiol,0.54,1.00,0.00,0,37,1,2,8,7,7,5,6,1,,,,,A5245:U5245,
5244,0975-5691,0.18,Indian J Med Ethics,0.78,1.00,0.00,0,37,,,28,,,9,,,,,,,A5246:U5246,
5245,1066-2936,0.19,Undersea Hyperb Med,1.00,0.00,0.00,0,37,,,,16,,21,,,,,,,A5247:U5247,
5246,1096-0031,2.84,Cladistics,0.27,0.19,0.97,0,37,4,2,3,3,5,3,10,7,,,,,A5248:U5248,
5247,1099-1565,0.56,Phytochem Anal,0.78,0.14,0.92,0,37,7,6,3,7,2,3,4,5,,,,,A5249:U5249,
5248,1211-9059,0.23,Cesk Slov Oftalmol,0.97,1.00,0.00,0,37,6,6,6,6,2,3,4,4,,,,,A5250:U5250,
5249,1432-1246,0.89,Int Arch Occup Environ Health,0.97,0.59,0.92,0,37,6,3,5,3,4,3,10,3,,,,,A5251:U5251,
5250,1469-7661,0.87,J Int Neuropsychol Soc,0.68,0.35,1.00,0,37,3,8,3,7,5,9,,2,,,,,A5252:U5252,
5251,1475-990X,0.44,Educ Prim Care,0.38,0.59,0.51,0,37,4,3,5,4,3,7,4,7,,,,,A5253:U5253,
5252,1532-2335,0.33,Nucleosides Nucleotides Nucleic Acids,0.00,0.05,0.27,0,37,3,2,5,8,3,3,8,5,,,,,A5254:U5254,
5253,1534-6293,1.99,Curr Neurol Neurosci Rep,1.00,0.38,0.32,0,37,5,1,12,5,,2,8,4,,,,,A5255:U5255,
5254,1543-8635,0.85,Res Sports Med,0.30,0.16,0.32,0,37,3,3,2,4,4,7,7,7,,,,,A5256:U5256,
5255,1552-7409,0.41,Nurs Sci Q,0.41,0.05,0.92,0,37,2,2,10,3,3,6,4,7,,,,,A5257:U5257,
5256,1553-9768,0.31,J Spec Oper Med,0.76,0.00,0.16,0,37,1,2,13,3,4,7,3,4,,,,,A5258:U5258,
5257,1556-2654,0.44,J Empir Res Hum Res Ethics,0.38,0.38,0.92,0,37,,1,6,6,9,7,5,3,,,,,A5259:U5259,
5258,1557-7430,0.66,DNA Cell Biol,0.95,0.03,0.81,0,37,,2,15,4,3,6,5,2,,,,,A5260:U5260,
5259,1558-1934,0.61,Foot Ankle Clin,0.92,0.00,0.00,0,37,14,,,,11,,12,,,,,,A5261:U5261,
5260,1573-661X,1.01,Law Hum Behav,0.76,0.03,0.92,0,37,8,1,8,6,2,3,8,1,,,,,A5262:U5262,
5261,1662-5129,1.05,Front Neuroanat,0.00,1.00,0.00,0,37,1,4,9,8,4,5,3,3,,,,,A5263:U5263,
5262,1689-832X,0.46,J Contemp Brachytherapy,0.00,1.00,0.00,0,37,,9,,,,13,15,,,,,,A5264:U5264,
5263,1710-1107,0.53,Can J Aging,0.46,0.00,0.92,0,37,8,4,4,6,4,6,4,1,,,,,A5265:U5265,
5264,1744-134X,0.9,Health Econ Policy Law,0.11,0.08,1.00,0,37,7,3,6,,5,5,9,2,,,,,A5266:U5266,
5265,1744-2656,0.68,Evid Policy,0.27,0.03,0.97,0,37,7,2,6,2,4,5,6,5,,,,,A5267:U5267,
5266,1744-5019,0.52,J Med Philos,0.43,0.35,0.05,0,37,3,4,8,1,3,1,7,10,,,,,A5268:U5268,
5267,1744-828X,0.36,Per Med,0.76,0.05,0.19,0,37,3,5,2,9,6,4,1,7,,,,,A5269:U5269,
5268,1752-7163,0.52,J Breath Res,0.84,0.03,0.97,0,37,6,4,5,2,3,5,7,5,,,,,A5270:U5270,
5269,1863-5490,0.53,Med Genet,0.00,0.54,0.54,0,37,,11,,8,,,18,,,,,,A5271:U5271,
5270,1873-7870,0.55,Eval Program Plann,0.92,0.49,0.00,0,37,6,5,7,3,5,4,4,3,,,,,A5272:U5272,
5271,1875-5453,0.49,Curr Drug Metab,0.27,0.03,0.62,0,37,6,2,6,11,3,4,1,4,,,,,A5273:U5273,
5272,1875-6220,0.35,Curr Drug Discov Technol,0.03,0.00,0.59,0,37,9,,7,2,8,3,3,5,,,,,A5274:U5274,
5273,1878-7177,0.24,Anesth Prog,0.76,0.32,0.00,0,37,,,24,,,13,,,,,,,A5275:U5275,
5274,1880-8026,0.49,Ind Health,0.11,1.00,0.00,1,37,6,5,4,4,2,7,7,2,,,,,A5276:U5276,
5275,1880-9693,2.22,Inflamm Regen,0.00,1.00,0.51,0,37,8,2,4,6,6,5,4,2,,,,,A5277:U5277,
5276,1936-2625,,Int J Clin Exp Pathol,0.00,1.00,0.00,0,37,3,7,3,5,3,3,6,7,,,,,A5278:U5278,
5277,1937-710X,0.57,Am J Crit Care,0.57,0.05,0.00,0,37,,11,1,13,,12,,,,,,,A5279:U5279,
5278,2008-2835,0.45,Avicenna J Med Biotechnol,0.00,1.00,0.00,0,37,9,9,,,10,,9,,,,,,A5280:U5280,
5279,2040-2392,1.79,Mol Autism,0.84,1.00,0.49,0,37,7,6,2,4,6,1,9,2,,,,,A5281:U5281,
5280,2041-6695,0.38,Iperception,0.00,1.00,0.97,0,37,2,9,7,4,5,3,4,3,,,,,A5282:U5282,
5281,2048-0040,,JRSM Cardiovasc Dis,0.00,1.00,1.00,0,37,3,4,4,5,8,6,4,3,,,,,A5283:U5283,
5282,2090-6846,0.15,Case Rep Pulmonol,0.00,1.00,0.97,0,37,4,2,7,4,8,5,2,5,,,,,A5284:U5284,
5283,2162-5239,0.24,AANA J,0.84,0.00,0.00,0,37,,10,,8,9,,10,,,,,,A5285:U5285,
5284,2191-0286,0.5,J Basic Clin Physiol Pharmacol,0.54,0.08,0.62,0,37,7,3,1,1,9,5,6,5,,,,,A5286:U5286,
5285,2212-3946,0.54,Curr Stem Cell Res Ther,0.00,0.00,0.59,1,37,7,1,5,5,7,7,2,3,,,,,A5287:U5287,
5286,2221-3759,0.88,J Dev Biol,0.00,1.00,0.89,0,37,6,3,5,4,6,4,4,5,,,,,A5288:U5288,
5287,2234-7658,0.63,Restor Dent Endod,0.00,1.00,0.00,0,37,4,8,,9,5,1,3,7,,,,,A5289:U5289,
5288,2234-8565,0.35,J Cerebrovasc Endovasc Neurosurg,0.00,1.00,0.00,0,37,7,5,3,4,3,5,6,4,,,,,A5290:U5290,
5289,2242-3982,0.65,Int J Circumpolar Health,0.89,1.00,0.78,0,37,2,7,1,6,5,5,6,5,,,,,A5291:U5291,
5290,2287-1012,0.82,Ann Pediatr Endocrinol Metab,0.00,1.00,0.00,0,37,9,,10,1,8,,8,1,,,,,A5292:U5292,
5291,2287-8572,0.7,Obstet Gynecol Sci,0.00,1.00,0.00,0,37,1,6,6,4,3,5,5,7,,,,,A5293:U5293,
5292,2326-0254,1.69,Eye Vis (Lond),0.00,1.00,0.46,0,37,6,2,4,5,4,6,5,5,,,,,A5294:U5294,
5293,2372-952X,0.91,Chronic Obstr Pulm Dis,0.00,1.00,0.00,0,37,5,6,7,4,3,4,3,5,,,,,A5295:U5295,
5294,2380-9426,0.22,J Dr Nurs Pract,0.05,0.00,0.00,0,37,,6,,17,8,,3,3,,,,,A5296:U5296,
5295,2391-5854,0.43,Psychiatr Pol,0.78,1.00,0.00,0,37,8,12,,,10,,7,,,,,,A5297:U5297,
5296,2413-7170,0.41,Ethiop J Health Sci,0.89,1.00,0.00,0,37,,,,37,,,,,,,,,A5298:U5298,
5297,2472-3452,0.75,ACS Earth Space Chem,0.00,0.95,1.00,0,37,8,4,10,2,3,1,5,4,,,,,A5299:U5299,
5298,2474-0896,1.66,Br J Biomed Sci,0.97,1.00,0.00,0,37,3,5,5,3,5,6,3,7,,,,,A5300:U5300,
5299,2515-2092,0.96,J Can Assoc Gastroenterol,0.00,1.00,0.97,0,37,,8,,11,,8,,10,,,,,A5301:U5301,
5300,2590-1613,0.68,Eur J Obstet Gynecol Reprod Biol X,0.00,1.00,0.00,1,37,3,4,5,5,2,3,7,8,,,,,A5302:U5302,
5301,2616-9827,0.21,Rwanda J Med Health Sci,0.00,1.00,0.00,0,37,,18,,,19,,,,,,,,A5303:U5303,
5302,2731-4243,2.7,NPJ Biodivers,0.00,1.00,0.16,0,37,4,3,4,2,13,5,4,2,,,,,A5304:U5304,
5303,2950-2853,0.53,Span J Psychiatry Ment Health,0.16,0.43,0.00,0,37,3,10,5,6,2,8,1,2,,,,,A5305:U5305,
5304,0080-0015,,Recent Results Cancer Res,1.00,0.00,0.11,0,36,,,,,36,,,,,,,,A5306:U5306,
5305,0300-9033,0.13,Acta Gastroenterol Latinoam,0.00,1.00,1.00,0,36,,,14,1,,,,21,,,,,A5307:U5307,
5306,0327-6139,,Vertex,0.86,0.83,0.47,0,36,13,,,12,,,11,,,,,,A5308:U5308,
5307,0918-5739,0.36,Clin Pediatr Endocrinol,0.00,1.00,0.00,0,36,11,,,11,,,14,,,,,,A5309:U5309,
5308,0972-6748,,Ind Psychiatry J,0.00,1.00,0.00,0,36,,36,,,,,,,,,,,A5310:U5310,
5309,0974-7796,0.35,Urol Ann,0.00,1.00,0.00,0,36,,13,,,12,,,11,,,,,A5311:U5311,
5310,1089-4098,1.36,Neuroscientist,0.33,0.28,0.69,0,36,5,1,5,3,8,2,6,6,,,,,A5312:U5312,
5311,1091-7691,0.57,Inhal Toxicol,0.75,0.31,0.31,1,36,4,3,7,4,6,6,5,1,,,,,A5313:U5313,
5312,1179-1462,0.82,Orthop Res Rev,0.00,1.00,0.75,0,36,1,3,12,2,6,5,3,4,,,,,A5314:U5314,
5313,1179-2019,1.22,Paediatr Drugs,0.75,0.42,0.83,0,36,4,7,5,4,1,5,6,4,,,,,A5315:U5315,
5314,1229-8093,0.53,Mycobiology,0.00,1.00,0.92,0,36,13,2,,2,6,3,6,4,,,,,A5316:U5316,
5315,1303-2968,1.08,J Sports Sci Med,1.00,1.00,0.00,0,36,,20,,,,16,,,,,,,A5317:U5317,
5316,1421-9778,0.56,Cell Physiol Biochem,0.92,0.97,0.00,23,36,10,1,7,7,1,1,6,3,,,,,A5318:U5318,
5317,1471-2202,0.87,BMC Neurosci,0.72,1.00,0.33,1,36,8,4,3,2,7,7,5,,,,,,A5319:U5319,
5318,1471-4973,1.52,Curr Opin Pharmacol,0.78,0.06,0.00,0,36,6,7,1,1,9,3,3,6,,,,,A5320:U5320,
5319,1479-9731,0.81,Chron Respir Dis,0.92,1.00,0.97,0,36,4,1,5,5,5,6,5,5,,,,,A5321:U5321,
5320,1480-9222,0.93,Biol Proced Online,0.00,1.00,0.08,0,36,6,2,6,6,8,,8,,,,,,A5322:U5322,
5321,1532-1681,2.4,Blood Rev,0.92,0.61,0.00,0,36,2,4,7,5,5,7,3,3,,,,,A5323:U5323,
5322,1532-8708,1.54,Semin Oncol,0.81,0.19,0.00,0,36,1,3,4,6,6,4,6,6,,,,,A5324:U5324,
5323,1552-4175,0.74,Biol Res Nurs,0.42,0.22,0.97,0,36,4,8,5,5,2,3,4,5,,,,,A5325:U5325,
5324,1552-4264,0.37,J Soc Work End Life Palliat Care,0.19,0.19,0.50,0,36,6,3,4,2,4,6,4,7,,,,,A5326:U5326,
5325,1552-6887,1.15,J Aging Health,0.00,0.31,0.97,0,36,3,8,3,4,7,2,7,2,,,,,A5327:U5327,
5326,1558-1977,1.42,Hematol Oncol Clin North Am,0.89,0.00,0.00,0,36,4,7,,,1,23,1,,,,,,A5328:U5328,
5327,1572-8498,0.44,HEC Forum,0.00,0.08,0.42,0,36,1,6,2,9,,3,7,8,,,,,A5329:U5329,
5328,1573-3289,1.2,Adm Policy Ment Health,0.44,0.33,0.39,0,36,3,3,8,8,3,4,2,5,,,,,A5330:U5330,
5329,1665-1146,0.29,Bol Med Hosp Infant Mex,0.92,0.78,0.00,0,36,,8,,,10,1,8,9,,,,,A5331:U5331,
5330,1678-4758,0.33,Hist Cienc Saude Manguinhos,0.61,1.00,1.00,0,36,5,6,2,2,3,4,4,10,,,,,A5332:U5332,
5331,1678-9741,0.39,Braz J Cardiovasc Surg,0.56,0.97,0.00,0,36,,14,,,14,7,1,,,,,,A5333:U5333,
5332,1687-8760,0.5,Int J Anal Chem,0.00,1.00,0.97,0,36,8,10,1,6,4,6,1,,,,,,A5334:U5334,
5333,1735-3327,0.4,Dent Res J (Isfahan),0.00,1.00,0.00,0,36,9,,12,,,10,,5,,,,,A5335:U5335,
5334,1751-2980,0.78,J Dig Dis,0.58,0.19,0.83,2,36,7,4,2,5,5,6,3,4,,,,,A5336:U5336,
5335,1802-5307,0.21,Klin Onkol,0.92,0.00,0.00,0,36,8,,2,,12,6,,8,,,,,A5337:U5337,
5336,1809-4546,0.35,Rev Col Bras Cir,0.86,1.00,0.97,0,36,8,3,3,1,3,,9,9,,,,,A5338:U5338,
5337,1868-1751,0.59,Mol Inform,1.00,0.56,0.97,0,36,2,6,4,8,4,1,4,7,,,,,A5339:U5339,
5338,1875-6638,0.42,Med Chem,0.14,0.03,0.67,0,36,8,2,4,6,3,3,7,3,,,,,A5340:U5340,
5339,1877-8879,0.62,Scand J Pain,1.00,1.00,0.33,0,36,,,12,6,6,2,5,5,,,,,A5341:U5341,
5340,1878-0946,0.81,Semin Fetal Neonatal Med,0.67,0.19,0.00,0,36,,1,16,11,6,1,,1,,,,,A5342:U5342,
5341,1880-6562,0.98,J Physiol Sci,0.72,1.00,0.00,0,36,9,3,4,3,4,3,5,5,,,,,A5343:U5343,
5342,1929-6347,,Healthc Q,1.00,0.00,0.00,0,36,,,,12,,14,,10,,,,,A5344:U5344,
5343,1931-4493,0.25,Adv Emerg Nurs J,0.72,0.00,0.44,0,36,6,4,1,3,8,6,8,,,,,,A5345:U5345,
5344,1943-3875,,Craniomaxillofac Trauma Reconstr,0.00,1.00,0.89,0,36,4,7,6,5,3,4,3,4,,,,,A5346:U5346,
5345,2005-7288,0.31,Korean J Med Educ,0.75,1.00,0.00,0,36,,,17,,10,,,9,,,,,A5347:U5347,
5346,2040-1752,0.54,J Dev Orig Health Dis,0.97,0.03,0.97,0,36,6,3,5,5,1,4,9,3,,,,,A5348:U5348,
5347,2056-3744,1.74,Evol Lett,0.00,1.00,0.89,0,36,,9,,11,,8,,8,,,,,A5349:U5349,
5348,2056-4538,1.36,J Pathol Clin Res,1.00,1.00,0.92,0,36,4,4,9,2,3,4,7,3,,,,,A5350:U5350,
5349,2056-5909,1.44,Clin Hypertens,0.00,1.00,0.97,1,36,4,3,4,6,7,6,3,3,,,,,A5351:U5351,
5350,2090-2247,0.64,Biochem Res Int,0.00,1.00,0.92,1,36,6,5,4,4,4,5,7,1,,,,,A5352:U5352,
5351,2090-6463,0.26,Case Rep Dermatol Med,0.00,1.00,1.00,0,36,7,8,1,5,5,6,3,1,,,,,A5353:U5353,
5352,2093-5641,1.49,J Gastric Cancer,0.81,1.00,1.00,0,36,11,,,12,,,13,,,,,,A5354:U5354,
5353,2150-0878,,J Adv Pract Oncol,0.00,1.00,0.00,0,36,,9,,9,9,,,9,,,,,A5355:U5355,
5354,2168-1813,0.65,Scand J Urol,0.86,1.00,0.36,0,36,4,2,11,8,3,1,4,3,,,,,A5356:U5356,
5355,2198-4018,1.41,Brain Inform,0.00,1.00,0.14,0,36,2,2,4,4,7,7,8,2,,,,,A5357:U5357,
5356,2212-3989,0.31,Infect Disord Drug Targets,0.06,0.00,0.50,0,36,3,4,7,4,6,5,5,2,,,,,A5358:U5358,
5357,2215-017X,1.13,Biotechnol Rep (Amst),0.00,1.00,0.00,0,36,6,6,5,1,2,7,3,6,,,,,A5359:U5359,
5358,2233-7822,0.62,Imaging Sci Dent,0.00,1.00,1.00,0,36,13,,,12,,,11,,,,,,A5360:U5360,
5359,2287-6391,2.71,J Stroke,0.00,1.00,0.00,0,36,7,10,,2,2,15,,,,,,,A5361:U5361,
5360,2288-8721,0.89,Clin Shoulder Elb,0.00,1.00,0.00,0,36,2,10,2,4,11,2,4,1,,,,,A5362:U5362,
5361,2321-4856,0.53,Saudi J Med Med Sci,0.00,1.00,0.00,0,36,,13,2,,,9,,12,,,,,A5363:U5363,
5362,2352-5517,0.38,Pract Lab Med,0.00,1.00,0.00,0,36,6,2,6,5,6,5,4,2,,,,,A5364:U5364,
5363,2374-2895,0.51,Acad Pathol,0.00,1.00,0.00,0,36,4,6,4,4,3,3,4,8,,,,,A5365:U5365,
5364,2383-9309,,J Dent Anesth Pain Med,0.00,1.00,1.00,0,36,,9,,9,,8,,10,,,,,A5366:U5366,
5365,2421-4248,0.84,J Prev Med Hyg,0.75,1.00,0.00,0,36,,,,3,,17,16,,,,,,A5367:U5367,
5366,2452-2473,1.24,Turk J Emerg Med,0.00,1.00,0.97,0,36,12,,,,12,,,12,,,,,A5368:U5368,
5367,2473-1242,0.98,Health Equity,0.00,1.00,0.94,0,36,1,1,1,,,,24,9,,,,,A5369:U5369,
5368,2516-4236,1.0,Antib Ther,0.00,1.00,0.94,0,36,5,,4,4,6,,8,9,,,,,A5370:U5370,
5369,2574-0962,1.12,ACS Appl Energy Mater,0.00,0.94,0.97,0,36,6,15,4,4,5,2,,,,,,,A5371:U5371,
5370,2587-0394,0.32,Beyoglu Eye J,0.00,1.00,0.00,0,36,,10,,,11,1,,14,,,,,A5372:U5372,
5371,2632-7899,0.78,Schizophr Bull Open,0.00,1.00,0.67,0,36,2,2,1,,13,4,7,7,,,,,A5373:U5373,
5372,2676-296X,0.35,Front Dent,0.00,1.00,0.00,0,36,11,,,,9,2,,14,,,,,A5374:U5374,
5373,2694-2437,1.27,ACS Bio Med Chem Au,0.00,1.00,1.00,0,36,,7,,8,,6,,15,,,,,A5375:U5375,
5374,2755-1946,0.86,Int J Soc Determinants Health Health Serv,0.36,0.33,0.94,0,36,4,10,4,4,1,6,4,3,,,,,A5376:U5376,
5375,2772-431X,1.06,Infect Med (Beijing),0.00,1.00,0.00,0,36,7,7,4,4,9,1,3,1,,,,,A5377:U5377,
5376,0028-2685,0.59,Neoplasma,0.83,0.00,0.00,0,35,8,2,2,7,1,2,9,4,,,,,A5378:U5378,
5377,0095-4829,0.34,Adv Tech Stand Neurosurg,1.00,0.00,0.09,0,35,,,,,19,,16,,,,,,A5379:U5379,
5378,0312-8008,0.69,Aust Prescr,0.00,1.00,0.60,0,35,,8,,8,,10,,9,,,,,A5380:U5380,
5379,0513-5710,0.28,Yonago Acta Med,0.00,1.00,0.00,0,35,,18,,,10,,,7,,,,,A5381:U5381,
5380,0894-8275,0.35,Am J Dent,1.00,0.00,0.00,0,35,,,8,9,,9,,9,,,,,A5382:U5382,
5381,1043-4526,0.28,Adv Food Nutr Res,0.94,0.00,0.00,0,35,,9,,,9,,7,10,,,,,A5383:U5383,
5382,1097-4547,1.07,J Neurosci Res,0.86,0.51,0.77,1,35,9,5,2,4,2,6,2,5,,,,,A5384:U5384,
5383,1172-6156,0.39,J Prim Health Care,0.17,1.00,1.00,0,35,3,1,5,9,4,3,3,7,,,,,A5385:U5385,
5384,1188-4169,,Can Commun Dis Rep,0.00,1.00,0.00,0,35,6,,4,7,,9,1,8,,,,,A5386:U5386,
5385,1439-0795,0.87,Pharmacopsychiatry,0.14,0.17,0.83,0,35,1,7,3,4,4,1,11,4,,,,,A5387:U5387,
5386,1466-1268,1.13,Cell Stress Chaperones,0.77,1.00,0.00,3,35,2,9,7,3,4,3,3,4,,,,,A5388:U5388,
5387,1471-1788,0.98,Int J Psychiatry Clin Pract,0.66,0.23,0.34,2,35,6,6,3,5,2,5,4,4,,,,,A5389:U5389,
5388,1473-1150,0.76,Pharmacogenomics J,0.91,0.63,1.00,0,35,3,2,5,9,5,6,2,3,,,,,A5390:U5390,
5389,1473-5709,0.69,Eur J Cancer Prev,0.23,0.14,0.00,0,35,6,3,6,2,4,6,3,5,,,,,A5391:U5391,
5390,1545-6846,0.58,Soc Work,0.40,0.00,0.00,0,35,,13,,3,8,,4,7,,,,,A5392:U5392,
5391,1553-0205,0.39,J Dent Hyg,0.77,0.00,0.00,0,35,,10,8,,,9,,8,,,,,A5393:U5393,
5392,1558-0512,0.49,Dent Clin North Am,0.94,0.00,0.00,0,35,,,19,,,15,1,,,,,,A5394:U5394,
5393,1558-4240,0.6,Vet Clin North Am Food Anim Pract,0.57,0.00,0.00,0,35,11,,,2,11,5,6,,,,,,A5395:U5395,
5394,1559-0097,3.72,Endocr Pathol,0.83,0.63,0.57,0,35,6,4,4,3,5,2,7,4,,,,,A5396:U5396,
5395,1559-7776,0.35,AACN Adv Crit Care,0.51,0.00,0.00,0,35,,21,,,,14,,,,,,,A5397:U5397,
5396,1573-3297,0.8,Behav Genet,0.54,0.49,0.60,0,35,3,8,1,4,7,4,4,4,,,,,A5398:U5398,
5397,1573-6857,0.45,Genetica,0.97,0.03,0.49,0,35,4,5,2,2,4,1,11,6,,,,,A5399:U5399,
5398,1615-6692,0.42,Herz,0.57,0.03,0.20,1,35,10,7,2,3,1,6,5,1,,,,,A5400:U5400,
5399,1661-3791,0.68,Breast Care (Basel),0.00,0.26,0.00,1,35,4,4,6,,1,6,10,4,,,,,A5401:U5401,
5400,1687-9740,0.54,Int J Pediatr,0.00,1.00,1.00,0,35,7,2,2,2,4,8,5,5,,,,,A5402:U5402,
5401,1744-6309,0.6,J Intellect Disabil,0.00,0.40,1.00,0,35,4,5,2,3,2,3,2,14,,,,,A5403:U5403,
5402,1748-3743,0.69,Int J Older People Nurs,0.86,0.51,0.89,0,35,3,4,5,7,4,2,6,4,,,,,A5404:U5404,
5403,1755-5248,0.19,Drug Ther Bull,0.54,0.03,0.49,0,35,4,2,9,5,5,4,5,1,,,,,A5405:U5405,
5404,1756-8935,1.63,Epigenetics Chromatin,0.89,1.00,0.14,0,35,3,4,7,6,4,5,4,2,,,,,A5406:U5406,
5405,1773-0449,0.55,J Mycol Med,0.57,0.23,0.00,0,35,5,7,3,3,6,1,5,5,,,,,A5407:U5407,
5406,1839-3535,,Contemp Nurse,0.17,0.40,0.83,0,35,2,9,3,4,2,6,8,1,,,,,A5408:U5408,
5407,1873-5169,1.01,Peptides,0.89,0.20,0.00,0,35,5,10,4,3,2,8,2,1,,,,,A5409:U5409,
5408,1875-6360,0.36,Curr Rheumatol Rev,0.00,0.00,0.57,0,35,9,,6,1,5,7,3,4,,,,,A5410:U5410,
5409,1875-8355,0.39,Protein J,0.71,0.06,0.37,0,35,5,4,3,5,6,6,6,,,,,,A5411:U5411,
5410,1877-9190,0.41,Card Electrophysiol Clin,0.89,0.00,0.00,0,35,11,,,,11,,,13,,,,,A5412:U5412,
5411,1878-0849,0.82,Eur J Med Genet,0.71,1.00,0.00,0,35,4,1,5,4,5,6,4,6,,,,,A5413:U5413,
5412,1895-5770,0.54,Prz Gastroenterol,0.00,1.00,0.00,0,35,,1,,17,,,17,,,,,,A5414:U5414,
5413,1939-3938,0.34,J Forensic Nurs,0.17,0.00,0.60,0,35,1,14,2,5,1,7,3,2,,,,,A5415:U5415,
5414,1945-3388,0.43,Int J Periodontics Restorative Dent,0.09,0.00,0.00,0,35,6,9,6,2,3,4,1,4,,,,,A5416:U5416,
5415,1976-8257,0.66,Toxicol Res,0.00,0.09,1.00,0,35,9,,8,9,,,9,,,,,,A5417:U5417,
5416,2000-6764,0.57,J Plast Surg Hand Surg,1.00,1.00,0.31,0,35,1,3,6,4,7,5,1,8,,,,,A5418:U5418,
5417,2008-9783,0.38,J Lasers Med Sci,0.00,1.00,1.00,0,35,,,28,,,7,,,,,,,A5419:U5419,
5418,2032-0418,0.45,Facts Views Vis Obgyn,0.00,0.89,0.91,0,35,,1,14,,3,13,2,2,,,,,A5420:U5420,
5419,2050-5701,0.65,Microscopy (Oxf),0.06,0.40,0.20,0,35,3,9,9,6,3,3,2,,,,,,A5421:U5421,
5420,2052-336X,0.74,J Environ Health Sci Eng,0.00,1.00,0.77,0,35,2,4,1,,3,12,6,7,,,,,A5422:U5422,
5421,2053-230X,0.37,Acta Crystallogr F Struct Biol Commun,0.86,1.00,0.83,0,35,3,3,5,7,4,4,4,5,,,,,A5423:U5423,
5422,2066-8279,0.36,Rom J Morphol Embryol,0.97,1.00,0.00,0,35,,,16,,,,19,,,,,,A5424:U5424,
5423,2090-0384,0.6,Int J Hypertens,0.00,1.00,0.94,0,35,4,2,,4,2,6,12,5,,,,,A5425:U5425,
5424,2093-6966,0.4,J Pharmacopuncture,0.00,1.00,0.97,0,35,11,,,13,,11,,,,,,,A5426:U5426,
5425,2093-758X,0.42,J Korean Acad Nurs,0.91,0.00,0.00,1,35,14,,8,,,13,,,,,,,A5427:U5427,
5426,2164-5701,0.87,GM Crops Food,1.00,1.00,0.77,0,35,9,4,4,5,4,1,5,3,,,,,A5428:U5428,
5427,2177-6709,0.6,Dental Press J Orthod,1.00,1.00,1.00,0,35,12,5,,6,5,4,,3,,,,,A5429:U5429,
5428,2189-4779,0.57,Biophys Physicobiol,0.00,1.00,0.00,0,35,,17,2,7,,7,2,,,,,,A5430:U5430,
5429,2212-4063,0.24,Cardiovasc Hematol Disord Drug Targets,0.03,0.00,0.66,0,35,4,1,2,9,4,3,11,1,,,,,A5431:U5431,
5430,2296-4681,0.52,Ocul Oncol Pathol,0.00,1.00,0.00,0,35,5,2,5,1,1,9,8,4,,,,,A5432:U5432,
5431,2300-2557,,Pol J Vet Sci,1.00,0.00,0.00,0,35,,,16,,,19,,,,,,,A5433:U5433,
5432,2322-1984,0.44,J Arthropod Borne Dis,0.00,1.00,0.00,0,35,9,,,,16,,10,,,,,,A5434:U5434,
5433,2521-3881,,Gulf J Oncolog,1.00,0.00,0.00,0,35,,10,,,,25,,,,,,,A5435:U5435,
5434,2523-2754,0.19,Rev Cient Odontol (Lima),0.00,1.00,1.00,0,35,22,,,,,13,,,,,,,A5436:U5436,
5435,2567-6911,0.43,Vet Comp Orthop Traumatol,0.00,0.17,0.51,0,35,9,2,6,2,3,2,1,10,,,,,A5437:U5437,
5436,2578-4226,0.9,Sch Psychol,0.57,0.09,0.94,0,35,6,9,4,1,4,2,6,3,,,,,A5438:U5438,
5437,2628-5452,0.81,Anal Sci Adv,0.00,1.00,0.80,0,35,1,4,6,7,3,2,8,4,,,,,A5439:U5439,
5438,2636-1558,1.55,Int J Heart Fail,0.00,1.00,1.00,0,35,,11,,,11,,,13,,,,,A5440:U5440,
5439,2666-2450,1.23,Cereb Circ Cogn Behav,0.00,1.00,0.00,0,35,5,5,3,7,1,6,4,4,,,,,A5441:U5441,
5440,2666-2620,0.36,Surg Pract Sci,0.00,1.00,0.00,0,35,5,5,5,10,2,1,3,4,,,,,A5442:U5442,
5441,2666-335X,0.66,F S Sci,0.77,0.23,0.00,0,35,5,1,7,2,7,4,6,3,,,,,A5443:U5443,
5442,2667-3762,1.3,Adv Ophthalmol Pract Res,0.00,1.00,0.00,0,35,5,7,1,4,6,2,2,8,,,,,A5444:U5444,
5443,2755-0079,0.88,Health Soc Care Deliv Res,1.00,0.26,1.00,0,35,2,5,5,9,3,6,2,3,,,,,A5445:U5445,
5444,2765-1606,0.4,J Chest Surg,0.00,1.00,1.00,0,35,2,1,4,5,3,2,6,12,,,,,A5446:U5446,
5445,2772-2716,0.39,Recent Adv Inflamm Allergy Drug Discov,0.00,0.00,0.66,0,35,3,,2,7,5,5,5,8,,,,,A5447:U5447,
5446,2813-2467,0.85,Front Antibiot,0.00,1.00,0.00,0,35,2,7,5,5,2,3,3,8,,,,,A5448:U5448,
5447,2818-3045,0.41,JMIR XR Spat Comput,0.00,1.00,1.00,0,35,,,,,21,5,3,6,,,,,A5449:U5449,
5448,2832-9023,,Cochrane Evid Synth Methods,0.00,1.00,0.86,1,35,6,4,2,3,4,5,3,8,,,,,A5450:U5450,
5449,2948-2828,1.82,NPJ Metab Health Dis,0.00,1.00,0.14,0,35,3,6,5,3,2,3,8,5,,,,,A5451:U5451,
5450,2949-8139,0.97,Adv Kidney Dis Health,0.57,0.20,0.00,0,35,,1,,10,1,11,11,1,,,,,A5452:U5452,
5451,3005-074X,0.52,EJNMMI Rep,0.00,1.00,0.97,0,35,3,4,4,5,5,3,5,6,,,,,A5453:U5453,
5452,0028-2200,,Ned Tijdschr Tandheelkd,1.00,0.00,0.00,0,34,6,8,4,4,4,4,4,,,,,,A5454:U5454,
5453,0083-6729,0.63,Vitam Horm,1.00,0.00,0.00,0,34,,10,11,,,13,,,,,,,A5455:U5455,
5454,0102-7972,0.71,Psicol Reflex Crit,0.00,0.91,1.00,0,34,6,4,6,3,6,6,3,,,,,,A5456:U5456,
5455,0256-4408,,Sudan J Paediatr,0.00,1.00,0.00,0,34,,16,2,,,,,16,,,,,A5457:U5457,
5456,0374-9096,0.26,Mikrobiyol Bul,1.00,1.00,0.00,0,34,10,,,13,,,,11,,,,,A5458:U5458,
5457,0386-300X,0.24,Acta Med Okayama,1.00,1.00,0.00,0,34,,9,,9,,9,,7,,,,,A5459:U5459,
5458,0975-4466,0.48,Ann Saudi Med,0.94,1.00,1.00,0,34,8,,,8,,8,,10,,,,,A5460:U5460,
5459,1089-6287,,J Hist Dent,0.94,0.00,0.00,0,34,,,13,11,,,,10,,,,,A5461:U5461,
5460,1090-0535,0.5,Mol Vis,1.00,1.00,0.00,1,34,,,24,9,1,,,,,,,,A5462:U5462,
5461,1179-1470,0.36,Med Devices (Auckl),0.00,1.00,0.74,0,34,1,4,9,3,5,3,6,3,,,,,A5463:U5463,
5462,1437-4315,1.05,Biol Chem,0.41,1.00,1.00,0,34,1,2,2,9,3,1,5,11,,,,,A5464:U5464,
5463,1465-7309,1.06,Harv Rev Psychiatry,0.76,0.15,0.00,0,34,9,1,5,,9,4,4,2,,,,,A5465:U5465,
5464,1468-4357,1.24,Biostatistics,1.00,0.41,0.97,0,34,3,,,5,8,3,12,3,,,,,A5466:U5466,
5465,1471-5546,0.93,Sci Eng Ethics,0.94,0.94,0.91,0,34,4,6,5,7,6,3,1,2,,,,,A5467:U5467,
5466,1521-6551,1.15,IUBMB Life,1.00,0.35,0.94,2,34,4,2,4,8,4,3,4,5,,,,,A5468:U5468,
5467,1532-1932,1.63,Best Pract Res Clin Obstet Gynaecol,0.85,0.41,0.00,2,34,4,6,4,1,4,1,8,6,,,,,A5469:U5469,
5468,1533-4031,1.03,Adv Anat Pathol,0.65,0.00,0.74,0,34,6,5,3,7,1,5,6,1,,,,,A5470:U5470,
5469,1536-0237,0.52,J Thorac Imaging,0.44,0.03,0.32,0,34,4,2,5,8,4,,1,10,,,,,A5471:U5471,
5470,1538-8646,0.39,Dimens Crit Care Nurs,0.82,0.06,0.71,0,34,8,,,9,8,,9,,,,,,A5472:U5472,
5471,1552-3497,1.29,Appl Psychol Meas,0.00,0.32,1.00,0,34,3,6,,3,5,4,9,4,,,,,A5473:U5473,
5472,1557-8224,1.18,Clin Liver Dis,0.94,0.03,0.00,0,34,,,,,20,,14,,,,,,A5474:U5474,
5473,1557-8445,0.47,Adv Immunol,0.97,0.03,0.00,0,34,,,,,3,,16,15,,,,,A5475:U5475,
5474,1558-1926,0.85,Facial Plast Surg Clin North Am,0.88,0.00,0.00,0,34,,,,,18,,16,,,,,,A5476:U5476,
5475,1558-4224,0.38,Vet Clin North Am Equine Pract,0.82,0.00,0.00,0,34,1,12,,2,7,7,1,4,,,,,A5477:U5477,
5476,1559-2308,1.05,Epigenetics,1.00,1.00,0.76,0,34,1,1,9,7,3,2,7,4,,,,,A5478:U5478,
5477,1569-1802,1.84,Matrix Biol,0.76,0.68,0.00,0,34,2,3,7,5,7,7,2,1,,,,,A5479:U5479,
5478,1573-2827,2.83,Clin Child Fam Psychol Rev,0.32,0.29,0.71,0,34,3,4,4,6,2,4,5,6,,,,,A5480:U5480,
5479,1613-9372,1.51,Eur J Ageing,0.00,0.85,0.62,0,34,4,7,6,5,1,4,6,1,,,,,A5481:U5481,
5480,1616-301X,5.02,Adv Funct Mater,0.00,1.00,0.24,0,34,6,7,1,6,2,7,3,2,,,,,A5482:U5482,
5481,1618-0429,0.47,Eur J Protistol,0.74,0.26,0.00,0,34,2,2,7,6,6,3,4,4,,,,,A5483:U5483,
5482,1618-0607,0.93,Int J Med Microbiol,0.74,1.00,0.00,0,34,7,6,2,2,8,7,2,,,,,,A5484:U5484,
5483,1678-4391,0.55,Braz J Infect Dis,0.94,1.00,0.00,1,34,6,4,6,4,5,2,7,,,,,,A5485:U5485,
5484,1754-7628,0.47,Cochlear Implants Int,0.56,0.32,0.76,0,34,5,3,7,2,2,4,5,6,,,,,A5486:U5486,
5485,1754-9493,0.89,Patient Saf Surg,0.00,1.00,0.56,0,34,6,2,6,5,2,7,5,1,,,,,A5487:U5487,
5486,1769-7131,0.78,Neurophysiol Clin,0.53,0.26,0.00,0,34,6,,7,3,3,4,8,3,,,,,A5488:U5488,
5487,1827-1855,0.42,J Neurosurg Sci,0.74,0.29,0.00,0,34,5,8,7,10,,3,,1,,,,,A5489:U5489,
5488,1880-4926,0.45,J Oral Sci,0.91,1.00,1.00,0,34,6,1,9,1,1,8,5,3,,,,,A5490:U5490,
5489,1880-9952,0.51,J Clin Exp Hematop,0.59,1.00,0.00,0,34,6,,6,7,2,5,6,2,,,,,A5491:U5491,
5490,1898-4002,0.71,Adv Med Sci,0.59,0.35,0.00,0,34,3,6,7,5,2,6,2,3,,,,,A5492:U5492,
5491,1940-1183,0.8,J Soc Psychol,0.15,0.29,0.65,0,34,4,3,4,4,3,12,2,2,,,,,A5493:U5493,
5492,1947-2579,0.54,Online J Public Health Inform,0.00,1.00,1.00,0,34,3,4,3,7,1,3,6,7,,,,,A5494:U5494,
5493,1948-0210,0.88,World J Stem Cells,0.00,1.00,0.00,0,34,23,1,10,,,,,,,,,,A5495:U5495,
5494,2005-3606,0.86,Int J Stem Cells,0.00,1.00,0.94,1,34,6,2,4,,6,1,8,7,,,,,A5496:U5496,
5495,2035-5114,0.64,Musculoskelet Surg,0.09,0.03,0.35,0,34,6,2,4,3,2,2,9,6,,,,,A5497:U5497,
5496,2042-1834,0.24,Med Leg J,0.26,0.03,0.97,0,34,4,4,7,4,7,,7,1,,,,,A5498:U5498,
5497,2045-4015,0.61,Isr J Health Policy Res,0.97,1.00,0.24,0,34,4,1,4,5,8,4,4,4,,,,,A5499:U5499,
5498,2057-3960,2.94,NPJ Comput Mater,0.00,1.00,0.03,0,34,7,5,4,5,1,2,3,7,,,,,A5500:U5500,
5499,2075-8251,0.5,Acta Naturae,0.00,1.00,0.00,0,34,11,,,,11,,12,,,,,,A5501:U5501,
5500,2090-6382,0.23,Case Rep Anesthesiol,0.00,1.00,1.00,0,34,1,,1,6,3,8,5,10,,,,,A5502:U5502,
5501,2093-2278,0.91,J Periodontal Implant Sci,0.00,1.00,1.00,0,34,,3,2,10,1,6,1,11,,,,,A5503:U5503,
5502,2160-6064,1.01,Anim Front,0.00,1.00,0.71,0,34,,,,9,11,4,,10,,,,,A5504:U5504,
5503,2191-0278,0.56,Int J Adolesc Med Health,0.62,1.00,0.97,0,34,5,4,6,1,7,1,7,3,,,,,A5505:U5505,
5504,2192-8614,1.69,Nanophotonics,0.00,1.00,0.76,0,34,,,34,,,,,,,,,,A5506:U5506,
5505,2234-0645,0.73,Ann Rehabil Med,0.00,1.00,0.00,0,34,9,11,,5,,5,1,3,,,,,A5507:U5507,
5506,2306-4102,,Acta Ortop Mex,0.97,1.00,0.00,0,34,,11,,,12,11,,,,,,,A5508:U5508,
5507,2329-0358,0.48,Ann Transplant,1.00,1.00,0.85,0,34,4,4,5,4,4,5,4,4,,,,,A5509:U5509,
5508,2369-5293,0.78,J Palliat Care,0.18,0.26,1.00,0,34,3,5,7,2,8,2,5,2,,,,,A5510:U5510,
5509,2515-4478,2.25,BMJ Evid Based Med,0.03,0.32,0.97,0,34,5,4,3,6,4,3,6,3,,,,,A5511:U5511,
5510,2585-2906,0.53,Eur J Midwifery,0.00,1.00,0.00,0,34,3,3,4,2,5,6,10,1,,,,,A5512:U5512,
5511,2661-8850,0.81,BMC Mol Cell Biol,0.94,1.00,0.09,0,34,6,8,6,7,3,2,2,,,,,,A5513:U5513,
5512,2667-0895,0.72,Atheroscler Plus,0.00,1.00,0.00,0,34,4,6,4,7,5,4,3,1,,,,,A5514:U5514,
5513,2667-3215,1.03,SSM Qual Res Health,0.00,1.00,0.68,0,34,2,1,2,2,3,11,10,3,,,,,A5515:U5515,
5514,2689-2820,0.5,Palliat Med Rep,0.00,1.00,0.82,0,34,,,1,,,,,33,,,,,A5516:U5516,
5515,2795-4552,0.42,ARP Rheumatol,0.76,1.00,0.00,0,34,12,,,11,,,11,,,,,,A5517:U5517,
5516,2948-2801,1.67,Adv Biotechnol (Singap),0.00,1.00,0.79,0,34,1,4,7,6,4,2,5,5,,,,,A5518:U5518,
5517,2949-7132,0.89,Cancer Pathog Ther,0.00,1.00,0.00,0,34,7,8,10,1,,,,8,,,,,A5519:U5519,
5518,3049-5334,0.69,Sage Open Aging,0.00,1.00,0.97,0,34,,4,6,3,5,5,5,6,,,,,A5520:U5520,
5519,8755-1225,0.55,J Pharm Technol,0.00,0.12,1.00,0,34,1,5,5,5,8,,9,1,,,,,A5521:U5521,
5520,0019-1442,0.2,Ideggyogy Sz,1.00,1.00,0.88,0,33,8,,6,,,10,,9,,,,,A5522:U5522,
5521,0189-160X,,West Afr J Med,0.91,0.00,0.00,0,33,,,11,11,11,,,,,,,,A5523:U5523,
5522,0794-859X,0.21,Niger J Physiol Sci,0.97,0.00,0.00,0,33,,,,16,,,17,,,,,,A5524:U5524,
5523,0973-7138,0.47,J Biosci,0.97,1.00,0.00,1,33,2,5,1,6,8,3,5,3,,,,,A5525:U5525,
5524,0974-1208,0.45,J Hum Reprod Sci,0.00,1.00,0.00,0,33,11,,,11,,,,11,,,,,A5526:U5526,
5525,1097-3729,0.34,Technol Cult,0.15,0.00,0.00,0,33,,10,,,11,,,12,,,,,A5527:U5527,
5526,1210-7778,0.38,Cent Eur J Public Health,1.00,0.64,0.00,0,33,10,,,11,,,12,,,,,,A5528:U5528,
5527,1421-9824,0.71,Dement Geriatr Cogn Disord,0.00,0.52,0.00,0,33,8,2,6,2,3,5,6,1,,,,,A5529:U5529,
5528,1465-3478,0.77,Int J Food Sci Nutr,0.97,0.42,0.52,0,33,,8,2,6,7,3,6,1,,,,,A5530:U5530,
5529,1471-8847,0.29,Dev World Bioeth,0.30,0.18,0.85,0,33,2,2,,3,14,9,2,1,,,,,A5531:U5531,
5530,1472-8206,0.67,Fundam Clin Pharmacol,0.94,0.55,0.91,1,33,3,5,5,5,3,6,4,2,,,,,A5532:U5532,
5531,1477-2205,0.9,Anxiety Stress Coping,0.45,0.48,0.55,0,33,7,3,3,5,5,2,5,3,,,,,A5533:U5533,
5532,1525-6006,0.93,Clin Exp Hypertens,0.97,1.00,0.42,0,33,7,9,4,4,1,3,3,2,,,,,A5534:U5534,
5533,1540-7322,0.65,J Women Aging,0.27,0.39,0.94,0,33,2,,4,2,2,5,12,6,,,,,A5535:U5535,
5534,1544-2241,1.91,Curr Osteoporos Rep,1.00,0.58,0.39,0,33,4,3,7,2,9,1,3,4,,,,,A5536:U5536,
5535,1549-7828,1.83,Crit Rev Microbiol,0.64,0.12,0.21,2,33,9,2,2,2,4,3,5,6,,,,,A5537:U5537,
5536,1558-2302,0.33,Clin Podiatr Med Surg,0.88,0.03,0.00,0,33,,,14,,19,,,,,,,,A5538:U5538,
5537,1558-5042,0.83,Surg Oncol Clin N Am,0.88,0.00,0.00,0,33,,,16,,,17,,,,,,,A5539:U5539,
5538,1568-7856,1.47,DNA Repair (Amst),0.64,0.45,0.00,0,33,5,2,4,3,5,3,6,5,,,,,A5540:U5540,
5539,1598-2629,1.73,Immune Netw,0.00,1.00,1.00,0,33,6,,11,,7,,9,,,,,,A5541:U5541,
5540,1654-661X,1.09,Food Nutr Res,0.00,1.00,0.09,0,33,5,3,3,3,1,4,9,5,,,,,A5542:U5542,
5541,1664-283X,,Pflege,0.33,0.15,0.70,0,33,6,1,9,1,2,1,6,7,,,,,A5543:U5543,
5542,1738-6756,0.89,J Breast Cancer,0.00,1.00,1.00,0,33,9,,,8,2,7,2,5,,,,,A5544:U5544,
5543,1753-6561,0.52,BMC Proc,0.00,1.00,0.09,0,33,3,4,5,8,2,4,2,5,,,,,A5545:U5545,
5544,1757-9767,0.51,Glob Health Promot,0.00,0.12,0.79,0,33,2,4,4,8,3,7,3,2,,,,,A5546:U5546,
5545,1813-7253,1.24,Eur Rev Aging Phys Act,0.00,1.00,0.21,0,33,8,2,1,7,3,7,4,1,,,,,A5547:U5547,
5546,1879-9825,0.64,Int J Paleopathol,0.97,0.70,0.00,0,33,4,7,4,3,4,5,4,2,,,,,A5548:U5548,
5547,1880-0920,0.63,Drug Metab Pharmacokinet,0.88,0.27,0.00,0,33,7,7,3,5,3,4,1,3,,,,,A5549:U5549,
5548,1938-3533,0.35,J Phys Ther Educ,0.06,1.00,0.64,0,33,7,8,2,,9,2,,5,,,,,A5550:U5550,
5549,1938-3703,1.31,J Appl Behav Anal,0.97,0.61,0.97,0,33,5,4,3,4,3,3,2,9,,,,,A5551:U5551,
5550,1945-7189,9.99,Endocr Rev,0.30,0.55,0.97,1,33,4,4,1,4,5,3,9,3,,,,,A5552:U5552,
5551,1976-670X,1.26,BMB Rep,0.52,1.00,0.00,0,33,5,6,5,5,,7,2,3,,,,,A5553:U5553,
5552,2053-2733,0.45,Acta Crystallogr A Found Adv,0.03,0.33,0.76,0,33,6,2,3,6,6,5,4,1,,,,,A5554:U5554,
5553,2078-5151,0.18,S Afr J Surg,1.00,0.00,1.00,0,33,,,18,,15,,,,,,,,A5555:U5555,
5554,2090-0716,1.4,J Obes,0.97,1.00,0.97,0,33,5,6,4,6,2,2,3,5,,,,,A5556:U5556,
5555,2090-6641,0.19,Case Rep Nephrol,0.00,1.00,1.00,0,33,2,6,1,6,3,6,4,5,,,,,A5557:U5557,
5556,2093-3681,0.66,Healthc Inform Res,0.00,1.00,0.00,0,33,,12,,,10,,,11,,,,,A5558:U5558,
5557,2150-5349,,World J Gastrointest Pharmacol Ther,0.00,1.00,0.00,0,33,,,18,,,15,,,,,,,A5559:U5559,
5558,2156-7514,0.26,J Clin Imaging Sci,0.00,1.00,0.45,0,33,,8,4,5,4,4,4,4,,,,,A5560:U5560,
5559,2157-6998,0.3,AJP Rep,0.00,1.00,0.88,0,33,7,3,4,5,1,7,,6,,,,,A5561:U5561,
5560,2165-6509,1.09,CNS Spectr,0.73,0.27,0.94,0,33,3,,6,1,4,10,5,4,,,,,A5562:U5562,
5561,2193-6358,,J Neurol Surg Rep,0.00,1.00,0.82,0,33,2,6,7,2,1,7,6,2,,,,,A5563:U5563,
5562,2228-5814,0.49,Cell J,0.00,0.00,0.91,0,33,1,14,,8,,5,,5,,,,,A5564:U5564,
5563,2234-8646,0.47,Pediatr Gastroenterol Hepatol Nutr,0.00,1.00,1.00,0,33,7,,9,,9,,8,,,,,,A5565:U5565,
5564,2371-0888,0.36,J Assoc Med Microbiol Infect Dis Can,0.00,1.00,0.21,0,33,,,,,19,,14,,,,,,A5566:U5566,
5565,2378-8763,1.03,Cannabis Cannabinoid Res,0.36,0.15,0.61,0,33,,7,4,7,3,4,3,5,,,,,A5567:U5567,
5566,2458-9446,0.29,Agri,0.76,0.00,0.00,0,33,10,,,,11,,,12,,,,,A5568:U5568,
5567,2471-1888,1.07,AIMS Microbiol,0.00,1.00,0.00,0,33,15,,,6,,,12,,,,,,A5569:U5569,
5568,2543-6368,0.83,Blood Sci,0.00,1.00,0.03,0,33,3,5,7,,3,9,,6,,,,,A5570:U5570,
5569,2633-8823,1.32,Function (Oxf),0.85,1.00,0.94,0,33,5,4,4,2,6,6,5,1,,,,,A5571:U5571,
5570,2755-1733,1.75,Life Med,0.00,1.00,0.76,0,33,1,2,2,8,3,5,6,6,,,,,A5572:U5572,
5571,2769-707X,0.86,J Am Nutr Assoc,0.48,0.15,0.58,0,33,9,,3,5,4,4,4,4,,,,,A5573:U5573,
5572,2772-8927,2.52,Cell Insight,0.00,1.00,0.00,0,33,3,5,2,7,5,5,3,3,,,,,A5574:U5574,
5573,2976-9337,,Radiol Adv,0.00,1.00,0.85,0,33,1,3,10,5,4,2,3,5,,,,,A5575:U5575,
5574,3053-691X,,Pharmazie,1.00,1.00,0.00,1,33,11,,,6,4,,12,,,,,,A5576:U5576,
5575,0034-6233,0.62,Reumatologia,0.00,1.00,1.00,0,32,10,,11,,,11,,,,,,,A5577:U5577,
5576,0375-8427,0.31,Vet Med (Praha),0.00,1.00,0.75,0,32,4,4,4,4,4,,8,4,,,,,A5578:U5578,
5577,0717-6384,0.26,Medwave,0.78,0.00,0.94,0,32,3,3,4,3,5,4,4,6,,,,,A5579:U5579,
5578,0953-6833,0.25,Community Eye Health,0.00,0.97,0.00,0,32,,,,,19,13,,,,,,,A5580:U5580,
5579,1095-6808,2.63,Front Neuroendocrinol,0.81,0.53,0.00,0,32,4,3,3,3,6,6,4,3,,,,,A5581:U5581,
5580,1097-4644,0.91,J Cell Biochem,0.72,0.66,0.69,38,32,2,2,2,2,4,4,9,7,,,,,A5582:U5582,
5581,1108-7161,0.56,J Musculoskelet Neuronal Interact,0.88,1.00,0.00,0,32,,,16,,,16,,,,,,,A5583:U5583,
5582,1165-158X,,Cell Mol Biol (Noisy-le-grand),1.00,0.00,0.00,0,32,,8,,,,16,,8,,,,,A5584:U5584,
5583,1210-7816,0.16,Ceska Slov Farm,1.00,0.00,0.00,0,32,10,,,,11,11,,,,,,,A5585:U5585,
5584,1319-1683,,J Family Community Med,0.00,1.00,0.00,0,32,,11,,,,9,12,,,,,,A5586:U5586,
5585,1365-2583,0.63,Insect Mol Biol,0.50,0.09,0.97,0,32,3,3,5,2,5,8,5,1,,,,,A5587:U5587,
5586,1432-0770,0.46,Biol Cybern,0.94,0.56,0.31,1,32,3,3,4,3,2,3,4,10,,,,,A5588:U5588,
5587,1432-1424,0.87,J Membr Biol,0.97,0.44,0.41,1,32,3,4,3,,7,4,3,8,,,,,A5589:U5589,
5588,1439-359X,0.56,Eur J Pediatr Surg,0.31,0.28,0.84,0,32,9,4,1,2,3,7,3,3,,,,,A5590:U5590,
5589,1465-3133,0.55,J Orthod,0.56,0.16,0.72,0,32,4,2,6,5,4,5,1,5,,,,,A5591:U5591,
5590,1467-7717,0.74,Disasters,0.88,0.78,0.72,1,32,5,6,5,2,5,5,2,2,,,,,A5592:U5592,
5591,1469-5073,,Genet Res (Camb),0.94,1.00,0.94,0,32,4,2,4,4,5,5,3,5,,,,,A5593:U5593,
5592,1473-5725,0.32,Blood Press Monit,0.47,0.00,0.00,0,32,5,5,,7,2,8,,5,,,,,A5594:U5594,
5593,1475-5793,1.07,J Med Screen,0.31,0.38,0.97,0,32,1,2,6,5,7,1,3,7,,,,,A5595:U5595,
5594,1479-6813,1.18,J Mol Endocrinol,0.91,0.44,0.97,0,32,2,2,2,8,4,3,4,7,,,,,A5596:U5596,
5595,1522-1210,11.49,Physiol Rev,0.88,0.75,0.97,0,32,6,2,8,4,6,3,,3,,,,,A5597:U5597,
5596,1527-3326,0.58,Solid State Nucl Magn Reson,0.09,0.69,0.00,0,32,,3,6,3,5,6,6,3,,,,,A5598:U5598,
5597,1536-0253,0.38,Ultrasound Q,0.94,0.00,0.53,0,32,9,3,3,4,4,5,,4,,,,,A5599:U5599,
5598,1541-3772,0.31,New Solut,0.59,0.25,0.78,0,32,2,5,7,2,4,4,2,6,,,,,A5600:U5600,
5599,1550-5154,0.54,Qual Manag Health Care,0.03,0.00,0.25,0,32,12,1,2,1,,1,10,5,,,,,A5601:U5601,
5600,1552-5708,0.9,J Geriatr Psychiatry Neurol,0.03,0.41,1.00,0,32,7,4,5,2,2,6,3,3,,,,,A5602:U5602,
5601,1557-8534,0.53,Stem Cells Dev,0.78,0.09,0.75,3,32,,6,2,5,3,3,6,7,,,,,A5603:U5603,
5602,1557-8607,0.79,Immunol Allergy Clin North Am,0.88,0.06,0.00,0,32,,,,16,,,16,,,,,,A5604:U5604,
5603,1558-0490,0.77,Child Adolesc Psychiatr Clin N Am,0.94,0.06,0.00,0,32,,,,17,,15,,,,,,,A5605:U5605,
5604,1558-2264,0.47,Cardiol Clin,0.91,0.00,0.00,0,32,,,14,,,,17,1,,,,,A5606:U5606,
5605,1558-318X,0.76,Urol Clin North Am,0.88,0.00,0.00,0,32,,,,16,,16,,,,,,,A5607:U5607,
5606,1573-9368,0.49,Transgenic Res,0.94,0.22,0.41,0,32,3,7,3,4,7,4,3,1,,,,,A5608:U5608,
5607,1731-5530,0.22,Kardiochir Torakochirurgia Pol,0.00,1.00,0.00,0,32,,16,,16,,,,,,,,,A5609:U5609,
5608,1742-6316,0.32,Hist Philos Life Sci,0.94,0.72,0.97,0,32,3,4,7,2,1,7,8,,,,,,A5610:U5610,
5609,1742-9994,0.83,Front Zool,0.00,1.00,0.25,0,32,2,5,4,6,6,6,3,,,,,,A5611:U5611,
5610,1745-6924,4.86,Perspect Psychol Sci,0.53,0.56,1.00,0,32,9,4,5,1,2,4,4,3,,,,,A5612:U5612,
5611,1751-8857,0.46,IET Syst Biol,1.00,1.00,0.97,0,32,4,3,5,3,3,7,5,2,,,,,A5613:U5613,
5612,1755-6686,0.54,J Ren Care,0.91,0.47,0.94,0,32,5,4,5,3,3,4,5,3,,,,,A5614:U5614,
5613,1768-3181,0.17,Ann Cardiol Angeiol (Paris),0.50,0.00,0.00,0,32,,2,5,,13,,4,8,,,,,A5615:U5615,
5614,1865-5025,0.7,Cell Mol Bioeng,0.00,0.66,0.69,0,32,,1,6,,11,,13,1,,,,,A5616:U5616,
5615,1867-0342,0.57,Food Environ Virol,0.97,0.56,0.38,0,32,7,1,4,6,6,5,1,2,,,,,A5617:U5617,
5616,1868-8551,1.1,ALTEX,0.47,0.94,0.00,0,32,7,,5,9,2,3,6,,,,,,A5618:U5618,
5617,1872-9177,0.27,Nephrol Ther,0.62,0.00,0.00,0,32,6,5,8,2,4,4,2,1,,,,,A5619:U5619,
5618,1873-4251,0.27,Curr HIV Res,0.25,0.00,0.59,0,32,10,,3,5,2,4,6,2,,,,,A5620:U5620,
5619,1875-8894,0.29,J Pediatr Rehabil Med,0.56,1.00,0.88,1,32,1,2,4,7,4,5,6,3,,,,,A5621:U5621,
5620,1880-344X,0.39,J Echocardiogr,0.12,0.03,0.84,0,32,1,6,5,1,8,3,7,1,,,,,A5622:U5622,
5621,1934-7243,1.07,Ann Dyslexia,0.19,0.22,0.66,0,32,1,3,2,3,8,3,11,1,,,,,A5623:U5623,
5622,1938-2464,0.65,Res Gerontol Nurs,0.38,0.28,0.00,0,32,7,,7,,5,6,7,,,,,,A5624:U5624,
5623,1940-9818,0.5,Biotechniques,0.84,1.00,0.59,0,32,4,3,9,3,2,6,1,4,,,,,A5625:U5625,
5624,1943-6270,0.43,J Am Mosq Control Assoc,0.69,1.00,0.00,0,32,,6,6,4,5,4,4,3,,,,,A5626:U5626,
5625,2048-7940,0.28,Rehabil Nurs,0.12,0.00,0.50,0,32,3,3,6,9,2,2,7,,,,,,A5627:U5627,
5626,2050-3369,1.12,Arrhythm Electrophysiol Rev,0.00,1.00,0.84,0,32,4,,11,1,9,4,2,1,,,,,A5628:U5628,
5627,2050-6120,0.47,Methods Appl Fluoresc,0.47,0.12,0.97,0,32,3,4,7,2,3,3,4,6,,,,,A5629:U5629,
5628,2090-6420,0.19,Case Rep Crit Care,0.00,1.00,1.00,0,32,1,,,,12,4,3,12,,,,,A5630:U5630,
5629,2162-9471,1.14,Adv Clin Chem,0.94,0.00,0.00,0,32,7,7,,6,6,6,,,,,,,A5631:U5631,
5630,2186-165X,0.57,Med Mycol J,0.84,1.00,0.00,0,32,,,12,,12,,,8,,,,,A5632:U5632,
5631,2251-7200,0.45,J Biomed Phys Eng,0.00,1.00,0.00,0,32,,8,,8,,8,,8,,,,,A5633:U5633,
5632,2291-2797,0.64,Can J Gastroenterol Hepatol,1.00,1.00,1.00,0,32,1,,8,6,3,5,6,3,,,,,A5634:U5634,
5633,2300-8423,0.33,Otolaryngol Pol,0.94,1.00,0.00,0,32,,2,6,3,11,2,7,1,,,,,A5635:U5635,
5634,2332-0885,0.27,Case Reports Plast Surg Hand Surg,0.00,1.00,0.25,0,32,6,3,9,5,4,3,,2,,,,,A5636:U5636,
5635,2381-4683,1.08,MDM Policy Pract,0.00,1.00,1.00,0,32,2,4,2,1,10,4,6,3,,,,,A5637:U5637,
5636,2410-8219,0.47,S Afr J Physiother,0.00,1.00,1.00,0,32,,,6,3,12,4,5,2,,,,,A5638:U5638,
5637,2452-0748,1.35,NanoImpact,0.72,0.66,0.00,0,32,,6,6,8,3,4,3,2,,,,,A5639:U5639,
5638,2452-3186,0.88,Curr Res Transl Med,0.66,0.22,0.00,0,32,1,8,6,3,7,1,4,2,,,,,A5640:U5640,
5639,2466-054X,0.78,Investig Clin Urol,0.97,1.00,1.00,0,32,,,11,,11,,10,,,,,,A5641:U5641,
5640,2472-1751,1.45,Netw Neurosci,0.00,1.00,0.78,0,32,4,,8,12,,,8,,,,,,A5642:U5642,
5641,2513-843X,0.67,Evol Hum Sci,0.00,1.00,1.00,0,32,,4,4,7,5,4,5,3,,,,,A5643:U5643,
5642,2515-4826,0.46,HRB Open Res,0.00,1.00,1.00,0,32,10,5,7,4,2,4,,,,,,,A5644:U5644,
5643,2524-8987,0.77,Ultrasound J,0.00,0.41,0.53,0,32,,2,5,6,9,4,3,3,,,,,A5645:U5645,
5644,2573-8240,0.42,Blockchain Healthc Today,0.00,0.97,0.91,0,32,,21,2,1,6,,2,,,,,,A5646:U5646,
5645,2586-0860,,Jugan Geongang Gwa Jilbyeong,0.00,1.00,1.00,0,32,21,11,,,,,,,,,,,A5647:U5647,
5646,2589-0514,,Chronic Dis Transl Med,0.00,1.00,0.78,0,32,,,,9,,10,9,4,,,,,A5648:U5648,
5647,2634-4416,1.8,Psychoradiology,0.00,1.00,0.75,0,32,,5,8,5,6,4,4,,,,,,A5649:U5649,
5648,2731-6203,0.15,Gen Thorac Cardiovasc Surg Cases,0.00,0.97,0.53,0,32,2,5,7,7,3,6,,2,,,,,A5650:U5650,
5649,2770-9183,0.92,Cancer Innov,0.00,1.00,0.97,0,32,3,3,,9,2,6,1,8,,,,,A5651:U5651,
5650,2813-1193,0.64,Front Neuroimaging,0.00,1.00,0.00,1,32,4,3,5,3,9,3,4,1,,,,,A5652:U5652,
5651,2950-0044,0.52,J Mood Anxiety Disord,0.00,1.00,0.00,0,32,2,5,2,6,3,3,4,7,,,,,A5653:U5653,
5652,2950-5410,0.35,J Pediatr Clin Pract,0.00,1.00,0.00,0,32,5,1,3,6,2,6,5,4,,,,,A5654:U5654,
5653,2976-7024,,Mod Br Hist,0.34,0.81,0.94,0,32,2,,1,2,6,10,8,3,,,,,A5655:U5655,
5654,0002-726X,0.27,Am Ann Deaf,0.42,0.00,0.00,0,31,,,5,15,6,2,3,,,,,,A5656:U5656,
5655,0022-9040,0.2,Kardiologiia,0.13,0.00,0.00,0,31,11,10,,10,,,,,,,,,A5657:U5657,
5656,0025-7818,0.66,Med Lav,0.97,1.00,0.52,0,31,,7,,8,,8,,8,,,,,A5658:U5658,
5657,0231-5882,0.42,Gen Physiol Biophys,1.00,0.00,0.77,0,31,,,,,9,14,,8,,,,,A5659:U5659,
5658,1096-3618,3.62,Semin Immunol,0.52,0.32,0.00,0,31,2,3,1,3,9,4,2,7,,,,,A5660:U5660,
5659,1096-3650,4.91,Semin Cancer Biol,0.84,0.52,0.00,0,31,6,5,4,2,2,5,5,2,,,,,A5661:U5661,
5660,1179-1993,1.44,Pharmaceut Med,0.74,0.35,0.97,0,31,3,2,1,2,4,6,5,8,,,,,A5662:U5662,
5661,1179-9927,,Pediatric Health Med Ther,0.00,1.00,0.90,0,31,,1,9,8,2,5,,6,,,,,A5663:U5663,
5662,1440-1789,0.54,Neuropathology,0.97,0.39,0.94,0,31,5,6,3,2,3,2,5,5,,,,,A5664:U5664,
5663,1469-8730,0.47,Zygote,0.52,0.00,0.97,0,31,,4,4,3,5,2,7,6,,,,,A5665:U5665,
5664,1477-0393,0.46,Toxicol Ind Health,0.77,0.00,0.94,2,31,3,6,5,6,2,3,4,2,,,,,A5666:U5666,
5665,1478-3975,0.73,Phys Biol,1.00,0.03,1.00,0,31,4,5,5,3,4,1,6,3,,,,,A5667:U5667,
5666,1545-6854,0.36,Health Soc Work,0.39,0.00,0.00,0,31,3,5,9,,1,12,,1,,,,,A5668:U5668,
5667,1547-6898,1.3,Crit Rev Toxicol,0.65,0.42,0.71,0,31,5,3,3,6,3,5,3,3,,,,,A5669:U5669,
5668,1549-8719,0.65,Microcirculation,0.90,0.55,0.74,0,31,5,1,3,2,6,8,3,3,,,,,A5670:U5670,
5669,1550-5111,0.35,Crit Care Nurs Q,0.87,0.03,0.39,0,31,,9,,,12,,,10,,,,,A5671:U5671,
5670,1552-3799,0.64,Clin Nurs Res,0.84,0.16,1.00,0,31,,4,10,9,4,2,,2,,,,,A5672:U5672,
5671,1552-3926,0.54,Eval Rev,0.16,0.19,1.00,0,31,2,4,2,3,4,2,6,8,,,,,A5673:U5673,
5672,1556-228X,0.51,Clin Sports Med,0.87,0.00,0.00,0,31,,,14,,17,,,,,,,,A5674:U5674,
5673,1558-0504,0.76,Clin Plast Surg,0.94,0.00,0.00,0,31,,,16,,15,,,,,,,,A5675:U5675,
5674,1591-951X,0.92,Pathologica,0.90,1.00,0.00,0,31,,,,19,12,,,,,,,,A5676:U5676,
5675,1607-842X,1.04,Autoimmunity,0.94,1.00,0.16,2,31,8,3,2,3,6,2,6,1,,,,,A5677:U5677,
5676,1618-0372,0.67,Acta Histochem,0.74,0.29,0.00,1,31,7,3,2,6,2,2,3,6,,,,,A5678:U5678,
5677,1738-6055,0.84,Lab Anim Res,0.00,1.00,0.94,1,31,5,,4,8,3,4,3,4,,,,,A5679:U5679,
5678,1742-7924,0.6,Jpn J Nurs Sci,0.87,0.55,0.94,0,31,4,1,3,6,3,5,6,3,,,,,A5680:U5680,
5679,1742-9536,0.52,Aust J Psychol,0.00,1.00,1.00,0,31,4,4,3,3,4,7,3,3,,,,,A5681:U5681,
5680,1743-9396,0.35,Med Confl Surviv,0.19,0.23,0.74,0,31,2,6,4,3,2,2,1,11,,,,,A5682:U5682,
5681,1745-2473,6.58,Nat Phys,0.00,0.97,0.87,0,31,4,4,1,5,3,3,,11,,,,,A5683:U5683,
5682,1756-6614,0.54,Thyroid Res,0.00,1.00,0.29,0,31,6,4,3,4,5,6,3,,,,,,A5684:U5684,
5683,1769-6658,0.48,Cancer Radiother,0.84,0.39,0.00,0,31,,4,2,5,2,8,3,7,,,,,A5685:U5685,
5684,1841-0413,0.94,Eur J Psychol,0.00,1.00,0.52,0,31,,23,8,,,,,,,,,,A5686:U5686,
5685,1846-7482,,Biochem Med (Zagreb),0.97,1.00,0.00,0,31,,5,,11,,8,,7,,,,,A5687:U5687,
5686,1911-9828,0.71,Can J Occup Ther,0.23,0.65,0.97,0,31,6,4,8,4,2,2,5,,,,,,A5688:U5688,
5687,1988-2904,0.86,Span J Psychol,0.97,0.00,0.87,0,31,2,,4,4,2,4,14,1,,,,,A5689:U5689,
5688,1998-4774,0.31,Indian J Cancer,0.81,1.00,0.90,1,31,,,13,,,13,,5,,,,,A5690:U5690,
5689,2005-7806,0.77,J Adv Prosthodont,0.00,1.00,0.94,0,31,6,,7,,8,,10,,,,,,A5691:U5691,
5690,2044-835X,0.99,Br J Dev Psychol,0.45,0.39,0.97,0,31,3,3,4,5,4,6,3,3,,,,,A5692:U5692,
5691,2049-3002,,Cancer Metab,0.00,1.00,0.13,0,31,1,4,3,10,4,5,3,1,,,,,A5693:U5693,
5692,2055-0464,1.24,Echo Res Pract,0.00,1.00,0.19,0,31,3,3,2,4,3,8,4,4,,,,,A5694:U5694,
5693,2090-8083,0.72,Parkinsons Dis,0.00,1.00,1.00,0,31,6,5,,1,3,4,5,7,,,,,A5695:U5695,
5694,2093-7482,0.74,Asian Nurs Res (Korean Soc Nurs Sci),0.52,1.00,0.00,1,31,,10,2,6,2,4,3,4,,,,,A5696:U5696,
5695,2168-2372,0.92,IEEE J Transl Eng Health Med,1.00,1.00,1.00,0,31,7,4,4,7,5,4,,,,,,,A5697:U5697,
5696,2186-3644,0.55,Intractable Rare Dis Res,0.00,1.00,0.00,0,31,,12,,,,10,,9,,,,,A5698:U5698,
5697,2210-7185,0.71,Anal Cell Pathol (Amst),0.71,1.00,0.71,7,31,,,12,4,2,6,3,4,,,,,A5699:U5699,
5698,2224-7041,0.22,East Asian Arch Psychiatry,0.90,1.00,0.00,0,31,11,,10,,,10,,,,,,,A5700:U5700,
5699,2231-4040,0.3,J Adv Pharm Technol Res,0.00,1.00,0.00,0,31,,,14,,,17,,,,,,,A5701:U5701,
5700,2234-1900,0.68,Radiat Oncol J,0.00,1.00,0.00,0,31,8,,2,6,,,8,7,,,,,A5702:U5702,
5701,2234-7550,0.47,J Korean Assoc Oral Maxillofac Surg,0.00,1.00,0.97,0,31,,8,,9,,7,,7,,,,,A5703:U5703,
5702,2234-8999,0.49,Korean J Neurotrauma,0.00,1.00,0.97,0,31,,10,,,9,,,12,,,,,A5704:U5704,
5703,2238-0019,0.78,Trends Psychiatry Psychother,0.00,1.00,0.00,W1,31,4,1,4,5,5,3,4,5,,,,,A5705:U5705,https://pubmed.ncbi.nlm.nih.gov/?term=41047145
5704,2283-5733,0.24,Glob Reg Health Technol Assess,0.00,1.00,0.90,0,31,4,6,3,4,3,6,5,,,,,,A5706:U5706,
5705,2287-3260,0.56,Hip Pelvis,0.00,1.00,1.00,0,31,,,12,,,11,,8,,,,,A5707:U5707,
5706,2287-9129,0.49,Child Health Nurs Res,0.00,1.00,0.00,0,31,8,,,12,,,11,,,,,,A5708:U5708,
5707,2311-553X,0.89,Noncoding RNA,0.00,1.00,0.94,0,31,2,5,4,2,4,3,4,7,,,,,A5709:U5709,
5708,2340-3527,0.25,An Sist Sanit Navar,0.84,1.00,0.00,0,31,,4,4,6,,1,5,11,,,,,A5710:U5710,
5709,2392-1099,0.47,Clin Exp Hepatol,0.00,1.00,0.00,0,31,,,,21,,10,,,,,,,A5711:U5711,
5710,2472-5846,0.59,IISE Trans Occup Ergon Hum Factors,0.26,0.26,0.94,0,31,3,4,3,7,7,3,2,2,,,,,A5712:U5712,
5711,2515-8414,0.8,Ther Adv Ophthalmol,0.00,1.00,0.97,0,31,6,3,2,3,2,5,4,6,,,,,A5713:U5713,
5712,2561-1011,0.85,JMIR Cardio,1.00,1.00,1.00,0,31,1,4,6,2,5,7,6,,,,,,A5714:U5714,
5713,2561-4444,0.35,Can Liver J,0.00,1.00,0.03,0,31,,11,,,9,1,10,,,,,,A5715:U5715,
5714,2617-0205,0.25,Afr J Thorac Crit Care Med,0.00,1.00,0.81,0,31,,9,,,,13,,9,,,,,A5716:U5716,
5715,2641-4368,1.37,Neurobiol Lang (Camb),0.00,1.00,0.94,0,31,,,9,8,5,3,4,2,,,,,A5717:U5717,
5716,2976-8357,0.97,Subst Use,0.00,1.00,0.97,0,31,2,4,1,4,3,1,6,10,,,,,A5718:U5718,
5717,0018-1994,0.11,Hinyokika Kiyo,1.00,0.00,0.00,0,30,4,,7,,8,7,,4,,,,,A5719:U5719,
5718,0022-2372,0.61,J Mammal,0.00,0.97,1.00,0,30,1,1,,7,1,10,10,,,,,,A5720:U5720,
5719,0033-2100,0.23,Przegl Epidemiol,0.53,0.00,0.00,0,30,,,,16,,,14,,,,,,A5721:U5721,
5720,0886-6708,0.36,Violence Vict,0.30,0.00,0.00,0,30,2,3,3,8,6,,6,2,,,,,A5722:U5722,
5721,0914-9198,0.31,J Toxicol Pathol,0.00,1.00,0.00,0,30,5,1,,4,,,20,,,,,,A5723:U5723,
5722,0974-0333,0.45,J Curr Glaucoma Pract,0.00,1.00,0.47,0,30,11,,,,,8,,11,,,,,A5724:U5724,
5723,1029-046X,0.37,SAR QSAR Environ Res,0.90,0.00,0.47,0,30,3,1,5,9,4,6,1,1,,,,,A5725:U5725,
5724,1051-0761,1.68,Ecol Appl,0.97,0.00,0.87,0,30,2,5,5,8,8,1,1,,,,,,A5726:U5726,
5725,1095-9327,1.12,Mol Cell Neurosci,0.67,0.27,0.00,0,30,4,4,4,7,1,4,3,3,,,,,A5727:U5727,
5726,1179-1500,0.55,Open Access Emerg Med,0.00,1.00,0.90,0,30,1,3,9,2,2,2,6,5,,,,,A5728:U5728,
5727,1214-6994,0.19,Prague Med Rep,1.00,1.00,0.00,0,30,10,,10,,,10,,,,,,,A5729:U5729,
5728,1432-0916,1.25,Commun Math Phys,0.00,1.00,0.87,0,30,2,2,5,3,2,4,6,6,,,,,A5730:U5730,
5729,1464-3790,0.81,Med Law Rev,0.50,0.33,0.60,0,30,3,1,5,3,6,3,3,6,,,,,A5731:U5731,
5730,1464-3804,1.15,Mutagenesis,0.63,0.30,0.87,0,30,2,10,2,4,4,3,2,3,,,,,A5732:U5732,
5731,1464-522X,0.31,J Med Eng Technol,0.33,0.13,0.27,0,30,2,2,1,6,6,1,4,8,,,,,A5733:U5733,
5732,1471-8391,1.54,Br Med Bull,1.00,0.20,1.00,0,30,6,8,2,2,1,1,5,5,,,,,A5734:U5734,
5733,1534-3111,2.16,Curr Hypertens Rep,0.93,0.57,0.30,0,30,6,3,7,3,1,5,2,3,,,,,A5735:U5735,
5734,1539-0667,0.27,J Infus Nurs,0.63,0.07,0.37,0,30,8,8,,1,7,,6,,,,,,A5736:U5736,
5735,1540-3548,0.58,J Lesbian Stud,0.30,0.30,0.33,0,30,3,6,8,2,,5,4,2,,,,,A5737:U5737,
5736,1551-3823,0.36,Fetal Pediatr Pathol,0.40,0.07,0.33,0,30,5,1,8,1,2,4,5,4,,,,,A5738:U5738,
5737,1551-5044,0.65,J Histochem Cytochem,0.63,0.47,0.97,0,30,4,3,6,4,3,1,3,6,,,,,A5739:U5739,
5738,1557-9808,0.38,Tech Vasc Interv Radiol,0.87,0.00,0.00,0,30,,,10,,,7,,13,,,,,A5740:U5740,
5739,1558-1381,0.55,Phys Med Rehabil Clin N Am,0.87,0.03,0.00,0,30,,,,15,,15,,,,,,,A5741:U5741,
5740,1558-1950,0.67,Gastrointest Endosc Clin N Am,0.87,0.00,0.00,0,30,,,13,,,17,,,,,,,A5742:U5742,
5741,1735-1995,0.51,J Res Med Sci,0.00,1.00,0.00,0,30,,10,10,,,5,,5,,,,,A5743:U5743,
5742,1738-3536,0.8,Tuberc Respir Dis (Seoul),0.00,1.00,0.00,0,30,2,7,2,3,4,4,5,3,,,,,A5744:U5744,
5743,1742-4933,2.3,Immun Ageing,0.00,1.00,0.27,1,30,4,4,4,3,3,4,6,2,,,,,A5745:U5745,
5744,1744-8417,1.11,Expert Rev Endocrinol Metab,0.70,0.40,0.40,0,30,2,6,4,5,5,,4,4,,,,,A5746:U5746,
5745,1751-0147,0.56,Acta Vet Scand,0.93,1.00,0.93,0,30,7,5,5,5,,5,2,1,,,,,A5747:U5747,
5746,1752-4458,1.46,Int J Ment Health Syst,0.00,1.00,0.27,0,30,2,3,1,7,7,6,3,1,,,,,A5748:U5748,
5747,1755-8166,0.49,Mol Cytogenet,0.00,1.00,0.03,0,30,3,6,3,8,3,6,1,,,,,,A5749:U5749,
5748,1756-591X,0.7,Metallomics,0.97,0.47,0.80,0,30,7,6,4,,1,9,1,2,,,,,A5750:U5750,
5749,1799-7267,0.66,Scand J Surg,0.80,1.00,1.00,0,30,,7,3,1,2,8,6,3,,,,,A5751:U5751,
5750,1804-7521,0.33,Biomed Pap Med Fac Univ Palacky Olomouc Czech Repub,0.10,0.10,0.00,0,30,5,1,3,3,4,2,6,6,,,,,A5752:U5752,
5751,1828-1427,0.29,Vet Ital,0.97,0.93,0.00,0,30,7,6,4,2,3,1,,7,,,,,A5753:U5753,
5752,1836-6716,0.57,Monash Bioeth Rev,0.03,0.07,0.40,0,30,2,3,2,1,2,10,7,3,,,,,A5754:U5754,
5753,1875-6271,0.31,Curr Org Synth,0.27,0.00,0.53,0,30,,9,,4,1,4,8,4,,,,,A5755:U5755,
5754,1877-5853,0.64,Spat Spatiotemporal Epidemiol,1.00,0.33,0.00,0,30,,9,,,,21,,,,,,,A5756:U5756,
5755,1879-0054,0.52,Domest Anim Endocrinol,1.00,0.30,0.00,0,30,2,7,1,3,8,5,3,1,,,,,A5757:U5757,
5756,1945-1474,0.34,J Healthc Qual,0.63,0.13,0.67,0,30,2,4,3,8,3,4,5,1,,,,,A5758:U5758,
5757,1946-9837,,Top Companion Anim Med,0.67,0.47,0.00,0,30,,,,6,8,7,6,3,,,,,A5759:U5759,
5758,1975-5937,0.86,J Educ Eval Health Prof,0.90,1.00,0.00,0,30,4,3,,4,4,8,1,6,,,,,A5760:U5760,
5759,2005-9159,0.88,Korean J Pain,0.00,1.00,0.97,0,30,1,,4,9,2,13,1,,,,,,A5761:U5761,
5760,2044-5040,1.62,Skelet Muscle,0.83,1.00,0.10,0,30,7,5,3,2,5,5,3,,,,,,A5762:U5762,
5761,2146-1414,0.27,Mol Imaging Radionucl Ther,0.00,1.00,0.97,0,30,2,5,7,5,,6,3,2,,,,,A5763:U5763,
5762,2149-9322,0.43,Turk J Obstet Gynecol,0.00,1.00,1.00,0,30,7,5,3,2,3,4,3,3,,,,,A5764:U5764,
5763,2193-8261,1.01,Cardiol Ther,0.00,0.37,0.80,0,30,1,2,,2,6,3,4,12,,,,,A5765:U5765,
5764,2212-3970,0.64,Recent Pat Anticancer Drug Discov,0.00,0.00,0.40,0,30,6,,1,1,6,4,12,,,,,,A5766:U5766,
5765,2213-0276,1.26,Presse Med,0.27,0.23,0.00,0,30,,,3,3,10,11,3,,,,,,A5767:U5767,
5766,2213-4808,0.45,Multisens Res,0.33,0.00,1.00,0,30,2,4,2,2,6,3,,11,,,,,A5768:U5768,
5767,2234-7518,1.04,Korean J Orthod,0.00,1.00,0.90,0,30,7,,6,3,6,1,6,1,,,,,A5769:U5769,
5768,2278-1897,0.46,J Orthod Sci,0.00,1.00,0.00,0,30,10,,10,,,,10,,,,,,A5770:U5770,
5769,2288-7970,0.36,Vasc Specialist Int,0.00,1.00,0.97,0,30,2,5,7,3,3,6,1,3,,,,,A5771:U5771,
5770,2325-8306,1.39,LGBT Health,0.73,0.23,0.67,1,30,2,4,3,3,,11,2,5,,,,,A5772:U5772,
5771,2368-738X,1.2,Health Promot Chronic Dis Prev Can,0.87,1.00,0.00,0,30,5,6,5,4,4,3,3,,,,,,A5773:U5773,
5772,2509-4971,,J Healthc Inform Res,0.00,0.67,0.23,0,30,,10,,,10,,,10,,,,,A5774:U5774,
5773,2520-8977,1.15,Perspect Behav Sci,0.00,0.53,0.67,0,30,10,,11,,,9,,,,,,,A5775:U5775,
5774,2524-4434,0.35,Acta Epileptol,0.00,1.00,0.60,0,30,2,3,4,5,7,2,4,3,,,,,A5776:U5776,
5775,2532-179X,0.5,Sarcoidosis Vasc Diffuse Lung Dis,0.00,1.00,0.43,0,30,,,15,,,15,,,,,,,A5777:U5777,
5776,2589-0565,0.32,Indian J Sex Transm Dis AIDS,0.00,1.00,0.00,0,30,,,,,,,30,,,,,,A5778:U5778,
5777,2639-9636,,Sr Care Pharm,0.57,0.00,0.00,0,30,5,6,,5,,6,,8,,,,,A5779:U5779,
5778,2673-3439,1.35,Front Genome Ed,0.00,1.00,0.00,0,30,2,,5,2,3,5,6,7,,,,,A5780:U5780,
5779,2676-8607,0.54,Biol Futur,0.40,0.00,0.80,0,30,3,5,4,1,6,3,4,4,,,,,A5781:U5781,
5780,2717-011X,0.33,Curr J Neurol,0.00,1.00,0.00,0,30,,,,,20,,,10,,,,,A5782:U5782,
5781,2765-8783,0.76,Health Data Sci,0.00,1.00,0.80,0,30,3,3,3,4,7,2,4,4,,,,,A5783:U5783,
5782,2957-0557,,Folia Med Cracov,1.00,1.00,0.00,0,30,15,,,,,15,,,,,,,A5784:U5784,
5783,2969-8960,0.46,J Extra Corpor Technol,0.83,1.00,0.80,0,30,,,14,,,16,,,,,,,A5785:U5785,
5784,0126-8635,0.29,Malays J Pathol,0.97,1.00,0.00,0,29,,,,15,,,,14,,,,,A5786:U5786,
5785,0261-1929,0.65,Altern Lab Anim,0.55,0.14,0.52,0,29,1,7,,7,2,5,4,3,,,,,A5787:U5787,
5786,1099-1077,0.66,Hum Psychopharmacol,0.97,0.45,0.90,0,29,2,1,6,4,6,4,3,3,,,,,A5788:U5788,
5787,1179-5514,0.72,Clin Med Insights Endocrinol Diabetes,0.00,1.00,1.00,0,29,,2,4,5,2,3,9,4,,,,,A5789:U5789,
5788,1423-0305,0.39,Pediatr Neurosurg,0.21,0.55,0.00,0,29,2,3,7,5,4,3,1,4,,,,,A5790:U5790,
5789,1439-1899,0.42,Neuropediatrics,0.69,0.21,0.90,0,29,4,5,4,5,3,5,3,,,,,,A5791:U5791,
5790,1465-3648,0.73,Health Educ Res,1.00,0.41,0.83,0,29,3,8,2,6,3,4,1,2,,,,,A5792:U5792,
5791,1469-9532,0.56,J Intellect Dev Disabil,0.00,0.48,0.59,0,29,3,1,3,5,,6,4,7,,,,,A5793:U5793,
5792,1477-2639,0.33,Isotopes Environ Health Stud,0.03,0.24,0.34,0,29,,5,6,3,4,5,2,4,,,,,A5794:U5794,
5793,1521-2254,0.75,J Gene Med,0.90,0.38,0.66,5,29,6,1,4,4,6,,1,7,,,,,A5795:U5795,
5794,1537-162X,0.42,Clin Neuropharmacol,0.76,0.10,0.66,0,29,4,,11,3,1,3,7,,,,,,A5796:U5796,
5795,1543-2904,0.86,J Sport Exerc Psychol,0.72,0.03,0.86,0,29,5,2,5,7,3,1,4,2,,,,,A5797:U5797,
5796,1545-3847,0.52,Gerontol Geriatr Educ,0.17,0.28,0.48,0,29,2,5,1,1,7,1,5,7,,,,,A5798:U5798,
5797,1550-5138,0.46,Holist Nurs Pract,0.00,0.00,0.21,0,29,6,4,2,3,3,3,6,2,,,,,A5799:U5799,
5798,1552-6801,1.18,Med Care Res Rev,0.48,0.52,0.93,0,29,1,1,4,6,3,5,4,5,,,,,A5800:U5800,
5799,1557-9867,0.51,Neuroimaging Clin N Am,0.86,0.00,0.00,0,29,,,,16,,,13,,,,,,A5801:U5801,
5800,1558-1365,0.48,Oral Maxillofac Surg Clin North Am,0.93,0.00,0.00,0,29,1,6,15,3,1,2,1,,,,,,A5802:U5802,
5801,1578-1879,0.44,Clin Investig Arterioscler,0.21,0.21,0.00,0,29,3,6,1,1,6,6,6,,,,,,A5803:U5803,
5802,1607-8438,0.62,Connect Tissue Res,0.66,0.07,0.38,1,29,,4,1,6,4,3,4,7,,,,,A5804:U5804,
5803,1670-4959,0.17,Laeknabladid,0.59,1.00,0.00,0,29,,4,4,5,5,6,,5,,,,,A5805:U5805,
5804,1734-154X,0.52,Acta Biochim Pol,0.97,1.00,0.00,0,29,3,4,3,3,1,4,5,6,,,,,A5806:U5806,
5805,1735-4668,0.29,Iran J Child Neurol,0.00,1.00,0.00,0,29,,11,,,8,,,10,,,,,A5807:U5807,
5806,1746-076X,0.49,Regen Med,0.90,0.24,0.38,0,29,,8,7,5,4,2,,3,,,,,A5808:U5808,
5807,1752-8984,0.91,Diab Vasc Dis Res,0.90,1.00,0.97,0,29,2,3,5,1,1,3,8,6,,,,,A5809:U5809,
5808,1776-2588,0.19,Rev Mal Respir,0.17,0.03,0.00,0,29,1,,6,2,9,3,1,7,,,,,A5810:U5810,
5809,1853-0605,0.12,Rev Fac Cien Med Univ Nac Cordoba,1.00,0.97,0.76,0,29,,,16,,,13,,,,,,,A5811:U5811,
5810,1860-8965,0.69,Forensic Toxicol,0.55,1.00,0.83,0,29,3,2,9,2,1,7,1,4,,,,,A5812:U5812,
5811,1872-9452,3.43,Mol Aspects Med,0.83,0.24,0.00,0,29,5,8,1,2,5,4,1,3,,,,,A5813:U5813,
5812,1873-488X,0.55,J Pharmacol Toxicol Methods,0.83,0.21,0.00,W1,29,7,2,2,2,2,6,8,,,,,,A5814:U5814,https://pubmed.ncbi.nlm.nih.gov/?term=41794078
5813,1873-5495,0.41,Arthropod Struct Dev,0.93,0.17,0.00,0,29,1,6,4,6,3,2,3,4,,,,,A5815:U5815,
5814,1920-2903,0.28,Can J Hosp Pharm,0.00,0.31,0.00,0,29,4,4,4,4,4,5,2,2,,,,,A5816:U5816,
5815,1931-2393,1.13,Perspect Sex Reprod Health,0.52,0.17,0.66,0,29,7,2,1,4,3,2,,10,,,,,A5817:U5817,
5816,1932-6157,0.92,Ann Appl Stat,0.00,1.00,0.21,0,29,3,4,6,3,2,8,2,1,,,,,A5818:U5818,
5817,1938-0674,0.98,Clin Colorectal Cancer,0.90,0.52,0.00,0,29,2,7,4,1,3,7,4,1,,,,,A5819:U5819,
5818,1939-1307,2.36,J Occup Health Psychol,0.69,0.07,1.00,0,29,3,3,3,4,1,4,5,6,,,,,A5820:U5820,
5819,1945-7928,0.36,Proc IEEE Int Symp Biomed Imaging,0.00,1.00,0.00,0,29,2,3,1,3,7,4,5,4,,,,,A5821:U5821,
5820,2037-7452,0.58,Eur J Transl Myol,0.00,1.00,0.62,0,29,2,4,4,,6,4,3,6,,,,,A5822:U5822,
5821,2049-4637,0.63,Br J Pain,0.00,0.48,0.86,0,29,4,2,4,2,5,5,4,3,,,,,A5823:U5823,
5822,2051-6673,0.99,Borderline Personal Disord Emot Dysregul,0.00,1.00,0.34,0,29,1,4,4,3,5,4,6,2,,,,,A5824:U5824,
5823,2055-0936,0.84,Trop Dis Travel Med Vaccines,0.00,1.00,0.34,0,29,6,2,4,4,5,2,3,3,,,,,A5825:U5825,
5824,2090-6862,,Case Rep Radiol,0.00,1.00,1.00,0,29,3,,2,5,4,6,5,4,,,,,A5826:U5826,
5825,2150-6000,1.87,J Health Soc Behav,0.10,0.34,0.93,0,29,5,3,1,4,4,3,3,6,,,,,A5827:U5827,
5826,2151-2396,0.74,Crisis,0.59,0.21,1.00,0,29,7,6,3,3,,5,5,,,,,,A5828:U5828,
5827,2160-200X,,Am J Cardiovasc Dis,0.00,1.00,0.00,0,29,11,,6,,4,,8,,,,,,A5829:U5829,
5828,2168-0450,0.89,Appl Plant Sci,0.00,1.00,0.93,0,29,,,2,9,,8,,10,,,,,A5830:U5830,
5829,2193-6323,0.33,J Neurol Surg A Cent Eur Neurosurg,0.69,0.07,0.62,0,29,7,2,4,6,,7,2,1,,,,,A5831:U5831,
5830,2228-7914,,World J Plast Surg,0.00,1.00,0.00,0,29,15,,,,,,14,,,,,,A5832:U5832,
5831,2287-1152,0.61,Arch Craniofac Surg,0.00,1.00,0.00,0,29,7,,7,2,8,,5,,,,,,A5833:U5833,
5832,2312-7996,0.11,MedEdPublish (2016),0.00,1.00,0.93,0,29,12,4,8,1,2,1,1,,,,,,A5834:U5834,
5833,2322-5718,0.34,Asia Ocean J Nucl Med Biol,0.00,1.00,0.00,0,29,,15,,,,,,14,,,,,A5835:U5835,
5834,2445-2807,0.27,Cir Pediatr,0.83,1.00,0.00,0,29,9,,,9,,,11,,,,,,A5836:U5836,
5835,2508-7576,3.12,J Obes Metab Syndr,0.31,1.00,1.00,0,29,7,,5,7,,1,9,,,,,,A5837:U5837,
5836,2524-1753,,J Otol,0.00,1.00,0.00,0,29,,,10,,9,,,10,,,,,A5838:U5838,
5837,2532-8689,,Infez Med,0.00,1.00,0.00,0,29,,,12,,,16,,1,,,,,A5839:U5839,
5838,2590-1427,0.65,Sleep Med X,0.00,1.00,0.00,1,29,2,8,4,2,5,,5,3,,,,,A5840:U5840,
5839,2635-0114,0.75,Sci Diabetes Self Manag Care,0.79,0.28,0.97,0,29,4,6,,4,6,3,2,4,,,,,A5841:U5841,
5840,2644-1276,0.71,IEEE Open J Eng Med Biol,0.00,1.00,1.00,0,29,3,4,,10,6,6,,,,,,,A5842:U5842,
5841,2666-3503,0.61,JVS Vasc Sci,0.00,1.00,0.00,0,29,5,4,5,2,3,4,2,4,,,,,A5843:U5843,
5842,2668-0572,0.54,Med Pharm Rep,0.00,1.00,0.00,0,29,1,,10,,8,,,10,,,,,A5844:U5844,
5843,2687-7945,,Biodivers Genomes,0.00,1.00,0.03,0,29,1,3,1,6,2,6,3,7,,,,,A5845:U5845,
5844,2772-9478,0.45,ILIVER,0.00,1.00,0.00,0,29,,13,2,,5,4,,5,,,,,A5846:U5846,
5845,0001-5458,0.26,Acta Chir Belg,0.61,0.07,0.68,0,28,5,4,3,3,3,6,1,3,,,,,A5847:U5847,
5846,0080-1844,0.15,Results Probl Cell Differ,1.00,0.00,0.11,0,28,12,,,,,16,,,,,,,A5848:U5848,
5847,0918-7960,0.37,Anthropol Sci,0.00,1.00,0.00,0,28,,,,,28,,,,,,,,A5849:U5849,
5848,1096-9012,0.71,J Healthc Manag,0.54,0.00,0.00,0,28,5,,7,,7,,9,,,,,,A5850:U5850,
5849,1098-2280,0.69,Environ Mol Mutagen,0.93,0.61,0.89,0,28,,,1,7,4,9,2,5,,,,,A5851:U5851,
5850,1098-8823,0.7,Prostaglandins Other Lipid Mediat,0.68,0.25,0.00,1,28,,4,4,4,5,2,5,4,,,,,A5852:U5852,
5851,1208-6002,0.68,Biochem Cell Biol,0.79,0.54,0.82,1,28,5,1,4,3,6,4,1,4,,,,,A5853:U5853,
5852,1303-6092,0.42,Turk J Biol,0.00,1.00,1.00,0,28,9,,6,7,,,6,,,,,,A5854:U5854,
5853,1421-976X,0.71,Caries Res,0.00,0.46,0.00,0,28,3,3,4,2,1,3,3,9,,,,,A5855:U5855,
5854,1421-9891,0.76,Eur Addict Res,0.39,1.00,0.00,0,28,4,2,3,4,2,4,6,3,,,,,A5856:U5856,
5855,1439-0388,0.57,J Anim Breed Genet,0.54,0.43,0.93,0,28,2,4,2,4,2,4,4,6,,,,,A5857:U5857,
5856,1439-0981,0.57,Oper Orthop Traumatol,0.43,0.00,0.04,0,28,5,2,5,1,5,5,4,1,,,,,A5858:U5858,
5857,1458-6126,0.5,Nordisk Alkohol Nark,0.00,1.00,1.00,0,28,8,2,2,5,2,2,4,3,,,,,A5859:U5859,
5858,1473-5660,0.5,Int J Rehabil Res,0.82,0.11,0.00,0,28,7,1,7,2,4,3,2,2,,,,,A5860:U5860,
5859,1521-0669,0.39,Pediatr Hematol Oncol,0.86,0.07,0.50,0,28,7,,2,8,,5,5,1,,,,,A5861:U5861,
5860,1525-139X,0.41,Semin Dial,0.89,0.36,1.00,0,28,2,2,1,10,4,1,5,3,,,,,A5862:U5862,
5861,1532-2823,0.83,Prostaglandins Leukot Essent Fatty Acids,0.68,0.50,0.00,0,28,4,2,8,1,2,4,6,1,,,,,A5863:U5863,
5862,1542-8958,0.27,Digit J Ophthalmol,0.93,1.00,0.00,0,28,,,,,,13,9,6,,,,,A5864:U5864,
5863,1558-0539,0.51,Emerg Med Clin North Am,0.86,0.00,0.00,0,28,,,15,,,13,,,,,,,A5865:U5865,
5864,1558-1349,0.79,Neurosurg Clin N Am,0.93,0.00,0.00,0,28,,,,12,,16,,,,,,,A5866:U5866,
5865,1558-1969,0.58,Hand Clin,0.89,0.00,0.00,0,28,,,13,,,15,,,,,,,A5867:U5867,
5866,1558-5034,0.51,Semin Ultrasound CT MR,0.50,0.04,0.00,1,28,2,3,3,,3,9,6,2,,,,,A5868:U5868,
5867,1607-8888,0.74,Stress,1.00,1.00,0.32,0,28,4,1,3,2,4,4,2,8,,,,,A5869:U5869,
5868,1735-0344,0.2,Tanaffos,0.00,1.00,0.00,0,28,,,,28,,,,,,,,,A5870:U5870,
5869,1759-0914,1.32,ASN Neuro,1.00,1.00,0.32,0,28,6,4,2,,2,,5,9,,,,,A5871:U5871,
5870,1764-1489,0.7,Eur Ann Allergy Clin Immunol,0.00,1.00,0.00,0,28,3,,10,,6,5,4,,,,,,A5872:U5872,
5871,1805-9694,0.19,Acta Medica (Hradec Kralove),1.00,1.00,0.00,0,28,6,,8,,7,,,7,,,,,A5873:U5873,
5872,1806-3756,0.71,J Bras Pneumol,0.29,1.00,1.00,0,28,,6,12,,,10,,,,,,,A5874:U5874,
5873,1827-1669,,Minerva Med,0.46,0.25,0.00,1,28,1,2,8,1,,8,6,2,,,,,A5875:U5875,
5874,1847-6538,0.17,Acta Dermatovenerol Croat,1.00,0.00,0.00,0,28,,,9,,,19,,,,,,,A5876:U5876,
5875,1875-855X,0.34,Asian Biomed (Res Rev News),0.00,1.00,0.00,0,28,,6,,,7,7,,8,,,,,A5877:U5877,
5876,1881-2090,0.16,Kurume Med J,0.61,1.00,0.00,0,28,4,,5,2,4,3,,10,,,,,A5878:U5878,
5877,1929-6355,,Nurs Leadersh (Tor Ont),1.00,0.00,0.00,0,28,,11,,,9,,8,,,,,,A5879:U5879,
5878,1931-8405,0.52,AIDS Res Hum Retroviruses,0.75,0.18,0.96,0,28,2,3,4,4,3,4,5,3,,,,,A5880:U5880,
5879,1945-0508,0.78,Front Biosci (Elite Ed),1.00,1.00,0.00,0,28,8,,10,,,,10,,,,,,A5881:U5881,
5880,1995-7270,0.35,Malawi Med J,0.86,1.00,0.00,0,28,,,13,,,,,15,,,,,A5882:U5882,
5881,2008-2746,0.5,Iran Endod J,0.00,1.00,0.00,0,28,,7,,3,4,3,6,5,,,,,A5883:U5883,
5882,2041-7314,1.52,J Tissue Eng,0.00,1.00,1.00,0,28,2,1,6,3,5,2,6,3,,,,,A5884:U5884,
5883,2045-9769,1.38,Cell Regen,0.00,1.00,0.82,0,28,8,2,2,1,4,2,5,4,,,,,A5885:U5885,
5884,2046-0481,0.67,Ir Vet J,0.00,1.00,0.07,0,28,6,3,4,6,3,4,2,,,,,,A5886:U5886,
5885,2052-4374,0.77,Ann Occup Environ Med,0.00,0.50,0.00,0,28,2,2,3,6,1,1,5,8,,,,,A5887:U5887,
5886,2056-3132,0.45,BMC Zool,0.00,1.00,0.54,0,28,2,4,3,4,4,5,4,2,,,,,A5888:U5888,
5887,2056-4740,0.47,BJPsych Int,0.00,1.00,0.89,0,28,,1,,27,,,,,,,,,A5889:U5889,
5888,2058-5888,1.17,Environ Epigenet,0.00,1.00,1.00,0,28,,7,2,4,3,1,7,4,,,,,A5890:U5890,
5889,2084-8404,0.41,J Ultrason,0.00,1.00,0.96,0,28,9,,1,4,4,,1,9,,,,,A5891:U5891,
5890,2150-1203,1.23,Mycology,0.00,1.00,0.43,0,28,,,13,,,15,,,,,,,A5892:U5892,
5891,2150-5330,,World J Gastrointest Pathophysiol,0.00,1.00,0.00,0,28,17,,6,,,,5,,,,,,A5893:U5893,
5892,2167-647X,0.45,Big Data,0.64,0.04,0.61,0,28,,5,6,5,3,4,3,2,,,,,A5894:U5894,
5893,2167-7026,2.26,Clin Psychol Sci,0.00,1.00,0.39,0,28,5,2,2,1,6,6,2,4,,,,,A5895:U5895,
5894,2168-9709,0.56,Ment Health Clin,0.00,1.00,1.00,0,28,,8,,4,,9,,7,,,,,A5896:U5896,
5895,2196-2952,1.46,Curr Addict Rep,0.00,1.00,0.25,0,28,3,3,6,4,3,6,2,1,,,,,A5897:U5897,
5896,2212-554X,0.4,Int J Mycobacteriol,1.00,1.00,0.86,0,28,,,12,,,16,,,,,,,A5898:U5898,
5897,2224-6614,0.63,J Food Drug Anal,0.93,1.00,0.04,0,28,12,,,,,,16,,,,,,A5899:U5899,
5898,2233-8276,0.6,Asia Pac Allergy,0.00,1.00,0.68,0,28,,,,20,6,,,2,,,,,A5900:U5900,
5899,2287-2892,1.84,J Lipid Atheroscler,0.00,1.00,1.00,0,28,,14,,,14,,,,,,,,A5901:U5901,
5900,2322-2220,0.8,J Adv Med Educ Prof,0.00,1.00,0.00,0,28,,10,,,8,,10,,,,,,A5902:U5902,
5901,2328-8930,2.65,Environ Sci Technol Lett,0.00,0.96,0.79,0,28,,4,6,4,5,1,3,5,,,,,A5903:U5903,
5902,2514-8281,0.19,J Belg Soc Radiol,0.00,1.00,0.50,0,28,3,16,9,,,,,,,,,,A5904:U5904,
5903,2542-5684,0.88,Liver Res,0.00,1.00,0.00,0,28,11,,,10,,,7,,,,,,A5905:U5905,
5904,2635-098X,1.49,Digit Discov,0.00,1.00,1.00,0,28,1,5,3,7,5,3,2,2,,,,,A5906:U5906,
5905,2641-6549,0.46,Phage (New Rochelle),0.00,0.21,0.21,0,28,,9,,,14,,,5,,,,,A5907:U5907,
5906,2667-3886,0.36,Recent Adv Drug Deliv Formul,0.00,0.00,0.50,0,28,4,,3,6,6,1,3,5,,,,,A5908:U5908,
5907,2673-8880,0.62,Front Nucl Med,0.00,1.00,0.00,0,28,3,3,6,4,1,4,4,3,,,,,A5909:U5909,
5908,2724-6450,0.38,Minerva Obstet Gynecol,0.64,0.29,0.00,0,28,3,9,3,2,4,3,3,1,,,,,A5910:U5910,
5909,2771-9545,,ACS Appl Eng Mater,0.00,0.93,0.96,0,28,4,,6,4,4,,9,1,,,,,A5911:U5911,
5910,2949-9232,0.3,Health Care Transit,0.00,1.00,0.00,0,28,2,3,4,3,3,7,2,4,,,,,A5912:U5912,
5911,0001-7019,0.58,Acta Stomatol Croat,0.00,1.00,1.00,0,27,9,,,10,,8,,,,,,,A5913:U5913,
5912,0002-9564,0.54,Am J Psychother,0.04,0.00,0.44,0,27,,4,5,3,5,3,1,6,,,,,A5914:U5914,
5913,0022-300X,0.43,J Nematol,0.00,1.00,0.15,0,27,4,3,,4,9,2,5,,,,,,A5915:U5915,
5914,0038-6308,2.5,Space Sci Rev,0.00,1.00,0.96,0,27,5,2,3,2,7,,3,5,,,,,A5916:U5916,
5915,0190-7409,0.77,Child Youth Serv Rev,0.00,0.96,0.41,0,27,5,2,6,1,,2,7,4,,,,,A5917:U5917,
5916,0236-6290,0.28,Acta Vet Hung,0.52,0.00,1.00,0,27,2,6,3,2,3,2,4,5,,,,,A5918:U5918,
5917,0921-2973,1.21,Landsc Ecol,0.00,1.00,0.63,0,27,4,3,3,1,5,2,6,3,,,,,A5919:U5919,
5918,0974-777X,0.36,J Glob Infect Dis,0.00,1.00,0.00,0,27,10,,,9,,,8,,,,,,A5920:U5920,
5919,1389-2029,0.58,Curr Genomics,0.00,0.44,0.00,0,27,,,,,27,,,,,,,,A5921:U5921,
5920,1460-2369,5.99,Hum Reprod Update,0.63,0.78,0.96,0,27,3,4,3,1,5,1,4,6,,,,,A5922:U5922,
5921,1464-3553,0.65,Chem Senses,0.74,0.56,0.96,0,27,2,4,3,1,3,5,6,3,,,,,A5923:U5923,
5922,1473-5857,0.78,Int Clin Psychopharmacol,0.52,0.07,0.00,0,27,5,4,5,1,6,1,1,4,,,,,A5924:U5924,
5923,1473-6535,1.35,Curr Opin Lipidol,0.89,0.26,0.00,0,27,1,10,2,3,,3,1,7,,,,,A5925:U5925,
5924,1473-7760,0.42,Biotech Histochem,0.78,0.11,0.56,0,27,4,2,4,5,2,1,6,3,,,,,A5926:U5926,
5925,1529-9740,0.93,J Trauma Dissociation,0.52,0.26,0.41,0,27,3,1,8,1,1,3,6,4,,,,,A5927:U5927,
5926,1531-2054,0.3,Int J Yoga Therap,0.93,0.00,0.00,0,27,4,7,4,,4,,8,,,,,,A5928:U5928,
5927,1535-2811,0.32,Crit Pathw Cardiol,0.78,0.63,0.00,0,27,5,8,2,,5,4,3,,,,,,A5929:U5929,
5928,1552-5015,0.98,J Exp Zool B Mol Dev Evol,0.48,0.44,0.78,0,27,3,,7,3,,2,4,8,,,,,A5930:U5930,
5929,1552-6569,0.92,J Neuroimaging,0.70,0.74,0.48,5,27,4,10,2,2,1,2,2,4,,,,,A5931:U5931,
5930,1552-9924,2.75,Environ Health Perspect,0.93,1.00,0.74,0,27,,,,,6,1,10,10,,,,,A5932:U5932,
5931,1557-7465,0.61,J Interferon Cytokine Res,0.67,0.04,0.81,0,27,,,,,1,13,9,4,,,,,A5933:U5933,
5932,1557-8232,0.67,Crit Care Clin,0.93,0.04,0.00,0,27,,,15,,12,,,,,,,,A5934:U5934,
5933,1557-8682,0.41,High Alt Med Biol,0.15,0.07,0.59,0,27,2,,5,6,3,5,2,4,,,,,A5935:U5935,
5934,1557-8976,0.44,Viral Immunol,0.96,0.04,0.93,0,27,,8,7,2,2,5,2,1,,,,,A5936:U5936,
5935,1557-9875,0.94,Neurol Clin,0.93,0.00,0.00,0,27,,,,14,,13,,,,,,,A5937:U5937,
5936,1558-0520,0.84,Dermatol Clin,0.93,0.00,0.00,0,27,,,,16,,11,,,,,,,A5938:U5938,
5937,1573-0689,0.38,J Biol Phys,0.96,0.22,0.37,0,27,5,5,3,2,3,4,3,2,,,,,A5939:U5939,
5938,1578-2549,0.18,Arch Prev Riesgos Labor,1.00,0.00,0.85,0,27,,,,27,,,,,,,,,A5940:U5940,
5939,1662-5196,0.78,Front Neuroinform,0.00,1.00,0.00,0,27,1,4,2,2,4,7,2,5,,,,,A5941:U5941,
5940,1662-8128,1.41,J Innate Immun,0.89,1.00,0.00,0,27,5,3,4,2,5,2,4,2,,,,,A5942:U5942,
5941,1663-3563,2.05,Front Synaptic Neurosci,0.00,1.00,0.00,0,27,1,3,4,2,2,9,2,4,,,,,A5943:U5943,
5942,1687-6369,0.29,Adv Urol,0.00,1.00,0.93,0,27,,,,3,4,4,7,9,,,,,A5944:U5944,
5943,1687-6962,0.57,Anesthesiol Res Pract,0.00,1.00,0.96,0,27,4,,,,10,3,6,4,,,,,A5945:U5945,
5944,1726-9148,0.47,Int J Endocrinol Metab,0.00,1.00,0.93,0,27,,9,,,11,,7,,,,,,A5946:U5946,
5945,1758-1060,1.23,J Health Serv Res Policy,0.07,0.48,0.96,0,27,1,2,5,2,4,1,9,3,,,,,A5947:U5947,
5946,1833-3516,0.44,Diving Hyperb Med,0.89,0.22,0.63,0,27,,,14,,,13,,,,,,,A5948:U5948,
5947,1834-7819,0.81,Aust Dent J,0.48,0.22,0.96,0,27,6,4,1,1,4,,3,8,,,,,A5949:U5949,
5948,1873-7943,1.02,J Behav Ther Exp Psychiatry,0.96,0.59,0.00,0,27,,6,4,3,3,8,3,,,,,,A5950:U5950,
5949,1875-6212,0.6,Curr Vasc Pharmacol,0.04,0.00,0.59,0,27,4,1,1,5,7,2,6,1,,,,,A5951:U5951,
5950,1937-5719,,Eplasty,0.00,1.00,0.00,0,27,,,18,,,,,9,,,,,A5952:U5952,
5951,1939-2192,0.86,J Exp Psychol Appl,0.52,0.04,0.89,1,27,3,,8,5,4,2,2,3,,,,,A5953:U5953,
5952,1939-3229,0.52,Food Addit Contam Part B Surveill,0.81,0.00,0.63,0,27,2,4,4,2,3,6,3,3,,,,,A5954:U5954,
5953,1984-0462,0.48,Rev Paul Pediatr,0.93,1.00,0.96,0,27,4,,2,3,3,5,4,6,,,,,A5955:U5955,
5954,1986-5961,0.35,Med Arch,1.00,1.00,0.00,0,27,,,13,14,,,,,,,,,A5956:U5956,
5955,2048-8343,0.26,Med Hist,0.30,0.63,0.74,0,27,7,1,2,6,4,3,3,1,,,,,A5957:U5957,
5956,2191-0308,1.33,Rev Environ Health,0.81,0.30,0.59,0,27,1,2,1,5,4,2,9,3,,,,,A5958:U5958,
5957,2194-7511,1.42,Int J Bipolar Disord,0.00,0.96,0.11,0,27,5,3,5,5,3,5,,1,,,,,A5959:U5959,
5958,2223-6279,0.51,Curationis,0.96,0.96,0.00,0,27,1,2,3,6,6,2,4,3,,,,,A5960:U5960,
5959,2228-6497,1.03,Health Promot Perspect,0.00,1.00,1.00,0,27,,,,,12,,15,,,,,,A5961:U5961,
5960,2306-9740,0.81,Mhealth,0.00,1.00,0.70,0,27,,14,,,9,,,4,,,,,A5962:U5962,
5961,2329-8464,0.48,J Exp Psychol Anim Learn Cogn,0.41,0.11,1.00,0,27,,1,12,5,3,1,3,2,,,,,A5963:U5963,
5962,2331-4737,,Oncoscience,0.00,1.00,0.07,0,27,,4,8,,4,7,,4,,,,,A5964:U5964,
5963,2364-8961,,Top Curr Chem (Cham),1.00,0.07,0.04,0,27,1,2,5,5,4,4,3,3,,,,,A5965:U5965,
5964,2365-6271,0.5,3D Print Med,0.00,0.85,0.11,0,27,1,4,3,4,6,4,4,1,,,,,A5966:U5966,
5965,2473-4446,1.84,Sci Med Footb,0.00,0.59,0.67,0,27,1,6,4,1,1,6,5,3,,,,,A5967:U5967,
5966,2516-1571,1.66,Precis Clin Med,0.00,1.00,0.74,0,27,1,6,6,3,2,3,1,5,,,,,A5968:U5968,
5967,2567-5842,0.21,Tierarztl Prax Ausg K Kleintiere Heimtiere,0.89,0.11,0.00,0,27,,4,,7,1,,10,5,,,,,A5969:U5969,
5968,2586-7296,0.67,J Cardiovasc Imaging,0.00,1.00,0.15,0,27,2,2,2,3,3,3,7,5,,,,,A5970:U5970,
5969,2633-4402,0.68,NIHR Open Res,0.00,1.00,1.00,0,27,7,8,1,3,2,6,,,,,,,A5971:U5971,
5970,2662-9992,0.9,Humanit Soc Sci Commun,0.00,1.00,0.22,1,27,1,3,4,3,5,5,5,1,,,,,A5972:U5972,
5971,2693-1257,1.55,Biodes Res,0.00,1.00,0.00,0,27,,,,14,2,2,7,2,,,,,A5973:U5973,
5972,2720-5371,,Postep Psychiatr Neurol,0.00,1.00,0.93,0,27,9,,9,,,9,,,,,,,A5974:U5974,
5973,2772-9761,0.76,J Mol Cell Cardiol Plus,0.00,1.00,0.00,0,27,1,3,4,3,4,3,3,6,,,,,A5975:U5975,
5974,2831-4433,,Psychedelic Med (New Rochelle),0.00,0.22,0.78,0,27,1,,8,,9,1,1,7,,,,,A5976:U5976,
5975,2977-0262,,Int J Prison Health (2024),0.19,0.04,0.19,1,27,3,2,2,3,4,5,6,2,,,,,A5977:U5977,
5976,3022-8247,0.41,Womens Health Nurs,0.74,1.00,0.00,0,27,11,,,8,,,8,,,,,,A5978:U5978,
5977,3050-5984,,Blood Red Cells Iron,0.00,1.00,0.63,0,27,,2,1,3,3,10,4,4,,,,,A5979:U5979,
5978,3050-6581,,Vasc Dis (Paris),0.67,0.15,0.00,0,27,2,11,2,2,5,2,2,1,,,,,A5980:U5980,
5979,1083-6160,0.88,Org Process Res Dev,0.00,1.00,0.88,0,26,1,1,3,1,3,7,4,6,,,,,A5981:U5981,
5980,1178-7058,0.6,Int J Nephrol Renovasc Dis,0.00,1.00,0.81,1,26,2,1,6,5,4,2,2,4,,,,,A5982:U5982,
5981,1179-5735,0.72,J Cent Nerv Syst Dis,0.00,1.00,1.00,0,26,2,4,5,3,2,2,5,3,,,,,A5983:U5983,
5982,1267-8694,0.17,Virologie (Montrouge),0.23,0.00,0.00,0,26,,,8,7,,8,,3,,,,,A5984:U5984,
5983,1432-0436,1.14,Differentiation,0.77,0.35,0.00,0,26,5,3,3,2,2,4,4,3,,,,,A5985:U5985,
5984,1439-1309,0.38,Rehabilitation (Stuttg),0.31,0.08,0.62,0,26,2,3,4,5,,1,7,4,,,,,A5986:U5986,
5985,1467-3010,0.91,Nutr Bull,0.88,0.73,0.96,0,26,7,1,1,3,3,4,1,6,,,,,A5987:U5987,
5986,1473-5717,0.23,Clin Dysmorphol,0.15,0.08,0.00,0,26,1,5,8,5,4,,,3,,,,,A5988:U5988,
5987,1476-9255,1.32,J Inflamm (Lond),0.00,1.00,0.04,0,26,3,4,7,6,3,2,1,,,,,,A5989:U5989,
5988,1531-1929,0.26,Fam Pract Manag,0.00,0.00,0.00,0,26,6,,7,,6,,7,,,,,,A5990:U5990,
5989,1532-2238,0.63,Growth Horm IGF Res,0.65,0.23,0.00,0,26,2,5,3,4,3,8,,1,,,,,A5991:U5991,
5990,1538-005X,0.35,Pediatr Phys Ther,0.58,0.12,0.00,0,26,,,2,14,,,7,3,,,,,A5992:U5992,
5991,1541-6577,0.32,Res Theory Nurs Pract,0.12,0.00,0.00,0,26,1,7,,4,1,2,4,7,,,,,A5993:U5993,
5992,1543-4508,0.41,Learn Behav,0.62,0.27,0.46,0,26,5,9,2,2,2,1,4,1,,,,,A5994:U5994,
5993,1545-2123,9.95,Annu Rev Plant Biol,1.00,1.00,0.00,0,26,6,7,7,,6,,,,,,,,A5995:U5995,
5994,1548-3576,1.57,Curr HIV/AIDS Rep,0.96,0.50,0.23,0,26,2,4,8,2,,5,5,,,,,,A5996:U5996,
5995,1552-485X,0.74,Am J Med Genet B Neuropsychiatr Genet,0.58,0.15,0.96,0,26,3,4,5,3,3,,2,6,,,,,A5997:U5997,
5996,1558-4518,0.8,Semin Vasc Surg,0.88,0.08,0.00,0,26,,,13,,,13,,,,,,,A5998:U5998,
5997,1558-5069,0.61,Thorac Surg Clin,0.85,0.00,0.00,0,26,,,,13,,13,,,,,,,A5999:U5999,
5998,1573-0980,,Theor Med Bioeth,0.54,0.27,1.00,0,26,,3,6,6,4,4,2,1,,,,,A6000:U6000,
5999,1573-6660,2.19,Neuropsychol Rev,0.00,0.04,0.88,0,26,,7,1,3,3,1,6,5,,,,,A6001:U6001,
6000,1662-8063,0.55,Public Health Genomics,0.77,1.00,0.00,0,26,4,4,3,1,2,6,4,2,,,,,A6002:U6002,
6001,1687-6415,0.56,Int J Telemed Appl,0.00,1.00,0.96,1,26,7,2,3,2,3,4,2,3,,,,,A6003:U6003,
6002,1731-2531,0.64,Anaesthesiol Intensive Ther,0.69,1.00,0.00,0,26,2,2,6,1,4,4,2,5,,,,,A6004:U6004,
6003,1745-6673,0.88,J Occup Med Toxicol,0.00,1.00,0.27,0,26,2,5,6,3,1,5,3,1,,,,,A6005:U6005,
6004,1753-8076,0.43,J Commun Healthc,0.42,0.12,0.69,0,26,2,5,2,1,5,4,2,5,,,,,A6006:U6006,
6005,1757-9597,0.41,Longit Life Course Stud,0.58,0.15,0.92,0,26,4,2,8,1,2,4,1,4,,,,,A6007:U6007,
6006,1846-9558,0.46,Acta Pharm,1.00,1.00,0.88,0,26,12,,5,1,2,,6,,,,,,A6008:U6008,
6007,1857-8985,0.13,Pril (Makedon Akad Nauk Umet Odd Med Nauki),0.96,1.00,0.08,0,26,,,12,,,,14,,,,,,A6009:U6009,
6008,1875-6506,0.29,Curr Hypertens Rev,0.00,0.00,0.73,0,26,5,1,6,6,1,4,2,1,,,,,A6010:U6010,
6009,1876-2891,0.85,Benef Microbes,0.04,0.04,0.88,0,26,1,5,1,3,5,1,4,6,,,,,A6011:U6011,
6010,1878-3627,0.39,Restor Neurol Neurosci,0.69,0.31,0.85,1,26,4,,4,1,7,5,2,3,,,,,A6012:U6012,
6011,1879-193X,0.76,J Aging Stud,1.00,0.58,0.00,0,26,,,17,,,9,,,,,,,A6013:U6013,
6012,1934-9556,0.6,Intellect Dev Disabil,0.96,0.00,0.77,0,26,,,,,,,,26,,,,,A6014:U6014,
6013,1939-1536,1.38,Psychotherapy (Chic),0.77,0.12,1.00,0,26,3,2,3,1,4,5,5,3,,,,,A6015:U6015,
6014,1940-4026,0.74,Behav Med,0.19,0.35,0.42,0,26,6,5,1,4,,3,5,2,,,,,A6016:U6016,
6015,1941-4935,5.61,NCHS Data Brief,1.00,1.00,0.00,0,26,,7,6,3,5,2,1,2,,,,,A6017:U6017,
6016,1943-3662,0.35,J Am Acad Psychiatry Law,0.54,0.00,0.00,0,26,,3,10,1,3,7,,2,,,,,A6018:U6018,
6017,1945-239X,0.3,J Chromatogr Sci,0.81,0.15,0.92,0,26,3,4,4,6,3,3,1,2,,,,,A6019:U6019,
6018,1970-7096,0.37,Geospat Health,1.00,1.00,0.38,0,26,,6,3,3,2,5,5,2,,,,,A6020:U6020,
6019,2008-076X,0.75,Int J Fertil Steril,0.00,1.00,0.96,0,26,9,,,9,,,,8,,,,,A6021:U6021,
6020,2050-439X,,Public Health Res (Southampt),0.85,0.23,1.00,0,26,1,2,5,5,4,5,2,2,,,,,A6022:U6022,
6021,2054-8397,,J Hip Preserv Surg,0.00,1.00,0.96,0,26,,10,,,16,,,,,,,,A6023:U6023,
6022,2091-0320,,Nepal J Ophthalmol,0.00,0.00,0.00,0,26,,26,,,,,,,,,,,A6024:U6024,
6023,2155-0417,,Innov Pharm,0.00,1.00,0.92,0,26,,,,,,26,,,,,,,A6025:U6025,
6024,2162-1918,1.62,Adv Wound Care (New Rochelle),0.15,0.15,0.96,0,26,2,4,1,8,3,4,2,2,,,,,A6026:U6026,
6025,2173-9218,0.16,Farm Comunitarios,0.96,1.00,0.08,0,26,8,3,5,1,2,2,5,,,,,,A6027:U6027,
6026,2184-9927,,Port J Card Thorac Vasc Surg,0.85,0.00,0.85,0,26,,11,,,7,,,8,,,,,A6028:U6028,
6027,2185-2243,0.14,Tokai J Exp Clin Med,1.00,1.00,0.04,0,26,,,10,,,10,,6,,,,,A6029:U6029,
6028,2345-6485,0.41,J Dent (Shiraz),0.00,1.00,0.00,0,26,,,,13,,13,,,,,,,A6030:U6030,
6029,2474-0527,0.89,Can J Pain,0.00,1.00,0.65,0,26,1,6,5,1,4,1,6,2,,,,,A6031:U6031,
6030,2491-0929,0.42,AsiaIntervention,0.00,1.00,0.00,0,26,,,13,,,,9,4,,,,,A6032:U6032,
6031,2515-4184,0.68,Mol Omics,0.92,0.42,0.96,0,26,,14,4,4,1,,1,2,,,,,A6033:U6033,
6032,2567-6407,0.28,Nuklearmedizin,0.42,0.27,0.46,0,26,2,2,1,5,3,8,4,1,,,,,A6034:U6034,
6033,2632-8674,2.02,NAR Cancer,0.96,1.00,1.00,0,26,9,4,1,2,3,2,1,4,,,,,A6035:U6035,
6034,2637-6113,0.9,ACS Appl Electron Mater,0.00,1.00,1.00,0,26,4,9,5,4,4,,,,,,,,A6036:U6036,
6035,2667-0747,0.87,Biophys Rep (N Y),0.50,1.00,0.00,0,26,6,1,1,4,3,4,2,5,,,,,A6037:U6037,
6036,2673-3633,0.83,Glomerular Dis,0.00,1.00,0.00,0,26,,2,2,2,5,5,6,4,,,,,A6038:U6038,
6037,2749-9642,1.5,Med Rev (2021),0.00,1.00,1.00,0,26,6,,8,,6,,6,,,,,,A6039:U6039,
6038,2752-5368,0.62,Community Health Equity Res Policy,0.00,0.54,1.00,0,26,2,3,5,3,,3,7,3,,,,,A6040:U6040,
6039,2767-3812,1.16,For Res (Fayettev),0.00,1.00,0.46,0,26,,,2,,15,3,,6,,,,,A6041:U6041,
6040,2769-4127,1.19,Autophagy Rep,0.00,1.00,0.81,0,26,2,6,4,1,2,3,2,6,,,,,A6042:U6042,
6041,2772-4352,0.3,Recent Adv Antiinfect Drug Discov,0.00,0.00,0.62,0,26,6,,1,6,5,2,6,,,,,,A6043:U6043,
6042,2950-6344,0.54,J Physiol Investig,0.04,1.00,0.00,0,26,2,5,9,5,,,3,2,,,,,A6044:U6044,
6043,0011-393X,0.61,Curr Ther Res Clin Exp,0.00,1.00,0.00,0,25,2,3,6,,4,2,4,4,,,,,A6045:U6045,
6044,0013-2446,0.69,J Egypt Public Health Assoc,0.00,1.00,0.20,0,25,1,3,7,2,3,6,3,,,,,,A6046:U6046,
6045,0040-5930,0.14,Ther Umsch,1.00,0.00,0.00,0,25,7,,8,5,,5,,,,,,,A6047:U6047,
6046,0739-9529,0.46,Semin Intervent Radiol,0.00,0.04,0.32,0,25,,,,13,,,,12,,,,,A6048:U6048,
6047,0740-2570,1.1,Semin Diagn Pathol,0.80,0.28,0.00,0,25,1,4,5,1,4,4,4,2,,,,,A6049:U6049,
6048,0951-631X,0.25,Soc Hist Med,0.00,1.00,0.80,0,25,7,1,,8,,,,9,,,,,A6050:U6050,
6049,0970-9371,0.25,J Cytol,0.00,1.00,0.00,0,25,,,,,,17,,8,,,,,A6051:U6051,
6050,1095-5623,1.73,Cogn Psychol,0.96,0.68,0.00,0,25,1,,2,5,5,3,3,6,,,,,A6052:U6052,
6051,1096-1194,0.74,Mol Cell Probes,0.84,1.00,0.00,0,25,2,6,1,1,4,4,3,4,,,,,A6053:U6053,
6052,1097-0061,0.63,Yeast,0.48,0.24,0.80,0,25,,1,5,3,6,5,2,3,,,,,A6054:U6054,
6053,1178-7023,0.83,Clin Exp Gastroenterol,0.00,1.00,0.92,1,25,1,2,5,5,3,4,,5,,,,,A6055:U6055,
6054,1179-173X,,Tob Use Insights,0.00,1.00,1.00,0,25,2,3,1,1,1,3,5,9,,,,,A6056:U6056,
6055,1286-0115,0.39,Morphologie,0.80,0.44,0.00,0,25,5,4,2,4,2,3,1,4,,,,,A6057:U6057,
6056,1330-9862,0.55,Food Technol Biotechnol,0.00,1.00,1.00,0,25,2,6,,5,,12,,,,,,,A6058:U6058,
6057,1333-9451,0.42,Acta Clin Croat,0.00,1.00,0.00,0,25,,22,,3,,,,,,,,,A6059:U6059,
6058,1423-033X,1.0,Psychopathology,0.04,0.20,0.00,0,25,,2,3,1,5,4,5,5,,,,,A6060:U6060,
6059,1433-4909,0.58,Extremophiles,0.96,0.20,0.32,0,25,3,5,1,4,3,4,1,4,,,,,A6061:U6061,
6060,1464-5033,0.43,Ann Hum Biol,1.00,1.00,0.36,0,25,2,2,4,1,2,4,5,5,,,,,A6062:U6062,
6061,1521-0758,0.36,Ultrastruct Pathol,0.80,0.12,0.40,0,25,2,,1,3,4,4,6,5,,,,,A6063:U6063,
6062,1525-142X,0.82,Evol Dev,0.88,0.60,0.88,0,25,1,3,2,5,3,5,,6,,,,,A6064:U6064,
6063,1526-968X,0.87,Genesis,0.96,0.56,0.80,0,25,5,2,4,3,3,2,4,2,,,,,A6065:U6065,
6064,1534-312X,1.06,Curr Gastroenterol Rep,1.00,0.52,0.32,0,25,4,5,5,1,3,1,2,4,,,,,A6066:U6066,
6065,1534-6307,1.51,Curr Rheumatol Rep,0.88,0.36,0.36,0,25,2,3,6,3,2,4,1,4,,,,,A6067:U6067,
6066,1536-9617,0.31,Int Ophthalmol Clin,0.96,0.08,0.40,0,25,,,16,,,9,,,,,,,A6068:U6068,
6067,1539-0829,2.58,Curr Diab Rep,0.92,0.72,0.52,0,25,3,,4,4,3,5,4,2,,,,,A6069:U6069,
6068,1539-2880,0.22,Neonatal Netw,0.76,0.04,0.00,0,25,,9,,8,,,8,,,,,,A6070:U6070,
6069,1543-2777,0.64,Adapt Phys Activ Q,0.52,0.12,0.84,0,25,2,1,6,4,3,,4,5,,,,,A6071:U6071,
6070,1545-4126,7.55,Annu Rev Neurosci,1.00,1.00,0.00,0,25,,1,10,9,,,5,,,,,,A6072:U6072,
6071,1552-3918,0.73,Eval Health Prof,0.16,0.16,0.96,0,25,4,1,3,3,4,1,5,4,,,,,A6073:U6073,
6072,1552-549X,0.87,J Fam Nurs,0.36,0.24,0.88,0,25,3,2,2,3,2,5,3,5,,,,,A6074:U6074,
6073,1556-3308,0.66,J Behav Health Serv Res,0.16,0.08,0.76,0,25,3,2,2,4,1,6,4,3,,,,,A6075:U6075,
6074,1557-0584,0.85,J Neurol Phys Ther,0.28,0.08,0.08,0,25,1,3,1,5,2,9,3,1,,,,,A6076:U6076,
6075,1558-3163,0.87,Rheum Dis Clin North Am,0.84,0.04,0.00,0,25,,,,1,12,,12,,,,,,A6077:U6077,
6076,1660-5535,0.98,Skin Pharmacol Physiol,0.20,0.44,0.00,0,25,9,4,2,2,1,3,2,2,,,,,A6078:U6078,
6077,1687-8787,0.84,Int J Biomater,0.00,1.00,0.96,0,25,3,6,1,4,2,3,3,3,,,,,A6079:U6079,
6078,1728-0591,0.47,J Child Adolesc Ment Health,0.52,0.24,0.88,0,25,2,1,2,3,4,9,3,1,,,,,A6080:U6080,
6079,1735-4587,0.72,Iran J Psychiatry,0.00,1.00,0.00,0,25,,,1,14,,,,10,,,,,A6081:U6081,
6080,1744-6880,0.5,Pharmacogenet Genomics,0.60,0.20,0.00,0,25,2,2,3,3,2,7,3,3,,,,,A6082:U6082,
6081,1751-4266,0.66,Curr Opin Support Palliat Care,0.92,0.28,0.88,0,25,5,1,2,3,1,,11,2,,,,,A6083:U6083,
6082,1848-6312,0.42,Arh Hig Rada Toksikol,1.00,1.00,0.92,0,25,8,,,9,,,8,,,,,,A6084:U6084,
6083,1875-614X,0.47,Antiinflamm Antiallergy Agents Med Chem,0.00,0.00,0.64,0,25,3,1,,3,6,3,6,3,,,,,A6085:U6085,
6084,1878-5077,1.55,EPMA J,0.00,0.36,0.40,0,25,,,11,,14,,,,,,,,A6086:U6086,
6085,1879-2650,0.94,Biochim Biophys Acta Bioenerg,0.56,0.48,0.00,0,25,5,2,3,2,5,2,3,3,,,,,A6087:U6087,
6086,1879-8853,1.02,Clin Geriatr Med,0.84,0.04,0.00,0,25,,,,,13,,,12,,,,,A6088:U6088,
6087,1925-3621,0.25,Acad Forensic Pathol,0.00,0.12,0.96,0,25,3,,,2,6,6,1,7,,,,,A6089:U6089,
6088,1945-0257,0.3,Genet Test Mol Biomarkers,0.96,0.00,1.00,0,25,1,4,1,8,1,2,7,1,,,,,A6090:U6090,
6089,1949-2723,1.92,Personal Disord,0.64,0.64,0.92,0,25,2,,4,8,4,4,1,2,,,,,A6091:U6091,
6090,1976-8354,0.81,Anim Cells Syst (Seoul),0.00,1.00,0.64,0,25,2,10,5,4,1,,,3,,,,,A6092:U6092,
6091,1989-1342,0.89,J Optom,0.56,1.00,0.00,0,25,3,2,2,2,4,4,5,3,,,,,A6093:U6093,
6092,2001-8525,0.45,Eur Clin Respir J,0.00,1.00,0.80,0,25,4,3,2,3,7,1,2,3,,,,,A6094:U6094,
6093,2008-2010,0.59,J Ophthalmic Vis Res,0.00,1.00,0.00,0,25,4,5,2,,,5,2,7,,,,,A6095:U6095,
6094,2035-648X,0.63,Eur J Paediatr Dent,0.68,1.00,0.00,0,25,,3,7,3,1,8,3,,,,,,A6096:U6096,
6095,2050-6201,0.81,Evol Med Public Health,0.00,1.00,0.96,1,25,6,3,2,1,1,5,5,2,,,,,A6097:U6097,
6096,2051-4190,0.61,Basic Clin Androl,0.00,1.00,0.32,0,25,2,3,5,4,2,2,5,2,,,,,A6098:U6098,
6097,2053-9711,1.08,J Law Biosci,0.00,1.00,0.68,0,25,,3,3,3,8,3,1,4,,,,,A6099:U6099,
6098,2057-4967,0.56,Chin Neurosurg J,0.00,1.00,0.20,0,25,4,2,4,2,4,3,4,2,,,,,A6100:U6100,
6099,2154-4700,0.46,Arch Environ Occup Health,0.64,0.16,0.48,1,25,1,3,4,4,7,3,2,1,,,,,A6101:U6101,
6100,2157-1422,3.15,Cold Spring Harb Perspect Med,0.32,0.00,0.12,0,25,1,2,5,8,4,4,1,,,,,,A6102:U6102,
6101,2163-0402,0.99,Neurol Clin Pract,0.00,0.36,1.00,0,25,5,16,4,,,,,,,,,,A6103:U6103,
6102,2173-9110,,Rev Esp Salud Publica,0.96,0.96,0.00,0,25,6,6,5,2,5,1,,,,,,,A6104:U6104,
6103,2225-2002,0.44,Afr J Lab Med,0.00,1.00,1.00,0,25,6,5,1,,,2,2,9,,,,,A6105:U6105,
6104,2288-2405,0.62,Brain Tumor Res Treat,0.00,1.00,0.96,0,25,,7,,,7,,,11,,,,,A6106:U6106,
6105,2305-6320,,Medicines (Basel),0.00,1.00,0.84,0,25,1,6,3,5,2,3,3,2,,,,,A6107:U6107,
6106,2308-118X,0.45,J ASEAN Fed Endocr Soc,0.84,1.00,0.00,0,25,,,,,,25,,,,,,,A6108:U6108,
6107,2310-6972,0.22,Biomed Khim,1.00,0.00,0.00,0,25,7,,6,,6,,6,,,,,,A6109:U6109,
6108,2363-9024,0.3,JA Clin Rep,0.00,0.84,0.80,0,25,4,7,3,2,5,1,3,,,,,,A6110:U6110,
6109,2504-3145,0.27,Port J Public Health,0.00,1.00,0.00,0,25,4,4,1,1,4,4,4,3,,,,,A6111:U6111,
6110,2573-8488,0.62,Transl Sports Med,0.00,1.00,0.96,0,25,7,3,1,3,1,3,4,3,,,,,A6112:U6112,
6111,2578-532X,1.78,Cancer Drug Resist,0.00,1.00,0.00,0,25,,3,,6,5,4,3,4,,,,,A6113:U6113,
6112,2578-7470,0.58,HIV Res Clin Pract,1.00,1.00,0.84,0,25,2,6,2,5,3,,2,5,,,,,A6114:U6114,
6113,2645-5390,0.32,J Adv Periodontol Implant Dent,0.00,1.00,1.00,0,25,,9,,,,8,,8,,,,,A6115:U6115,
6114,2754-7205,1.99,Camb Prism Coast Futur,0.00,1.00,1.00,0,25,3,2,3,4,2,3,5,3,,,,,A6116:U6116,
6115,2993-7973,0.66,Ecol Evol Physiol,1.00,0.04,0.00,0,25,6,,5,,4,5,,5,,,,,A6117:U6117,
6116,0032-5422,0.25,Postepy Biochem,0.83,1.00,0.00,0,24,13,,,4,,,7,,,,,,A6118:U6118,
6117,0125-877X,0.47,Asian Pac J Allergy Immunol,0.33,0.92,0.00,0,24,,4,6,1,,4,7,2,,,,,A6119:U6119,
6118,0142-7873,0.77,J Plankton Res,0.00,1.00,0.96,0,24,2,,4,3,4,2,5,4,,,,,A6120:U6120,
6119,0743-6661,0.13,J Insur Med,0.83,1.00,0.00,0,24,3,7,,,,14,,,,,,,A6121:U6121,
6120,0745-5194,0.67,Med Anthropol Q,0.00,0.00,1.00,0,24,2,,2,1,3,13,2,1,,,,,A6122:U6122,
6121,1092-4221,0.16,Int J Pharm Compd,0.96,0.00,0.00,0,24,,,8,,8,,8,,,,,,A6123:U6123,
6122,1096-0961,0.85,Blood Cells Mol Dis,0.79,0.17,0.00,1,24,1,3,4,2,7,5,1,1,,,,,A6124:U6124,
6123,1096-3634,2.71,Semin Cell Dev Biol,0.46,0.46,0.00,0,24,,1,4,2,4,2,4,7,,,,,A6125:U6125,
6124,1097-9883,0.93,Drug Metab Rev,0.67,0.25,0.42,0,24,2,3,3,5,4,2,2,3,,,,,A6126:U6126,
6125,1098-2272,1.3,Genet Epidemiol,0.92,0.88,0.96,0,24,9,1,3,,1,7,,3,,,,,A6127:U6127,
6126,1098-2337,1.0,Aggress Behav,1.00,0.58,0.96,0,24,5,1,2,2,1,6,3,4,,,,,A6128:U6128,
6127,1110-4902,0.24,Egypt J Immunol,1.00,0.00,0.00,0,24,7,,,8,,,9,,,,,,A6129:U6129,
6128,1121-7138,0.38,New Microbiol,1.00,1.00,0.00,0,24,,,,13,,,11,,,,,,A6130:U6130,
6129,1177-5475,0.99,Biologics,0.00,1.00,0.83,0,24,3,1,6,4,3,3,,4,,,,,A6131:U6131,
6130,1177-8903,0.9,Nanotechnol Sci Appl,0.00,1.00,1.00,0,24,3,3,7,3,1,1,2,4,,,,,A6132:U6132,
6131,1179-1365,0.67,Drug Healthc Patient Saf,0.00,1.00,0.92,0,24,1,1,6,4,4,2,2,4,,,,,A6133:U6133,
6132,1314-2143,0.26,Folia Med (Plovdiv),1.00,0.00,0.92,0,24,,,24,,,,,,,,,,A6134:U6134,
6133,1347-4405,0.87,Microbes Environ,1.00,1.00,0.00,0,24,5,,7,2,5,3,2,,,,,,A6135:U6135,
6134,1422-4917,0.3,Z Kinder Jugendpsychiatr Psychother,0.25,0.46,0.54,0,24,1,1,6,3,2,5,6,,,,,,A6136:U6136,
6135,1423-0224,1.08,Neuropsychobiology,0.33,0.33,0.00,0,24,3,3,3,3,2,4,3,3,,,,,A6137:U6137,
6136,1423-0259,0.88,Ophthalmic Res,0.75,1.00,0.00,1,24,3,2,4,1,5,2,4,3,,,,,A6138:U6138,
6137,1434-6044,1.16,Eur Phys J C Part Fields,0.00,1.00,0.79,0,24,2,7,4,4,1,1,1,4,,,,,A6139:U6139,
6138,1473-5849,0.44,Behav Pharmacol,0.96,0.12,0.04,0,24,1,3,2,1,3,3,6,5,,,,,A6140:U6140,
6139,1482-1826,1.11,J Pharm Pharm Sci,0.92,1.00,0.00,0,24,6,,7,1,5,1,3,1,,,,,A6141:U6141,
6140,1512-7680,0.37,Mater Sociomed,0.00,1.00,0.00,0,24,,24,,,,,,,,,,,A6142:U6142,
6141,1524-5012,0.41,Ochsner J,0.00,1.00,0.00,0,24,,,12,,,12,,,,,,,A6143:U6143,
6142,1537-1611,0.28,J Clin Neuromuscul Dis,0.54,0.04,0.50,0,24,,,13,,,11,,,,,,,A6144:U6144,
6143,1537-4513,1.09,J Immunother,0.58,0.12,0.54,0,24,2,3,3,3,3,5,,5,,,,,A6145:U6145,
6144,1540-4129,0.47,J Elder Abuse Negl,0.54,0.21,0.54,0,24,,2,2,2,4,3,6,5,,,,,A6146:U6146,
6145,1548-825X,,J Surg Orthop Adv,1.00,0.00,0.00,0,24,,,12,,,12,,,,,,,A6147:U6147,
6146,1549-781X,1.65,Crit Rev Clin Lab Sci,0.25,0.21,0.50,0,24,1,,3,5,4,3,3,5,,,,,A6148:U6148,
6147,1550-3267,0.51,J Ambul Care Manage,0.42,0.17,0.00,0,24,,1,6,1,,5,4,7,,,,,A6149:U6149,
6148,1550-4271,0.57,J Dual Diagn,0.83,0.17,0.75,0,24,3,,6,1,1,7,3,3,,,,,A6150:U6150,
6149,1551-7136,0.61,Heart Fail Clin,0.92,0.00,0.00,0,24,,,12,,,12,,,,,,,A6151:U6151,
6150,1557-8127,0.33,Assay Drug Dev Technol,0.83,0.08,0.96,0,24,1,2,5,6,3,3,1,3,,,,,A6152:U6152,
6151,1558-4275,0.62,Atlas Oral Maxillofac Surg Clin North Am,0.04,0.00,0.00,0,24,,,14,,,,,10,,,,,A6153:U6153,
6152,1559-2863,0.58,Oper Dent,0.92,0.00,0.04,0,24,2,9,,,,7,6,,,,,,A6154:U6154,
6153,1573-286X,0.83,Sex Abuse,0.67,0.75,1.00,0,24,6,1,3,4,2,3,3,2,,,,,A6155:U6155,
6154,1573-4986,0.72,Glycoconj J,0.88,0.21,0.42,0,24,6,2,2,4,5,2,3,,,,,,A6156:U6156,
6155,1728-3043,0.4,Iran J Biotechnol,0.00,1.00,0.00,0,24,,,,,11,,13,,,,,,A6157:U6157,
6156,1741-0134,0.98,Protein Eng Des Sel,0.96,0.54,0.96,0,24,3,3,2,2,1,2,7,4,,,,,A6158:U6158,
6157,1744-313X,0.49,Int J Immunogenet,0.71,0.29,0.29,0,24,5,3,4,4,3,1,1,3,,,,,A6159:U6159,
6158,1817-1737,0.7,Ann Thorac Med,0.00,1.00,0.00,0,24,,8,,,8,,8,,,,,,A6160:U6160,
6159,1828-695X,0.48,Multidiscip Respir Med,0.00,0.75,0.46,0,24,2,3,2,3,5,3,3,3,,,,,A6161:U6161,
6160,1840-2879,0.4,Acta Med Acad,0.54,0.54,0.00,0,24,,4,7,2,4,3,2,2,,,,,A6162:U6162,
6161,1861-387X,0.62,Brain Tumor Pathol,0.04,0.12,0.75,0,24,8,2,2,2,4,4,2,,,,,,A6163:U6163,
6162,1873-6947,,Complement Ther Clin Pract,0.88,0.38,0.00,0,24,2,1,2,4,4,4,4,3,,,,,A6164:U6164,
6163,1876-4320,1.07,Biochim Biophys Acta Gene Regul Mech,0.54,0.33,0.00,0,24,4,3,4,2,1,2,4,4,,,,,A6165:U6165,
6164,1879-1336,0.77,Cardiovasc Pathol,0.58,0.46,0.00,0,24,,2,2,3,1,4,8,4,,,,,A6166:U6166,
6165,1896-494X,0.5,Int J Occup Med Environ Health,1.00,1.00,0.00,0,24,,4,4,5,3,,8,,,,,,A6167:U6167,
6166,1937-190X,0.45,Soc Work Public Health,0.79,0.08,0.42,0,24,3,7,3,3,3,1,2,2,,,,,A6168:U6168,
6167,1937-3392,0.54,Tissue Eng Part C Methods,0.83,0.08,0.75,0,24,1,5,4,2,4,3,2,3,,,,,A6169:U6169,
6168,1939-0041,1.57,Wiley Interdiscip Rev Nanomed Nanobiotechnol,1.00,0.67,0.96,0,24,4,3,4,,3,1,3,6,,,,,A6170:U6170,
6169,1939-0084,0.8,Behav Neurosci,0.58,0.38,0.96,0,24,1,1,6,,4,3,3,6,,,,,A6171:U6171,
6170,1940-5596,0.29,Semin Cardiothorac Vasc Anesth,0.50,0.29,0.96,0,24,1,4,4,6,1,2,1,5,,,,,A6172:U6172,
6171,1945-1938,0.85,Prehosp Disaster Med,1.00,0.08,1.00,1,24,4,1,,3,5,2,6,3,,,,,A6173:U6173,
6172,1949-1042,2.55,Nucleus,0.92,1.00,0.71,0,24,4,2,1,,5,3,5,4,,,,,A6174:U6174,
6173,1958-5969,1.51,Dialogues Clin Neurosci,1.00,1.00,0.92,0,24,2,2,4,6,2,3,2,3,,,,,A6175:U6175,
6174,2008-3009,,Int J Hematol Oncol Stem Cell Res,0.00,1.00,0.00,0,24,,,,,12,12,,,,,,,A6176:U6176,
6175,2038-2502,0.36,Riv Psichiatr,1.00,0.00,0.00,0,24,,5,,,6,8,5,,,,,,A6177:U6177,
6176,2053-3705,0.63,Post Reprod Health,0.42,0.21,0.58,0,24,,,,,,,20,4,,,,,A6178:U6178,
6177,2084-4336,0.21,Ortop Traumatol Rehabil,1.00,0.00,0.00,0,24,,4,4,4,,6,,6,,,,,A6179:U6179,
6178,2090-1240,0.65,AIDS Res Treat,0.00,1.00,0.96,0,24,2,3,,1,4,7,4,3,,,,,A6180:U6180,
6179,2152-0895,0.71,J Geriatr Phys Ther,0.17,0.00,0.38,0,24,6,3,1,,7,7,,,,,,,A6181:U6181,
6180,2160-8407,,Am J Nucl Med Mol Imaging,0.00,1.00,0.00,0,24,5,,7,,7,,5,,,,,,A6182:U6182,
6181,2164-7712,,Am J Clin Exp Immunol,0.00,1.00,0.00,0,24,6,,3,,9,,6,,,,,,A6183:U6183,
6182,2186-6953,0.56,Biosci Microbiota Food Health,0.00,1.00,0.00,0,24,10,,,7,,,7,,,,,,A6184:U6184,
6183,2214-6237,1.06,J Clin Transl Endocrinol,0.00,1.00,0.00,0,24,3,2,2,2,9,2,2,2,,,,,A6185:U6185,
6184,2233-6869,0.27,Korean J Gastroenterol,1.00,1.00,1.00,0,24,7,,,7,,,10,,,,,,A6186:U6186,
6185,2287-3732,,Clin Nutr Res,0.00,1.00,0.00,0,24,,,8,,7,,,9,,,,,A6187:U6187,
6186,2288-176X,0.58,J Exerc Rehabil,0.00,1.00,1.00,0,24,8,,5,,5,,6,,,,,,A6188:U6188,
6187,2288-8586,0.76,Maxillofac Plast Reconstr Surg,0.00,0.96,0.17,0,24,3,1,1,5,5,3,4,2,,,,,A6189:U6189,
6188,2332-8940,1.45,Temperature (Austin),0.00,0.42,0.54,0,24,10,,8,,,6,,,,,,,A6190:U6190,
6189,2353-5571,0.47,Health Psychol Rep,0.00,1.00,0.96,0,24,,,8,,8,,,8,,,,,A6191:U6191,
6190,2364-3420,1.01,Biophys Rep,0.00,1.00,0.00,0,24,7,,6,,6,5,,,,,,,A6192:U6192,
6191,2373-7972,0.83,AIMS Neurosci,0.00,1.00,0.00,0,24,7,,1,8,,,8,,,,,,A6193:U6193,
6192,2375-835X,0.37,Am J Law Med,0.54,0.29,0.04,0,24,,8,,,,6,10,,,,,,A6194:U6194,
6193,2411-2097,0.26,Vopr Virusol,1.00,0.00,1.00,0,24,8,,,8,8,,,,,,,,A6195:U6195,
6194,2448-9190,0.15,Rev Alerg Mex,0.88,0.00,0.96,0,24,,,13,,,,11,,,,,,A6196:U6196,
6195,2452-073X,1.06,Neurobiol Pain,0.00,1.00,0.00,0,24,1,4,,3,5,2,6,3,,,,,A6197:U6197,
6196,2470-5470,1.17,Chronic Stress (Thousand Oaks),0.00,1.00,0.92,0,24,1,4,7,2,2,2,3,3,,,,,A6198:U6198,
6197,2564-8896,,Rev Invest Clin,0.75,1.00,0.00,0,24,5,1,1,2,2,3,4,6,,,,,A6199:U6199,
6198,2573-1602,2.0,CRISPR J,0.54,0.29,0.71,0,24,1,2,1,5,2,7,3,3,,,,,A6200:U6200,
6199,2574-3414,3.63,Annu Rev Biomed Data Sci,1.00,1.00,0.00,0,24,,,4,9,11,,,,,,,,A6201:U6201,
6200,2576-3113,0.3,Bioelectricity,0.00,0.12,0.54,0,24,,6,1,,7,,10,,,,,,A6202:U6202,
6201,2588-994X,0.81,Australas Emerg Care,0.33,0.79,0.00,0,24,4,2,1,2,5,1,3,6,,,,,A6203:U6203,
6202,2628-491X,0.33,Adv Lab Med,0.00,1.00,0.67,0,24,,,12,,12,,,,,,,,A6204:U6204,
6203,2667-1603,0.91,BBA Adv,0.00,1.00,0.00,0,24,3,3,1,3,7,1,3,3,,,,,A6205:U6205,
6204,2674-0869,0.72,Front Drug Saf Regul,0.00,1.00,0.00,0,24,5,,1,4,3,6,2,3,,,,,A6206:U6206,
6205,2754-2483,1.08,Discov Immunol,0.00,1.00,0.92,0,24,6,1,6,1,2,2,4,2,,,,,A6207:U6207,
6206,2767-7206,0.47,Eur J Anaesthesiol Intensive Care,0.00,1.00,0.12,0,24,,5,,3,,16,,,,,,,A6208:U6208,
6207,2770-3517,0.14,Plast Aesthet Nurs (Phila),0.58,0.04,0.42,0,24,,,,12,,,12,,,,,,A6209:U6209,
6208,2771-9855,0.62,ACS Appl Opt Mater,0.00,1.00,1.00,0,24,7,,3,3,1,,8,2,,,,,A6210:U6210,
6209,2949-7043,2.13,Sci One Health,0.00,1.00,0.00,0,24,3,6,3,2,2,5,3,,,,,,A6211:U6211,
6210,2998-7601,,Neurol Open Access,0.00,0.96,0.04,0,24,2,3,5,6,2,5,1,,,,,,A6212:U6212,
6211,1028-768X,0.18,Acta Neurol Taiwan,0.70,0.00,0.00,0,23,8,,,10,,,4,1,,,,,A6213:U6213,
6212,1089-8611,0.87,Nitric Oxide,0.74,0.52,0.00,0,23,1,3,3,2,1,5,4,4,,,,,A6214:U6214,
6213,1179-5972,,Biomed Eng Comput Biol,0.00,1.00,1.00,0,23,1,1,,2,7,4,2,6,,,,,A6215:U6215,
6214,1345-5354,,Igaku Butsuri,0.17,1.00,0.00,0,23,,6,8,,,,,9,,,,,A6216:U6216,
6215,1421-9700,0.54,Audiol Neurootol,0.52,0.30,0.00,0,23,1,4,3,4,,2,3,6,,,,,A6217:U6217,
6216,1423-0135,0.55,J Vasc Res,0.39,0.61,0.00,0,23,3,3,4,2,4,4,2,1,,,,,A6218:U6218,
6217,1464-0678,0.46,Laterality,0.43,0.30,0.52,0,23,,2,10,,2,3,4,2,,,,,A6219:U6219,
6218,1476-5535,0.87,J Ind Microbiol Biotechnol,0.83,1.00,1.00,0,23,5,1,3,2,1,3,3,5,,,,,A6220:U6220,
6219,1478-4726,,Br Paramed J,0.00,0.52,0.00,0,23,,,15,,,8,,,,,,,A6221:U6221,
6220,1521-186X,0.39,Bioelectromagnetics,0.96,0.52,0.91,0,23,5,3,2,,3,7,3,,,,,,A6222:U6222,
6221,1531-6572,0.32,Tech Hand Up Extrem Surg,0.70,0.00,0.43,0,23,5,3,3,3,1,4,2,2,,,,,A6223:U6223,
6222,1532-7604,0.37,J Appl Anim Welf Sci,0.00,0.26,0.17,0,23,2,3,3,2,2,4,4,3,,,,,A6224:U6224,
6223,1536-8386,0.31,Electromagn Biol Med,0.35,0.04,0.22,1,23,2,3,1,4,3,3,3,4,,,,,A6225:U6225,
6224,1545-4312,5.05,Annu Rev Nutr,0.96,0.04,0.00,0,23,,1,,,15,1,,6,,,,,A6226:U6226,
6225,1545-4509,11.21,Annu Rev Biochem,1.00,1.00,0.00,0,23,,,16,6,,1,,,,,,,A6227:U6227,
6226,1551-4056,1.14,Yale J Biol Med,1.00,1.00,0.00,1,23,11,,,12,,,,,,,,,A6228:U6228,
6227,1552-7468,0.96,Policy Polit Nurs Pract,0.35,0.26,0.91,0,23,5,1,1,3,3,4,4,2,,,,,A6229:U6229,
6228,1662-5145,1.08,Front Integr Neurosci,0.00,1.00,0.00,0,23,3,4,5,2,2,3,2,2,,,,,A6230:U6230,
6229,1728-4465,0.98,Stud Fam Plann,0.52,0.39,0.83,0,23,3,1,3,4,2,2,3,5,,,,,A6231:U6231,
6230,1744-5183,0.42,Int J Clin Exp Hypn,0.57,0.26,0.48,0,23,7,1,,1,4,3,7,,,,,,A6232:U6232,
6231,1744-6171,0.54,J Child Adolesc Psychiatr Nurs,0.91,0.74,0.96,0,23,,2,2,1,4,4,7,3,,,,,A6233:U6233,
6232,1745-6614,1.43,J Natl Cancer Inst Monogr,0.91,0.61,1.00,0,23,,,,12,,,,11,,,,,A6234:U6234,
6233,1819-6357,0.54,Libyan J Med,1.00,1.00,0.65,0,23,2,3,5,,1,3,3,6,,,,,A6235:U6235,
6234,1827-1936,0.35,Q J Nucl Med Mol Imaging,0.83,0.57,0.00,0,23,8,,8,,1,3,3,,,,,,A6236:U6236,
6235,1875-6166,0.42,Cent Nerv Syst Agents Med Chem,0.04,0.00,0.52,0,23,2,,,6,3,2,7,3,,,,,A6237:U6237,
6236,1875-6336,0.71,Curr Pediatr Rev,0.00,0.00,0.70,0,23,6,1,2,3,2,5,2,2,,,,,A6238:U6238,
6237,1878-1926,0.85,Adv Pediatr,0.96,0.00,0.00,0,23,,,,,,,23,,,,,,A6239:U6239,
6238,1939-022X,0.58,J Diet Suppl,0.74,0.22,0.52,1,23,3,5,1,2,3,4,3,2,,,,,A6240:U6240,
6239,2008-5117,0.39,J Cardiovasc Thorac Res,0.00,1.00,1.00,0,23,,,12,,,10,1,,,,,,A6241:U6241,
6240,2008-5230,0.3,Middle East J Dig Dis,0.00,1.00,0.96,0,23,,,12,,11,,,,,,,,A6242:U6242,
6241,2050-7488,1.95,J Mater Chem A Mater,0.00,1.00,0.96,0,23,2,2,5,2,2,4,4,2,,,,,A6243:U6243,
6242,2090-0007,,J Transplant,0.00,1.00,1.00,0,23,6,1,1,3,4,5,2,1,,,,,A6244:U6244,
6243,2090-1844,0.43,Pulm Med,1.00,1.00,1.00,0,23,2,3,2,3,6,3,2,2,,,,,A6245:U6245,
6244,2162-397X,0.97,Adipocyte,1.00,1.00,0.57,0,23,4,1,2,4,2,4,3,3,,,,,A6246:U6246,
6245,2205-0140,0.3,Australas J Ultrasound Med,0.00,0.00,1.00,0,23,1,4,1,,3,4,5,5,,,,,A6247:U6247,
6246,2212-4438,1.01,J World Fed Orthod,0.70,0.35,0.00,0,23,4,1,2,3,5,4,2,2,,,,,A6248:U6248,
6247,2234-2591,,Ewha Med J,0.00,1.00,0.00,0,23,,8,5,2,,6,2,,,,,,A6249:U6249,
6248,2287-4445,0.3,Appl Microsc,0.00,1.00,0.70,0,23,2,2,4,3,5,5,,2,,,,,A6250:U6250,
6249,2296-5262,0.48,Oncol Res Treat,0.39,0.35,0.00,1,23,2,8,1,,3,3,3,3,,,,,A6251:U6251,
6250,2309-995X,0.3,Sovrem Tekhnologii Med,1.00,1.00,0.00,0,23,,7,5,,6,,5,,,,,,A6252:U6252,
6251,2311-2638,0.82,Microb Cell,0.00,1.00,0.13,0,23,3,5,1,2,2,3,6,1,,,,,A6253:U6253,
6252,2313-1810,,S Afr J Infect Dis,0.00,1.00,1.00,0,23,2,3,2,3,3,3,4,3,,,,,A6254:U6254,
6253,2322-4835,0.72,Int J Community Based Nurs Midwifery,0.78,1.00,0.00,0,23,8,,,7,,,8,,,,,,A6255:U6255,
6254,2369-8543,,POCUS J,0.00,1.00,0.00,0,23,,,,,23,,,,,,,,A6256:U6256,
6255,2384-1621,0.52,J Audiol Otol,0.00,1.00,0.00,0,23,,8,1,7,,4,3,,,,,,A6257:U6257,
6256,2520-5285,,East Afr Health Res J,0.00,1.00,0.00,0,23,,,3,,20,,,,,,,,A6258:U6258,
6257,2529-8496,,Neurocirugia (Engl Ed),0.35,0.04,0.00,0,23,3,8,5,,,2,3,2,,,,,A6259:U6259,
6258,2567-5834,0.19,Tierarztl Prax Ausg G Grosstiere Nutztiere,0.96,0.13,0.00,0,23,,3,2,9,1,,3,5,,,,,A6260:U6260,
6259,2590-2296,0.78,Health Policy Open,0.00,1.00,0.00,0,23,6,2,3,4,2,1,2,3,,,,,A6261:U6261,
6260,2625-3410,0.93,Clin Psychol Eur,0.00,1.00,0.96,0,23,,16,7,,,,,,,,,,A6262:U6262,
6261,2634-4793,0.4,Endocr Oncol,0.00,1.00,0.96,0,23,3,3,4,4,3,3,1,2,,,,,A6263:U6263,
6262,2724-6337,0.42,Minerva Dent Oral Sci,0.61,0.22,0.00,0,23,3,5,8,1,2,1,2,1,,,,,A6264:U6264,
6263,2980-1478,0.42,Urol Res Pract,0.00,1.00,0.00,0,23,,,,7,4,7,4,1,,,,,A6265:U6265,
6264,0015-5500,0.48,Folia Biol (Praha),0.86,1.00,0.00,0,22,,7,,5,5,5,,,,,,,A6266:U6266,
6265,0031-5850,2.63,Persoonia,0.00,1.00,0.00,0,22,13,,,,,,9,,,,,,A6267:U6267,
6266,0032-079X,1.33,Plant Soil,0.00,1.00,0.91,0,22,10,,1,4,,1,2,4,,,,,A6268:U6268,
6267,0035-7715,0.36,Rocz Panstw Zakl Hig,0.95,1.00,0.00,0,22,,7,,,8,,7,,,,,,A6269:U6269,
6268,0070-217X,,Curr Top Microbiol Immunol,0.27,0.00,0.05,0,22,1,8,2,,3,2,4,2,,,,,A6270:U6270,
6269,0214-4840,0.41,Adicciones,0.73,0.95,0.00,0,22,9,,,,8,5,,,,,,,A6271:U6271,
6270,0387-821X,0.22,J UOEH,0.55,1.00,0.00,0,22,,,15,,,7,,,,,,,A6272:U6272,
6271,1174-1740,0.43,AlterNative (Nga Pae Maramatanga (Organ)),0.00,1.00,1.00,0,22,,,2,15,,2,,3,,,,,A6273:U6273,
6272,1309-0399,0.43,J Turk Ger Gynecol Assoc,0.00,1.00,0.95,0,22,4,3,6,,,8,1,,,,,,A6274:U6274,
6273,1369-1635,0.99,Platelets,0.86,1.00,0.32,0,22,7,1,5,5,1,1,1,1,,,,,A6275:U6275,
6274,1421-9913,0.69,Eur Neurol,0.32,0.32,0.00,0,22,1,1,5,1,3,,7,4,,,,,A6276:U6276,
6275,1421-9980,0.4,Folia Primatol (Basel),0.32,0.05,0.95,0,22,,7,3,,,,8,4,,,,,A6277:U6277,
6276,1423-0216,0.8,Neuroimmunomodulation,0.86,1.00,0.00,0,22,3,3,7,2,3,1,2,1,,,,,A6278:U6278,
6277,1423-0321,0.51,Phonetica,0.59,1.00,0.82,0,22,2,3,1,2,6,4,2,2,,,,,A6279:U6279,
6278,1469-2988,1.13,Attach Hum Dev,0.59,0.32,0.45,0,22,2,3,2,5,,4,4,2,,,,,A6280:U6280,
6279,1471-2857,0.53,Crim Behav Ment Health,0.55,0.41,0.95,0,22,2,3,4,4,3,1,5,,,,,,A6281:U6281,
6280,1476-4180,0.31,J Cosmet Laser Ther,0.73,0.18,0.64,0,22,2,3,4,1,2,2,5,3,,,,,A6282:U6282,
6281,1477-3848,0.65,Augment Altern Commun,0.00,0.36,0.95,0,22,4,6,,4,3,3,1,1,,,,,A6283:U6283,
6282,1535-6345,0.81,Curr Probl Cancer,0.73,0.23,0.00,0,22,3,,3,,5,2,5,4,,,,,A6284:U6284,
6283,1541-034X,0.56,Soc Work Health Care,0.86,0.41,0.64,0,22,2,2,6,3,2,1,3,3,,,,,A6285:U6285,
6284,1543-2920,0.55,Pediatr Exerc Sci,0.45,0.14,0.91,0,22,3,4,1,1,5,,7,1,,,,,A6286:U6286,
6285,1550-5057,0.63,Fam Community Health,1.00,0.18,0.73,0,22,,6,,,7,1,5,3,,,,,A6287:U6287,
6286,1557-8585,0.61,Lymphat Res Biol,0.50,0.09,0.27,0,22,1,5,1,2,1,6,1,5,,,,,A6288:U6288,
6287,1565-3633,0.82,Bioinorg Chem Appl,0.00,1.00,0.95,3,22,2,3,4,4,1,4,1,3,,,,,A6289:U6289,
6288,1571-8093,0.25,Eur J Health Law,0.45,0.00,0.95,0,22,,,8,,10,,4,,,,,,A6290:U6290,
6289,1572-8358,0.3,Acta Biotheor,0.86,0.36,0.27,0,22,1,4,2,,8,2,5,,,,,,A6291:U6291,
6290,1573-6741,0.28,Am J Psychoanal,0.68,0.00,0.00,0,22,1,2,3,,9,1,3,3,,,,,A6292:U6292,
6291,1618-0941,0.54,Protist,0.95,0.41,0.00,0,22,4,,3,2,5,2,3,3,,,,,A6293:U6293,
6292,1664-5456,0.46,Cerebrovasc Dis Extra,0.86,1.00,0.00,0,22,4,,3,2,3,4,5,1,,,,,A6294:U6294,
6293,1735-3955,0.29,ARYA Atheroscler,0.00,1.00,0.00,0,22,,,,8,,7,,7,,,,,A6295:U6295,
6294,1740-2360,0.31,Hist Psychiatry,0.41,0.36,1.00,0,22,3,,7,2,3,1,1,5,,,,,A6296:U6296,
6295,1743-8942,0.83,J Psychosom Obstet Gynaecol,0.95,1.00,0.55,0,22,2,1,1,5,1,4,4,4,,,,,A6297:U6297,
6296,1744-7623,0.91,Expert Opin Emerg Drugs,0.59,0.23,0.18,0,22,,,3,3,4,9,3,,,,,,A6298:U6298,
6297,1745-9206,0.82,Chronic Illn,0.59,0.05,1.00,0,22,2,3,,9,4,2,,2,,,,,A6299:U6299,
6298,1747-0080,0.97,Nutr Diet,0.32,0.09,0.91,0,22,2,5,2,4,2,4,,3,,,,,A6300:U6300,
6299,1747-5341,0.61,Philos Ethics Humanit Med,1.00,1.00,0.27,1,22,2,2,2,3,3,4,4,2,,,,,A6301:U6301,
6300,1752-0894,6.14,Nat Geosci,0.00,1.00,1.00,0,22,1,2,2,3,4,3,1,6,,,,,A6302:U6302,
6301,1752-2978,0.98,Curr Opin Endocrinol Diabetes Obes,0.68,0.05,0.00,0,22,,3,2,2,5,1,1,8,,,,,A6303:U6303,
6302,1755-618X,0.52,Can Rev Sociol,0.86,0.86,0.82,0,22,,1,3,5,6,1,2,4,,,,,A6304:U6304,
6303,1757-1774,0.34,J Infect Prev,0.00,0.09,1.00,0,22,1,2,4,3,2,5,,5,,,,,A6305:U6305,
6304,1867-5646,0.43,Chin J Dent Res,1.00,1.00,0.00,0,22,8,,7,,,7,,,,,,,A6306:U6306,
6305,1875-8584,0.84,Behav Neurol,0.95,1.00,0.95,1,22,,,10,2,2,3,3,2,,,,,A6307:U6307,
6306,1918-2805,0.47,Gastroenterology Res,0.00,1.00,0.23,0,22,5,,5,,6,6,,,,,,,A6308:U6308,
6307,1927-1220,,J Hematol,0.00,1.00,0.55,0,22,5,,5,7,,,5,,,,,,A6309:U6309,
6308,1936-4776,0.59,Hum Nat,0.32,0.32,0.68,0,22,2,2,5,4,3,1,2,3,,,,,A6310:U6310,
6309,1939-1455,8.5,Psychol Bull,0.91,0.18,0.95,0,22,,4,2,6,4,,6,,,,,,A6311:U6311,
6310,1940-0888,0.62,J Gen Psychol,0.09,0.05,0.55,0,22,1,,7,2,3,5,1,3,,,,,A6312:U6312,
6311,1941-2703,0.48,J Aerosol Med Pulm Drug Deliv,0.32,0.05,0.64,0,22,,5,1,1,5,5,3,2,,,,,A6313:U6313,
6312,1996-1421,0.51,Jamba,0.00,1.00,1.00,0,22,,6,2,2,1,6,4,1,,,,,A6314:U6314,
6313,2008-823X,0.38,Iran Biomed J,1.00,0.64,0.00,0,22,6,2,,,6,1,7,,,,,,A6315:U6315,
6314,2038-8306,0.54,Eur J Histochem,1.00,1.00,0.18,0,22,2,3,2,3,3,3,4,2,,,,,A6316:U6316,
6315,2041-1480,0.57,J Biomed Semantics,0.73,1.00,0.23,0,22,4,1,1,4,3,3,5,1,,,,,A6317:U6317,
6316,2054-345X,0.54,Hum Genome Var,0.00,1.00,0.95,0,22,2,1,5,7,2,5,,,,,,,A6318:U6318,
6317,2057-7540,2.27,Card Fail Rev,0.00,1.00,1.00,0,22,3,,5,1,4,5,2,2,,,,,A6319:U6319,
6318,2090-6943,,Case Rep Transplant,0.00,1.00,1.00,0,22,,4,1,1,2,1,6,7,,,,,A6320:U6320,
6319,2090-8865,0.44,J Anal Methods Chem,0.00,1.00,0.91,1,22,3,3,3,1,5,,3,4,,,,,A6321:U6321,
6320,2093-9043,0.48,Neurointervention,0.00,1.00,0.00,0,22,3,4,,3,2,6,2,2,,,,,A6322:U6322,
6321,2157-3107,0.48,J Am Acad Audiol,0.86,1.00,0.23,0,22,,,,10,1,,11,,,,,,A6323:U6323,
6322,2158-8333,0.5,Innov Clin Neurosci,0.00,1.00,0.00,0,22,,8,1,13,,,,,,,,,A6324:U6324,
6323,2160-0562,0.24,Am J Clin Hypn,0.59,0.05,0.73,0,22,,1,1,5,2,3,,10,,,,,A6325:U6325,
6324,2194-1327,0.36,Neuropsychiatr,0.14,0.05,0.55,0,22,4,3,3,1,1,6,1,3,,,,,A6326:U6326,
6325,2211-8020,0.59,Biomedicine (Taipei),0.00,1.00,0.05,0,22,7,,8,,,,6,1,,,,,A6327:U6327,
6326,2230-326X,,Psoriasis (Auckl),0.00,1.00,0.82,0,22,2,2,1,5,2,4,5,1,,,,,A6328:U6328,
6327,2319-9644,,J Res Pharm Pract,0.00,1.00,0.00,0,22,,,4,13,,3,,2,,,,,A6329:U6329,
6328,2327-0578,3.65,Annu Rev Virol,0.00,0.05,0.00,0,22,,,3,3,4,9,3,,,,,,A6330:U6330,
6329,2347-3584,0.43,Virusdisease,0.00,0.00,0.77,0,22,,,,9,,,,13,,,,,A6331:U6331,
6330,2352-3735,0.6,Bladder Cancer,0.00,1.00,0.59,0,22,4,2,5,2,4,2,1,2,,,,,A6332:U6332,
6331,2353-9461,0.58,BioTechnologia (Pozn),0.00,1.00,0.00,0,22,7,,,,8,,7,,,,,,A6333:U6333,
6332,2384-8553,0.46,Ann Ist Super Sanita,1.00,1.00,0.00,0,22,,,11,,,11,,,,,,,A6334:U6334,
6333,2396-9415,0.93,Autism Dev Lang Impair,0.00,1.00,1.00,0,22,3,1,,2,4,4,3,5,,,,,A6335:U6335,
6334,2397-7523,,Diagn Progn Res,0.00,1.00,0.27,0,22,2,5,1,4,3,3,2,2,,,,,A6336:U6336,
6335,2468-8673,1.02,Curr Opin Physiol,0.00,0.64,0.05,0,22,,5,5,3,2,4,3,,,,,,A6337:U6337,
6336,2469-7311,0.8,IEEE Trans Radiat Plasma Med Sci,0.00,1.00,0.32,0,22,2,6,6,3,2,1,1,1,,,,,A6338:U6338,
6337,2498-602X,0.57,Physiol Int,0.86,0.00,0.95,0,22,3,2,6,2,,6,,3,,,,,A6339:U6339,
6338,2667-7474,,Turk Arch Otorhinolaryngol,0.00,1.00,1.00,0,22,,,10,5,,6,,1,,,,,A6340:U6340,
6339,2713-2919,0.46,Consort Psychiatr,0.00,1.00,1.00,0,22,,,8,8,,,6,,,,,,A6341:U6341,
6340,2724-5438,,Minerva Surg,0.77,0.27,0.00,0,22,3,6,6,,2,4,1,,,,,,A6342:U6342,
6341,2772-5588,1.97,Chin Med J Pulm Crit Care Med,0.00,1.00,0.00,0,22,8,,,7,,,7,,,,,,A6343:U6343,
6342,2949-9070,0.86,Mechanobiol Med,0.00,1.00,0.00,0,22,3,,6,2,3,5,,3,,,,,A6344:U6344,
6343,2980-3187,,Tuberk Toraks,0.86,1.00,0.00,0,22,9,,8,,,5,,,,,,,A6345:U6345,
6344,0015-6426,0.2,Shokuhin Eiseigaku Zasshi,0.81,1.00,0.00,0,21,,6,,,,8,7,,,,,,A6346:U6346,
6345,0167-5923,0.9,Popul Res Policy Rev,0.00,1.00,0.62,0,21,2,1,3,4,3,6,1,1,,,,,A6347:U6347,
6346,0189-6725,0.24,Afr J Paediatr Surg,0.00,1.00,0.00,0,21,,,,,,,,21,,,,,A6348:U6348,
6347,0722-5091,0.21,Clin Neuropathol,0.71,0.00,0.00,0,21,4,1,2,4,2,3,2,3,,,,,A6349:U6349,
6348,0890-9091,0.53,Oncology (Williston Park),1.00,0.81,0.00,0,21,,5,,5,5,1,5,,,,,,A6350:U6350,
6349,1096-0325,0.49,Theor Popul Biol,0.95,0.43,0.00,0,21,1,4,,1,1,8,4,2,,,,,A6351:U6351,
6350,1096-0910,0.49,Ultrason Imaging,0.24,0.00,1.00,0,21,3,2,2,1,5,2,2,4,,,,,A6352:U6352,
6351,1096-0937,0.67,Fungal Genet Biol,0.95,0.52,0.00,0,21,2,1,,8,2,1,2,5,,,,,A6353:U6353,
6352,1096-4657,0.6,Exp Aging Res,0.29,0.19,0.81,0,21,1,5,2,3,4,1,3,2,,,,,A6354:U6354,
6353,1179-1454,0.57,J Exp Pharmacol,0.00,1.00,1.00,0,21,,4,4,4,2,2,1,4,,,,,A6355:U6355,
6354,1211-264X,0.14,Klin Mikrobiol Infekc Lek,1.00,0.00,0.00,0,21,,5,,5,5,,,6,,,,,A6356:U6356,
6355,1336-0329,0.48,Endocr Regul,1.00,1.00,0.00,0,21,2,,8,,,3,5,3,,,,,A6357:U6357,
6356,1349-0486,0.49,J Poult Sci,0.00,1.00,0.00,0,21,5,1,1,3,,3,4,4,,,,,A6358:U6358,
6357,1349-8037,0.22,J Gen Appl Microbiol,0.33,1.00,0.00,0,21,5,,3,1,4,5,1,2,,,,,A6359:U6359,
6358,1421-9697,0.53,Ann Nutr Metab,0.38,0.57,0.00,1,21,5,3,1,1,5,4,,2,,,,,A6360:U6360,
6359,1423-0275,0.51,ORL J Otorhinolaryngol Relat Spec,0.29,0.57,0.00,1,21,1,2,,3,3,4,4,4,,,,,A6361:U6361,
6360,1423-0291,0.72,Pathobiology,0.29,0.43,0.00,0,21,7,1,1,4,2,2,4,,,,,,A6362:U6362,
6361,1423-0313,0.81,Pharmacology,0.14,0.52,0.00,4,21,1,2,2,1,6,,4,5,,,,,A6363:U6363,
6362,1426-3912,0.47,Cent Eur J Immunol,0.00,1.00,0.00,0,21,,,,11,,10,,,,,,,A6364:U6364,
6363,1432-1831,0.82,Med Microbiol Immunol,1.00,0.67,0.52,0,21,2,1,2,5,4,1,2,4,,,,,A6365:U6365,
6364,1447-2600,0.81,Invertebr Syst,0.90,0.48,0.90,0,21,5,2,3,5,1,,2,3,,,,,A6366:U6366,
6365,1465-3656,0.26,Neurocase,0.81,0.29,0.57,0,21,,3,2,2,4,3,4,3,,,,,A6367:U6367,
6366,1486-3847,0.41,Can J Diet Pract Res,0.33,0.43,0.00,0,21,1,3,2,3,1,5,4,2,,,,,A6368:U6368,
6367,1488-2434,1.38,J Psychiatry Neurosci,0.67,1.00,0.86,0,21,5,2,2,2,3,,4,3,,,,,A6369:U6369,
6368,1520-6505,1.33,Evol Anthropol,0.95,0.76,0.95,0,21,1,1,1,3,2,4,4,5,,,,,A6370:U6370,
6369,1527-1927,1.32,J Health Polit Policy Law,0.57,0.00,0.00,0,21,,8,6,,,7,,,,,,,A6371:U6371,
6370,1532-9496,0.8,Transfus Med Rev,0.33,0.24,0.00,0,21,8,2,3,1,2,,5,,,,,,A6372:U6372,
6371,1533-9866,0.85,Obstet Gynecol Surv,0.95,1.00,0.71,0,21,2,4,2,2,3,3,3,2,,,,,A6373:U6373,
6372,1545-4274,2.86,Annu Rev Biomed Eng,1.00,1.00,0.00,0,21,6,10,,,5,,,,,,,,A6374:U6374,
6373,1554-6179,0.4,Clin Med Res,0.81,1.00,0.05,0,21,5,,1,5,,,10,,,,,,A6375:U6375,
6374,1555-8932,0.98,Genes Nutr,0.00,0.95,0.19,0,21,1,4,1,4,5,5,1,,,,,,A6376:U6376,
6375,1557-8577,0.63,Rejuvenation Res,0.52,0.00,0.71,0,21,,3,3,5,1,5,4,,,,,,A6377:U6377,
6376,1557-8925,0.54,Adv Pharmacol,0.90,0.00,0.00,0,21,,,,,,12,9,,,,,,A6378:U6378,
6377,1558-1373,0.71,Orthop Clin North Am,0.90,0.00,0.00,0,21,,,10,,,11,,,,,,,A6379:U6379,
6378,1581-2979,0.28,Acta Dermatovenerol Alp Pannonica Adriat,0.76,1.00,0.00,0,21,,4,6,3,,8,,,,,,,A6380:U6380,
6379,1600-0854,1.28,Traffic,0.95,0.76,0.86,0,21,,2,1,3,1,4,5,5,,,,,A6381:U6381,
6380,1735-367X,0.31,Iran J Immunol,0.67,1.00,0.76,0,21,,,7,,,7,,7,,,,,A6382:U6382,
6381,1743-5404,0.69,Nanotoxicology,0.71,0.29,0.14,0,21,6,3,1,3,2,3,1,2,,,,,A6383:U6383,
6382,1756-1485,0.83,Interv Cardiol,0.00,1.00,0.76,0,21,3,3,4,2,3,1,1,4,,,,,A6384:U6384,
6383,1759-8753,1.42,Mob DNA,0.00,1.00,0.29,0,21,3,4,1,4,2,3,4,,,,,,A6385:U6385,
6384,1768-322X,0.93,Biol Cell,0.71,0.48,0.81,0,21,1,3,5,3,5,1,2,1,,,,,A6386:U6386,
6385,1828-8936,0.4,Strategies Trauma Limb Reconstr,0.00,1.00,0.86,0,21,,,,,10,,,11,,,,,A6387:U6387,
6386,1860-1499,0.49,Med Mol Morphol,0.57,0.10,0.81,0,21,2,2,3,2,2,5,2,3,,,,,A6388:U6388,
6387,1868-8527,1.32,Mindfulness (N Y),0.00,1.00,0.43,0,21,,2,5,4,1,2,5,2,,,,,A6389:U6389,
6388,1876-7478,0.55,Mar Genomics,1.00,0.10,0.00,0,21,1,1,1,1,5,2,1,9,,,,,A6390:U6390,
6389,1882-7616,1.8,Jpn Dent Sci Rev,0.00,1.00,0.00,0,21,5,3,1,2,4,3,3,,,,,,A6391:U6391,
6390,1939-0610,0.22,Hist Psychol,0.29,0.00,0.95,0,21,6,,,2,3,6,3,1,,,,,A6392:U6392,
6391,1943-2755,0.55,AIDS Educ Prev,0.95,0.24,0.00,0,21,,5,,5,,5,,6,,,,,A6393:U6393,
6392,1984-0659,0.56,Sleep Sci,0.00,1.00,0.90,0,21,13,,,3,1,,4,,,,,,A6394:U6394,
6393,2045-452X,0.62,Toxicol Res (Camb),0.00,0.19,0.95,0,21,,18,2,,,,,1,,,,,A6395:U6395,
6394,2047-6965,0.45,Health Syst (Basingstoke),0.00,1.00,0.29,0,21,5,3,,,5,1,2,5,,,,,A6396:U6396,
6395,2058-6124,0.26,Spinal Cord Ser Cases,0.90,0.48,1.00,0,21,1,1,2,5,2,2,3,5,,,,,A6397:U6397,
6396,2076-9172,0.4,Rambam Maimonides Med J,0.00,1.00,0.00,0,21,10,,,7,,,,4,,,,,A6398:U6398,
6397,2078-6751,0.65,South Afr J HIV Med,0.00,1.00,1.00,0,21,,1,6,2,5,2,4,1,,,,,A6399:U6399,
6398,2090-3448,0.52,Int J Hepatol,0.00,1.00,1.00,0,21,4,,,4,4,3,2,4,,,,,A6400:U6400,
6399,2167-4086,0.86,Psychoanal Q,0.67,0.14,0.00,0,21,5,2,,,7,1,,6,,,,,A6401:U6401,
6400,2169-3536,0.88,IEEE Access,0.00,1.00,0.95,0,21,5,3,2,3,3,3,,2,,,,,A6402:U6402,
6401,2194-9387,0.48,Drug Res (Stuttg),0.48,0.05,0.95,0,21,1,6,2,,3,2,3,4,,,,,A6403:U6403,
6402,2229-5151,0.23,Int J Crit Illn Inj Sci,0.00,1.00,0.00,0,21,,,6,,6,9,,,,,,,A6404:U6404,
6403,2234-5248,,J Minim Invasive Surg,0.00,1.00,1.00,0,21,,,9,,,12,,,,,,,A6405:U6405,
6404,2307-2202,,Psychol Russ,0.00,1.00,0.00,0,21,,9,,,7,,1,4,,,,,A6406:U6406,
6405,2329-7778,0.8,Struct Dyn,0.00,1.00,1.00,0,21,3,1,2,4,1,5,3,2,,,,,A6407:U6407,
6406,2353-1339,0.28,Med Pr,0.95,1.00,0.00,0,21,,,7,7,,3,4,,,,,,A6408:U6408,
6407,2470-1246,0.69,Appl Biosaf,0.00,0.29,0.48,0,21,,,5,2,10,,,4,,,,,A6409:U6409,
6408,2501-062X,0.34,Rom J Intern Med,0.62,1.00,0.14,0,21,2,,3,3,5,5,1,2,,,,,A6410:U6410,
6409,2512-8957,0.93,Allergol Select,0.00,1.00,0.00,0,21,,,4,3,4,4,4,2,,,,,A6411:U6411,
6410,2575-5609,0.61,Psychiatr Res Clin Pract,0.00,1.00,0.62,0,21,,,,7,,5,8,1,,,,,A6412:U6412,
6411,2589-9783,0.49,Curr Drug Res Rev,0.00,0.00,0.57,0,21,,1,5,6,1,4,4,,,,,,A6413:U6413,
6412,2673-6195,0.67,Front Neuroergon,0.00,1.00,0.00,0,21,2,4,3,4,2,2,1,3,,,,,A6414:U6414,
6413,2751-1871,,Smart Med,0.00,1.00,0.86,0,21,3,2,,,4,1,5,6,,,,,A6415:U6415,
6414,2949-7884,0.71,CHEST Crit Care,0.00,1.00,0.00,0,21,5,1,4,6,,3,1,1,,,,,A6416:U6416,
6415,2976-7296,2.47,eGastroenterology,0.00,1.00,0.95,0,21,4,1,2,5,3,3,2,1,,,,,A6417:U6417,
6416,2994-9750,,JCO Oncol Adv,0.00,1.00,0.52,0,21,3,1,1,5,4,1,2,4,,,,,A6418:U6418,
6417,0008-3194,0.18,J Can Chiropr Assoc,0.00,1.00,0.00,0,20,,10,,,,10,,,,,,,A6419:U6419,
6418,0973-7731,0.29,J Genet,0.95,1.00,0.00,0,20,3,4,,,4,1,6,2,,,,,A6420:U6420,
6419,1095-8320,0.5,Biologicals,0.70,0.45,0.00,0,20,2,3,2,1,1,4,2,5,,,,,A6421:U6421,
6420,1098-9048,0.87,Semin Respir Crit Care Med,0.75,0.10,0.50,0,20,1,6,4,3,,,3,3,,,,,A6422:U6422,
6421,1099-0909,0.66,Dyslexia,1.00,0.75,0.95,0,20,2,,2,1,,6,4,5,,,,,A6423:U6423,
6422,1179-156X,0.89,Open Access Rheumatol,0.00,1.00,0.90,0,20,,3,6,2,2,4,3,,,,,,A6424:U6424,
6423,1179-5565,,Clin Med Insights Pediatr,0.00,1.00,1.00,0,20,,3,2,3,5,7,,,,,,,A6425:U6425,
6424,1179-9889,,Blood Lymphat Cancer,0.00,1.00,0.70,0,20,1,1,5,3,6,1,2,1,,,,,A6426:U6426,
6425,1210-7875,,Cesk Patol,1.00,0.00,0.00,0,20,,6,,6,,,8,,,,,,A6427:U6427,
6426,1226-2560,0.94,Exp Neurobiol,0.00,1.00,0.00,0,20,3,,4,4,4,1,2,2,,,,,A6428:U6428,
6427,1422-6421,0.8,Cells Tissues Organs,0.25,0.50,0.00,3,20,3,2,1,3,2,4,1,4,,,,,A6429:U6429,
6428,1440-169X,0.56,Dev Growth Differ,0.95,0.60,0.85,0,20,3,4,4,2,,2,2,3,,,,,A6430:U6430,
6429,1469-1809,0.61,Ann Hum Genet,0.65,0.35,0.30,1,20,1,2,1,2,2,2,7,3,,,,,A6431:U6431,
6430,1474-001X,0.34,Br J Hist Sci,0.05,0.00,0.80,0,20,2,1,,3,4,2,8,,,,,,A6432:U6432,
6431,1522-9629,0.82,Pulm Pharmacol Ther,0.85,0.25,0.00,2,20,4,3,2,1,1,3,5,1,,,,,A6433:U6433,
6432,1532-4230,0.27,J Immunoassay Immunochem,0.90,0.10,0.60,0,20,1,2,2,3,2,4,5,1,,,,,A6434:U6434,
6433,1545-293X,4.06,Annu Rev Genomics Hum Genet,1.00,0.15,0.00,0,20,1,2,4,4,6,3,,,,,,,A6435:U6435,
6434,1545-3251,5.05,Annu Rev Microbiol,0.00,0.00,0.00,0,20,,,,,2,1,9,8,,,,,A6436:U6436,
6435,1545-326X,6.76,Annu Rev Med,0.65,0.65,0.00,0,20,13,,,,,1,2,4,,,,,A6437:U6437,
6436,1558-0776,0.65,Semin Pediatr Neurol,0.90,0.00,0.00,0,20,,,,11,,9,,,,,,,A6438:U6438,
6437,1573-2657,0.66,J Muscle Res Cell Motil,0.90,0.55,0.45,0,20,3,2,6,2,1,2,1,3,,,,,A6439:U6439,
6438,1573-6849,1.2,Chromosome Res,0.90,0.65,0.55,0,20,1,3,3,1,4,,5,3,,,,,A6440:U6440,
6439,1573-7039,0.76,J Mammary Gland Biol Neoplasia,0.90,0.90,0.20,1,20,3,4,4,4,1,1,3,,,,,,A6441:U6441,
6440,1573-9058,0.48,Photosynthetica,1.00,1.00,0.55,0,20,7,,,6,,,7,,,,,,A6442:U6442,
6441,1724-6008,0.56,Int J Biol Markers,0.35,1.00,0.95,0,20,,2,7,2,3,2,2,2,,,,,A6443:U6443,
6442,1735-8949,0.28,J Family Reprod Health,0.00,1.00,0.00,0,20,,,,,10,,10,,,,,,A6444:U6444,
6443,1747-4892,0.18,Acute Med,0.85,0.00,0.00,0,20,,7,,,6,,7,,,,,,A6445:U6445,
6444,1751-1887,0.55,Leadersh Health Serv (Bradf Engl),0.75,1.00,0.05,0,20,3,4,2,3,2,4,1,1,,,,,A6446:U6446,
6445,1758-1087,0.21,J Med Biogr,0.15,0.15,1.00,0,20,7,6,3,1,,,3,,,,,,A6447:U6447,
6446,1758-9991,0.3,Hand Ther,0.00,0.25,1.00,0,20,1,5,5,3,2,,4,,,,,,A6448:U6448,
6447,1875-8622,0.66,Clin Hemorheol Microcirc,0.95,0.00,0.75,3,20,,,,12,4,1,2,1,,,,,A6449:U6449,
6448,1916-257X,0.27,Int J Ther Massage Bodywork,0.00,1.00,0.00,0,20,,,11,,,,9,,,,,,A6450:U6450,
6449,1940-4034,0.83,J Cardiovasc Pharmacol Ther,0.80,0.00,1.00,0,20,,,8,2,4,3,1,2,,,,,A6451:U6451,
6450,1940-4344,0.36,Int J Med Mushrooms,1.00,0.00,0.00,0,20,,13,7,,,,,,,,,,A6452:U6452,
6451,1943-2763,1.03,J Pers Disord,1.00,0.05,0.00,0,20,,5,,5,,5,,5,,,,,A6453:U6453,
6452,2008-210X,0.44,J Dent Res Dent Clin Dent Prospects,0.00,1.00,1.00,0,20,,,,,10,,10,,,,,,A6454:U6454,
6453,2036-3605,0.37,Rare Tumors,0.00,1.00,1.00,0,20,2,2,3,1,3,1,3,5,,,,,A6455:U6455,
6454,2058-7384,0.72,Int J Immunopathol Pharmacol,0.90,1.00,0.90,3,20,2,3,4,5,2,,2,2,,,,,A6456:U6456,
6455,2090-214X,0.45,Int J Nephrol,0.00,1.00,1.00,0,20,6,,,1,2,2,1,8,,,,,A6457:U6457,
6456,2090-6609,0.26,Case Reports Immunol,0.00,1.00,1.00,0,20,1,1,1,3,1,5,4,4,,,,,A6458:U6458,
6457,2096-112X,1.71,Biomater Transl,0.00,1.00,0.00,0,20,,10,,,10,,,,,,,,A6459:U6459,
6458,2173-9188,0.4,Rev Iberoam Micol,0.35,0.40,0.00,0,20,1,2,2,2,2,4,4,3,,,,,A6460:U6460,
6459,2211-7393,0.38,Pharm Nanotechnol,0.10,0.00,0.75,0,20,6,,,5,2,2,3,2,,,,,A6461:U6461,
6460,2214-4374,,Malariaworld J,0.00,1.00,0.00,0,20,,5,2,,4,3,2,4,,,,,A6462:U6462,
6461,2231-5047,,Euroasian J Hepatogastroenterol,0.00,1.00,0.85,0,20,,20,,,,,,,,,,,A6463:U6463,
6462,2233-9183,0.48,J Korean Acad Child Adolesc Psychiatry,0.00,1.00,0.80,0,20,10,,,5,,,5,,,,,,A6464:U6464,
6463,2239-8031,1.19,Res Psychother,0.00,1.00,0.00,0,20,6,4,1,2,2,,1,4,,,,,A6465:U6465,
6464,2287-3651,0.4,Clin Exp Vaccine Res,0.00,1.00,1.00,0,20,,10,,,5,,,5,,,,,A6466:U6466,
6465,2297-4725,0.51,Visc Med,0.00,0.35,0.00,0,20,,2,3,2,2,1,3,7,,,,,A6467:U6467,
6466,2363-8915,0.32,Drug Metab Pers Ther,0.45,1.00,0.85,0,20,1,4,1,2,2,2,3,5,,,,,A6468:U6468,
6467,2375-1916,,Med Res Arch,0.00,1.00,0.05,0,20,,3,2,4,2,3,2,4,,,,,A6469:U6469,
6468,2384-0757,,Dement Neurocogn Disord,0.00,1.00,1.00,0,20,,8,,,6,,,6,,,,,A6470:U6470,
6469,2384-4361,0.22,J Rhinol,0.00,1.00,0.00,0,20,,,,10,,,,10,,,,,A6471:U6471,
6470,2566-9346,,ACI open,0.00,1.00,0.10,0,20,,,,,,,20,,,,,,A6472:U6472,
6471,2578-0026,,Cannabis,0.00,1.00,0.00,0,20,,,5,,1,,,14,,,,,A6473:U6473,
6472,2590-0048,0.81,Clin Hematol Int,0.00,1.00,0.75,0,20,3,1,4,2,3,2,2,3,,,,,A6474:U6474,
6473,2633-4941,,Ther Adv Reprod Health,0.00,1.00,0.95,0,20,,4,3,6,2,1,,4,,,,,A6475:U6475,
6474,2690-0645,1.57,ACS ES T Eng,0.00,1.00,1.00,0,20,3,3,2,2,3,4,2,1,,,,,A6476:U6476,
6475,2699-4445,0.7,Free Neuropathol,0.00,1.00,0.05,0,20,4,1,2,1,2,4,4,2,,,,,A6477:U6477,
6476,2699-9404,,Glob Med Genet,0.00,1.00,0.00,0,20,3,4,2,4,1,2,2,2,,,,,A6478:U6478,
6477,2719-4523,0.86,Rheumatol Immunol Res,0.00,1.00,1.00,0,20,,,,9,,,11,,,,,,A6479:U6479,
6478,2732-4303,1.5,Immunother Adv,0.00,1.00,0.95,0,20,4,1,3,2,2,3,2,3,,,,,A6480:U6480,
6479,2753-6351,,Adv Rehabil Sci Pract,0.00,1.00,1.00,0,20,,3,5,3,3,,1,5,,,,,A6481:U6481,
6480,2813-2424,0.61,Front Parasitol,0.00,1.00,0.00,0,20,1,1,2,3,1,3,2,7,,,,,A6482:U6482,
6481,2835-8856,0.74,Transact Mach Learn Res,0.00,1.00,0.00,0,20,1,1,11,3,1,2,,1,,,,,A6483:U6483,
6482,2997-3805,,Alzheimers Dement Behav Socioecon Aging,0.00,1.00,0.45,0,20,5,,3,1,3,3,2,3,,,,,A6484:U6484,
6483,0079-6484,,Prog Mol Subcell Biol,1.00,0.00,0.37,0,19,,9,10,,,,,,,,,,A6485:U6485,
6484,0890-2070,2.57,Eur J Pers,0.00,1.00,1.00,0,19,1,,13,4,,,,1,,,,,A6486:U6486,
6485,1027-202X,0.27,SA J Radiol,0.00,1.00,1.00,0,19,2,,5,3,1,3,1,4,,,,,A6487:U6487,
6486,1082-6742,0.31,J Avian Med Surg,0.89,0.00,0.00,0,19,,,,10,,9,,,,,,,A6488:U6488,
6487,1099-1344,0.29,J Labelled Comp Radiopharm,0.89,0.32,0.84,1,19,3,2,4,5,1,1,1,2,,,,,A6489:U6489,
6488,1347-3700,0.68,Cell Struct Funct,1.00,1.00,0.21,0,19,5,6,2,,3,,3,,,,,,A6490:U6490,
6489,1348-589X,0.4,J Pestic Sci,0.00,1.00,0.00,0,19,,,6,,,7,,6,,,,,A6491:U6491,
6490,1421-9743,0.96,Brain Behav Evol,0.11,0.42,0.00,0,19,1,4,3,1,5,2,3,,,,,,A6492:U6492,
6491,1421-9883,0.38,Dig Surg,0.26,0.42,0.00,0,19,4,1,3,2,2,2,3,2,,,,,A6493:U6493,
6492,1432-1211,0.8,Immunogenetics,1.00,0.26,0.32,0,19,1,1,1,3,3,4,5,1,,,,,A6494:U6494,
6493,1438-3608,0.26,Z Psychosom Med Psychother,0.32,0.00,0.00,0,19,,9,,,,,10,,,,,,A6495:U6495,
6494,1460-3659,1.58,Soc Stud Sci,0.16,0.68,1.00,0,19,1,,6,2,1,3,1,5,,,,,A6496:U6496,
6495,1468-4373,0.19,J Hist Med Allied Sci,0.00,0.32,0.58,0,19,2,2,4,3,2,2,1,3,,,,,A6497:U6497,
6496,1488-237X,0.32,Can J Rural Med,0.32,1.00,0.00,0,19,,10,,,,,,9,,,,,A6498:U6498,
6497,1525-6065,0.74,Hypertens Pregnancy,0.95,1.00,0.32,0,19,1,5,4,1,3,,1,4,,,,,A6499:U6499,
6498,1529-8795,0.27,Perspect Biol Med,0.89,0.00,0.00,0,19,,,10,,,,,9,,,,,A6500:U6500,
6499,1532-6942,0.49,Dev Neuropsychol,1.00,0.16,0.53,0,19,,1,2,5,6,1,2,2,,,,,A6501:U6501,
6500,1537-1913,0.29,Int Anesthesiol Clin,0.00,0.00,0.42,0,19,4,5,,1,8,,,1,,,,,A6502:U6502,
6501,1538-1951,0.54,Sports Med Arthrosc Rev,0.68,0.00,0.68,0,19,,1,1,1,8,1,,7,,,,,A6503:U6503,
6502,1540-9597,0.36,Med Ref Serv Q,0.79,0.05,1.00,0,19,3,3,1,1,3,2,3,3,,,,,A6504:U6504,
6503,1543-5237,0.4,Ecol Food Nutr,0.63,0.26,0.32,0,19,,1,2,,5,6,2,3,,,,,A6505:U6505,
6504,1547-3317,0.57,J Am Anim Hosp Assoc,0.89,0.00,0.00,0,19,,3,,8,,8,,,,,,,A6506:U6506,
6505,1552-4167,0.82,Behav Modif,0.47,0.26,1.00,0,19,,2,1,5,3,3,2,3,,,,,A6507:U6507,
6506,1552-4876,1.2,Am J Med Genet C Semin Med Genet,0.05,0.05,0.95,0,19,1,2,2,1,2,7,1,3,,,,,A6508:U6508,
6507,1558-822X,1.19,Curr Hematol Malig Rep,0.95,0.53,0.32,0,19,1,5,2,4,,,2,5,,,,,A6509:U6509,
6508,1559-4106,0.36,Biointerphases,1.00,0.00,1.00,0,19,,3,,2,3,3,2,6,,,,,A6510:U6510,
6509,1687-6105,0.5,Dermatol Res Pract,0.00,1.00,1.00,0,19,2,3,2,1,2,3,3,3,,,,,A6511:U6511,
6510,1687-708X,0.52,Interdiscip Perspect Infect Dis,0.00,1.00,0.95,0,19,6,2,3,2,,3,3,,,,,,A6512:U6512,
6511,1728-1997,0.29,Iran J Vet Res,0.00,1.00,0.00,0,19,,,,,,,10,9,,,,,A6513:U6513,
6512,1731-2302,1.05,Hered Cancer Clin Pract,0.00,1.00,0.16,0,19,2,1,6,4,1,3,2,,,,,,A6514:U6514,
6513,1751-8431,0.42,Dev Neurorehabil,0.89,0.16,0.63,0,19,2,1,,4,6,2,1,3,,,,,A6515:U6515,
6514,1753-9455,0.86,Ther Adv Cardiovasc Dis,0.95,1.00,0.95,0,19,4,4,1,1,3,1,2,3,,,,,A6516:U6516,
6515,1757-9708,0.42,Integr Biol (Camb),1.00,0.11,0.95,0,19,2,4,1,2,1,4,3,2,,,,,A6517:U6517,
6516,1758-5872,1.11,Asia Pac Psychiatry,0.74,0.37,0.89,0,19,2,,4,4,1,3,2,3,,,,,A6518:U6518,
6517,1873-135X,0.73,Mutat Res,0.53,0.11,0.00,0,19,,2,5,2,3,1,4,2,,,,,A6519:U6519,
6518,1878-0555,,Adv Surg,1.00,0.00,0.00,0,19,,,,,,,,19,,,,,A6520:U6520,
6519,2090-598X,0.43,Arab J Urol,0.00,1.00,0.53,0,19,12,,,7,,,,,,,,,A6521:U6521,
6520,2090-6544,,Case Rep Genet,0.00,1.00,0.95,0,19,4,6,1,3,1,3,1,,,,,,A6522:U6522,
6521,2162-2604,0.33,Psychodyn Psychiatry,0.95,0.00,0.00,0,19,,,10,,,9,,,,,,,A6523:U6523,
6522,2168-8370,1.43,Tissue Barriers,0.32,0.42,0.74,0,19,3,,2,1,1,2,8,2,,,,,A6524:U6524,
6523,2200-6133,,Pneumonia (Nathan),0.00,1.00,0.32,0,19,3,2,3,2,2,2,3,2,,,,,A6525:U6525,
6524,2204-2091,1.26,Public Health Res Pract,0.79,1.00,0.79,W1,19,3,1,,5,5,5,,,,,,,A6526:U6526,https://pubmed.ncbi.nlm.nih.gov/?term=41592810
6525,2214-6873,0.55,Asia Pac J Sports Med Arthrosc Rehabil Technol,0.00,1.00,0.00,0,19,,2,1,,2,8,2,4,,,,,A6527:U6527,
6526,2228-7477,0.38,J Med Signals Sens,0.00,1.00,0.00,0,19,3,3,,,3,4,6,,,,,,A6528:U6528,
6527,2287-6375,0.95,J Bone Metab,0.00,1.00,0.00,0,19,,,9,2,,8,,,,,,,A6529:U6529,
6528,2288-3649,,J Cancer Prev,0.00,1.00,1.00,0,19,,5,,,7,,,7,,,,,A6530:U6530,
6529,2296-6498,0.23,Swiss Dent J,1.00,0.89,0.68,0,19,4,2,5,,,3,5,,,,,,A6531:U6531,
6530,2332-8886,1.15,Bioelectron Med,0.00,1.00,0.16,0,19,3,3,3,2,2,2,2,2,,,,,A6532:U6532,
6531,2374-4650,2.22,Annu Rev Vis Sci,0.00,0.05,0.00,0,19,,1,3,,3,8,4,,,,,,A6533:U6533,
6532,2399-6552,1.23,Environ Plan C Polit Space,0.00,1.00,0.84,0,19,,,,19,,,,,,,,,A6534:U6534,
6533,2470-1408,0.19,Mitochondrial DNA A DNA Mapp Seq Anal,0.89,0.11,0.47,0,19,,2,1,3,1,5,5,2,,,,,A6535:U6535,
6534,2513-9878,0.84,BJR Open,0.00,1.00,1.00,0,19,3,2,6,,1,2,3,2,,,,,A6536:U6536,
6535,2522-5839,6.9,Nat Mach Intell,0.00,1.00,0.84,0,19,1,5,2,1,4,2,3,1,,,,,A6537:U6537,
6536,2524-4442,1.19,Vis Comput Ind Biomed Art,0.00,1.00,0.89,0,19,3,1,2,2,1,2,4,4,,,,,A6538:U6538,
6537,2544-4646,0.48,Pol J Microbiol,1.00,1.00,0.05,0,19,,,,9,,2,,8,,,,,A6539:U6539,
6538,2561-9128,0.68,JMIR Perioper Med,0.95,1.00,1.00,0,19,3,3,2,3,3,3,1,1,,,,,A6540:U6540,
6539,2572-4754,0.6,Gates Open Res,1.00,1.00,0.37,0,19,3,1,1,3,3,5,3,,,,,,A6541:U6541,
6540,2666-5344,1.16,Biomater Biosyst,0.00,1.00,0.00,0,19,2,3,3,4,3,1,,3,,,,,A6542:U6542,
6541,2667-0364,1.03,Am J Med Open,0.00,1.00,0.00,0,19,4,,2,4,4,2,1,2,,,,,A6543:U6543,
6542,2667-2901,1.06,Cells Dev,0.42,0.32,0.00,0,19,1,2,2,2,1,3,5,3,,,,,A6544:U6544,
6543,2674-0850,0.79,Front Drug Deliv,0.00,1.00,0.00,0,19,2,,3,5,3,5,,1,,,,,A6545:U6545,
6544,2752-7549,0.51,J Pediatr Hematol Oncol Nurs,0.84,0.11,0.95,0,19,1,6,2,,1,5,2,2,,,,,A6546:U6546,
6545,2754-4591,,Oxf Open Digit Health,0.00,1.00,0.89,0,19,1,6,2,1,2,1,4,2,,,,,A6547:U6547,
6546,2769-2795,0.72,Ibrain,0.00,1.00,0.84,1,19,,,,10,,8,,1,,,,,A6548:U6548,
6547,0001-5423,0.16,Acta Chir Plast,0.94,0.00,0.00,0,18,9,,,9,,,,,,,,,A6549:U6549,
6548,0440-6605,0.32,Helminthologia,0.00,1.00,0.11,0,18,,,8,,5,4,,1,,,,,A6550:U6550,
6549,0748-8157,0.16,Front Health Serv Manage,0.83,0.00,0.00,0,18,,,6,,,6,,6,,,,,A6551:U6551,
6550,1036-1073,0.74,Health Promot J Austr,0.83,0.00,0.94,0,18,5,4,1,1,6,1,,,,,,,A6552:U6552,
6551,1042-5055,0.21,J Chiropr Educ,0.00,1.00,0.89,0,18,,6,3,,,,9,,,,,,A6553:U6553,
6552,1062-1024,0.88,J Child Fam Stud,0.00,1.00,0.61,0,18,2,2,3,3,4,2,,2,,,,,A6554:U6554,
6553,1078-6791,,Altern Ther Health Med,0.06,0.33,0.00,0,18,3,10,5,,,,,,,,,,A6555:U6555,
6554,1098-2787,1.44,Mass Spectrom Rev,0.00,0.11,0.94,0,18,1,1,1,4,4,3,2,2,,,,,A6556:U6556,
6555,1178-6469,1.13,Int J Tryptophan Res,0.00,1.00,0.94,0,18,1,2,2,1,3,2,2,5,,,,,A6557:U6557,
6556,1178-704X,0.57,Appl Clin Genet,0.00,1.00,0.89,0,18,1,1,4,4,2,2,3,1,,,,,A6558:U6558,
6557,1179-5468,0.86,Clin Med Insights Cardiol,0.00,1.00,1.00,0,18,1,,1,1,2,5,5,3,,,,,A6559:U6559,
6558,1179-8467,,Subst Abuse Rehabil,0.00,1.00,0.94,0,18,,1,5,2,3,4,1,2,,,,,A6560:U6560,
6559,1205-9838,0.46,Can J Respir Ther,0.00,1.00,0.72,0,18,3,2,3,1,4,1,3,1,,,,,A6561:U6561,
6560,1309-5730,0.54,Turk Patoloji Derg,0.28,1.00,0.00,1,18,3,,6,3,3,2,1,,,,,,A6562:U6562,
6561,1319-2442,0.26,Saudi J Kidney Dis Transpl,0.44,1.00,0.00,0,18,,,8,,,10,,,,,,,A6563:U6563,
6562,1349-2896,0.77,Proc Jpn Acad Ser B Phys Biol Sci,0.89,1.00,1.00,0,18,3,2,3,2,1,4,3,,,,,,A6564:U6564,
6563,1439-1236,0.15,Sportverletz Sportschaden,0.50,0.00,0.83,0,18,2,1,4,1,4,,3,3,,,,,A6565:U6565,
6564,1463-4201,0.56,Int J Comput Dent,0.11,0.00,0.00,0,18,1,,3,5,3,1,4,1,,,,,A6566:U6566,
6565,1469-7599,0.47,J Biosoc Sci,0.72,0.00,0.94,0,18,,1,6,2,2,1,6,,,,,,A6567:U6567,
6566,1470-3556,0.23,Adv Mind Body Med,0.28,0.11,0.00,0,18,,7,3,2,3,2,1,,,,,,A6568:U6568,
6567,1475-2700,1.77,Nutr Res Rev,0.56,0.00,1.00,0,18,1,2,3,5,4,2,1,,,,,,A6569:U6569,
6568,1476-7120,0.43,Cardiovasc Ultrasound,1.00,1.00,0.17,0,18,2,2,2,2,3,1,3,3,,,,,A6570:U6570,
6569,1532-4206,0.57,Endocr Res,0.72,0.11,0.94,0,18,2,4,1,3,,3,4,1,,,,,A6571:U6571,
6570,1538-3008,1.51,Exerc Sport Sci Rev,0.61,0.22,0.00,0,18,1,3,2,4,,2,6,,,,,,A6572:U6572,
6571,1545-3278,16.07,Annu Rev Immunol,1.00,1.00,0.00,0,18,3,9,2,4,,,,,,,,,A6573:U6573,
6572,1557-8542,,Zebrafish,0.78,0.06,0.83,0,18,,2,,4,6,2,2,2,,,,,A6574:U6574,
6573,1559-3126,0.66,Psychiatr Rehabil J,0.56,0.17,1.00,0,18,3,1,1,,4,4,2,3,,,,,A6575:U6575,
6574,1643-8876,0.6,Prz Menopauzalny,0.00,1.00,0.00,0,18,,9,,,,,9,,,,,,A6576:U6576,
6575,1651-2022,0.37,Logoped Phoniatr Vocol,0.17,0.39,0.56,0,18,2,3,3,,4,1,2,3,,,,,A6577:U6577,
6576,1689-1716,0.16,Arch Med Sadowej Kryminol,1.00,1.00,0.94,0,18,,,9,,,9,,,,,,,A6578:U6578,
6577,1712-171X,0.43,Can J Dent Hyg,0.89,1.00,0.00,0,18,,,9,,,,9,,,,,,A6579:U6579,
6578,1743-7202,3.66,Health Psychol Rev,0.50,0.61,0.44,0,18,1,4,3,2,2,2,3,1,,,,,A6580:U6580,
6579,1744-5213,0.21,J Hist Neurosci,0.44,0.28,0.94,0,18,1,1,4,2,4,2,4,,,,,,A6581:U6581,
6580,1747-0927,0.64,Soc Neurosci,0.89,0.22,0.67,0,18,2,6,1,3,,3,3,,,,,,A6582:U6582,
6581,1749-4885,12.49,Nat Photonics,0.00,1.00,0.89,0,18,3,3,1,3,,5,,3,,,,,A6583:U6583,
6582,1751-0759,0.65,Biopsychosoc Med,0.00,1.00,0.56,0,18,3,1,4,3,1,4,1,1,,,,,A6584:U6584,
6583,1872-9738,0.8,Neurotoxicol Teratol,0.94,0.44,0.00,1,18,,5,2,5,1,,2,3,,,,,A6585:U6585,
6584,1880-6805,0.93,J Physiol Anthropol,0.94,1.00,0.33,0,18,2,4,2,4,3,2,1,,,,,,A6586:U6586,
6585,1925-8348,0.52,Can Geriatr J,0.00,1.00,0.00,0,18,,9,,,9,,,,,,,,A6587:U6587,
6586,1933-6969,1.32,Channels (Austin),0.94,1.00,0.78,0,18,4,3,,3,4,1,2,1,,,,,A6588:U6588,
6587,1938-8993,0.53,Hisp Health Care Int,0.06,0.22,0.72,0,18,2,3,2,,1,2,4,4,,,,,A6589:U6589,
6588,1939-6376,0.7,Syst Biol Reprod Med,0.94,0.17,0.39,0,18,9,2,2,2,2,,1,,,,,,A6590:U6590,
6589,1939-9278,0.28,Hosp Top,0.17,0.06,0.44,0,18,3,3,4,4,,2,,2,,,,,A6591:U6591,
6590,1945-6123,,J Registry Manag,0.72,1.00,0.00,0,18,,,,,13,5,,,,,,,A6592:U6592,
6591,1947-5446,2.67,Annu Rev Chem Biomol Eng,0.94,0.94,0.00,0,18,5,3,5,2,,3,,,,,,,A6593:U6593,
6592,2050-2885,0.36,New Bioeth,0.72,0.33,0.83,0,18,4,3,,1,,1,3,6,,,,,A6594:U6594,
6593,2055-6683,,J Rehabil Assist Technol Eng,0.00,1.00,1.00,0,18,,2,4,2,2,1,2,5,,,,,A6595:U6595,
6594,2060-0399,0.15,Magy Onkol,1.00,1.00,0.00,0,18,,,9,,9,,,,,,,,A6596:U6596,
6595,2062-509X,,Eur J Microbiol Immunol (Bp),0.00,0.50,0.83,0,18,1,,5,1,3,,6,2,,,,,A6597:U6597,
6596,2158-0022,0.78,Brain Connect,0.50,0.17,0.78,0,18,,3,2,1,1,6,1,4,,,,,A6598:U6598,
6597,2169-575X,0.95,Glob Health Sci Pract,0.89,1.00,0.00,0,18,6,1,2,1,,4,1,3,,,,,A6599:U6599,
6598,2189-8448,,Phys Ther Res,0.00,1.00,0.00,0,18,9,,,,9,,,,,,,,A6600:U6600,
6599,2211-5374,,Microrna,0.00,0.00,0.72,0,18,1,,1,2,6,1,4,3,,,,,A6601:U6601,
6600,2214-0301,0.99,Metab Eng Commun,0.00,1.00,0.00,0,18,2,3,1,3,1,5,1,2,,,,,A6602:U6602,
6601,2251-9920,0.6,J Caring Sci,0.00,1.00,1.00,0,18,,,9,,,,9,,,,,,A6603:U6603,
6602,2322-3219,0.44,Med Hypothesis Discov Innov Ophthalmol,0.00,1.00,0.00,0,18,6,,,,6,,,6,,,,,A6604:U6604,
6603,2373-6011,0.18,P R Health Sci J,1.00,0.11,0.00,0,18,,,8,,,10,,,,,,,A6605:U6605,
6604,2373-6658,0.5,Asian Pac Isl Nurs J,0.00,1.00,1.00,0,18,3,2,3,2,,5,1,2,,,,,A6606:U6606,
6605,2514-8494,1.59,Environ Plan E Nat Space,0.00,1.00,0.72,0,18,,,10,6,,1,1,,,,,,A6607:U6607,
6606,2590-0188,1.88,Immunooncol Technol,0.00,1.00,0.00,0,18,6,2,3,2,1,1,,3,,,,,A6608:U6608,
6607,2590-1524,2.33,J Struct Biol X,0.00,1.00,0.00,0,18,1,1,,,3,3,2,8,,,,,A6609:U6609,
6608,2709-4715,0.84,GigaByte,0.00,1.00,0.94,0,18,2,1,2,6,1,4,2,,,,,,A6610:U6610,
6609,2772-3925,0.85,Addict Neurosci,0.00,1.00,0.67,0,18,4,2,2,4,,2,2,2,,,,,A6611:U6611,
6610,2772-4336,0.55,Curr Rev Clin Exp Pharmacol,0.00,0.00,0.61,0,18,1,,2,5,4,4,2,,,,,,A6612:U6612,
6611,3005-0693,,Nat Health,0.00,0.94,0.67,0,18,,3,1,,2,6,3,3,,,,,A6613:U6613,
6612,3050-8401,,Equity Neurosci,0.00,1.00,0.00,0,18,2,3,1,,5,2,5,,,,,,A6614:U6614,
6613,NLM101645372,,ACM BCB,0.00,1.00,0.11,0,18,6,,1,3,,1,2,5,,,,,A6615:U6615,
6614,0025-5831,2.24,Math Ann,0.00,1.00,0.94,0,17,1,6,5,1,2,1,,1,,,,,A6616:U6616,
6615,1098-9056,0.36,Semin Speech Lang,0.47,0.29,0.59,0,17,2,1,6,2,1,2,2,1,,,,,A6617:U6617,
6616,1099-1352,0.48,J Mol Recognit,0.94,0.59,0.76,1,17,1,1,3,5,2,,3,2,,,,,A6618:U6618,
6617,1178-2234,0.82,Breast Cancer (Auckl),0.00,1.00,0.88,0,17,2,,3,1,3,4,3,1,,,,,A6619:U6619,
6618,1421-9859,0.74,Dev Neurosci,0.00,1.00,0.00,0,17,3,4,2,3,2,,,3,,,,,A6620:U6620,
6619,1449-8944,0.43,Aust Health Rev,0.82,0.00,0.94,0,17,,,,,1,,4,12,,,,,A6621:U6621,
6620,1477-4747,1.48,Popul Stud (Camb),0.06,0.82,0.88,0,17,1,3,,1,4,3,5,,,,,,A6622:U6622,
6621,1488-2353,0.2,Clin Invest Med,0.71,0.00,0.00,0,17,3,,3,,,,7,4,,,,,A6623:U6623,
6622,1530-8995,7.7,Annu Rev Cell Dev Biol,0.00,0.12,0.00,0,17,,,2,3,5,6,1,,,,,,A6624:U6624,
6623,1545-0864,0.28,Health Mark Q,0.24,0.53,0.94,0,17,,4,2,1,2,6,2,,,,,,A6625:U6625,
6624,1545-2107,3.54,Annu Rev Phytopathol,1.00,0.00,0.00,0,17,,,,1,6,10,,,,,,,A6626:U6626,
6625,1573-5001,0.76,J Biomol NMR,1.00,0.76,0.35,0,17,,9,2,2,,3,,1,,,,,A6627:U6627,
6626,1613-4516,0.45,J Integr Bioinform,0.65,1.00,0.88,0,17,2,1,,,4,3,1,6,,,,,A6628:U6628,
6627,1741-2889,0.82,J Child Health Care,0.00,0.41,0.82,0,17,1,1,3,2,2,4,2,2,,,,,A6629:U6629,
6628,1743-9868,0.35,Br Ir Orthopt J,0.00,1.00,0.94,0,17,,6,3,5,2,,1,,,,,,A6630:U6630,
6629,1745-0179,0.84,Clin Pract Epidemiol Ment Health,0.00,1.00,0.59,0,17,,6,,5,,3,,3,,,,,A6631:U6631,
6630,1827-1839,0.46,Int Angiol,0.76,0.35,0.00,0,17,1,4,1,3,4,3,1,,,,,,A6632:U6632,
6631,1839-3551,0.81,Health Sociol Rev,0.71,0.65,0.59,0,17,6,2,2,,2,1,2,2,,,,,A6633:U6633,
6632,1839-5252,0.42,Brain Impair,1.00,0.00,1.00,0,17,,1,2,3,4,,4,3,,,,,A6634:U6634,
6633,1865-7125,0.43,Z Naturforsch C J Biosci,0.35,0.00,0.94,0,17,3,3,3,1,4,2,,1,,,,,A6635:U6635,
6634,1868-1891,0.46,Horm Mol Biol Clin Investig,0.47,1.00,0.76,0,17,2,,,2,3,3,3,4,,,,,A6636:U6636,
6635,1874-3064,0.39,Open Respir Med J,0.00,1.00,0.59,0,17,,4,,6,,2,,5,,,,,A6637:U6637,
6636,1875-8592,0.57,Cancer Biomark,0.94,1.00,0.88,24,17,,1,1,1,3,3,5,3,,,,,A6638:U6638,
6637,1878-1608,0.77,Best Pract Res Clin Anaesthesiol,0.88,0.00,0.00,0,17,,,,,,3,,14,,,,,A6639:U6639,
6638,1933-6926,1.19,Cell Adh Migr,1.00,1.00,0.41,0,17,3,3,1,3,4,,1,2,,,,,A6640:U6640,
6639,1936-1238,5.44,Annu Rev Biophys,1.00,1.00,0.00,0,17,7,8,,,2,,,,,,,,A6641:U6641,
6640,1938-2731,1.0,Am J Alzheimers Dis Other Demen,1.00,1.00,1.00,0,17,6,3,1,,4,,2,1,,,,,A6642:U6642,
6641,1945-0524,0.75,Front Biosci (Schol Ed),0.94,1.00,0.00,0,17,5,,6,,,,6,,,,,,A6643:U6643,
6642,2013-6463,0.33,Rev Esp Sanid Penit,0.65,1.00,0.06,0,17,,6,,5,,,,6,,,,,A6644:U6644,
6643,2038-1778,0.21,Assist Inferm Ric,0.82,0.00,0.00,0,17,,,9,,,8,,,,,,,A6645:U6645,
6644,2046-4207,0.26,Ulster Med J,0.35,1.00,0.00,0,17,7,,,,,10,,,,,,,A6646:U6646,
6645,2047-8941,0.18,Nurs Older People,0.35,0.00,0.00,0,17,2,2,3,2,2,2,2,2,,,,,A6647:U6647,
6646,2053-7395,0.52,J Music Ther,0.76,0.35,0.88,0,17,,3,1,6,1,3,3,,,,,,A6648:U6648,
6647,2055-1029,0.5,Health Psychol Open,0.00,1.00,1.00,0,17,3,2,3,,1,1,1,6,,,,,A6649:U6649,
6648,2090-1305,0.53,Crit Care Res Pract,0.00,1.00,0.94,0,17,2,2,1,3,,7,1,1,,,,,A6650:U6650,
6649,2090-6587,,Case Reports Hepatol,0.00,1.00,1.00,0,17,4,5,1,,1,2,2,2,,,,,A6651:U6651,
6650,2146-3077,0.29,Turkiye Parazitol Derg,1.00,1.00,1.00,0,17,1,3,5,1,,7,,,,,,,A6652:U6652,
6651,2147-9720,,Eur J Rheumatol,0.00,1.00,0.00,0,17,,,,5,2,,2,8,,,,,A6653:U6653,
6652,2148-9505,0.48,Turk J Orthod,0.00,1.00,0.94,0,17,,,,6,,8,1,2,,,,,A6654:U6654,
6653,2161-7856,0.89,Games Health J,0.76,0.00,0.88,0,17,,8,,,5,1,2,1,,,,,A6655:U6655,
6654,2199-9031,0.7,Int J Health Econ Manag,1.00,0.29,0.94,0,17,2,2,5,1,2,2,2,1,,,,,A6656:U6656,
6655,2229-5070,0.31,Trop Parasitol,0.00,1.00,0.00,0,17,,,,,17,,,,,,,,A6657:U6657,
6656,2231-0770,,Avicenna J Med,0.00,1.00,0.82,0,17,,,1,7,,1,8,,,,,,A6658:U6658,
6657,2233-4718,1.1,J Rheum Dis,0.00,1.00,1.00,0,17,,,7,,,,10,,,,,,A6659:U6659,
6658,2329-4523,0.55,AJOB Empir Bioeth,0.94,0.24,0.94,0,17,,3,3,2,,3,2,4,,,,,A6660:U6660,
6659,2333-0406,,J Educ Perioper Med,0.00,1.00,0.00,0,17,5,,,8,,,,4,,,,,A6661:U6661,
6660,2352-1546,1.36,Curr Opin Behav Sci,0.00,0.88,0.00,0,17,3,2,1,,3,3,2,3,,,,,A6662:U6662,
6661,2360-6975,,Arch Clin Cases,0.00,1.00,0.53,0,17,3,,,,5,,,9,,,,,A6663:U6663,
6662,2383-9910,,Brain Neurorehabil,0.00,1.00,1.00,0,17,,,,7,,,,10,,,,,A6664:U6664,
6663,2405-5263,,Osteoporos Sarcopenia,0.00,1.00,0.00,0,17,6,,,5,,6,,,,,,,A6665:U6665,
6664,2405-6502,0.39,eNeurologicalSci,0.00,1.00,0.00,0,17,2,,4,3,3,1,3,1,,,,,A6666:U6666,
6665,2411-989X,,J Cancer Allied Spec,0.00,1.00,0.29,0,17,,2,2,7,,,5,1,,,,,A6667:U6667,
6666,2469-2964,0.75,Pathog Immun,0.00,1.00,0.00,0,17,1,6,1,,2,1,2,4,,,,,A6668:U6668,
6667,2578-6865,,NAM Perspect,0.00,1.00,0.00,0,17,,,,12,3,,,2,,,,,A6669:U6669,
6668,2590-1710,0.61,Toxicon X,0.00,1.00,0.00,0,17,1,4,6,1,2,1,2,,,,,,A6670:U6670,
6669,2590-2385,4.96,Matter,0.00,0.88,0.00,0,17,,2,6,4,2,1,1,1,,,,,A6671:U6671,
6670,2616-163X,0.31,Ghana Med J,0.94,1.00,0.00,0,17,,11,,,,6,,,,,,,A6672:U6672,
6671,2633-5409,0.98,Mater Adv,0.00,1.00,1.00,0,17,,2,3,2,,2,5,3,,,,,A6673:U6673,
6672,2666-3864,1.78,Cell Rep Phys Sci,0.00,1.00,0.00,0,17,1,3,4,,2,2,2,3,,,,,A6674:U6674,
6673,2719-535X,0.38,J Mother Child,1.00,1.00,0.94,0,17,,3,3,,3,5,3,,,,,,A6675:U6675,
6674,2731-4391,0.87,J Act Sedentary Sleep Behav,0.00,1.00,0.24,0,17,2,2,1,5,1,3,3,,,,,,A6676:U6676,
6675,2765-8031,1.39,BME Front,0.00,1.00,1.00,0,17,1,4,3,2,1,2,3,1,,,,,A6677:U6677,
6676,2771-5965,1.23,Microbiome Res Rep,0.00,1.00,0.06,0,17,,,,7,,5,,5,,,,,A6678:U6678,
6677,2948-1570,,NPP Digit Psychiatry Neurosci,0.00,1.00,0.94,0,17,2,2,2,3,2,3,2,1,,,,,A6679:U6679,
6678,3050-2098,0.45,Sage Open Pathol,0.00,1.00,1.00,0,17,5,2,,,1,2,5,2,,,,,A6680:U6680,
6679,3059-3255,,Companion Anim Health Genet,0.00,1.00,0.18,0,17,,,,,12,2,3,,,,,,A6681:U6681,
6680,0038-0938,0.67,Sol Phys,0.00,1.00,0.75,0,16,2,1,1,3,3,4,1,1,,,,,A6682:U6682,
6681,0147-5916,1.11,Cognit Ther Res,0.00,0.88,0.44,0,16,2,4,1,1,2,1,2,3,,,,,A6683:U6683,
6682,0168-6577,1.21,Eur J Popul,0.00,1.00,0.75,0,16,1,3,3,3,3,1,,2,,,,,A6684:U6684,
6683,0237-7896,0.13,Psychiatr Hung,1.00,0.00,0.00,0,16,,,,,,,16,,,,,,A6685:U6685,
6684,0300-9831,0.77,Int J Vitam Nutr Res,1.00,1.00,0.00,0,16,9,,7,,,,,,,,,,A6686:U6686,
6685,0361-1981,0.56,Transp Res Rec,0.00,1.00,0.94,0,16,,,3,13,,,,,,,,,A6687:U6687,
6686,0885-7482,1.16,J Fam Violence,0.00,0.94,0.62,0,16,2,1,2,5,2,2,2,,,,,,A6688:U6688,
6687,1080-6571,0.13,Lit Med,0.75,0.00,0.00,0,16,,,,,,16,,,,,,,A6689:U6689,
6688,1177-2719,0.73,Biomark Insights,0.00,1.00,0.81,0,16,1,1,1,2,1,4,3,3,,,,,A6690:U6690,
6689,1178-7112,0.59,Local Reg Anesth,0.00,1.00,0.81,0,16,2,1,1,,5,3,1,3,,,,,A6691:U6691,
6690,1388-2139,1.58,Mutat Res Rev Mutat Res,0.56,0.31,0.00,0,16,3,2,4,,2,3,1,1,,,,,A6692:U6692,
6691,1463-9262,1.81,Green Chem,0.00,1.00,1.00,0,16,1,1,3,,4,2,2,3,,,,,A6693:U6693,
6692,1464-505X,0.15,Ann Sci,0.12,0.56,0.44,0,16,,1,4,1,5,1,1,3,,,,,A6694:U6694,
6693,1524-6965,,Proc Int Soc Magn Reson Med Sci Meet Exhib Int Soc Magn Reson Med Sci Meet Exhib,0.00,1.00,0.00,0,16,,1,2,2,6,5,,,,,,,A6695:U6695,
6694,1528-6916,1.01,J Health Care Chaplain,0.25,0.50,0.69,0,16,2,2,2,4,2,3,1,,,,,,A6696:U6696,
6695,1532-4435,2.0,J Mach Learn Res,0.00,1.00,0.00,0,16,1,,8,1,,5,,1,,,,,A6697:U6697,
6696,1538-4780,1.43,J Learn Disabil,0.19,0.38,1.00,0,16,2,3,2,1,2,4,1,1,,,,,A6698:U6698,
6697,1539-736X,0.62,J Nerv Ment Dis,0.50,0.06,0.62,1,16,2,2,2,,1,,6,3,,,,,A6699:U6699,
6698,1540-7330,0.28,J Prev Interv Community,0.19,0.12,0.81,0,16,2,3,1,3,4,1,1,1,,,,,A6700:U6700,
6699,1545-1593,3.1,Annu Rev Phys Chem,0.12,1.00,0.00,0,16,6,7,,3,,,,,,,,,A6701:U6701,
6700,1548-5951,6.48,Annu Rev Clin Psychol,1.00,1.00,0.00,0,16,2,10,,,4,,,,,,,,A6702:U6702,
6701,1563-5244,1.65,Int Rev Immunol,0.81,0.00,0.62,0,16,2,,3,3,4,3,1,,,,,,A6703:U6703,
6702,1613-3625,0.14,Commun Med,0.88,0.00,0.06,0,16,,11,1,3,,1,,,,,,,A6704:U6704,
6703,1661-4917,0.76,Arch Immunol Ther Exp (Warsz),0.88,1.00,0.06,0,16,1,2,,3,1,5,2,2,,,,,A6705:U6705,
6704,1687-4188,0.47,Int J Biomed Imaging,0.00,1.00,1.00,0,16,5,,1,2,3,2,,3,,,,,A6706:U6706,
6705,1715-6580,0.53,Healthc Policy,1.00,0.12,0.00,0,16,,,5,,11,,,,,,,,A6707:U6707,
6706,1744-8387,0.77,Expert Rev Proteomics,0.88,0.31,0.31,0,16,1,4,3,2,2,,3,1,,,,,A6708:U6708,
6707,1747-1028,1.15,Cell Div,0.00,1.00,0.00,0,16,1,,3,5,2,3,2,,,,,,A6709:U6709,
6708,1757-6334,0.25,J Bioinform Comput Biol,0.94,0.00,1.00,0,16,,4,,6,,6,,,,,,,A6710:U6710,
6709,1757-7012,2.34,Wiley Interdiscip Rev RNA,0.94,0.56,1.00,0,16,2,1,1,1,3,2,3,3,,,,,A6711:U6711,
6710,1873-2941,0.63,Chem Phys Lipids,0.56,0.44,0.00,0,16,1,,4,4,2,1,1,3,,,,,A6712:U6712,
6711,1874-270X,0.3,Biomol NMR Assign,1.00,0.62,0.38,0,16,2,1,1,3,3,2,2,2,,,,,A6713:U6713,
6712,1879-6974,1.12,Adv Life Course Res,0.75,0.00,0.00,0,16,,6,2,3,1,1,1,2,,,,,A6714:U6714,
6713,1880-313X,0.39,Biomed Res,1.00,1.00,0.00,0,16,,4,4,,5,,,3,,,,,A6715:U6715,
6714,1928-9022,0.33,Can J Vet Res,0.81,1.00,0.00,0,16,6,,,5,,,5,,,,,,A6716:U6716,
6715,1932-149X,0.18,Am J Disaster Med,0.94,0.00,0.00,0,16,,,,,,8,8,,,,,,A6717:U6717,
6716,1939-2087,0.4,J Comp Psychol,0.38,0.00,0.88,0,16,,3,2,2,6,,2,1,,,,,A6718:U6718,
6717,1939-8697,0.59,Biol Bull,0.88,0.00,0.00,0,16,,,,,4,12,,,,,,,A6719:U6719,
6718,1941-1421,2.52,Annu Rev Food Sci Technol,1.00,1.00,0.00,0,16,7,4,,5,,,,,,,,,A6720:U6720,
6719,1943-4731,0.44,J Biomol Tech,1.00,1.00,0.62,0,16,5,,3,,2,5,1,,,,,,A6721:U6721,
6720,1995-705X,,Heart Views,0.00,1.00,0.06,0,16,,,,,16,,,,,,,,A6722:U6722,
6721,2045-6441,0.43,Scott Med J,0.56,0.00,0.75,0,16,2,5,,2,2,1,1,3,,,,,A6723:U6723,
6722,2046-0236,0.3,J Histotechnol,0.50,0.44,0.62,0,16,2,1,2,4,2,,3,2,,,,,A6724:U6724,
6723,2046-2344,0.19,Nurs Child Young People,0.38,0.00,0.00,0,16,2,2,2,2,2,2,2,2,,,,,A6725:U6725,
6724,2047-8976,0.31,Nurs Manag (Harrow),0.25,0.00,0.00,0,16,2,2,2,2,2,2,1,3,,,,,A6726:U6726,
6725,2047-8984,,Emerg Nurse,0.38,0.00,0.00,0,16,2,2,2,2,2,2,1,3,,,,,A6727:U6727,
6726,2050-1692,0.23,Prim Dent J,0.56,0.38,0.00,0,16,,,,,1,15,,,,,,,A6728:U6728,
6727,2052-4110,0.85,Org Chem Front,0.00,1.00,0.88,0,16,1,1,4,4,,1,3,2,,,,,A6729:U6729,
6728,2052-6113,0.49,Vet Rec Open,0.00,1.00,1.00,0,16,,3,2,,2,2,6,1,,,,,A6730:U6730,
6729,2057-0082,0.85,Arch Physiother,0.00,1.00,0.94,0,16,1,3,1,3,1,3,4,,,,,,A6731:U6731,
6730,2076-3417,0.56,Appl Sci (Basel),0.00,1.00,0.88,0,16,,,3,3,4,2,2,2,,,,,A6732:U6732,
6731,2078-516X,0.4,S Afr J Sports Med,0.00,1.00,0.88,0,16,,4,,4,2,3,,3,,,,,A6733:U6733,
6732,2083-8441,0.46,Pediatr Endocrinol Diabetes Metab,0.94,1.00,0.00,0,16,,12,,4,,,,,,,,,A6734:U6734,
6733,2090-1852,0.8,Neurol Res Int,0.00,1.00,0.94,1,16,1,5,2,1,1,1,4,1,,,,,A6735:U6735,
6734,2090-6889,,Case Rep Rheumatol,0.00,1.00,1.00,0,16,,3,1,1,,3,1,7,,,,,A6736:U6736,
6735,2156-4647,0.34,J Radiosurg SBRT,0.00,0.00,0.00,0,16,,,,16,,,,,,,,,A6737:U6737,
6736,2159-3345,1.95,Nucleic Acid Ther,0.94,0.06,0.88,0,16,,2,3,2,2,2,1,4,,,,,A6738:U6738,
6737,2160-2026,,Int J Burns Trauma,0.00,1.00,0.00,0,16,1,,3,,6,,6,,,,,,A6739:U6739,
6738,2164-6708,0.45,Prog Transplant,0.88,0.31,1.00,0,16,,1,2,1,,5,4,3,,,,,A6740:U6740,
6739,2203-5826,,J Kidney Cancer VHL,0.00,1.00,0.00,0,16,2,,,4,1,3,4,2,,,,,A6741:U6741,
6740,2216-0280,0.57,Invest Educ Enferm,0.81,1.00,0.00,0,16,,,,16,,,,,,,,,A6742:U6742,
6741,2233-7385,,Chonnam Med J,0.00,1.00,0.00,0,16,,9,,,,7,,,,,,,A6743:U6743,
6742,2296-9705,0.27,Case Rep Nephrol Dial,0.00,1.00,0.00,0,16,4,,1,,3,3,2,3,,,,,A6744:U6744,
6743,2353-561X,0.47,Curr Issues Personal Psychol,0.00,1.00,1.00,0,16,,,8,,,,8,,,,,,A6745:U6745,
6744,2364-4133,0.53,Regen Eng Transl Med,0.00,1.00,0.81,0,16,2,7,1,,3,2,1,,,,,,A6746:U6746,
6745,2397-3722,3.49,NPJ Clim Atmos Sci,0.00,1.00,0.00,0,16,2,,1,3,,5,3,2,,,,,A6747:U6747,
6746,2450-6303,,Acta Bioeng Biomech,1.00,1.00,0.00,0,16,,,,16,,,,,,,,,A6748:U6748,
6747,2504-110X,0.73,Digit Biomark,0.00,1.00,0.00,0,16,1,5,,3,3,1,2,1,,,,,A6749:U6749,
6748,2576-1218,0.36,J Binocul Vis Ocul Motil,0.94,0.06,0.69,0,16,7,,4,,,3,1,1,,,,,A6750:U6750,
6749,2576-3202,1.02,IEEE Trans Med Robot Bionics,0.00,1.00,0.31,0,16,4,,2,5,,2,,3,,,,,A6751:U6751,
6750,2633-6960,1.93,Oxf Open Immunol,0.00,1.00,0.75,0,16,2,3,4,1,2,2,1,1,,,,,A6752:U6752,
6751,2637-3807,,Paediatr Neonatal Pain,0.00,1.00,1.00,0,16,1,1,,7,2,2,2,1,,,,,A6753:U6753,
6752,2641-7804,,J Appalach Health,0.00,1.00,0.00,0,16,,,,,,16,,,,,,,A6754:U6754,
6753,2665-928X,1.16,Curr Res Struct Biol,0.00,1.00,0.00,0,16,1,5,5,,,2,3,,,,,,A6755:U6755,
6754,2671-9525,0.72,Environ Anal Health Toxicol,0.00,1.00,0.00,0,16,,6,,,10,,,,,,,,A6756:U6756,
6755,2688-5654,,Arch Intern Med Res,0.00,1.00,0.38,0,16,1,3,2,3,1,1,3,2,,,,,A6757:U6757,
6756,2731-3441,,In Vitro Model,0.00,0.31,0.19,0,16,,5,5,,,,6,,,,,,A6758:U6758,
6757,2752-5309,0.89,Environ Res Health,0.00,1.00,0.88,0,16,1,1,3,1,4,1,2,3,,,,,A6759:U6759,
6758,2767-3324,0.34,Obs Stud,0.00,1.00,0.31,0,16,,,5,,11,,,,,,,,A6760:U6760,
6759,2836-9386,,NEJM AI,0.00,1.00,0.88,0,16,3,2,2,1,,2,3,3,,,,,A6761:U6761,
6760,3059-4308,,Commun Sustain,0.00,1.00,1.00,0,16,,7,3,,1,3,2,,,,,,A6762:U6762,
6761,3059-4944,,Mol Neurodegener Adv,0.00,1.00,0.12,0,16,,5,1,2,2,5,,1,,,,,A6763:U6763,
6762,0003-9527,3.2,Arch Ration Mech Anal,0.00,1.00,0.87,0,15,2,,,3,4,1,2,3,,,,,A6764:U6764,
6763,0022-4154,0.21,J Rehabil,0.00,1.00,0.07,0,15,,,,,,15,,,,,,,A6765:U6765,
6764,0100-3984,0.38,Radiol Bras,0.00,1.00,1.00,0,15,1,,4,2,6,,2,,,,,,A6766:U6766,
6765,0197-9183,1.41,Int Migr Rev,0.00,1.00,0.93,0,15,,,3,10,,1,,1,,,,,A6767:U6767,
6766,0351-0026,0.68,Zdr Varst,0.00,1.00,0.93,0,15,,,7,,,8,,,,,,,A6768:U6768,
6767,0951-5666,1.5,AI Soc,0.00,1.00,0.07,0,15,,2,1,2,3,1,5,1,,,,,A6769:U6769,
6768,1001-9294,0.29,Chin Med Sci J,1.00,1.00,0.00,0,15,8,,,7,,,,,,,,,A6770:U6770,
6769,1040-9165,1.29,Diabetes Spectr,0.00,1.00,0.87,0,15,13,2,,,,,,,,,,,A6771:U6771,
6770,1086-3222,0.46,J Hist Ideas,1.00,0.00,0.00,0,15,,,,,8,,,7,,,,,A6772:U6772,
6771,1092-9126,0.69,Semin Thorac Cardiovasc Surg Pediatr Card Surg Annu,0.93,0.20,0.00,0,15,,,,,15,,,,,,,,A6773:U6773,
6772,1098-2396,0.56,Synapse,0.93,0.33,0.40,0,15,,3,2,4,,2,,4,,,,,A6774:U6774,
6773,1178-6388,0.53,Nutr Metab Insights,0.00,1.00,1.00,0,15,2,5,1,1,3,1,2,,,,,,A6775:U6775,
6774,1179-1373,0.62,HIV AIDS (Auckl),0.00,1.00,0.93,0,15,1,1,2,2,4,1,2,2,,,,,A6776:U6776,
6775,1179-6901,0.92,Drugs R D,0.80,1.00,0.40,0,15,,1,6,3,2,1,2,,,,,,A6777:U6777,
6776,1181-912X,,Can Oncol Nurs J,0.00,1.00,0.00,0,15,,,,,,,,15,,,,,A6778:U6778,
6777,1464-0619,0.5,Cogn Neuropsychiatry,0.60,0.40,0.53,0,15,1,2,1,1,4,1,4,1,,,,,A6779:U6779,
6778,1469-2147,0.59,Camb Q Healthc Ethics,0.93,0.00,0.73,0,15,,,,10,4,,1,,,,,,A6780:U6780,
6779,1522-2365,0.18,Ber Wiss,0.47,0.47,0.93,0,15,,5,,,2,1,1,6,,,,,A6781:U6781,
6780,1532-4281,0.6,J Recept Signal Transduct Res,0.67,0.00,0.20,2,15,1,1,1,1,,2,4,5,,,,,A6782:U6782,
6781,1536-0121,0.56,Mol Imaging,0.93,1.00,0.93,0,15,,,4,,4,4,2,1,,,,,A6783:U6783,
6782,1538-3199,0.98,Curr Probl Pediatr Adolesc Health Care,0.27,0.07,0.00,0,15,4,1,1,1,,5,1,2,,,,,A6784:U6784,
6783,1545-2948,5.47,Annu Rev Genet,0.00,0.00,0.00,0,15,,,,,,3,5,7,,,,,A6785:U6785,
6784,1548-8667,0.45,J Aquat Anim Health,0.93,0.40,0.73,0,15,1,,2,,1,3,7,1,,,,,A6786:U6786,
6785,1557-1874,1.1,Int J Ment Health Addict,0.00,1.00,0.87,0,15,2,2,,1,2,3,1,4,,,,,A6787:U6787,
6786,1598-866X,,Genomics Inform,0.00,1.00,0.27,0,15,2,2,2,3,2,1,3,,,,,,A6788:U6788,
6787,1618-0240,0.88,Eng Life Sci,0.00,1.00,0.13,0,15,4,6,,5,,,,,,,,,A6789:U6789,
6788,1661-5433,1.07,Sex Dev,0.73,0.87,0.00,0,15,2,5,2,2,,,2,2,,,,,A6790:U6790,
6789,1744-4128,0.63,Neuropsychol Dev Cogn B Aging Neuropsychol Cogn,0.67,0.47,0.33,0,15,1,3,3,1,2,3,1,1,,,,,A6791:U6791,
6790,1748-7188,0.78,Algorithms Mol Biol,0.00,1.00,0.07,0,15,2,2,1,2,1,4,3,,,,,,A6792:U6792,
6791,1749-9216,0.13,J Bus Contin Emer Plan,0.00,0.00,0.00,0,15,,8,,,7,,,,,,,,A6793:U6793,
6792,1751-3766,0.66,J Biol Dyn,1.00,1.00,0.27,0,15,2,5,2,,2,1,1,2,,,,,A6794:U6794,
6793,1757-9988,0.85,J Adhes Dent,1.00,1.00,0.00,0,15,,1,3,2,2,3,,4,,,,,A6795:U6795,
6794,1768-3238,0.3,C R Biol,1.00,1.00,0.87,0,15,,1,,,5,4,1,4,,,,,A6796:U6796,
6795,1851-8265,0.32,Salud Colect,1.00,0.93,0.93,0,15,6,,,4,5,,,,,,,,A6797:U6797,
6796,1874-6128,0.53,Curr Aging Sci,0.13,0.00,0.40,0,15,,2,1,5,1,3,3,,,,,,A6798:U6798,
6797,1878-3619,0.26,Biomed Mater Eng,0.67,0.07,0.87,0,15,3,4,3,,,,1,4,,,,,A6799:U6799,
6798,1878-7290,0.67,Can J Exp Psychol,0.40,0.00,1.00,0,15,,4,,1,,2,4,4,,,,,A6800:U6800,
6799,1884-7110,0.11,Nihon Hinyokika Gakkai Zasshi,1.00,1.00,0.00,0,15,7,,,4,,,4,,,,,,A6801:U6801,
6800,1886-144X,1.08,Psicothema,1.00,0.07,0.00,0,15,,5,,5,,,5,,,,,,A6802:U6802,
6801,1897-5631,0.48,Folia Histochem Cytobiol,0.87,1.00,0.47,0,15,1,,5,1,2,2,2,2,,,,,A6803:U6803,
6802,1939-5086,1.94,Wiley Interdiscip Rev Cogn Sci,1.00,0.53,1.00,0,15,3,2,4,,3,1,1,1,,,,,A6804:U6804,
6803,1943-3301,0.24,Psychoanal Rev,0.67,0.00,0.00,0,15,,,7,,,8,,,,,,,A6805:U6805,
6804,1945-2020,0.36,Int J Telerehabil,0.00,1.00,0.07,0,15,,,,,,,15,,,,,,A6806:U6806,
6805,1954-3395,0.17,Orthod Fr,0.87,0.00,0.00,0,15,,,5,9,1,,,,,,,,A6807:U6807,
6806,1985-3718,0.37,Trop Life Sci Res,0.00,1.00,0.00,0,15,,,,,15,,,,,,,,A6808:U6808,
6807,2041-1014,0.97,Mol Oral Microbiol,0.93,0.53,0.73,0,15,3,1,3,5,1,1,,1,,,,,A6809:U6809,
6808,2078-676X,0.3,South Afr J Crit Care,0.00,1.00,0.73,0,15,,,8,,,,7,,,,,,A6810:U6810,
6809,2161-5853,0.92,Top Antivir Med,1.00,1.00,0.00,0,15,,,,,9,,6,,,,,,A6811:U6811,
6810,2167-776X,0.32,J Pastoral Care Counsel,0.40,0.00,0.93,0,15,,4,2,1,,3,,5,,,,,A6812:U6812,
6811,2190-5142,0.6,Exp Psychol,0.87,0.53,0.93,0,15,1,4,1,2,,3,2,2,,,,,A6813:U6813,
6812,2211-5587,0.21,J Acute Med,0.00,1.00,0.00,0,15,,,7,,,8,,,,,,,A6814:U6814,
6813,2213-8803,0.26,J Microsc Ultrastruct,0.00,1.00,0.00,0,15,,,,8,,7,,,,,,,A6815:U6815,
6814,2225-4765,0.56,S Afr J Commun Disord,0.93,1.00,0.00,0,15,,,2,1,4,5,,3,,,,,A6816:U6816,
6815,2322-3480,0.53,Rep Biochem Mol Biol,0.00,1.00,0.00,0,15,11,4,,,,,,,,,,,A6817:U6817,
6816,2359-7232,,Discoveries (Craiova),0.00,1.00,0.00,0,15,5,,2,3,1,2,1,1,,,,,A6818:U6818,
6817,2364-7485,0.34,Innov Surg Sci,0.00,1.00,0.73,0,15,,10,,,,5,,,,,,,A6819:U6819,
6818,2374-3468,1.55,Proc AAAI Conf Artif Intell,0.00,1.00,0.00,0,15,2,,1,6,2,3,,1,,,,,A6820:U6820,
6819,2375-8627,0.13,Neurodiagn J,0.53,0.00,0.60,0,15,2,,4,3,2,4,,,,,,,A6821:U6821,
6820,2376-9254,,CRSLS,1.00,1.00,0.00,0,15,,,3,2,3,3,1,3,,,,,A6822:U6822,
6821,2383-5001,1.67,J Liver Cancer,0.00,1.00,0.00,0,15,,3,6,1,1,2,,2,,,,,A6823:U6823,
6822,2397-1991,0.63,J Scleroderma Relat Disord,0.00,1.00,0.87,0,15,1,,,,,14,,,,,,,A6824:U6824,
6823,2434-4338,,Ann Clin Epidemiol,0.00,1.00,0.00,0,15,,,5,,5,,,5,,,,,A6825:U6825,
6824,2451-0629,,Arch Med Sci Atheroscler Dis,0.00,1.00,0.00,0,15,3,,,,,12,,,,,,,A6826:U6826,
6825,2451-9308,6.51,Chem,0.00,0.93,0.00,0,15,,3,1,3,1,2,3,2,,,,,A6827:U6827,
6826,2459-4148,,J Frailty Sarcopenia Falls,0.00,1.00,0.00,0,15,,,8,,,7,,,,,,,A6828:U6828,
6827,2474-8307,0.66,Health Lit Res Pract,0.73,1.00,0.00,0,15,2,1,2,2,1,2,3,2,,,,,A6829:U6829,
6828,2475-0581,0.42,Psychiatry Clin Psychopharmacol,0.00,0.00,1.00,0,15,15,,,,,,,,,,,,A6830:U6830,
6829,2504-3889,0.71,Med Cannabis Cannabinoids,0.00,1.00,0.00,0,15,3,,,2,1,5,1,3,,,,,A6831:U6831,
6830,2511-705X,0.59,Methods Inf Med,0.60,0.47,0.40,0,15,,3,1,3,,2,3,3,,,,,A6832:U6832,
6831,2524-4426,,BMC Biomed Eng,0.00,1.00,0.40,0,15,2,1,2,2,3,2,2,1,,,,,A6833:U6833,
6832,2539-3596,0.15,Rev Salud Publica (Bogota),1.00,1.00,0.00,0,15,11,,,4,,,,,,,,,A6834:U6834,
6833,2561-987X,0.28,Can Prosthet Orthot J,0.00,1.00,0.93,0,15,,5,,6,,,4,,,,,,A6835:U6835,
6834,2632-2897,,Gut Microbiome (Camb),0.00,1.00,1.00,0,15,2,2,,1,4,4,,2,,,,,A6836:U6836,
6835,2633-0040,0.5,Ther Adv Rare Dis,0.00,1.00,0.87,1,15,,1,7,1,,,2,4,,,,,A6837:U6837,
6836,2639-4979,2.07,ACS Mater Lett,0.00,1.00,1.00,0,15,2,2,5,3,,3,,,,,,,A6838:U6838,
6837,2641-6573,,Adv Genet (Hoboken),0.00,1.00,0.87,0,15,1,2,2,4,,,6,,,,,,A6839:U6839,
6838,2692-4366,0.52,Telemed Rep,0.00,1.00,1.00,0,15,,,1,,,,,14,,,,,A6840:U6840,
6839,2699-0016,0.41,Magn Reson (Gott),0.00,1.00,1.00,0,15,4,2,,3,2,1,2,1,,,,,A6841:U6841,
6840,2731-6092,9.18,Nat Rev Bioeng,0.00,1.00,0.47,0,15,,2,3,2,,3,1,4,,,,,A6842:U6842,
6841,2734-1461,,Encephalitis,0.00,1.00,0.00,0,15,5,,4,1,1,,3,1,,,,,A6843:U6843,
6842,2772-5758,0.4,Recent Adv Food Nutr Agric,0.00,0.00,0.67,0,15,1,1,,5,1,5,1,1,,,,,A6844:U6844,
6843,3066-5825,,Adv Health Inf Sci Pract,0.73,1.00,0.53,0,15,,6,,3,1,2,2,1,,,,,A6845:U6845,
6844,3067-5928,,ACS Nano Med,0.00,1.00,0.87,0,15,,4,2,1,1,1,3,3,,,,,A6846:U6846,
6845,3117-3861,,Drug Metab Bioanal,0.40,0.00,0.67,0,15,,,,1,1,3,10,,,,,,A6847:U6847,
6846,0019-1639,,Ig Sanita Pubbl,1.00,0.00,0.00,0,14,,,6,,,5,3,,,,,,A6848:U6848,
6847,0044-5991,0.73,Acta Histochem Cytochem,0.00,1.00,0.00,0,14,1,,6,4,,,3,,,,,,A6849:U6849,
6848,0177-0667,0.98,Eng Comput,0.00,1.00,0.14,0,14,2,3,2,3,1,,1,2,,,,,A6850:U6850,
6849,0265-4075,1.16,J Soc Pers Relat,0.00,1.00,0.57,0,14,4,,1,3,1,3,1,1,,,,,A6851:U6851,
6850,0297-2964,0.14,Rech Soins Infirm,0.86,0.00,0.00,0,14,,7,,7,,,,,,,,,A6852:U6852,
6851,0301-5556,0.12,Adv Anat Embryol Cell Biol,0.93,0.00,0.14,0,14,1,13,,,,,,,,,,,A6853:U6853,
6852,0894-203X,0.29,Immunohematology,0.93,0.00,0.00,0,14,5,,,4,,,5,,,,,,A6854:U6854,
6853,0925-4005,1.33,Sens Actuators B Chem,0.00,0.86,0.36,0,14,1,,1,1,1,4,3,3,,,,,A6855:U6855,
6854,0936-5214,0.36,Synlett,0.00,1.00,0.36,0,14,1,1,7,1,3,1,,,,,,,A6856:U6856,
6855,1013-7025,0.4,Hong Kong Physiother J,0.00,1.00,1.00,0,14,7,,,7,,,,,,,,,A6857:U6857,
6856,1086-3176,0.14,Bull Hist Med,0.71,0.00,0.00,0,14,,,6,,8,,,,,,,,A6858:U6858,
6857,1086-3249,0.47,Kennedy Inst Ethics J,0.64,0.00,0.00,0,14,,,,6,,,8,,,,,,A6859:U6859,
6858,1178-7066,0.73,Pharmgenomics Pers Med,0.00,1.00,0.57,0,14,,1,3,2,1,,1,6,,,,,A6860:U6860,
6859,1179-1438,0.41,Clin Pharmacol,0.00,1.00,0.93,0,14,1,2,3,2,3,2,,1,,,,,A6861:U6861,
6860,1209-1367,1.11,Health Rep,1.00,1.00,0.00,0,14,2,2,2,1,2,2,2,1,,,,,A6862:U6862,
6861,1210-7913,0.22,Epidemiol Mikrobiol Imunol,1.00,1.00,1.00,0,14,4,,,4,,,6,,,,,,A6863:U6863,
6862,1311-0160,0.25,Balkan J Med Genet,0.00,1.00,0.07,0,14,,,,,14,,,,,,,,A6864:U6864,
6863,1385-8947,2.26,Chem Eng J,0.00,0.64,0.14,0,14,1,4,3,,2,2,,2,,,,,A6865:U6865,
6864,1399-5448,1.04,Pediatr Diabetes,1.00,1.00,1.00,0,14,3,3,4,4,,,,,,,,,A6866:U6866,
6865,1467-9868,3.73,J R Stat Soc Series B Stat Methodol,0.00,0.64,0.57,0,14,1,,1,3,1,2,5,1,,,,,A6867:U6867,
6866,1469-1833,0.91,Behav Cogn Psychother,0.29,0.00,0.79,0,14,1,1,2,,2,,8,,,,,,A6868:U6868,
6867,1471-5457,0.48,Politics Life Sci,0.29,0.07,0.64,0,14,3,1,,2,1,1,2,4,,,,,A6869:U6869,
6868,1473-5873,0.4,Psychiatr Genet,0.79,0.07,0.00,0,14,1,3,1,4,,4,,1,,,,,A6870:U6870,
6869,1474-7049,0.48,Evol Psychol,0.93,1.00,1.00,0,14,,3,4,4,,1,,2,,,,,A6871:U6871,
6870,1478-6729,1.87,Epidemiol Rev,1.00,0.57,0.93,0,14,3,1,6,1,2,,1,,,,,,A6872:U6872,
6871,1530-9185,0.38,Artif Life,0.71,0.00,0.21,0,14,,,,2,,,5,7,,,,,A6873:U6873,
6872,1532-7655,0.37,J Community Health Nurs,0.43,0.14,0.86,0,14,,2,2,2,2,1,4,1,,,,,A6874:U6874,
6873,1532-9488,0.84,Semin Thorac Cardiovasc Surg,0.00,0.21,0.00,0,14,3,,1,2,1,6,1,,,,,,A6875:U6875,
6874,1558-4488,1.31,Semin Nephrol,0.00,0.36,0.00,0,14,,5,3,,,1,1,4,,,,,A6876:U6876,
6875,1573-0387,0.36,J Hist Biol,0.43,0.14,0.21,0,14,4,,1,2,1,1,,5,,,,,A6877:U6877,
6876,1601-183X,1.05,Genes Brain Behav,0.93,1.00,0.93,0,14,,2,3,,2,2,4,1,,,,,A6878:U6878,
6877,1651-2006,0.48,Scand Cardiovasc J,0.86,1.00,0.29,0,14,3,,,,,4,6,1,,,,,A6879:U6879,
6878,1664-431X,,Exp Suppl,1.00,0.00,0.00,0,14,14,,,,,,,,,,,,A6880:U6880,
6879,1687-8450,,J Oncol,0.00,1.00,0.00,11,14,2,1,,,,2,7,2,,,,,A6881:U6881,
6880,1708-539X,0.39,Vascular,0.93,0.00,1.00,0,14,,12,2,,,,,,,,,,A6882:U6882,
6881,1735-546X,0.35,Urol J,1.00,0.79,0.14,0,14,7,,,,,4,,3,,,,,A6883:U6883,
6882,1754-9973,0.72,Public Health Ethics,0.00,1.00,0.86,0,14,,,3,1,2,1,7,,,,,,A6884:U6884,
6883,1756-1663,0.95,DNA Res,0.93,1.00,0.93,0,14,2,2,1,,,2,4,3,,,,,A6885:U6885,
6884,1758-3896,0.45,US Cardiol,0.00,1.00,0.93,0,14,,,4,,,5,2,3,,,,,A6886:U6886,
6885,1789-4301,,Magy Seb,0.00,0.00,0.36,0,14,,,1,8,,,5,,,,,,A6887:U6887,
6886,1863-2300,3.41,Semin Immunopathol,1.00,0.21,0.36,0,14,,,1,4,3,2,2,2,,,,,A6888:U6888,
6887,1873-2194,4.79,Prog Lipid Res,0.64,0.79,0.00,1,14,2,1,6,1,1,,2,1,,,,,A6889:U6889,
6888,1875-6182,,Cardiovasc Hematol Agents Med Chem,0.00,0.07,0.57,0,14,2,,,4,4,1,2,1,,,,,A6890:U6890,
6889,1891-5469,0.33,J Electr Bioimpedance,0.00,1.00,0.00,0,14,5,,2,1,,2,,4,,,,,A6891:U6891,
6890,1937-5956,3.61,Prod Oper Manag,0.00,1.00,1.00,0,14,,,3,11,,,,,,,,,A6892:U6892,
6891,1947-3893,1.21,Pediatr Crit Care Med,0.86,0.93,0.93,0,14,2,3,3,2,2,,2,,,,,,A6893:U6893,
6892,1952-4005,0.49,Eur Cytokine Netw,0.93,0.64,0.00,0,14,2,3,,,3,,6,,,,,,A6894:U6894,
6893,2008-0387,0.3,J Med Ethics Hist Med,0.00,1.00,0.00,0,14,,,,14,,,,,,,,,A6895:U6895,
6894,2040-0861,0.24,J Healthc Risk Manag,0.50,0.57,0.93,0,14,,1,2,1,2,3,3,2,,,,,A6896:U6896,
6895,2047-7732,0.93,Pathog Glob Health,0.86,0.36,0.93,0,14,5,2,2,3,1,1,,,,,,,A6897:U6897,
6896,2054-3085,0.8,Fungal Biol Biotechnol,0.00,1.00,0.36,0,14,1,1,,2,3,3,2,2,,,,,A6898:U6898,
6897,2054-4200,0.44,Glob Health Epidemiol Genom,0.93,1.00,0.93,0,14,1,,,,3,3,4,3,,,,,A6899:U6899,
6898,2058-4601,,Acta Radiol Open,0.00,1.00,1.00,0,14,3,2,3,,2,,1,3,,,,,A6900:U6900,
6899,2081-3856,0.57,Transl Neurosci,0.00,1.00,0.50,0,14,,1,3,1,2,3,2,2,,,,,A6901:U6901,
6900,2090-1267,0.52,Anemia,0.00,1.00,1.00,0,14,2,,,1,3,2,1,5,,,,,A6902:U6902,
6901,2159-8819,,J Healthc Sci Humanit,0.00,1.00,0.00,0,14,,,,14,,,,,,,,,A6903:U6903,
6902,2187-137X,0.3,Mass Spectrom (Tokyo),0.00,1.00,0.00,0,14,1,5,1,1,1,1,3,1,,,,,A6904:U6904,
6903,2211-9493,0.93,Trends Neurosci Educ,1.00,0.71,0.00,0,14,,,6,,,8,,,,,,,A6905:U6905,
6904,2219-6749,0.67,J Forensic Odontostomatol,1.00,1.00,0.93,0,14,,,,,,7,,7,,,,,A6906:U6906,
6905,2288-6478,,J Menopausal Med,0.00,1.00,1.00,0,14,7,,,7,,,,,,,,,A6907:U6907,
6906,2289-0882,0.52,Transl Clin Pharmacol,0.00,1.00,1.00,0,14,4,,,6,,,4,,,,,,A6908:U6908,
6907,2296-6870,,Biomed Hub,0.00,1.00,0.00,0,14,1,,2,1,3,1,3,3,,,,,A6909:U6909,
6908,2314-4599,0.61,Int J Vet Sci Med,0.00,1.00,0.00,0,14,,,,,9,,3,2,,,,,A6910:U6910,
6909,2329-0382,1.26,Psychol Sex Orientat Gend Divers,0.00,1.00,0.14,0,14,,1,7,1,3,1,,1,,,,,A6911:U6911,
6910,2468-2330,1.61,Cell Surf,0.00,1.00,0.00,1,14,4,1,1,3,,3,2,,,,,,A6912:U6912,
6911,2511-2708,1.66,J Health Monit,0.00,1.00,0.00,0,14,,1,1,2,2,2,4,2,,,,,A6913:U6913,
6912,2522-7963,0.47,Lymphology,1.00,0.00,0.00,0,14,,,,5,5,4,,,,,,,A6914:U6914,
6913,2589-9449,0.54,Glob J Qual Saf Healthc,0.00,1.00,0.50,0,14,3,,3,,2,1,4,1,,,,,A6915:U6915,
6914,2590-017X,1.37,J Immunother Precis Oncol,0.00,1.00,0.71,0,14,,,2,3,1,1,6,1,,,,,A6916:U6916,
6915,2590-0285,1.16,Matrix Biol Plus,0.00,1.00,0.00,0,14,2,2,1,,3,3,2,1,,,,,A6917:U6917,
6916,2632-8828,0.93,Quant Plant Biol,0.00,1.00,1.00,0,14,1,3,,3,4,2,,1,,,,,A6918:U6918,
6917,2633-0407,1.17,Immunometabolism (Cobham),0.00,1.00,0.00,0,14,,2,2,,4,,2,4,,,,,A6919:U6919,
6918,2633-4895,0.88,Implement Res Pract,0.00,1.00,1.00,0,14,1,2,1,3,2,4,,1,,,,,A6920:U6920,
6919,2662-4443,2.14,Commun Mater,0.00,1.00,0.86,0,14,3,2,1,1,2,1,3,1,,,,,A6921:U6921,
6920,2665-9069,0.84,Biotechnol Notes,0.00,1.00,0.00,0,14,1,5,,2,,1,3,2,,,,,A6922:U6922,
6921,2755-0834,0.55,J Med Access,0.00,1.00,1.00,0,14,1,1,,1,1,4,2,4,,,,,A6923:U6923,
6922,3005-1460,,NPJ Artif Intell,0.00,1.00,0.00,0,14,4,1,3,4,,1,1,,,,,,A6924:U6924,
6923,3050-5143,,Lancet Prim Care,0.00,1.00,0.00,0,14,,1,1,1,3,3,3,2,,,,,A6925:U6925,
6924,3050-5623,,Cell Biomater,0.00,0.93,0.00,0,14,,1,4,2,2,,3,2,,,,,A6926:U6926,
6925,NLM9919209772006676,,Find ACL ACL,0.00,1.00,0.00,0,14,2,2,1,,,1,6,2,,,,,A6927:U6927,
6926,0003-5548,0.25,Anthropol Anz,0.92,0.00,0.00,0,13,1,3,2,3,,1,2,1,,,,,A6928:U6928,
6927,0033-362X,2.19,Public Opin Q,0.00,1.00,1.00,0,13,,,,8,,5,,,,,,,A6929:U6929,
6928,0166-0616,4.96,Stud Mycol,0.00,1.00,0.00,0,13,5,,,3,,,,5,,,,,A6930:U6930,
6929,0353-8109,0.34,Acta Inform Med,0.00,1.00,0.00,0,13,,13,,,,,,,,,,,A6931:U6931,
6930,0927-3042,,Cancer Treat Res,1.00,0.00,0.62,0,13,,,,,13,,,,,,,,A6932:U6932,
6931,0973-7154,0.33,J Stem Cells Regen Med,0.00,1.00,0.00,0,13,8,1,,,3,1,,,,,,,A6933:U6933,
6932,1046-1310,0.96,Curr Psychol,0.00,1.00,0.69,0,13,1,1,3,3,2,2,1,,,,,,A6934:U6934,
6933,1099-081X,0.54,Biopharm Drug Dispos,0.46,0.23,0.92,0,13,2,3,,4,2,2,,,,,,,A6935:U6935,
6934,1179-5441,0.41,Clin Med Insights Arthritis Musculoskelet Disord,0.00,1.00,1.00,0,13,2,1,2,2,3,3,,,,,,,A6936:U6936,
6935,1428-2526,0.4,Contemp Oncol (Pozn),0.00,1.00,0.00,1,13,,,,,13,,,,,,,,A6937:U6937,
6936,1469-8994,1.74,Q Rev Biophys,0.92,0.00,1.00,0,13,,3,2,3,2,2,,1,,,,,A6938:U6938,
6937,1520-6696,0.23,J Hist Behav Sci,0.92,0.69,0.77,0,13,,,2,4,,4,2,1,,,,,A6939:U6939,
6938,1545-4304,4.93,Annu Rev Pharmacol Toxicol,0.23,0.31,0.00,0,13,3,,,,,,3,7,,,,,A6940:U6940,
6939,1547-6901,0.54,J Immunotoxicol,0.92,1.00,0.23,1,13,1,1,1,2,2,4,,2,,,,,A6941:U6941,
6940,1549-5485,0.84,Learn Mem,0.92,0.23,0.77,0,13,,3,2,1,1,2,2,2,,,,,A6942:U6942,
6941,1564-8265,0.64,Food Nutr Bull,0.77,0.15,0.85,0,13,5,,2,3,1,,2,,,,,,A6943:U6943,
6942,1651-2014,0.66,Scand J Occup Ther,0.77,1.00,0.46,0,13,8,,1,,,,3,1,,,,,A6944:U6944,
6943,1660-2862,0.51,Neurodegener Dis,0.15,1.00,0.00,0,13,2,,1,2,1,3,3,1,,,,,A6945:U6945,
6944,1678-9199,0.46,J Venom Anim Toxins Incl Trop Dis,0.00,1.00,1.00,0,13,1,2,1,1,,3,2,3,,,,,A6946:U6946,
6945,1727-9445,0.43,Afr J AIDS Res,0.92,0.31,0.92,0,13,,3,1,1,,4,2,2,,,,,A6947:U6947,
6946,1748-9326,1.93,Environ Res Lett,0.00,1.00,1.00,0,13,1,,4,2,4,1,1,,,,,,A6948:U6948,
6947,1758-1044,0.55,Health Serv Manage Res,0.08,0.08,0.77,0,13,2,1,3,1,1,3,2,,,,,,A6949:U6949,
6948,1827-1898,,Panminerva Med,0.69,0.31,0.00,0,13,1,1,5,1,1,,4,,,,,,A6950:U6950,
6949,1873-1929,0.16,Endeavour,0.69,0.38,0.00,1,13,,,1,1,6,1,,4,,,,,A6951:U6951,
6950,1880-7046,0.54,Genes Environ,0.00,1.00,0.08,0,13,1,1,6,,2,2,1,,,,,,A6952:U6952,
6951,1933-6942,0.79,Fly (Austin),0.92,1.00,0.69,0,13,3,1,,1,1,3,4,,,,,,A6953:U6953,
6952,1936-1335,1.69,Annu Rev Anal Chem (Palo Alto Calif),0.85,1.00,0.00,0,13,,9,,,4,,,,,,,,A6954:U6954,
6953,1938-887X,0.54,J Cogn Psychother,0.08,0.08,0.00,0,13,1,3,,1,2,,3,3,,,,,A6955:U6955,
6954,2000-1967,0.67,Ups J Med Sci,0.92,1.00,0.23,0,13,5,1,1,3,1,,2,,,,,,A6956:U6956,
6955,2055-6640,0.62,J Virus Erad,0.00,1.00,0.00,0,13,3,1,,1,1,4,2,1,,,,,A6957:U6957,
6956,2056-6387,2.7,npj Quantum Inf,0.00,1.00,0.08,0,13,3,1,,2,,2,4,1,,,,,A6958:U6958,
6957,2151-3228,0.3,Pediatr Allergy Immunol Pulmonol,0.46,0.08,1.00,0,13,,,,1,1,4,5,2,,,,,A6959:U6959,
6958,2162-8254,,Rand Health Q,0.00,1.00,0.00,0,13,,,10,,,3,,,,,,,A6960:U6960,
6959,2194-7961,1.01,Plant Reprod,1.00,0.31,0.77,0,13,1,1,,1,4,1,3,2,,,,,A6961:U6961,
6960,2328-8620,0.86,Health Syst Reform,0.69,1.00,0.92,0,13,3,,3,1,,1,3,2,,,,,A6962:U6962,
6961,2329-7670,0.57,3D Print Addit Manuf,0.00,0.85,1.00,0,13,,1,,,5,2,,5,,,,,A6963:U6963,
6962,2365-709X,1.43,Adv Mater Technol,0.00,1.00,0.23,0,13,,3,2,2,,3,2,1,,,,,A6964:U6964,
6963,2397-0642,1.55,Glob Health Res Policy,1.00,1.00,0.00,0,13,,,1,4,1,3,4,,,,,,A6965:U6965,
6964,2397-8554,1.39,Emerg Top Life Sci,0.46,0.92,0.92,0,13,3,4,2,2,,,2,,,,,,A6966:U6966,
6965,2432-7026,,Blood Cell Ther,0.00,1.00,0.00,0,13,,,6,,,7,,,,,,,A6967:U6967,
6966,2463-0225,0.22,Rev Colomb Obstet Ginecol,1.00,1.00,1.00,0,13,,4,,5,,,,4,,,,,A6968:U6968,
6967,2465-9525,,Dev Reprod,0.00,1.00,1.00,0,13,5,,,4,,,4,,,,,,A6969:U6969,
6968,2469-4207,0.35,Compr Child Adolesc Nurs,0.77,0.46,0.54,0,13,1,1,2,2,1,1,2,3,,,,,A6970:U6970,
6969,2469-9322,0.4,Comput Assist Surg (Abingdon),1.00,1.00,0.31,0,13,3,,1,,3,3,2,1,,,,,A6971:U6971,
6970,2471-1411,0.59,Forensic Sci Res,0.00,1.00,0.77,0,13,5,,8,,,,,,,,,,A6972:U6972,
6971,2474-7629,,Spartan Med Res J,0.00,1.00,0.46,0,13,,2,1,3,,,1,6,,,,,A6973:U6973,
6972,2475-5311,0.6,J Psoriasis Psoriatic Arthritis,0.00,0.31,0.92,0,13,1,,2,3,3,3,,1,,,,,A6974:U6974,
6973,2589-0646,0.51,Hematol Oncol Stem Cell Ther,0.77,1.00,0.00,0,13,,3,3,,2,3,2,,,,,,A6975:U6975,
6974,2604-7276,,REC Interv Cardiol,0.00,1.00,0.00,0,13,,,,,13,,,,,,,,A6976:U6976,
6975,2631-6439,0.75,Int J Oral Implantol (Berl),0.85,0.00,0.00,0,13,,,6,,,7,,,,,,,A6977:U6977,
6976,2633-4690,0.66,Adv Pharmacol Pharm Sci,0.00,1.00,1.00,0,13,,,,,5,2,2,4,,,,,A6978:U6978,
6977,2666-5158,0.74,Curr Res Insect Sci,0.00,1.00,0.00,0,13,3,2,,1,,3,2,2,,,,,A6979:U6979,
6978,2666-9986,2.07,Device,0.00,0.62,0.00,0,13,1,2,3,2,1,2,1,1,,,,,A6980:U6980,
6979,2694-2488,1.53,ACS Eng Au,0.00,1.00,1.00,0,13,,4,,2,,4,,3,,,,,A6981:U6981,
6980,2724-6116,0.5,Minerva Endocrinol (Torino),0.23,0.23,0.00,0,13,2,1,4,2,2,1,1,,,,,,A6982:U6982,
6981,2731-9814,,NPJ Clim Action,0.00,1.00,0.00,0,13,3,1,2,3,,,2,2,,,,,A6983:U6983,
6982,3050-6565,0.79,Res Autism,0.00,1.00,0.38,0,13,1,1,2,,,3,,6,,,,,A6984:U6984,
6983,NLM101620299,,Proc SIGCHI Conf Hum Factor Comput Syst,0.00,1.00,0.54,0,13,,,,2,3,4,2,2,,,,,A6985:U6985,
6984,0013-8746,0.71,Ann Entomol Soc Am,0.00,1.00,0.92,0,12,2,,2,,4,1,3,,,,,,A6986:U6986,
6985,0022-2437,7.36,J Mark Res,0.00,1.00,0.92,0,12,,,2,10,,,,,,,,,A6987:U6987,
6986,0022-2445,1.82,J Marriage Fam,0.00,0.92,0.17,0,12,1,,2,3,1,,,5,,,,,A6988:U6988,
6987,0048-7449,0.28,Reumatismo,0.92,1.00,0.33,0,12,1,3,,4,,3,,1,,,,,A6989:U6989,
6988,0423-2607,,Enzymes,1.00,0.00,0.00,0,12,,,,,,,12,,,,,,A6990:U6990,
6989,0885-1158,0.31,Med Probl Perform Art,1.00,0.00,0.75,0,12,,4,,,3,,,5,,,,,A6991:U6991,
6990,1098-8971,1.45,Semin Liver Dis,0.33,0.33,0.58,0,12,2,1,1,2,,,3,3,,,,,A6992:U6992,
6991,1359-4338,1.04,Virtual Real,0.00,1.00,0.25,0,12,3,3,3,,1,,2,,,,,,A6993:U6993,
6992,1477-2817,0.42,Arch Anim Nutr,0.83,0.42,0.83,0,12,4,,1,3,1,,1,2,,,,,A6994:U6994,
6993,1532-7957,6.29,Pers Soc Psychol Rev,0.17,0.75,1.00,0,12,3,2,4,2,,,1,,,,,,A6995:U6995,
6994,1544-2896,,J Undergrad Neurosci Educ,0.00,1.00,0.25,0,12,,1,,,9,,2,,,,,,A6996:U6996,
6995,1662-3975,0.12,World Rev Nutr Diet,0.00,0.58,0.00,0,12,,,,12,,,,,,,,,A6997:U6997,
6996,1664-2848,0.35,Schweiz Arch Tierheilkd,1.00,1.00,0.00,0,12,1,,4,,2,2,3,,,,,,A6998:U6998,
6997,1751-6838,0.32,Eur J Mass Spectrom (Chichester),0.08,0.00,1.00,0,12,,1,2,3,2,3,,1,,,,,A6999:U6999,
6998,1822-301X,0.14,Stomatologija,1.00,1.00,0.00,0,12,8,4,,,,,,,,,,,A7000:U7000,
6999,1833-3575,1.07,Health Inf Manag,0.00,0.50,1.00,0,12,2,,1,1,2,,,6,,,,,A7001:U7001,
7000,1862-8354,0.73,Proteomics Clin Appl,1.00,0.67,1.00,0,12,1,1,3,,2,,1,4,,,,,A7002:U7002,
7001,1929-6339,0.28,Healthc Pap,1.00,0.00,0.00,0,12,12,,,,,,,,,,,,A7003:U7003,
7002,1943-281X,0.63,Psychiatry,0.92,0.08,0.83,0,12,,2,1,1,2,2,3,1,,,,,A7004:U7004,
7003,1948-5573,0.43,Biodemography Soc Biol,0.67,0.25,0.75,0,12,1,2,1,1,2,2,,3,,,,,A7005:U7005,
7004,1993-0771,0.34,Comp Cytogenet,0.00,1.00,1.00,0,12,2,2,,3,,2,2,1,,,,,A7006:U7006,
7005,2041-2657,0.81,Brief Funct Genomics,0.83,1.00,0.67,2,12,4,2,,,1,3,1,1,,,,,A7007:U7007,
7006,2042-6372,0.58,Int J Med Educ,0.92,1.00,0.00,0,12,1,1,1,1,1,2,3,2,,,,,A7008:U7008,
7007,2044-8260,2.51,Br J Clin Psychol,0.92,1.00,0.92,0,12,5,3,3,,1,,,,,,,,A7009:U7009,
7008,2047-2382,2.05,Environ Evid,0.00,0.75,0.33,0,12,,2,2,2,1,2,3,,,,,,A7010:U7010,
7009,2090-3111,0.6,Prostate Cancer,0.00,1.00,1.00,0,12,4,1,1,2,1,1,1,1,,,,,A7011:U7011,
7010,2090-8105,0.39,Stroke Res Treat,0.00,1.00,1.00,0,12,1,,1,1,1,2,1,5,,,,,A7012:U7012,
7011,2093-5609,0.14,Uisahak,1.00,1.00,0.00,0,12,,5,,,7,,,,,,,,A7013:U7013,
7012,2148-6247,,Turk J Pharm Sci,0.00,1.00,1.00,0,12,4,,,4,1,,2,1,,,,,A7014:U7014,
7013,2162-6472,,Crit Rev Immunol,1.00,0.00,0.00,0,12,,6,,,,6,,,,,,,A7015:U7015,
7014,2190-5215,0.73,Adv Neurobiol,0.92,0.08,0.17,0,12,11,,1,,,,,,,,,,A7016:U7016,
7015,2212-4012,0.34,Recent Pat Biotechnol,0.25,0.00,0.33,0,12,2,1,2,2,2,1,2,,,,,,A7017:U7017,
7016,2212-4934,0.89,Adv Biol Regul,0.83,0.25,0.00,0,12,3,3,,1,1,1,2,1,,,,,A7018:U7018,
7017,2213-0772,0.65,Healthc (Amst),0.67,0.50,0.00,0,12,3,1,1,5,1,1,,,,,,,A7019:U7019,
7018,2224-9435,0.28,J S Afr Vet Assoc,1.00,0.00,1.00,0,12,,,8,,4,,,,,,,,A7020:U7020,
7019,2251-9637,0.43,Int J Mol Cell Med,0.00,1.00,0.00,0,12,,,,12,,,,,,,,,A7021:U7021,
7020,2325-4637,0.33,Aorta (Stamford),0.00,1.00,0.92,0,12,3,,1,1,2,,1,4,,,,,A7022:U7022,
7021,2385-2011,0.66,Interv Neuroradiol,0.08,0.50,0.75,2,12,6,2,,2,1,,,1,,,,,A7023:U7023,
7022,2397-7000,0.95,Synth Biol (Oxf),0.00,1.00,0.83,0,12,4,1,2,,1,2,,2,,,,,A7024:U7024,
7023,2399-8083,1.02,Environ Plan B Urban Anal City Sci,0.00,1.00,1.00,0,12,,,2,9,,,,1,,,,,A7025:U7025,
7024,2434-4931,0.16,Environ Occup Health Pract,0.00,1.00,1.00,0,12,,,3,,,9,,,,,,,A7026:U7026,
7025,2468-4511,0.85,Curr Opin Biomed Eng,0.00,1.00,0.00,0,12,1,1,1,1,2,2,3,1,,,,,A7027:U7027,
7026,2475-9066,,J Open Source Softw,0.00,1.00,0.75,0,12,1,2,1,3,3,,2,,,,,,A7028:U7028,
7027,2508-5956,,J Metab Bariatr Surg,0.00,1.00,1.00,0,12,6,,,,6,,,,,,,,A7029:U7029,
7028,2532-1900,0.44,Acta Myol,0.83,1.00,0.00,0,12,,,7,5,,,,,,,,,A7030:U7030,
7029,2563-6316,,JMIRx Med,0.00,1.00,0.92,0,12,2,1,5,2,1,1,,,,,,,A7031:U7031,
7030,2575-2626,,Proc (IEEE Int Conf Healthc Inform),0.00,1.00,0.00,0,12,,,,,,,,12,,,,,A7032:U7032,
7031,2578-2363,0.46,Ethics Hum Res,1.00,0.67,0.00,0,12,,,4,,4,,4,,,,,,A7033:U7033,
7032,2631-7745,0.52,Ther Adv Gastrointest Endosc,0.00,1.00,1.00,0,12,2,1,3,,2,1,2,1,,,,,A7034:U7034,
7033,2643-6728,3.66,Acc Mater Res,0.00,1.00,0.92,0,12,3,,2,3,3,,1,,,,,,A7035:U7035,
7034,2699-8440,0.28,Sex Offending,0.00,1.00,0.25,0,12,,12,,,,,,,,,,,A7036:U7036,
7035,2730-5961,,AI Ethics,0.00,1.00,0.25,0,12,1,3,2,1,1,1,2,1,,,,,A7037:U7037,
7036,2730-9827,,Res Health Serv Reg,0.00,1.00,0.92,0,12,2,3,1,,1,2,1,2,,,,,A7038:U7038,
7037,2752-6925,0.24,Open Res Afr,0.00,1.00,0.92,0,12,1,2,4,1,1,2,1,,,,,,A7039:U7039,
7038,2832-4765,0.62,Cogent Ment Health,0.00,1.00,0.92,0,12,1,3,1,2,,2,1,2,,,,,A7040:U7040,
7039,2835-8279,,PRX Life,0.00,1.00,0.58,0,12,1,,,3,1,5,,2,,,,,A7041:U7041,
7040,2997-2531,,Tracheostomy,0.00,1.00,0.92,0,12,9,,,,2,1,,,,,,,A7042:U7042,
7041,NLM101669294,,Proc Conf Empir Methods Nat Lang Process,0.00,1.00,0.00,0,12,3,3,3,2,1,,,,,,,,A7043:U7043,
7042,0003-3472,0.85,Anim Behav,0.00,0.91,0.36,0,11,1,,,3,2,,4,1,,,,,A7044:U7044,
7043,0025-5610,2.11,Math Program,0.00,1.00,0.91,0,11,1,,,,5,,1,4,,,,,A7045:U7045,
7044,0039-7857,0.88,Synthese,0.00,1.00,0.91,0,11,2,,2,1,,,3,3,,,,,A7046:U7046,
7045,0065-2660,0.17,Adv Genet,1.00,0.00,0.00,0,11,6,,,,,5,,,,,,,A7047:U7047,
7046,0143-6503,0.28,Oxf J Leg Stud,0.00,1.00,0.45,0,11,,,4,,,7,,,,,,,A7048:U7048,
7047,0960-3174,0.82,Stat Comput,0.00,1.00,0.18,0,11,2,,3,1,3,,1,1,,,,,A7049:U7049,
7048,1041-5505,,Res Rep Health Eff Inst,1.00,1.00,0.00,0,11,,,3,5,1,2,,,,,,,A7050:U7050,
7049,1087-1640,0.48,Motor Control,0.82,0.09,1.00,0,11,3,1,1,2,,3,,1,,,,,A7051:U7051,
7050,1349-533X,,Sangyo Eiseigaku Zasshi,0.45,1.00,0.00,0,11,2,1,,1,1,3,2,1,,,,,A7052:U7052,
7051,1366-7289,1.17,Biling (Camb Engl),0.00,1.00,0.73,0,11,2,2,1,2,2,1,,1,,,,,A7053:U7053,
7052,1419-8711,0.23,Neuropsychopharmacol Hung,1.00,1.00,0.00,0,11,,,5,,,,6,,,,,,A7054:U7054,
7053,1420-9144,0.15,NTM,0.36,0.64,0.09,0,11,2,,6,,,,2,1,,,,,A7055:U7055,
7054,1421-9921,0.59,Eur Surg Res,0.55,1.00,0.00,1,11,,1,4,2,1,,2,1,,,,,A7056:U7056,
7055,1424-859X,0.52,Cytogenet Genome Res,0.00,0.36,0.00,1,11,3,,2,1,1,,1,3,,,,,A7057:U7057,
7056,1464-0627,0.43,Cogn Neuropsychol,0.73,0.09,0.36,0,11,2,2,1,1,,2,3,,,,,,A7058:U7058,
7057,1472-4669,1.29,Geobiology,0.91,0.82,0.91,0,11,1,1,,2,1,2,3,1,,,,,A7059:U7059,
7058,1488-2159,0.15,J Can Dent Assoc,1.00,1.00,0.00,0,11,,,6,,,5,,,,,,,A7060:U7060,
7059,1509-572X,0.52,Folia Neuropathol,1.00,1.00,0.00,0,11,,3,,8,,,,,,,,,A7061:U7061,
7060,1521-057X,0.17,J Leg Med,0.36,0.00,0.00,0,11,1,2,,1,,4,,3,,,,,A7062:U7062,
7061,1521-6950,2.57,J Toxicol Environ Health B Crit Rev,0.36,0.45,0.45,0,11,,,2,2,3,1,3,,,,,,A7063:U7063,
7062,1526-4564,0.73,Semin Reprod Med,0.64,0.18,0.55,0,11,3,1,4,3,,,,,,,,,A7064:U7064,
7063,1534-7656,0.67,Traumatology (Tallahass Fla),0.00,1.00,0.36,0,11,,1,3,2,1,2,1,1,,,,,A7065:U7065,
7064,1543-3641,0.33,Cogn Behav Neurol,0.64,0.27,0.55,0,11,3,,1,2,,5,,,,,,,A7066:U7066,
7065,1548-923X,0.48,Int J Nurs Educ Scholarsh,1.00,0.91,0.64,0,11,1,,,2,,2,4,2,,,,,A7067:U7067,
7066,1689-0035,0.46,Acta Neurobiol Exp (Wars),1.00,1.00,0.64,0,11,,,5,,,6,,,,,,,A7068:U7068,
7067,1738-5997,0.35,Electrolyte Blood Press,0.00,1.00,1.00,0,11,3,,,3,,,5,,,,,,A7069:U7069,
7068,1745-3062,0.27,J Vis Commun Med,0.64,0.27,0.64,0,11,1,2,,,4,,3,1,,,,,A7070:U7070,
7069,1753-4267,0.93,Innate Immun,0.82,1.00,0.82,2,11,,3,1,3,2,,2,,,,,,A7071:U7071,
7070,1754-5692,9.24,Energy Environ Sci,0.00,1.00,0.82,0,11,2,1,2,1,1,3,1,,,,,,A7072:U7072,
7071,1867-1764,0.35,Stat Biosci,0.00,1.00,0.55,0,11,2,1,,1,,3,3,1,,,,,A7073:U7073,
7072,1940-4379,0.36,J Long Term Eff Med Implants,1.00,0.00,0.00,0,11,,11,,,,,,,,,,,A7074:U7074,
7073,1943-2836,0.33,Int J Group Psychother,0.73,0.00,0.64,0,11,2,1,1,2,,1,3,1,,,,,A7075:U7075,
7074,1945-0826,0.56,Ethn Dis,1.00,0.27,0.36,0,11,,,,6,,5,,,,,,,A7076:U7076,
7075,2056-306X,0.54,Zoological Lett,0.00,1.00,1.00,0,11,2,5,1,1,,1,1,,,,,,A7077:U7077,
7076,2090-1941,,Radiol Res Pract,0.00,1.00,1.00,0,11,3,,,1,1,3,1,2,,,,,A7078:U7078,
7077,2090-2824,0.41,Int J Vasc Med,0.00,1.00,0.91,1,11,2,,1,2,1,1,2,2,,,,,A7079:U7079,
7078,2090-8059,0.54,J Osteoporos,0.00,1.00,1.00,0,11,1,2,,2,1,2,2,1,,,,,A7080:U7080,
7079,2154-1272,2.68,Transcription,0.82,0.36,0.91,1,11,,2,2,1,,1,3,2,,,,,A7081:U7081,
7080,2160-2204,0.58,JBJS Essent Surg Tech,0.00,1.00,1.00,0,11,3,,2,,4,2,,,,,,,A7082:U7082,
7081,2167-9436,0.25,Monoclon Antib Immunodiagn Immunother,0.73,0.09,0.91,0,11,,2,1,1,1,4,,2,,,,,A7083:U7083,
7082,2173-4712,1.49,Psychosoc Interv,1.00,1.00,0.00,0,11,5,,2,1,1,1,1,,,,,,A7084:U7084,
7083,2194-7619,,European J Pediatr Surg Rep,0.00,1.00,0.91,0,11,2,2,,1,,,3,3,,,,,A7085:U7085,
7084,2198-6401,0.74,Curr Sleep Med Rep,0.00,1.00,0.27,0,11,1,1,3,,2,2,1,1,,,,,A7086:U7086,
7085,2228-7531,0.42,Anesth Pain Med,0.00,1.00,0.82,0,11,3,5,,,3,,,,,,,,A7087:U7087,
7086,2332-2136,0.68,Transl Issues Psychol Sci,0.00,1.00,0.09,0,11,1,,,2,1,1,2,4,,,,,A7088:U7088,
7087,2345-2005,0.28,Mol Biol Res Commun,0.00,1.00,0.00,0,11,,,,,6,,5,,,,,,A7089:U7089,
7088,2377-3766,1.59,IEEE Robot Autom Lett,0.00,1.00,0.00,0,11,1,,1,3,1,3,1,1,,,,,A7090:U7090,
7089,2379-4925,0.62,Evid Based Pract Child Adolesc Ment Health,0.00,1.00,0.45,0,11,1,,1,1,3,,,5,,,,,A7091:U7091,
7090,2379-6227,1.14,Comput Psychiatr,0.00,1.00,1.00,0,11,4,1,1,2,,1,,2,,,,,A7092:U7092,
7091,2397-8570,0.85,Int Rev Soc Psychol,0.00,1.00,1.00,0,11,,,2,4,3,1,1,,,,,,A7093:U7093,
7092,2423-3439,0.35,Curr Med Mycol,0.00,1.00,0.00,0,11,,8,,3,,,,,,,,,A7094:U7094,
7093,2515-690X,0.61,J Evid Based Integr Med,1.00,1.00,1.00,0,11,3,4,,,1,,1,2,,,,,A7095:U7095,
7094,2515-7620,0.71,Environ Res Commun,0.00,1.00,1.00,0,11,,,,,9,2,,,,,,,A7096:U7096,
7095,2520-1131,12.43,Nat Electron,0.00,1.00,0.91,0,11,,,,6,,2,2,1,,,,,A7097:U7097,
7096,2520-1158,16.27,Nat Catal,0.00,1.00,0.64,0,11,1,,5,,,1,2,2,,,,,A7098:U7098,
7097,2589-9589,0.98,Aging Brain,0.00,1.00,0.00,0,11,1,,2,,2,,2,4,,,,,A7099:U7099,
7098,2590-2571,1.39,Curr Res Pharmacol Drug Discov,0.00,1.00,0.00,1,11,3,3,2,,2,1,,,,,,,A7100:U7100,
7099,2633-1055,0.72,Neurosci Insights,0.00,1.00,1.00,0,11,,1,3,2,1,2,1,1,,,,,A7101:U7101,
7100,2662-9275,,Glob Implement Res Appl,0.00,1.00,0.18,0,11,1,2,1,1,1,1,1,3,,,,,A7102:U7102,
7101,2689-6591,0.75,J Environ Sci Health C Toxicol Carcinog,0.64,0.27,0.82,0,11,1,2,1,1,,3,2,1,,,,,A7103:U7103,
7102,2750-6665,,NeuroImmune Pharm Ther,0.00,1.00,0.45,0,11,4,1,1,3,1,,,1,,,,,A7104:U7104,
7103,2755-0958,2.47,Camb Prism Extinct,0.00,1.00,1.00,0,11,1,1,2,,,3,,4,,,,,A7105:U7105,
7104,2771-554X,,JU Open Plus,0.00,1.00,0.73,0,11,2,3,1,,,2,1,2,,,,,A7106:U7106,
7105,2833-8073,,J CME,0.00,1.00,0.45,0,11,1,,2,1,1,2,1,3,,,,,A7107:U7107,
7106,2948-1716,,NPJ Womens Health,0.00,1.00,0.09,0,11,2,,3,3,,1,2,,,,,,A7108:U7108,
7107,3004-8656,,NPJ Biosens,0.00,1.00,0.00,0,11,,2,1,1,3,3,,1,,,,,A7109:U7109,
7108,3059-4774,,Immun Inflamm,0.00,1.00,0.09,0,11,2,3,3,3,,,,,,,,,A7110:U7110,
7109,3066-3377,,Serican J Med,0.00,1.00,0.00,0,11,,5,,1,2,3,,,,,,,A7111:U7111,
7110,0022-2461,0.73,J Mater Sci,0.00,1.00,0.90,0,10,2,1,1,,1,1,2,2,,,,,A7112:U7112,
7111,0035-9254,0.73,J R Stat Soc Ser C Appl Stat,0.00,0.90,0.60,0,10,1,,,1,1,3,1,3,,,,,A7113:U7113,
7112,0040-8891,0.2,Bull Tokyo Dent Coll,0.70,1.00,0.00,0,10,,4,,,3,,,3,,,,,A7114:U7114,
7113,0065-2407,0.13,Adv Child Dev Behav,0.80,0.00,0.00,0,10,,,,,,10,,,,,,,A7115:U7115,
7114,0165-0106,0.88,Erkenntnis,0.00,1.00,0.90,0,10,4,,5,,,1,,,,,,,A7116:U7116,
7115,0268-7038,0.71,Aphasiology,0.00,1.00,0.80,0,10,2,,1,1,1,3,1,1,,,,,A7117:U7117,
7116,0734-0451,0.71,Semin Hear,0.00,0.00,0.00,0,10,,,,10,,,,,,,,,A7118:U7118,
7117,0885-2006,1.25,Early Child Res Q,0.00,0.90,0.20,0,10,4,1,,,,,2,3,,,,,A7119:U7119,
7118,0921-030X,1.02,Nat Hazards (Dordr),0.00,1.00,0.80,0,10,1,1,1,3,3,,,1,,,,,A7120:U7120,
7119,0964-1998,0.89,J R Stat Soc Ser A Stat Soc,0.00,1.00,0.90,0,10,2,1,,,1,1,5,,,,,,A7121:U7121,
7120,1000-6834,0.21,Zhongguo Ying Yong Sheng Li Xue Za Zhi,0.10,1.00,0.00,0,10,3,7,,,,,,,,,,,A7122:U7122,
7121,1058-1243,0.25,J Perinat Educ,0.00,0.00,0.00,0,10,,,,,10,,,,,,,,A7123:U7123,
7122,1063-5823,0.33,Curr Top Membr,0.80,0.00,0.00,0,10,,,,,5,,5,,,,,,A7124:U7124,
7123,1096-0317,1.27,Soc Sci Res,0.00,0.80,0.10,0,10,1,1,,,2,3,2,1,,,,,A7125:U7125,
7124,1521-0499,0.55,Exp Lung Res,0.90,1.00,0.10,0,10,1,,2,2,1,,3,1,,,,,A7126:U7126,
7125,1530-9304,0.63,Evol Comput,0.00,0.00,0.10,0,10,3,3,2,1,1,,,,,,,,A7127:U7127,
7126,1563-5260,0.49,J Neurogenet,0.70,0.10,0.30,0,10,1,1,,2,3,1,2,,,,,,A7128:U7128,
7127,1612-3174,0.34,Ger Med Sci,1.00,1.00,0.00,0,10,,2,,,,1,7,,,,,,A7129:U7129,
7128,1698-6997,0.97,AIDS Rev,0.30,0.00,0.00,0,10,,2,,3,1,1,3,,,,,,A7130:U7130,
7129,1759-9954,0.73,Polym Chem,0.00,1.00,0.90,0,10,,1,2,2,,2,,3,,,,,A7131:U7131,
7130,1817-406X,0.75,Bot Stud,0.00,1.00,0.80,0,10,3,1,2,,1,1,,2,,,,,A7132:U7132,
7131,1872-7298,0.33,Gene Expr Patterns,0.60,0.20,0.00,0,10,2,,1,1,3,,1,2,,,,,A7133:U7133,
7132,1880-1293,0.3,Keio J Med,0.00,1.00,0.00,0,10,1,1,1,,,2,3,2,,,,,A7134:U7134,
7133,1883-0498,0.19,Kobe J Med Sci,1.00,1.00,0.00,0,10,1,2,,2,,4,1,,,,,,A7135:U7135,
7134,1932-6181,0.22,J Med Device,0.00,0.30,0.70,0,10,5,,,,,5,,,,,,,A7136:U7136,
7135,1941-0611,6.93,Ann Rev Mar Sci,0.00,0.00,0.00,0,10,1,,,,,1,3,5,,,,,A7137:U7137,
7136,1941-1189,2.6,IEEE Rev Biomed Eng,0.20,0.00,0.00,0,10,3,1,1,2,2,,1,,,,,,A7138:U7138,
7137,1943-2828,0.36,Bull Menninger Clin,1.00,0.00,0.00,0,10,,,5,,,5,,,,,,,A7139:U7139,
7138,2044-4753,0.83,Catal Sci Technol,0.00,1.00,1.00,0,10,1,1,2,1,,2,1,2,,,,,A7140:U7140,
7139,2046-9055,0.44,Paediatr Int Child Health,0.70,0.10,0.80,0,10,3,1,1,,1,2,2,,,,,,A7141:U7141,
7140,2047-8992,0.47,Nurse Res,0.10,0.00,0.00,0,10,1,2,1,,1,1,3,1,,,,,A7142:U7142,
7141,2050-7526,1.02,J Mater Chem C Mater,0.00,1.00,1.00,0,10,,,3,2,1,1,1,2,,,,,A7143:U7143,
7142,2054-2704,,JRSM Open,0.00,1.00,0.90,0,10,,3,,,3,,2,2,,,,,A7144:U7144,
7143,2105-0686,0.16,Biol Aujourdhui,0.80,0.00,0.00,0,10,5,,,,,,5,,,,,,A7145:U7145,
7144,2152-4998,0.55,Cell Reprogram,0.70,0.00,0.50,0,10,,1,2,,4,1,,2,,,,,A7146:U7146,
7145,2162-5468,,Adv Microb Physiol,1.00,0.00,0.00,0,10,,,,,5,,,5,,,,,A7147:U7147,
7146,2187-8404,,Food Saf (Tokyo),0.00,1.00,0.00,0,10,,,5,,,5,,,,,,,A7148:U7148,
7147,2192-8959,0.14,Case Rep Perinat Med,0.00,1.00,0.60,0,10,,,,,4,2,,4,,,,,A7149:U7149,
7148,2196-2995,,Curr Epidemiol Rep,0.00,0.90,0.60,0,10,2,1,,3,2,1,,1,,,,,A7150:U7150,
7149,2206-7418,1.11,Nanotheranostics,1.00,1.00,0.00,0,10,,5,,,5,,,,,,,,A7151:U7151,
7150,2235-8676,,Pulse (Basel),0.00,0.40,0.00,0,10,1,,1,,2,4,,2,,,,,A7152:U7152,
7151,2288-4084,,Korean J Clin Oncol,0.00,1.00,0.00,0,10,6,,,,4,,,,,,,,A7153:U7153,
7152,2325-8861,0.19,Comput Cardiol (2010),0.00,1.00,0.00,0,10,,2,,7,,,1,,,,,,A7154:U7154,
7153,2330-0698,,J Patient Cent Res Rev,0.00,1.00,0.00,0,10,,,,5,5,,,,,,,,A7155:U7155,
7154,2364-768X,0.51,Pleura Peritoneum,0.00,1.00,0.70,0,10,,,5,,,,5,,,,,,A7156:U7156,
7155,2381-4764,,Perspect ASHA Spec Interest Groups,0.00,1.00,0.60,0,10,,3,,1,2,2,2,,,,,,A7157:U7157,
7156,2451-9944,0.71,Neurobiol Sleep Circadian Rhythms,0.00,1.00,0.00,0,10,1,3,1,,1,1,1,2,,,,,A7158:U7158,
7157,2468-824X,0.18,Asian J Anesthesiol,0.60,0.00,0.00,0,10,,,1,,3,,6,,,,,,A7159:U7159,
7158,2561-3278,0.41,JMIR Biomed Eng,0.00,1.00,1.00,0,10,1,,,3,2,1,3,,,,,,A7160:U7160,
7159,2574-0954,0.51,Cardiovasc Endocrinol Metab,0.00,1.00,0.00,0,10,2,1,1,1,,2,3,,,,,,A7161:U7161,
7160,2631-7176,0.7,Wearable Technol,0.00,1.00,1.00,0,10,,1,1,2,1,4,,1,,,,,A7162:U7162,
7161,2665-9441,0.52,Curr Res Physiol,0.00,1.00,0.00,0,10,1,1,,,1,2,2,3,,,,,A7163:U7163,
7162,2666-6790,1.69,Tumour Virus Res,0.60,1.00,0.00,0,10,1,2,1,2,,1,2,1,,,,,A7164:U7164,
7163,2753-149X,,Oxf Open Neurosci,0.00,1.00,0.90,0,10,,,,2,1,3,,4,,,,,A7165:U7165,
7164,3004-8729,,BMC Methods,0.00,1.00,0.00,0,10,,2,3,,1,1,1,2,,,,,A7166:U7166,
7165,3050-6611,,J Card Fail Intersect,0.00,1.00,0.00,0,10,1,1,,1,,2,3,2,,,,,A7167:U7167,
7166,3091-4841,,Commun Health,0.00,1.00,0.00,0,10,,,,,,,6,4,,,,,A7168:U7168,
7167,0021-9568,0.47,J Chem Eng Data,0.00,1.00,0.89,0,9,1,1,1,,1,1,,4,,,,,A7169:U7169,
7168,0179-5376,0.54,Discrete Comput Geom,0.00,1.00,0.78,0,9,1,,2,3,,2,,1,,,,,A7170:U7170,
7169,0191-8869,1.19,Pers Individ Dif,0.00,0.89,0.11,0,9,1,1,1,,1,1,4,,,,,,A7171:U7171,
7170,0192-513X,0.9,J Fam Issues,0.00,1.00,0.44,0,9,2,1,3,1,,,2,,,,,,A7172:U7172,
7171,0723-4864,0.72,Exp Fluids,0.00,1.00,0.33,0,9,,,,2,2,,3,2,,,,,A7173:U7173,
7172,0882-2689,0.75,J Psychopathol Behav Assess,0.00,1.00,0.78,0,9,3,,1,,1,1,3,,,,,,A7174:U7174,
7173,0885-7474,1.32,J Sci Comput,0.00,1.00,1.00,0,9,,,2,2,3,,2,,,,,,A7175:U7175,
7174,0899-8205,0.26,Biomed Instrum Technol,1.00,0.00,0.00,0,9,,,1,1,1,3,2,1,,,,,A7176:U7176,
7175,0944-2669,2.37,Calc Var Partial Differ Equ,0.00,1.00,0.89,0,9,2,2,1,1,,1,2,,,,,,A7177:U7177,
7176,0969-5893,1.77,Clin Psychol (New York),0.00,1.00,0.11,0,9,,,1,3,1,2,,2,,,,,A7178:U7178,
7177,1044-6419,,J Law Health,1.00,0.00,0.00,0,9,,,,6,,3,,,,,,,A7179:U7179,
7178,1091-4358,0.63,J Ment Health Policy Econ,1.00,0.00,0.00,0,9,3,,3,,,3,,,,,,,A7180:U7180,
7179,1179-271X,,Patient Relat Outcome Meas,0.00,1.00,0.89,0,9,,1,1,4,1,2,,,,,,,A7181:U7181,
7180,1179-9900,,Degener Neurol Neuromuscul Dis,0.00,1.00,0.78,0,9,,2,1,1,3,2,,,,,,,A7182:U7182,
7181,1201-5989,0.49,Skin Therapy Lett,0.78,1.00,0.00,0,9,2,,2,,3,,,2,,,,,A7183:U7183,
7182,1334-6253,,Acta Med Hist Adriat,1.00,0.00,0.56,0,9,,,,9,,,,,,,,,A7184:U7184,
7183,1343-8832,0.86,Earth Planets Space,0.00,1.00,0.89,0,9,2,2,2,,1,,2,,,,,,A7185:U7185,
7184,1369-7021,4.91,Mater Today (Kidlington),0.00,0.89,0.33,0,9,1,,,1,2,3,1,1,,,,,A7186:U7186,
7185,1532-8546,0.27,Stapp Car Crash J,0.89,0.00,0.00,0,9,,3,,,,3,3,,,,,,A7187:U7187,
7186,1549-9669,0.16,Pediatr Emerg Med Pract,1.00,0.00,0.00,0,9,1,1,1,1,1,2,1,1,,,,,A7188:U7188,
7187,1557-4679,0.72,Int J Biostat,0.67,0.33,0.56,0,9,,2,,,3,3,1,,,,,,A7189:U7189,
7188,1559-002X,1.22,J Geom Anal,0.00,1.00,0.89,0,9,,2,2,1,1,1,1,1,,,,,A7190:U7190,
7189,1559-3908,0.13,Emerg Med Pract,0.89,0.00,0.00,0,9,1,1,2,1,1,1,1,1,,,,,A7191:U7191,
7190,1687-8639,0.4,Adv Virol,0.00,1.00,1.00,0,9,,,,,1,3,2,3,,,,,A7192:U7192,
7191,1719-8429,0.69,J Can Acad Child Adolesc Psychiatry,0.00,1.00,0.00,0,9,,,9,,,,,,,,,,A7193:U7193,
7192,1745-8234,0.18,Ambix,0.89,0.67,0.78,0,9,2,,,,,2,2,3,,,,,A7194:U7194,
7193,1758-1974,0.47,Lung Cancer Manag,0.00,1.00,0.33,0,9,1,2,1,3,,,2,,,,,,A7195:U7195,
7194,1758-8936,0.39,Cogn Neurosci,0.44,0.22,0.33,0,9,1,1,1,,2,1,2,1,,,,,A7196:U7196,
7195,1866-2625,1.36,School Ment Health,0.00,1.00,0.78,0,9,,,2,,,4,1,2,,,,,A7197:U7197,
7196,1868-9884,1.08,Sex Res Social Policy,0.00,0.78,0.33,0,9,3,1,4,1,,,,,,,,,A7198:U7198,
7197,1873-2720,0.4,Zoology (Jena),0.89,0.56,0.00,0,9,1,,2,2,3,,1,,,,,,A7199:U7199,
7198,1880-5779,0.55,Genes Genet Syst,0.78,1.00,0.00,0,9,,4,,3,1,1,,,,,,,A7200:U7200,
7199,1882-4110,,Nihon Saikingaku Zasshi,0.00,1.00,0.00,0,9,,,9,,,,,,,,,,A7201:U7201,
7200,1935-5068,0.22,J Dent Child (Chic),1.00,0.00,0.00,0,9,,,,9,,,,,,,,,A7202:U7202,
7201,2011-7922,0.34,Int J Psychol Res (Medellin),0.00,1.00,0.00,0,9,,,9,,,,,,,,,,A7203:U7203,
7202,2029-283X,,J Oral Maxillofac Res,0.00,1.00,0.00,0,9,,4,,,,5,,,,,,,A7204:U7204,
7203,2051-8153,1.08,Environ Sci Nano,0.00,1.00,1.00,0,9,1,2,4,,,1,1,,,,,,A7205:U7205,
7204,2052-1553,1.1,Inorg Chem Front,0.00,1.00,1.00,0,9,,2,2,,1,1,2,1,,,,,A7206:U7206,
7205,2090-3464,0.55,Adv Orthop,0.00,1.00,1.00,0,9,,,,1,,1,4,3,,,,,A7207:U7207,
7206,2091-0800,,Nepal J Epidemiol,0.00,1.00,0.00,0,9,6,,,,3,,,,,,,,A7208:U7208,
7207,2162-6448,0.57,Crit Rev Oncog,0.78,0.00,0.00,0,9,,9,,,,,,,,,,,A7209:U7209,
7208,2163-6079,0.51,Adv Parasitol,1.00,0.00,0.00,0,9,,,,,3,,6,,,,,,A7210:U7210,
7209,2190-5444,0.43,Eur Phys J Plus,0.00,1.00,0.89,0,9,,2,1,1,4,1,,,,,,,A7211:U7211,
7210,2193-3677,1.1,J Causal Inference,0.00,1.00,0.56,0,9,1,5,,,,2,,1,,,,,A7212:U7212,
7211,2196-5293,0.27,Clin Nephrol Case Stud,0.00,1.00,0.00,0,9,,1,1,2,3,1,,1,,,,,A7213:U7213,
7212,2219-0635,0.46,Onderstepoort J Vet Res,1.00,1.00,0.00,0,9,,,1,3,1,1,2,1,,,,,A7214:U7214,
7213,2231-3796,0.29,Indian J Otolaryngol Head Neck Surg,0.00,1.00,0.78,0,9,,,,,,9,,,,,,,A7215:U7215,
7214,2331-7019,1.25,Phys Rev Appl,0.00,1.00,0.78,0,9,,,,,5,2,1,1,,,,,A7216:U7216,
7215,2372-3556,0.62,Mol Cell Oncol,0.00,1.00,0.67,0,9,1,1,1,2,,2,1,1,,,,,A7217:U7217,
7216,2376-5992,0.62,PeerJ Comput Sci,0.00,1.00,0.22,1,9,2,1,1,4,,1,,,,,,,A7218:U7218,
7217,2376-6972,0.87,Stigma Health,0.00,1.00,0.56,0,9,2,3,,1,1,,2,,,,,,A7219:U7219,
7218,2397-3366,4.17,Nat Astron,0.00,1.00,0.89,0,9,2,2,,,,1,3,1,,,,,A7220:U7220,
7219,2468-7480,0.19,Adv Neurotoxicol,0.00,1.00,0.00,0,9,,,,,,5,1,3,,,,,A7221:U7221,
7220,2515-2564,1.38,Contact (Thousand Oaks),0.00,1.00,0.89,0,9,,2,2,,2,,3,,,,,,A7222:U7222,
7221,2563-3570,0.56,JMIR Bioinform Biotechnol,0.00,1.00,1.00,0,9,3,,2,3,1,,,,,,,,A7223:U7223,
7222,2575-9655,,Arch Clin Med Case Rep,0.00,1.00,0.00,0,9,,,2,1,2,1,1,2,,,,,A7224:U7224,
7223,2590-1362,0.7,Vaccine X,0.00,1.00,0.00,0,9,1,,,,,2,2,4,,,,,A7225:U7225,
7224,2661-8001,2.76,NPJ Urban Sustain,0.00,1.00,0.00,0,9,4,1,2,,,,1,1,,,,,A7226:U7226,
7225,2674-0095,,Front Mol Med,0.00,1.00,0.00,0,9,,1,1,1,3,1,1,1,,,,,A7227:U7227,
7226,2699-9307,1.06,Adv Nanobiomed Res,0.00,1.00,0.22,0,9,2,,,2,3,2,,,,,,,A7228:U7228,
7227,2754-7000,1.39,Env Sci Adv,0.00,1.00,0.89,0,9,,1,3,2,2,1,,,,,,,A7229:U7229,
7228,2813-4583,1.72,Gout Urate Cryst Depos Dis,0.00,1.00,1.00,0,9,,,,,,,2,7,,,,,A7230:U7230,
7229,2949-8562,,SSM Health Syst,0.00,0.89,0.56,0,9,2,,1,1,1,3,,1,,,,,A7231:U7231,
7230,2950-2470,0.38,Surg Oncol Insight,0.00,1.00,0.11,0,9,,,4,1,2,,1,1,,,,,A7232:U7232,
7231,3049-477X,,Mach Learn Health,0.00,1.00,0.67,0,9,6,,2,,,,1,,,,,,A7233:U7233,
7232,3051-3839,,Cell Press Blue,0.00,1.00,0.00,0,9,,,,,2,2,3,2,,,,,A7234:U7234,
7233,NLM9918863321306676,,Cancer Heterog Plast,0.00,1.00,0.22,0,9,1,1,2,1,2,1,1,,,,,,A7235:U7235,
7234,0006-3444,3.4,Biometrika,0.00,0.62,0.38,0,8,1,,,,1,5,,1,,,,,A7236:U7236,
7235,0022-4715,0.54,J Stat Phys,0.00,1.00,1.00,0,8,,,,,,4,2,2,,,,,A7237:U7237,
7236,0026-1394,0.49,Metrologia,0.00,1.00,0.38,0,8,,,,1,3,1,1,2,,,,,A7238:U7238,
7237,0037-7732,1.46,Soc Forces,0.00,0.88,0.25,0,8,,1,1,2,2,,2,,,,,,A7239:U7239,
7238,0040-4039,0.29,Tetrahedron Lett,0.00,1.00,0.12,0,8,,2,1,,1,1,2,1,,,,,A7240:U7240,
7239,0044-118X,0.91,Youth Soc,0.00,1.00,0.75,0,8,1,1,1,2,2,,,1,,,,,A7241:U7241,
7240,0178-8051,2.06,Probab Theory Relat Fields,0.00,1.00,0.25,0,8,,3,,,1,,,4,,,,,A7242:U7242,
7241,0268-3768,0.71,Int J Adv Manuf Technol,0.00,1.00,0.75,0,8,,1,2,1,1,2,,1,,,,,A7243:U7243,
7242,0269-8897,0.14,Sci Context,0.00,0.12,0.88,0,8,4,,,2,,1,1,,,,,,A7244:U7244,
7243,0370-0747,0.42,Polim Med,1.00,1.00,0.00,0,8,,,1,1,,,6,,,,,,A7245:U7245,
7244,1029-2292,0.62,Growth Factors,0.88,0.00,0.12,0,8,,2,1,1,1,,3,,,,,,A7246:U7246,
7245,1056-263X,0.67,J Dev Phys Disabil,0.00,1.00,0.75,0,8,3,2,,2,,1,,,,,,,A7247:U7247,
7246,1061-8600,1.33,J Comput Graph Stat,0.00,1.00,0.38,0,8,1,,,2,2,3,,,,,,,A7248:U7248,
7247,1074-7583,0.35,J Agric Saf Health,1.00,0.00,0.00,0,8,,,6,,2,,,,,,,,A7249:U7249,
7248,1090-0578,0.25,Nonlinear Dynamics Psychol Life Sci,0.50,0.00,0.00,0,8,,,4,,,,4,,,,,,A7250:U7250,
7249,1176-9343,0.38,Evol Bioinform Online,0.00,1.00,0.88,0,8,,2,2,1,2,,,1,,,,,A7251:U7251,
7250,1179-1527,,Open Access J Contracept,0.00,1.00,1.00,0,8,,1,1,1,,2,1,2,,,,,A7252:U7252,
7251,1179-2728,1.03,Lung Cancer (Auckl),0.00,1.00,0.88,0,8,2,1,1,,3,1,,,,,,,A7253:U7253,
7252,1179-2744,0.79,Eye Brain,0.00,1.00,0.88,0,8,1,1,4,,1,,,1,,,,,A7254:U7254,
7253,1359-5997,1.28,Mater Struct,0.00,1.00,1.00,0,8,1,,3,,2,,1,1,,,,,A7255:U7255,
7254,1360-7804,0.89,Sociol Res Online,0.00,1.00,0.50,0,8,,,3,5,,,,,,,,,A7256:U7256,
7255,1432-7643,0.66,Soft comput,0.00,1.00,0.75,15,8,,,1,,,,7,,,,,,A7257:U7257,
7256,1469-2910,0.35,Anthropol Med,0.62,0.50,0.62,0,8,4,,1,1,1,,1,,,,,,A7258:U7258,
7257,1475-2654,1.13,Anim Health Res Rev,0.50,0.00,0.50,0,8,,1,,,4,,1,2,,,,,A7259:U7259,
7258,1477-8602,0.26,Math Med Biol,0.62,0.50,0.38,0,8,1,1,,1,,,3,2,,,,,A7260:U7260,
7259,1530-1605,0.21,Proc Annu Hawaii Int Conf Syst Sci,0.00,1.00,0.00,0,8,3,,1,4,,,,,,,,,A7261:U7261,
7260,1530-437X,0.95,IEEE Sens J,0.00,1.00,0.25,0,8,,,,4,1,1,,2,,,,,A7262:U7262,
7261,1533-7731,0.41,Am Indian Alsk Native Ment Health Res,1.00,0.25,0.00,0,8,,4,,,,4,,,,,,,A7263:U7263,
7262,1541-4159,0.18,J Drug Educ,0.75,0.38,1.00,0,8,,,4,1,1,,1,1,,,,,A7264:U7264,
7263,1644-4345,0.28,Nucl Med Rev Cent East Eur,0.62,0.00,0.88,0,8,,,,1,2,,3,2,,,,,A7265:U7265,
7264,1657-9534,0.19,Colomb Med (Cali),0.75,1.00,0.88,0,8,,,2,2,4,,,,,,,,A7266:U7266,
7265,1664-5464,0.39,Dement Geriatr Cogn Dis Extra,0.00,1.00,0.00,0,8,2,,,2,1,2,1,,,,,,A7267:U7267,
7266,1687-9104,0.44,Adv Hematol,0.00,1.00,0.88,0,8,,,,,2,2,1,3,,,,,A7268:U7268,
7267,1742-4690,1.36,Retrovirology,0.88,1.00,0.12,0,8,,4,1,,,3,,,,,,,A7269:U7269,
7268,1744-6155,0.54,J Spec Pediatr Nurs,0.88,0.75,1.00,0,8,,1,2,,2,,3,,,,,,A7270:U7270,
7269,1758-678X,7.98,Nat Clim Chang,0.00,1.00,0.88,0,8,2,3,1,,1,1,,,,,,,A7271:U7271,
7270,1803-6465,0.46,Folia Parasitol,1.00,1.00,1.00,0,8,,,,2,1,2,,3,,,,,A7272:U7272,
7271,1852-4834,0.37,Acta Odontol Latinoam,0.00,1.00,1.00,0,8,,8,,,,,,,,,,,A7273:U7273,
7272,1873-3301,2.09,Prog Nucl Magn Reson Spectrosc,0.12,0.25,0.00,0,8,,,,,4,,,4,,,,,A7274:U7274,
7273,1932-7005,0.62,J Tissue Eng Regen Med,0.88,1.00,0.88,1,8,4,1,,1,,2,,,,,,,A7275:U7275,
7274,1933-690X,0.46,Prion,0.75,1.00,0.75,0,8,1,3,2,,,1,,1,,,,,A7276:U7276,
7275,1944-8171,,Int J Physiol Pathophysiol Pharmacol,0.00,1.00,0.00,0,8,3,,3,,,1,1,,,,,,A7277:U7277,
7276,1951-6355,0.38,Eur Phys J Spec Top,0.00,1.00,0.88,0,8,1,,1,1,,,3,2,,,,,A7278:U7278,
7277,2040-2309,0.59,J Healthc Eng,0.00,1.00,0.00,40,8,,2,,1,,1,4,,,,,,A7279:U7279,
7278,2152-0828,0.77,Psychol Violence,0.00,1.00,0.12,0,8,1,1,1,1,,2,,2,,,,,A7280:U7280,
7279,2155-1200,0.37,J Nutr Gerontol Geriatr,0.88,0.12,0.25,0,8,2,,,3,,,2,1,,,,,A7281:U7281,
7280,2161-8674,,Int J MCH AIDS,0.00,1.00,0.50,0,8,,,,,5,,1,2,,,,,A7282:U7282,
7281,2169-897X,1.56,J Geophys Res Atmos,0.00,0.88,0.62,0,8,1,1,1,2,1,2,,,,,,,A7283:U7283,
7282,2195-0571,0.7,J Astronaut Sci,0.00,1.00,0.62,0,8,,2,2,,1,2,1,,,,,,A7284:U7284,
7283,2210-5433,1.55,Philos Technol,0.00,1.00,0.88,0,8,1,1,1,1,2,,1,1,,,,,A7285:U7285,
7284,2330-1910,,Am J Clin Exp Urol,0.00,1.00,0.00,0,8,2,,3,,1,,2,,,,,,A7286:U7286,
7285,2397-4621,3.47,Npj Flex Electron,0.00,1.00,0.12,0,8,,2,1,2,1,1,1,,,,,,A7287:U7287,
7286,2397-7132,2.38,NPJ 2D Mater Appl,0.00,1.00,0.00,0,8,1,2,2,1,,1,,1,,,,,A7288:U7288,
7287,2468-3574,0.3,Int J Surg Protoc,0.00,1.00,0.75,0,8,,,2,,1,,,5,,,,,A7289:U7289,
7288,2469-9950,1.24,Phys Rev B,0.00,1.00,0.75,0,8,,,,,4,2,1,1,,,,,A7290:U7290,
7289,2504-284X,0.74,Front Educ (Lausanne),0.00,1.00,0.12,0,8,1,2,,,1,1,2,1,,,,,A7291:U7291,
7290,2509-596X,0.47,Ultrasound Int Open,0.00,1.00,0.88,0,8,,,,3,,4,,1,,,,,A7292:U7292,
7291,2524-7867,3.03,Biochar,0.00,1.00,1.00,0,8,3,1,2,1,,,1,,,,,,A7293:U7293,
7292,2632-0886,0.47,UCL Open Environ,0.00,1.00,1.00,0,8,,1,,,2,2,2,1,,,,,A7294:U7294,
7293,2632-6663,,Incarceration,0.00,1.00,0.88,0,8,,,,8,,,,,,,,,A7295:U7295,
7294,2633-2892,0.81,QRB Discov,0.00,1.00,0.75,0,8,2,,,,4,1,,1,,,,,A7296:U7296,
7295,2634-3606,1.09,Environ Sci Atmos,0.00,1.00,1.00,0,8,,1,1,,,1,4,1,,,,,A7297:U7297,
7296,2635-2265,,Exposome,0.00,1.00,0.88,0,8,1,,5,,,1,1,,,,,,A7298:U7298,
7297,2651-3463,0.56,Turk Psikiyatri Derg,1.00,1.00,0.00,0,8,,,8,,,,,,,,,,A7299:U7299,
7298,2665-945X,1.09,Curr Res Neurobiol,0.00,1.00,0.00,0,8,,2,,2,1,2,,1,,,,,A7300:U7300,
7299,2666-9153,0.86,J Affect Disord Rep,0.00,1.00,0.88,0,8,,,2,1,1,3,,1,,,,,A7301:U7301,
7300,2667-1093,3.3,Chem Catal,0.00,0.75,0.12,0,8,,,1,5,1,,1,,,,,,A7302:U7302,
7301,2731-0582,6.18,Nat Synth,0.00,1.00,0.75,0,8,1,2,3,,2,,,,,,,,A7303:U7303,
7302,2731-684X,,BMC Digit Health,0.00,1.00,0.25,0,8,,,3,,1,,2,2,,,,,A7304:U7304,
7303,2752-5457,1.26,touchREV Endocrinol,0.00,1.00,0.00,0,8,,,,,,8,,,,,,,A7305:U7305,
7304,2758-6391,,J Microorg Control,1.00,1.00,0.00,0,8,,,4,,,4,,,,,,,A7306:U7306,
7305,2773-0417,2.14,Extracell Vesicle,0.00,1.00,0.88,0,8,1,,,,,3,2,2,,,,,A7307:U7307,
7306,2773-1766,,Redox Biochem Chem,0.00,1.00,0.62,0,8,1,,,3,1,3,,,,,,,A7308:U7308,
7307,2832-3556,,Proteoglycan Res,0.00,1.00,0.88,0,8,3,1,,,,,2,2,,,,,A7309:U7309,
7308,2950-2535,0.46,AJO Int,0.00,1.00,0.62,0,8,2,2,1,3,,,,,,,,,A7310:U7310,
7309,2950-3868,,Am J Geriatr Psychiatry Open Sci Educ Pract,0.00,1.00,0.00,0,8,3,,,1,1,2,1,,,,,,A7311:U7311,
7310,2950-6360,,Newton,0.00,1.00,0.00,0,8,1,,2,1,1,2,,1,,,,,A7312:U7312,
7311,2958-1796,0.48,Interspeech,0.00,1.00,0.00,0,8,1,2,4,,1,,,,,,,,A7313:U7313,
7312,2976-8713,0.78,RSC Pharm,0.00,1.00,1.00,0,8,2,1,1,,,2,2,,,,,,A7314:U7314,
7313,3004-8664,,NPJ Sustain Mobil Transp,0.00,1.00,0.00,0,8,1,4,2,,,1,,,,,,,A7315:U7315,
7314,3033-4063,,EES Solar,0.00,1.00,1.00,0,8,1,2,2,,,,2,1,,,,,A7316:U7316,
7315,3050-4759,,Next Res,0.00,0.88,0.50,0,8,2,,,1,2,3,,,,,,,A7317:U7317,
7316,3050-5976,,Blood Immunol Cell Ther,0.00,1.00,0.62,0,8,1,1,,1,2,1,2,,,,,,A7318:U7318,
7317,3050-6328,,J Precis Med (Amst),0.00,1.00,0.50,0,8,,1,1,,1,1,3,1,,,,,A7319:U7319,
7318,3068-4129,,Anesthesiol Open,0.00,1.00,0.12,0,8,,,3,1,,2,1,1,,,,,A7320:U7320,
7319,NLM9919209372306676,,Find ACL EMNLP,0.00,1.00,0.00,0,8,4,3,,,,,1,,,,,,A7321:U7321,
7320,NLM9919209771606676,,Myoelectr Control Upper Limb Prosthet Symp,0.00,1.00,0.00,0,8,,1,,6,,,1,,,,,,A7322:U7322,
7321,0003-1224,3.28,Am Sociol Rev,0.00,1.00,0.57,0,7,,1,1,2,1,1,1,,,,,,A7323:U7323,
7322,0022-2429,12.23,J Mark,0.00,1.00,0.86,0,7,,,3,3,,1,,,,,,,A7324:U7324,
7323,0038-0261,1.16,Sociol Rev,0.00,1.00,0.00,0,7,,,6,1,,,,,,,,,A7325:U7325,
7324,0040-4020,0.36,Tetrahedron,0.00,1.00,0.14,0,7,1,2,2,1,,,,1,,,,,A7326:U7326,
7325,0042-6857,,Uirusu,0.43,1.00,0.00,0,7,,,7,,,,,,,,,,A7327:U7327,
7326,0042-8787,0.15,Vopr Kurortol Fizioter Lech Fiz Kult,1.00,0.00,1.00,0,7,7,,,,,,,,,,,,A7328:U7328,
7327,0090-5364,3.7,Ann Stat,0.00,1.00,0.29,0,7,1,,1,1,,3,1,,,,,,A7329:U7329,
7328,0236-5731,0.35,J Radioanal Nucl Chem,0.00,1.00,0.86,0,7,5,,,1,1,,,,,,,,A7330:U7330,
7329,0258-8900,1.22,Bull Volcanol,0.00,1.00,0.43,0,7,1,,,1,1,1,2,1,,,,,A7331:U7331,
7330,0303-8300,0.92,Soc Indic Res,0.00,1.00,0.86,0,7,2,,2,1,1,,,1,,,,,A7332:U7332,
7331,0883-7694,1.27,MRS Bull,0.00,1.00,1.00,0,7,,,4,2,,1,,,,,,,A7333:U7333,
7332,0889-9401,,Anal Verbal Behav,0.00,0.29,1.00,0,7,,,,,,,,7,,,,,A7334:U7334,
7333,0960-3115,1.03,Biodivers Conserv,0.00,1.00,0.43,0,7,1,,1,2,1,,1,1,,,,,A7335:U7335,
7334,0963-7214,2.98,Curr Dir Psychol Sci,0.00,1.00,0.57,0,7,2,1,,2,,,1,1,,,,,A7336:U7336,
7335,1063-6919,6.47,Proc IEEE Comput Soc Conf Comput Vis Pattern Recognit,0.00,1.00,0.00,0,7,,,,2,2,1,1,1,,,,,A7337:U7337,
7336,1077-260X,1.07,IEEE J Sel Top Quantum Electron,0.00,1.00,0.43,0,7,2,1,2,,1,,,1,,,,,A7338:U7338,
7337,1089-2680,1.51,Rev Gen Psychol,0.00,1.00,1.00,0,7,,,5,2,,,,,,,,,A7339:U7339,
7338,1214-0287,0.51,J Appl Biomed,1.00,1.00,1.00,0,7,,,2,,,5,,,,,,,A7340:U7340,
7339,1309-1042,1.04,Atmos Pollut Res,0.00,0.71,0.14,0,7,1,1,,2,1,,1,1,,,,,A7341:U7341,
7340,1340-3516,0.21,J Equine Sci,0.00,1.00,0.00,0,7,,,5,,,2,,,,,,,A7342:U7342,
7341,1352-2310,1.25,Atmos Environ (1994),0.00,0.71,0.43,0,7,2,,,2,,1,,2,,,,,A7343:U7343,
7342,1387-3741,0.47,Health Serv Outcomes Res Methodol,0.00,1.00,0.14,0,7,1,1,2,,2,,1,,,,,,A7344:U7344,
7343,1387-3806,0.4,Int J Mass Spectrom,0.00,0.86,0.29,0,7,2,1,1,,1,1,1,,,,,,A7345:U7345,
7344,1421-9794,0.44,Chemotherapy,0.00,0.43,0.00,0,7,1,1,,1,1,2,1,,,,,,A7346:U7346,
7345,1424-0661,0.92,Ann Henri Poincare,0.00,1.00,0.86,0,7,1,2,1,,1,1,,1,,,,,A7347:U7347,
7346,1523-7834,,J Assoc Genet Technol,0.00,0.00,0.00,0,7,,,3,,,4,,,,,,,A7348:U7348,
7347,1532-2378,0.5,Anim Biotechnol,0.71,1.00,0.29,1,7,,4,1,1,,1,,,,,,,A7349:U7349,
7348,1544-6115,0.23,Stat Appl Genet Mol Biol,0.86,0.29,0.43,0,7,,2,,,3,,1,1,,,,,A7350:U7350,
7349,1545-2085,12.94,Annu Rev Psychol,0.14,0.14,0.00,0,7,2,,,,,,,5,,,,,A7351:U7351,
7350,1549-7798,2.55,Crit Rev Biochem Mol Biol,0.29,0.43,0.71,0,7,,1,1,,,2,2,1,,,,,A7352:U7352,
7351,1559-2723,0.89,Estuaries Coast,0.00,0.86,0.86,0,7,,1,1,1,1,1,1,1,,,,,A7353:U7353,
7352,1572-9877,0.5,Crit Criminol,0.00,1.00,1.00,0,7,6,,,,,,,1,,,,,A7354:U7354,
7353,1573-0530,0.73,Lett Math Phys,0.00,1.00,1.00,0,7,,1,3,,,1,1,1,,,,,A7355:U7355,
7354,1687-4757,1.0,PPAR Res,0.00,1.00,0.57,1,7,,2,,1,1,1,2,,,,,,A7356:U7356,
7355,1687-5273,,Comput Intell Neurosci,0.00,1.00,0.00,46,7,,1,,,,3,2,1,,,,,A7357:U7357,
7356,1746-8094,1.34,Biomed Signal Process Control,0.00,0.86,0.43,0,7,1,,,1,3,,2,,,,,,A7358:U7358,
7357,1862-4057,1.55,Sustain Sci,0.00,1.00,0.86,0,7,5,,,,2,,,,,,,,A7359:U7359,
7358,1871-5125,,Profiles Drug Subst Excip Relat Methodol,0.86,0.00,0.00,0,7,,7,,,,,,,,,,,A7360:U7360,
7359,1875-7855,0.21,Prog Brain Res,0.86,0.00,0.00,0,7,,,,,,,,7,,,,,A7361:U7361,
7360,1875-8630,,Dis Markers,0.00,1.00,0.00,31,7,,1,1,,2,1,2,,,,,,A7362:U7362,
7361,1876-4517,1.5,Food Secur,0.00,1.00,0.57,0,7,1,,2,,2,,2,,,,,,A7363:U7363,
7362,1938-2022,0.59,Islets,1.00,1.00,0.71,0,7,1,1,,1,2,,2,,,,,,A7364:U7364,
7363,1949-8454,,World J Biol Chem,0.00,1.00,0.00,0,7,,,1,,,6,,,,,,,A7365:U7365,
7364,2040-2058,0.84,Antivir Ther,1.00,1.00,1.00,0,7,,,,3,2,,,2,,,,,A7366:U7366,
7365,2054-670X,0.52,Psychol Belg,0.00,1.00,1.00,0,7,,1,2,,,2,2,,,,,,A7367:U7367,
7366,2153-7933,0.32,Ther Hypothermia Temp Manag,0.14,0.00,0.86,0,7,1,,1,,,1,2,2,,,,,A7368:U7368,
7367,2156-1125,,Proceedings (IEEE Int Conf Bioinformatics Biomed),0.00,1.00,0.00,0,7,,1,1,,1,3,1,,,,,,A7369:U7369,
7368,2162-6537,,J Environ Pathol Toxicol Oncol,1.00,0.00,0.00,0,7,,7,,,,,,,,,,,A7370:U7370,
7369,2167-6968,0.91,Emerg Adulthood,0.00,1.00,0.71,0,7,1,3,1,1,,1,,,,,,,A7371:U7371,
7370,2185-5323,,Jpn J Compr Rehabil Sci,0.00,1.00,0.00,0,7,,,,1,,1,3,2,,,,,A7372:U7372,
7371,2193-1127,0.65,EPJ Data Sci,0.00,1.00,0.29,0,7,1,,2,1,1,,,2,,,,,A7373:U7373,
7372,2193-7680,0.55,Crime Sci,0.00,1.00,1.00,0,7,,,,2,1,1,1,2,,,,,A7374:U7374,
7373,2195-8831,,GMS Infect Dis,0.00,1.00,0.00,0,7,3,1,1,,,1,1,,,,,,A7375:U7375,
7374,2214-1405,0.81,J Transp Health,0.00,0.71,0.14,0,7,1,,1,,1,,4,,,,,,A7376:U7376,
7375,2233-6249,,J Epilepsy Res,0.00,1.00,0.00,0,7,,,,,,7,,,,,,,A7377:U7377,
7376,2245-8875,,Scand J Child Adolesc Psychiatr Psychol,0.00,1.00,0.00,0,7,,,1,1,1,1,3,,,,,,A7378:U7378,
7377,2322-2522,,Bull Emerg Trauma,0.00,1.00,0.00,0,7,,,,,,,,7,,,,,A7379:U7379,
7378,2326-4403,0.22,Health Behav Policy Rev,0.00,1.00,0.00,0,7,,1,,1,,5,,,,,,,A7380:U7380,
7379,2364-9534,,AAPS Open,0.00,1.00,0.86,0,7,1,1,,2,,,3,,,,,,A7381:U7381,
7380,2366-5963,0.75,J Technol Behav Sci,0.00,1.00,0.71,0,7,2,,1,,1,,1,2,,,,,A7382:U7382,
7381,2367-1890,,Sports Med Int Open,0.00,1.00,0.86,0,7,1,,1,,,2,,3,,,,,A7383:U7383,
7382,2378-0231,0.84,Socius,0.00,1.00,0.57,0,7,2,2,,1,1,1,,,,,,,A7384:U7384,
7383,2397-4648,2.29,NPJ Quantum Mater,0.00,1.00,0.00,0,7,,1,2,,,1,1,2,,,,,A7385:U7385,
7384,2398-2128,,Brain Neurosci Adv,0.00,1.00,0.86,0,7,,1,1,2,,2,1,,,,,,A7386:U7386,
7385,2436-2956,,GHM Open,0.00,1.00,0.00,0,7,,,,,,7,,,,,,,A7387:U7387,
7386,2451-9766,1.09,Expo Health,0.00,0.86,0.86,0,7,,2,2,1,,,1,1,,,,,A7388:U7388,
7387,2474-9567,1.21,Proc ACM Interact Mob Wearable Ubiquitous Technol,0.00,1.00,0.57,0,7,1,1,2,1,1,1,,,,,,,A7389:U7389,
7388,2504-3188,0.61,Lifestyle Genom,0.71,1.00,0.00,0,7,2,2,,1,,,1,1,,,,,A7390:U7390,
7389,2515-7647,1.61,JPhys Photonics,0.00,1.00,0.86,0,7,,1,1,,,2,3,,,,,,A7391:U7391,
7390,2516-5658,,Vasc Biol,0.00,1.00,0.86,0,7,2,1,,2,,,2,,,,,,A7392:U7392,
7391,2523-0204,1.2,Cell Stress,0.00,1.00,0.00,0,7,1,1,,1,1,,2,1,,,,,A7393:U7393,
7392,2532-2044,0.31,Qual Res Med Healthc,0.00,1.00,0.00,0,7,4,1,,1,,,,1,,,,,A7394:U7394,
7393,2572-6676,0.5,Min Technol (Abingdon),0.00,1.00,0.57,0,7,,,,,7,,,,,,,,A7395:U7395,
7394,2572-9292,,Cardiol Cardiovasc Med,0.00,1.00,0.14,0,7,,,2,2,2,1,,,,,,,A7396:U7396,
7395,2573-0436,1.06,IEEE Trans Comput Imaging,0.00,1.00,0.14,0,7,,1,3,,,1,2,,,,,,A7397:U7397,
7396,2631-9179,0.51,Contin Educ,0.00,1.00,0.86,0,7,,2,1,2,,1,,1,,,,,A7398:U7398,
7397,2632-0843,,Res Methods Med Health Sci,0.00,1.00,1.00,0,7,,,7,,,,,,,,,,A7399:U7399,
7398,2632-2153,0.87,Mach Learn Sci Technol,0.00,1.00,0.57,0,7,2,,1,1,,2,,1,,,,,A7400:U7400,
7399,2634-9825,,Environ Plan F Philos Theory Models Method Pract,0.00,1.00,1.00,0,7,,,4,3,,,,,,,,,A7401:U7401,
7400,2635-0998,0.8,Sens Diagn,0.00,1.00,0.86,0,7,,1,1,1,1,,2,1,,,,,A7402:U7402,
7401,2637-8051,1.71,ACM Trans Comput Healthc,0.00,1.00,0.57,0,7,,1,1,2,,1,2,,,,,,A7403:U7403,
7402,2666-5581,0.81,Wellbeing Space Soc,0.00,1.00,0.57,0,7,1,,1,,,3,1,1,,,,,A7404:U7404,
7403,2724-5772,0.39,Minerva Cardiol Angiol,0.00,0.29,0.00,0,7,1,4,2,,,,,,,,,,A7405:U7405,
7404,2730-5945,,Biomed Eng Educ,0.00,0.86,0.71,0,7,1,4,,,1,,1,,,,,,A7406:U7406,
7405,2731-0809,1.18,Discov Artif Intell,0.00,1.00,0.14,0,7,1,,1,,,,2,3,,,,,A7407:U7407,
7406,2731-4278,,Npj Robot,0.00,1.00,0.00,0,7,1,,3,1,,,,2,,,,,A7408:U7408,
7407,2731-9202,1.04,NPJ Sustain Agric,0.00,1.00,0.00,0,7,,1,,,1,3,1,1,,,,,A7409:U7409,
7408,2755-371X,0.9,RSC Appl Polym,0.00,1.00,1.00,0,7,2,1,,,1,3,,,,,,,A7410:U7410,
7409,2765-3080,,J Hosp Palliat Care,0.00,1.00,1.00,0,7,,,3,,,4,,,,,,,A7411:U7411,
7410,2766-3604,,Otol Neurotol Open,0.00,1.00,0.00,0,7,,,6,,,,1,,,,,,A7412:U7412,
7411,2813-2106,0.44,Dystonia,0.00,1.00,0.14,0,7,,,,,1,2,2,2,,,,,A7413:U7413,
7412,2817-092X,0.47,JMIR Neurotechnol,0.00,1.00,1.00,0,7,,,,2,3,,2,,,,,,A7414:U7414,
7413,2949-6829,0.29,Drug Metab Bioanal Lett,0.14,0.00,0.86,0,7,7,,,,,,,,,,,,A7415:U7415,
7414,3006-6514,,J Respir Biol Transl Med,0.00,1.00,0.00,0,7,2,,2,1,,1,1,,,,,,A7416:U7416,
7415,3066-2761,,Pediatr Open Sci,0.00,1.00,0.14,0,7,2,,,1,2,,2,,,,,,A7417:U7417,
7416,3091-2784,,NPJ Digit Public Health,0.00,1.00,0.00,0,7,,1,,1,1,1,2,1,,,,,A7418:U7418,
7417,NLM101550545,,ASSETS,0.00,1.00,0.14,0,7,,,2,2,1,2,,,,,,,A7419:U7419,
7418,NLM9919251316306676,,EXO,0.00,1.00,0.00,0,7,,1,,1,2,,1,2,,,,,A7420:U7420,
7419,0004-640X,0.54,Astrophys Space Sci,0.00,1.00,0.33,0,6,3,,,,,,2,1,,,,,A7421:U7421,
7420,0010-4140,3.8,Comp Polit Stud,0.00,1.00,1.00,0,6,,1,,,,,2,3,,,,,A7422:U7422,
7421,0022-1120,1.28,J Fluid Mech,0.00,1.00,0.83,0,6,,1,1,1,1,1,1,,,,,,A7423:U7423,
7422,0033-5177,0.83,Qual Quant,0.00,1.00,1.00,0,6,,2,1,1,,2,,,,,,,A7424:U7424,
7423,0045-7825,2.32,Comput Methods Appl Mech Eng,0.00,0.83,0.17,0,6,,,,2,,3,1,,,,,,A7425:U7425,
7424,0091-4509,1.0,Contemp Drug Probl,0.00,1.00,0.83,0,6,2,,,,,,4,,,,,,A7426:U7426,
7425,0092-6566,1.62,J Res Pers,0.00,1.00,0.17,0,6,,2,1,,2,1,,,,,,,A7427:U7427,
7426,0142-7164,1.29,Appl Psycholinguist,0.00,1.00,0.83,0,6,2,1,1,,1,,,1,,,,,A7428:U7428,
7427,0167-9228,0.14,Tijdschr Gerontol Geriatr,0.83,0.00,0.00,0,6,,,,3,,,3,,,,,,A7429:U7429,
7428,0168-2563,1.54,Biogeochemistry,0.00,1.00,1.00,0,6,2,,1,,1,,,2,,,,,A7430:U7430,
7429,0178-4617,0.57,Algorithmica,0.00,1.00,0.33,0,6,,,1,1,1,2,,1,,,,,A7431:U7431,
7430,0199-0039,0.83,Popul Environ,0.00,1.00,0.00,0,6,,,1,3,1,1,,,,,,,A7432:U7432,
7431,0360-1323,1.91,Build Environ,0.00,0.83,0.50,0,6,,,,,2,2,1,1,,,,,A7433:U7433,
7432,0378-8733,1.2,Soc Networks,0.00,1.00,0.50,0,6,1,,,2,1,1,1,,,,,,A7434:U7434,
7433,0924-090X,1.1,Nonlinear Dyn,0.00,1.00,0.33,0,6,,,1,1,,,3,1,,,,,A7435:U7435,
7434,0929-6212,0.49,Wirel Pers Commun,0.00,1.00,0.50,6,6,,,,,,,6,,,,,,A7436:U7436,
7435,0948-3349,1.54,Int J Life Cycle Assess,0.00,1.00,1.00,0,6,,4,1,,,1,,,,,,,A7437:U7437,
7436,1017-0405,1.03,Stat Sin,0.00,0.83,0.00,0,6,,,1,3,,1,1,,,,,,A7438:U7438,
7437,1023-8883,0.61,Tribol Lett,0.00,1.00,0.33,0,6,2,,,2,1,,1,,,,,,A7439:U7439,
7438,1077-7229,1.04,Cogn Behav Pract,0.00,0.67,0.00,0,6,,1,1,,2,1,,1,,,,,A7440:U7440,
7439,1099-4831,1.04,Alkaloids Chem Biol,0.67,0.00,0.00,0,6,,,,3,,,3,,,,,,A7441:U7441,
7440,1132-1989,0.12,Cuad Bioet,1.00,1.00,1.00,0,6,,,,,6,,,,,,,,A7442:U7442,
7441,1179-1543,0.56,Open Access J Sports Med,0.00,1.00,1.00,0,6,2,3,,1,,,,,,,,,A7443:U7443,
7442,1179-7282,,Res Rep Trop Med,0.00,1.00,1.00,0,6,,,2,,,,2,2,,,,,A7444:U7444,
7443,1380-7501,0.8,Multimed Tools Appl,0.00,1.00,0.67,5,6,,,,,,1,5,,,,,,A7445:U7445,
7444,1423-0380,0.8,Tumour Biol,0.67,1.00,0.67,17,6,1,,,,2,,2,1,,,,,A7446:U7446,
7445,1432-069X,0.78,Arch Dermatol Res,0.00,0.67,1.00,0,6,1,1,2,2,,,,,,,,,A7447:U7447,
7446,1432-9840,1.42,Ecosystems,0.00,0.83,0.67,0,6,,1,,2,,2,,1,,,,,A7448:U7448,
7447,1434-193X,0.5,European J Org Chem,0.00,1.00,0.50,0,6,,1,1,,1,1,1,1,,,,,A7449:U7449,
7448,1434-601X,0.81,Eur Phys J A Hadron Nucl,0.00,1.00,0.83,0,6,1,1,1,,,1,2,,,,,,A7450:U7450,
7449,1435-9871,0.93,Demogr Res,0.00,1.00,0.17,0,6,1,,,1,2,2,,,,,,,A7451:U7451,
7450,1545-2093,8.65,Annu Rev Public Health,1.00,1.00,0.00,0,6,2,,,4,,,,,,,,,A7452:U7452,
7451,1550-5499,6.19,Proc IEEE Int Conf Comput Vis,0.00,1.00,0.00,0,6,,,,,4,,2,,,,,,A7453:U7453,
7452,1551-8930,9.23,Natl Vital Stat Rep,1.00,0.83,0.00,0,6,1,1,1,,,1,1,1,,,,,A7454:U7454,
7453,1555-8592,1.23,Organogenesis,0.83,1.00,0.67,0,6,1,2,1,,1,1,,,,,,,A7455:U7455,
7454,1609-4069,1.93,Int J Qual Methods,0.00,1.00,0.83,0,6,2,,,,2,,2,,,,,,A7456:U7456,
7455,1747-9541,0.83,Int J Sports Sci Coach,0.00,1.00,1.00,0,6,,,3,2,1,,,,,,,,A7457:U7457,
7456,1751-875X,0.87,IET Nanobiotechnol,0.83,1.00,0.83,2,6,4,1,,,,,,1,,,,,A7458:U7458,
7457,1755-2966,1.12,Ment Health Phys Act,0.00,0.83,0.17,0,6,2,1,,2,,1,,,,,,,A7459:U7459,
7458,1773-2247,0.78,J Drug Deliv Sci Technol,0.00,0.83,0.17,0,6,,,,1,,1,1,3,,,,,A7460:U7460,
7459,1774-0746,2.0,Agron Sustain Dev,0.00,1.00,0.83,0,6,,,2,,,1,3,,,,,,A7461:U7461,
7460,1849-4544,0.66,J Circ Biomark,0.00,1.00,0.50,0,6,1,1,2,,2,,,,,,,,A7462:U7462,
7461,1872-8286,1.47,Neurocomputing (Amst),0.00,1.00,0.50,0,6,,,,2,1,1,1,1,,,,,A7463:U7463,
7462,1873-9318,0.78,Air Qual Atmos Health,0.00,1.00,1.00,0,6,2,1,,1,,,1,1,,,,,A7464:U7464,
7463,1880-7291,,J Appl Glycosci (1999),0.00,1.00,0.00,0,6,,,2,,,4,,,,,,,A7465:U7465,
7464,1882-6482,0.12,Nihon Eiseigaku Zasshi,1.00,1.00,0.00,0,6,,,1,4,1,,,,,,,,A7466:U7466,
7465,1947-4989,,Int Public Health J,0.00,1.00,0.00,0,6,,,6,,,,,,,,,,A7467:U7467,
7466,1948-5506,2.18,Soc Psychol Personal Sci,0.00,1.00,1.00,0,6,3,,,,,1,2,,,,,,A7468:U7468,
7467,1948-7134,0.35,J Vector Ecol,1.00,0.00,0.00,0,6,,,,,,,6,,,,,,A7469:U7469,
7468,2008-4633,0.33,Addict Health,0.00,1.00,1.00,0,6,,,6,,,,,,,,,,A7470:U7470,
7469,2036-2579,0.82,Heart Int,0.00,1.00,0.00,0,6,,,,,,6,,,,,,,A7471:U7471,
7470,2045-0915,0.99,CNS Oncol,1.00,1.00,0.67,0,6,,1,1,,2,1,,1,,,,,A7472:U7472,
7471,2058-7546,20.77,Nat Energy,0.00,1.00,1.00,0,6,,1,2,1,,1,1,,,,,,A7473:U7473,
7472,2071-1050,0.75,Sustainability,0.00,0.83,0.83,0,6,2,2,1,,1,,,,,,,,A7474:U7474,
7473,2090-2905,0.28,J Skin Cancer,0.00,1.00,1.00,0,6,1,1,,,,2,,2,,,,,A7475:U7475,
7474,2160-1992,,Am J Blood Res,0.00,1.00,0.00,0,6,1,,3,,1,,1,,,,,,A7476:U7476,
7475,2160-4096,0.46,Couple Family Psychol,0.00,1.00,0.50,0,6,,2,1,,,2,1,,,,,,A7477:U7477,
7476,2162-660X,0.47,Crit Rev Ther Drug Carrier Syst,1.00,0.00,0.00,0,6,,3,,,,3,,,,,,,A7478:U7478,
7477,2189-9932,,Kaku Igaku,0.33,1.00,0.00,0,6,,2,2,,,,1,1,,,,,A7479:U7479,
7478,2193-1496,,GMS Ophthalmol Cases,0.00,1.00,0.00,0,6,,1,2,1,1,1,,,,,,,A7480:U7480,
7479,2196-0763,0.97,EPJ Quantum Technol,0.00,1.00,0.17,0,6,2,,,,1,2,,1,,,,,A7481:U7481,
7480,2282-2593,0.11,Theor Biol Forum,0.83,0.00,0.00,0,6,,6,,,,,,,,,,,A7482:U7482,
7481,2420-7748,0.18,Pediatr Med Chir,1.00,1.00,0.33,0,6,,4,,,1,1,,,,,,,A7483:U7483,
7482,2424-905X,0.34,J Med Robot Res,0.00,1.00,0.33,0,6,,1,1,1,,1,2,,,,,,A7484:U7484,
7483,2522-0136,2.56,Adv Compos Hybrid Mater,0.00,1.00,0.00,0,6,1,1,2,1,,,,1,,,,,A7485:U7485,
7484,2573-0142,0.5,Proc ACM Hum Comput Interact,0.00,1.00,0.17,0,6,1,1,2,2,,,,,,,,,A7486:U7486,
7485,2641-3590,,IEEE EMBS Int Conf Biomed Health Inform,0.00,1.00,0.33,0,6,,,2,1,2,,1,,,,,,A7487:U7487,
7486,2643-1564,1.39,Phys Rev Res,0.00,1.00,0.83,0,6,,,,3,,2,,1,,,,,A7488:U7488,
7487,2661-8907,0.45,SN Comput Sci,0.00,1.00,0.83,0,6,2,1,1,,1,,,1,,,,,A7489:U7489,
7488,2662-4966,2.66,Microplast nanoplast,0.00,1.00,0.33,0,6,1,1,1,1,1,,1,,,,,,A7490:U7490,
7489,2662-8449,14.46,Nat Rev Methods Primers,0.00,1.00,0.67,0,6,,1,4,,,,1,,,,,,A7491:U7491,
7490,2674-0001,0.89,Adv Drug Alcohol Res,0.00,1.00,0.00,0,6,1,,2,1,,,,2,,,,,A7492:U7492,
7491,2688-0261,0.69,J Particip Res Methods,0.00,1.00,0.50,0,6,,1,,,1,2,1,1,,,,,A7493:U7493,
7492,2688-5115,,J Orthop Sports Med,0.00,1.00,0.00,0,6,,1,1,3,,1,,,,,,,A7494:U7494,
7493,2689-2812,,J Cell Immunol,0.00,1.00,0.00,0,6,1,1,1,,1,1,,1,,,,,A7495:U7495,
7494,2690-2702,,J Vasc Anom (Phila),0.00,1.00,0.00,0,6,1,,2,,,3,,,,,,,A7496:U7496,
7495,2694-605X,,J Clin Educ Phys Ther,0.00,1.00,0.00,0,6,,1,1,1,2,1,,,,,,,A7497:U7497,
7496,2731-8710,1.13,Med X,0.00,1.00,0.83,0,6,,,,2,1,2,1,,,,,,A7498:U7498,
7497,2755-3701,0.74,RSC Appl Interfaces,0.00,1.00,1.00,0,6,1,,,1,2,1,,1,,,,,A7499:U7499,
7498,2772-9060,0.51,Oral Oncol Rep,0.00,1.00,0.17,0,6,3,,2,,1,,,,,,,,A7500:U7500,
7499,2772-9737,0.32,Continence (Amst),0.00,1.00,0.83,0,6,2,,1,,,,1,2,,,,,A7501:U7501,
7500,2948-1198,,Nat Chem Eng,0.00,1.00,0.83,0,6,1,,,1,1,2,1,,,,,,A7502:U7502,
7501,2948-2100,,NPJ Nat Hazards,0.00,1.00,0.00,0,6,1,1,,2,1,,1,,,,,,A7503:U7503,
7502,2949-9127,0.32,JVS Vasc Insights,0.00,1.00,0.00,0,6,,2,1,,2,1,,,,,,,A7504:U7504,
7503,2957-3963,,Apert Neuro,0.00,1.00,0.17,0,6,1,1,1,,,2,1,,,,,,A7505:U7505,
7504,2977-4454,,Neurooncol Pediatr,0.00,1.00,1.00,0,6,,,3,1,1,,,1,,,,,A7506:U7506,
7505,3029-0473,,J Sick Cell Dis,0.00,1.00,1.00,0,6,,,4,1,,1,,,,,,,A7507:U7507,
7506,3049-5229,,J Fam Child Health,0.00,1.00,0.17,0,6,6,,,,,,,,,,,,A7508:U7508,
7507,3050-5658,,Blood Glob Hematol,0.00,1.00,1.00,0,6,,2,1,,,3,,,,,,,A7509:U7509,
7508,3050-6964,,Adv Patient Rep Outcomes,0.00,1.00,0.00,0,6,,,2,,,3,,1,,,,,A7510:U7510,
7509,3059-3220,0.84,NPJ Herit Sci,0.00,1.00,0.17,0,6,,,,2,,,3,1,,,,,A7511:U7511,
7510,3059-328X,,npj Vet Sci,0.00,1.00,0.33,0,6,,,,3,,1,2,,,,,,A7512:U7512,
7511,NLM9919227357106676,,Ferroptosis Oxid Stress,0.00,1.00,0.00,0,6,,3,1,1,1,,,,,,,,A7513:U7513,
7512,0010-7999,1.61,Contrib Mineral Petrol,0.00,1.00,1.00,0,5,,2,1,1,1,,,,,,,,A7514:U7514,
7513,0018-8158,0.92,Hydrobiologia,0.00,0.80,0.80,0,5,,1,,2,,1,,1,,,,,A7515:U7515,
7514,0018-9456,1.53,IEEE Trans Instrum Meas,0.00,1.00,0.20,0,5,1,,1,1,2,,,,,,,,A7516:U7516,
7515,0021-8502,0.66,J Aerosol Sci,0.00,1.00,0.40,0,5,1,,1,2,,,1,,,,,,A7517:U7517,
7516,0021-8979,0.53,J Appl Phys,0.00,1.00,0.40,0,5,,,,,2,,2,1,,,,,A7518:U7518,
7517,0022-0094,0.26,J Contemp Hist,0.00,1.00,1.00,0,5,,,,1,,4,,,,,,,A7519:U7519,
7518,0031-3203,2.15,Pattern Recognit,0.00,0.80,0.20,0,5,1,1,,1,,,1,1,,,,,A7520:U7520,
7519,0031-8116,1.15,Philos Stud,0.00,1.00,0.80,0,5,2,1,,1,,1,,,,,,,A7521:U7521,
7520,0042-0980,1.81,Urban Stud,0.00,1.00,0.80,0,5,1,1,,1,,,2,,,,,,A7522:U7522,
7521,0078-6209,0.22,Organic Synth,0.00,1.00,0.20,0,5,1,,2,2,,,,,,,,,A7523:U7523,
7522,0098-7921,1.62,Popul Dev Rev,0.00,1.00,0.60,0,5,1,,1,1,,,1,1,,,,,A7524:U7524,
7523,0161-4681,0.88,Teach Coll Rec (1970),0.00,1.00,0.20,0,5,,,1,4,,,,,,,,,A7525:U7525,
7524,0162-6434,0.73,J Spec Educ Technol,0.00,1.00,0.80,0,5,,,1,3,,,1,,,,,,A7526:U7526,
7525,0165-0254,1.5,Int J Behav Dev,0.00,1.00,0.80,0,5,,,2,1,,2,,,,,,,A7527:U7527,
7526,0167-4544,3.14,J Bus Ethics,0.00,1.00,1.00,0,5,,1,,2,,,1,1,,,,,A7528:U7528,
7527,0169-3913,0.61,Transp Porous Media,0.00,1.00,0.20,0,5,1,1,,,2,1,,,,,,,A7529:U7529,
7528,0193-3973,1.11,J Appl Dev Psychol,0.00,0.40,0.00,0,5,1,,1,1,1,1,,,,,,,A7530:U7530,
7529,0197-6664,0.79,Fam Relat,0.00,1.00,0.60,0,5,,,,,1,,3,1,,,,,A7531:U7531,
7530,0264-1275,1.51,Mater Des,0.00,1.00,0.60,0,5,1,1,,,,1,,2,,,,,A7532:U7532,
7531,0269-2821,3.64,Artif Intell Rev,0.00,1.00,0.60,0,5,,2,1,,1,,1,,,,,,A7533:U7533,
7532,0272-4316,1.18,J Early Adolesc,0.00,1.00,0.80,0,5,2,,,,,1,,2,,,,,A7534:U7534,
7533,0277-5212,0.72,Wetlands (Wilmington),0.00,1.00,1.00,0,5,1,,3,,,,1,,,,,,A7535:U7535,
7534,0278-6826,0.59,Aerosol Sci Technol,0.00,0.80,0.60,0,5,1,,,2,,2,,,,,,,A7536:U7536,
7535,0736-587X,1.03,Proc Conf Assoc Comput Linguist Meet,0.00,1.00,0.00,0,5,,2,,,,1,2,,,,,,A7537:U7537,
7536,0743-0167,1.73,J Rural Stud,0.00,0.80,0.60,0,5,,1,,1,,1,1,1,,,,,A7538:U7538,
7537,0747-5632,3.07,Comput Human Behav,0.00,0.80,0.00,0,5,,,,1,1,2,,1,,,,,A7539:U7539,
7538,0920-5691,3.1,Int J Comput Vis,0.00,1.00,1.00,0,5,2,,,1,1,,1,,,,,,A7540:U7540,
7539,0924-9907,0.58,J Math Imaging Vis,0.00,1.00,0.20,0,5,,,1,,1,2,,1,,,,,A7541:U7541,
7540,0930-7575,1.53,Clim Dyn,0.00,1.00,1.00,0,5,,1,2,,,2,,,,,,,A7542:U7542,
7541,0939-6314,0.9,Veg Hist Archaeobot,0.00,1.00,1.00,0,5,,4,,,,,,1,,,,,A7543:U7543,
7542,0946-2171,0.42,Appl Phys B,0.00,1.00,0.00,0,5,,1,1,2,1,,,,,,,,A7544:U7544,
7543,0952-1976,1.78,Eng Appl Artif Intell,0.00,1.00,0.80,0,5,,,,,2,2,,1,,,,,A7545:U7545,
7544,0957-4174,1.94,Expert Syst Appl,0.00,1.00,0.40,0,5,,3,,,,2,,,,,,,A7546:U7546,
7545,1044-3894,0.44,Fam Soc,0.00,1.00,1.00,0,5,,1,,3,,1,,,,,,,A7547:U7547,
7546,1053-1890,0.86,Child Youth Care Forum,0.00,1.00,0.60,0,5,1,1,,1,,1,,1,,,,,A7548:U7548,
7547,1054-2523,0.5,Med Chem Res,0.00,1.00,0.00,0,5,1,,,,3,1,,,,,,,A7549:U7549,
7548,1071-1813,0.27,Proc Hum Factors Ergon Soc Annu Meet,0.00,1.00,0.20,0,5,,,2,2,,1,,,,,,,A7550:U7550,
7549,1077-8004,0.66,Qual Inq,0.00,1.00,1.00,0,5,1,,,1,,1,,2,,,,,A7551:U7551,
7550,1082-3301,0.96,Early Child Educ J,0.00,1.00,0.80,0,5,2,1,,,,2,,,,,,,A7552:U7552,
7551,1176-2322,,Appl Bionics Biomech,0.00,1.00,1.00,1,5,1,,,,2,1,1,,,,,,A7553:U7553,
7552,1179-1535,,Hepat Med,0.00,1.00,0.20,0,5,1,,1,,2,,1,,,,,,A7554:U7554,
7553,1179-7266,,Pragmat Obs Res,0.00,1.00,1.00,0,5,1,,2,,,1,,1,,,,,A7555:U7555,
7554,1383-5866,1.56,Sep Purif Technol,0.00,1.00,0.00,0,5,,1,,1,1,,1,1,,,,,A7556:U7556,
7555,1432-0665,0.44,Arch Math Log,0.00,1.00,0.00,0,5,1,1,,1,,2,,,,,,,A7557:U7557,
7556,1432-0975,0.9,Coral Reefs,0.00,1.00,1.00,0,5,,2,,,,2,,1,,,,,A7558:U7558,
7557,1477-0903,0.81,Hum Exp Toxicol,0.80,0.20,0.80,6,5,5,,,,,,,,,,,,A7559:U7559,
7558,1520-6688,1.74,J Policy Anal Manage,0.00,1.00,0.60,0,5,,,1,1,,2,,1,,,,,A7560:U7560,
7559,1524-9220,0.96,Psychol Men Masc,0.00,1.00,0.20,0,5,1,1,1,,,1,1,,,,,,A7561:U7561,
7560,1531-586X,0.75,Transform Groups,0.00,1.00,1.00,0,5,,,3,,2,,,,,,,,A7562:U7562,
7561,1541-4612,0.49,Nurse Lead,0.00,1.00,0.00,0,5,1,,1,3,,,,,,,,,A7563:U7563,
7562,1545-8636,14.73,MMWR Surveill Summ,1.00,1.00,0.00,0,5,,,,1,,3,1,,,,,,A7564:U7564,
7563,1548-1387,0.67,Med Anthropol Q,1.00,1.00,1.00,0,5,1,,3,,1,,,,,,,,A7565:U7565,
7564,1559-6095,0.32,Cold Spring Harb Protoc,0.80,0.00,1.00,0,5,,,,,,,4,1,,,,,A7566:U7566,
7565,1568-7759,0.8,Phenomenol Cogn Sci,0.00,1.00,1.00,0,5,1,2,1,,,1,,,,,,,A7567:U7567,
7566,1591-7398,0.46,Glob Bioeth,0.00,1.00,1.00,0,5,,,1,,2,,2,,,,,,A7568:U7568,
7567,1615-147X,1.07,Struct Multidiscipl Optim,0.00,1.00,1.00,0,5,1,,2,1,,1,,,,,,,A7569:U7569,
7568,1615-4150,0.7,Adv Synth Catal,0.00,1.00,0.20,0,5,1,,,,3,,,1,,,,,A7570:U7570,
7569,1680-743X,0.31,J Data Sci,0.00,1.00,0.00,0,5,1,,,2,,,,2,,,,,A7571:U7571,
7570,1687-8876,0.62,Int J Cell Biol,0.00,1.00,0.60,0,5,1,1,,,,,1,2,,,,,A7572:U7572,
7571,1696-3547,0.52,Int J Dev Biol,1.00,1.00,0.00,0,5,1,,,4,,,,,,,,,A7573:U7573,
7572,1750-8592,2.21,Child Dev Perspect,0.00,1.00,0.20,0,5,1,1,2,1,,,,,,,,,A7574:U7574,
7573,1867-1748,0.64,Race Soc Probl,0.00,0.80,0.80,0,5,2,,1,,,1,,1,,,,,A7575:U7575,
7574,1879-4912,1.07,Eur J Philos Sci,0.00,1.00,1.00,0,5,,,1,,,1,,3,,,,,A7576:U7576,
7575,1936-0975,1.54,Bayesian Anal,0.00,1.00,0.20,0,5,,,2,1,1,1,,,,,,,A7577:U7577,
7576,1943-619X,0.29,Crit Rev Biomed Eng,1.00,0.00,0.00,0,5,,,5,,,,,,,,,,A7578:U7578,
7577,1948-3546,0.25,Int IEEE EMBS Conf Neural Eng,0.00,1.00,0.00,0,5,2,,,,,,,3,,,,,A7579:U7579,
7578,1999-4893,0.57,Algorithms,0.00,1.00,0.80,0,5,,1,1,,,2,,1,,,,,A7580:U7580,
7579,2008-4072,,J Inj Violence Res,0.00,1.00,0.00,0,5,,,,,,3,1,1,,,,,A7581:U7581,
7580,2048-3988,0.56,Int J Archit Comput,0.00,1.00,1.00,0,5,,,,5,,,,,,,,,A7582:U7582,
7581,2073-4433,0.68,Atmosphere (Basel),0.00,1.00,0.40,0,5,,1,,,,3,,1,,,,,A7583:U7583,
7582,2090-8040,0.6,Int J Inflam,0.00,1.00,1.00,0,5,3,,,1,,1,,,,,,,A7584:U7584,
7583,2154-817X,1.28,KDD,0.00,1.00,0.00,0,5,,,1,,,,,4,,,,,A7585:U7585,
7584,2157-1724,12.37,Kidney Int Suppl (2011),0.00,1.00,0.00,0,5,,,,,,,5,,,,,,A7586:U7586,
7585,2158-3226,0.34,AIP Adv,0.00,1.00,0.80,0,5,,1,1,,1,2,,,,,,,A7587:U7587,
7586,2162-6502,,Crit Rev Eukaryot Gene Expr,1.00,0.00,0.00,0,5,,,5,,,,,,,,,,A7588:U7588,
7587,2167-4841,0.57,Curr Pediatr Rep,0.00,1.00,0.20,0,5,,3,1,,,,1,,,,,,A7589:U7589,
7588,2169-4826,0.31,Clin Pract Pediatr Psychol,0.00,1.00,0.40,0,5,2,,1,,,1,1,,,,,,A7590:U7590,
7589,2194-041X,1.58,Stoch Partial Differ Equ,0.00,1.00,0.00,0,5,,,,,1,,2,2,,,,,A7591:U7591,
7590,2199-174X,0.43,Linguist Vanguard,0.00,1.00,0.80,0,5,2,,,,,,3,,,,,,A7592:U7592,
7591,2199-4641,0.54,J Dev Life Course Criminol,0.00,1.00,0.20,0,5,2,,,1,,,1,1,,,,,A7593:U7593,
7592,2212-6570,1.12,Ment Health Prev,0.00,0.80,0.80,0,5,,,1,2,,1,,1,,,,,A7594:U7594,
7593,2234-8549,,J Lifestyle Med,0.00,1.00,1.00,0,5,,,5,,,,,,,,,,A7595:U7595,
7594,2334-2536,3.0,Optica,0.00,1.00,0.80,0,5,1,1,1,,1,,1,,,,,,A7596:U7596,
7595,2352-6483,0.65,Smart Health (Amst),0.00,1.00,0.60,0,5,,,2,,1,1,,1,,,,,A7597:U7597,
7596,2352-7110,0.5,SoftwareX,0.00,1.00,0.80,0,5,,,1,,1,1,1,1,,,,,A7598:U7598,
7597,2363-4715,0.13,Primate Biol,0.00,1.00,0.80,0,5,5,,,,,,,,,,,,A7599:U7599,
7598,2363-9555,0.58,Res Number Theory,0.00,1.00,0.80,0,5,,1,3,,1,,,,,,,,A7600:U7600,
7599,2366-7532,0.6,Adv Neurodev Disord,0.00,1.00,0.60,0,5,,1,1,1,1,1,,,,,,,A7601:U7601,
7600,2372-9848,,Chron Mentor Coach,0.00,1.00,0.00,0,5,,2,1,,1,1,,,,,,,A7602:U7602,
7601,2376-8886,,Int Conf Wearable Implant Body Sens Netw,0.00,1.00,0.00,0,5,,,2,,,1,2,,,,,,A7603:U7603,
7602,2397-2106,1.29,Npj Mater Degrad,0.00,1.00,0.00,0,5,1,1,,,,,1,2,,,,,A7604:U7604,
7603,2398-6182,,Eng Biol,0.00,1.00,1.00,0,5,,,,,1,,1,3,,,,,A7605:U7605,
7604,2451-9650,0.73,Curr Opin Endocr Metab Res,0.00,0.80,0.00,0,5,,,,,1,3,1,,,,,,A7606:U7606,
7605,2469-9926,0.91,Phys Rev A (Coll Park),0.00,1.00,0.80,0,5,,,,1,2,2,,,,,,,A7607:U7607,
7606,2471-8084,,Biochem Mol Biol J,0.00,1.00,0.00,0,5,,,,1,2,1,,1,,,,,A7608:U7608,
7607,2472-3428,2.72,Annu Rev Cancer Biol,0.00,1.00,0.00,0,5,1,,,,2,,2,,,,,,A7609:U7609,
7608,2473-9944,,IEEE Int Conf Comput Vis Workshops,0.00,1.00,0.00,0,5,,1,,1,1,,2,,,,,,A7610:U7610,
7609,2515-1355,0.83,Ther Adv Vaccines Immunother,0.00,1.00,0.80,1,5,1,,,,1,,1,2,,,,,A7611:U7611,
7610,2530-3120,,Rev Colomb Psiquiatr (Engl Ed),1.00,0.00,0.00,0,5,,,,,,5,,,,,,,A7612:U7612,
7611,2590-2911,0.63,Soc Sci Humanit Open,0.00,1.00,1.00,0,5,2,,,,,,3,,,,,,A7613:U7613,
7612,2632-0789,,J Prev Health Promot,0.00,1.00,0.80,0,5,,1,3,1,,,,,,,,,A7614:U7614,
7613,2634-9809,,Multimodality Soc,0.00,1.00,0.60,0,5,,,,,3,2,,,,,,,A7615:U7615,
7614,2637-5079,,J Cancer Sci Clin Ther,0.00,1.00,0.00,0,5,2,,,1,1,,,1,,,,,A7616:U7616,
7615,2640-1002,,J Surg Res (Houst),0.00,1.00,0.20,0,5,,1,1,,1,1,,1,,,,,A7617:U7617,
7616,2641-2225,,J Maine Med Cent,0.00,1.00,0.60,0,5,,1,1,,1,,,2,,,,,A7618:U7618,
7617,2644-2906,,Fortune J Health Sci,0.00,1.00,0.00,0,5,,1,,3,,,,1,,,,,A7619:U7619,
7618,2662-1991,3.95,Photonix,0.00,1.00,1.00,0,5,,,1,,2,,1,1,,,,,A7620:U7620,
7619,2662-2416,1.07,Advers Resil Sci,0.00,1.00,1.00,0,5,,,,1,1,1,2,,,,,,A7621:U7621,
7620,2667-1190,,Immunoinformatics (Amst),0.00,1.00,0.40,0,5,1,,,,2,1,1,,,,,,A7622:U7622,
7621,2673-5318,0.47,Psychiatry Int (Basel),0.00,1.00,0.60,0,5,,,2,,,2,,1,,,,,A7623:U7623,
7622,2674-0338,0.87,Front Drug Discov (Lausanne),0.00,1.00,0.00,0,5,,1,,1,,2,,1,,,,,A7624:U7624,
7623,2689-968X,,J Cancer Immunol (Wilmington),0.00,1.00,0.00,0,5,,,2,,,2,1,,,,,,A7625:U7625,
7624,2694-1899,0.22,Data Sci Sci,0.00,1.00,1.00,0,5,1,,,,,2,1,1,,,,,A7626:U7626,
7625,2731-7501,,Discov Health Syst,0.00,1.00,0.20,0,5,1,1,1,,,,,2,,,,,A7627:U7627,
7626,2731-8389,,Anesthesiol Perioper Sci,0.00,1.00,1.00,0,5,2,,,1,,2,,,,,,,A7628:U7628,
7627,2731-8753,,Npj Complex,0.00,1.00,0.00,0,5,4,1,,,,,,,,,,,A7629:U7629,
7628,2731-944X,,Intensive Care Med Paediatr Neonatal,0.00,1.00,0.80,0,5,,1,,,,,2,2,,,,,A7630:U7630,
7629,2753-9687,,Prog Environ Geogr,0.00,1.00,0.80,0,5,,,,,4,,,1,,,,,A7631:U7631,
7630,2766-4651,,J Healthy Eat Act Living,0.00,1.00,1.00,0,5,,,,,,5,,,,,,,A7632:U7632,
7631,2767-7664,0.13,Ann Intern Med Clin Cases,0.00,1.00,0.00,0,5,1,1,,,1,,,2,,,,,A7633:U7633,
7632,2768-5993,1.34,J Cardiovasc Aging,0.00,1.00,0.80,0,5,,1,,1,,1,1,1,,,,,A7634:U7634,
7633,2768-6566,0.35,JEADV Clin Pract,0.00,1.00,0.80,0,5,1,,4,,,,,,,,,,A7635:U7635,
7634,2769-5301,,Ageing Neurodegener Dis,0.00,1.00,0.20,0,5,5,,,,,,,,,,,,A7636:U7636,
7635,2772-6134,0.29,Clin Immunol Commun,0.00,1.00,0.60,0,5,,,,2,1,1,1,,,,,,A7637:U7637,
7636,2813-8589,,Front Adolesc Med,0.00,1.00,0.00,0,5,,1,2,,,,1,1,,,,,A7638:U7638,
7637,2832-2134,,Prev Oncol Epidemiol,0.00,1.00,0.80,0,5,,,1,1,,,,3,,,,,A7639:U7639,
7638,2835-2610,,Cancer Surviv Res Care,0.00,1.00,0.80,0,5,,1,,,2,1,,1,,,,,A7640:U7640,
7639,2948-1775,,Npj Mater Sustain,0.00,1.00,0.00,0,5,,2,1,2,,,,,,,,,A7641:U7641,
7640,2948-216X,2.17,Npj Nanophoton,0.00,1.00,0.00,0,5,1,,1,2,,1,,,,,,,A7642:U7642,
7641,2997-2388,,Genom Psychiatry,0.00,1.00,0.40,0,5,1,,3,,,1,,,,,,,A7643:U7643,
7642,2997-2639,,Brain Med,0.00,1.00,0.80,0,5,2,1,,2,,,,,,,,,A7644:U7644,
7643,2998-8799,,Photon Sci,0.00,1.00,1.00,0,5,,,1,,,,4,,,,,,A7645:U7645,
7644,3004-9806,,NPJ Gut Liver,0.00,1.00,0.00,0,5,,1,,,,2,2,,,,,,A7646:U7646,
7645,3005-141X,,NPJ Acoust,0.00,1.00,0.20,0,5,,2,,1,2,,,,,,,,A7647:U7647,
7646,3050-5011,,Lancet Reg Health Afr,0.00,1.00,0.00,0,5,,,1,,,,1,3,,,,,A7648:U7648,
7647,3050-5038,,Lancet Obstet Gynaecol Womens Health,0.00,1.00,0.00,0,5,,1,,,1,1,2,,,,,,A7649:U7649,
7648,3050-5674,,ASPET Discov,0.00,1.00,0.60,0,5,,,,2,,1,2,,,,,,A7650:U7650,
7649,3059-2240,,NPJ Clean Air,0.00,1.00,0.00,0,5,1,,1,1,,,,2,,,,,A7651:U7651,
7650,3059-3719,,NPJ Emerg Contam,0.00,1.00,0.00,0,5,,2,,1,,1,,1,,,,,A7652:U7652,
7651,3059-4391,,NPJ Wirel Technol,0.00,1.00,0.20,0,5,,,,2,1,,1,1,,,,,A7653:U7653,
7652,3067-3534,,Diabetes Obes Cardiometab CARE,0.00,1.00,0.00,0,5,,,,,2,,1,2,,,,,A7654:U7654,
7653,3106-8618,,Geromedicine,0.00,1.00,0.00,0,5,,,,2,,3,,,,,,,A7655:U7655,
7654,NLM101697507,,J Clin Exp Immunol,0.00,1.00,0.40,0,5,,,1,,,2,,2,,,,,A7656:U7656,
7655,NLM9918752081306676,,Proc Des Med Devices Conf,0.00,1.00,0.00,0,5,,,2,,,2,,1,,,,,A7657:U7657,
7656,0001-7701,0.67,Gen Relativ Gravit,0.00,1.00,0.00,0,4,,,,,1,2,1,,,,,,A7658:U7658,
7657,0003-6951,0.86,Appl Phys Lett,0.00,1.00,0.50,0,4,1,,,,,1,1,1,,,,,A7659:U7659,
7658,0006-8314,0.84,Boundary Layer Meteorol,0.00,1.00,0.00,0,4,,,2,2,,,,,,,,,A7660:U7660,
7659,0007-6503,2.83,Bus Soc,0.00,1.00,1.00,0,4,,,2,,,1,1,,,,,,A7661:U7661,
7660,0010-8545,4.45,Coord Chem Rev,0.00,0.75,0.00,0,4,,,1,,,,,3,,,,,A7662:U7662,
7661,0018-9499,0.59,IEEE Trans Nucl Sci,0.00,1.00,0.50,0,4,,1,,,,2,1,,,,,,A7663:U7663,
7662,0022-0221,1.38,J Cross Cult Psychol,0.00,1.00,1.00,0,4,,,,1,1,,,2,,,,,A7664:U7664,
7663,0022-0426,0.58,J Drug Issues,0.00,0.75,0.25,0,4,,2,1,,,1,,,,,,,A7665:U7665,
7664,0022-2291,0.38,J Low Temp Phys,0.00,1.00,0.25,0,4,,,1,1,,1,1,,,,,,A7666:U7666,
7665,0032-3861,0.83,Polymer (Guildf),0.00,1.00,0.50,0,4,,,,1,1,1,1,,,,,,A7667:U7667,
7666,0039-3606,0.63,Stud Comp Int Dev,0.00,1.00,1.00,0,4,1,,,3,,,,,,,,,A7668:U7668,
7667,0039-7881,0.44,Synthesis (Stuttg),0.00,1.00,0.25,0,4,,1,1,1,1,,,,,,,,A7669:U7669,
7668,0047-2727,3.6,J Public Econ,0.00,1.00,0.25,0,4,1,,,,,1,1,1,,,,,A7670:U7670,
7669,0049-1241,3.47,Sociol Methods Res,0.00,1.00,0.75,0,4,1,,2,1,,,,,,,,,A7671:U7671,
7670,0049-4488,1.09,Transportation (Amst),0.00,1.00,1.00,0,4,1,,3,,,,,,,,,,A7672:U7672,
7671,0065-2164,0.34,Adv Appl Microbiol,1.00,0.00,0.00,0,4,,,,,4,,,,,,,,A7673:U7673,
7672,0067-8856,0.1,Biomed Sci Instrum,0.00,1.00,0.00,0,4,,,,,2,2,,,,,,,A7674:U7674,
7673,0094-2499,,J Biocommun,0.00,1.00,0.00,0,4,,2,,,,,,2,,,,,A7675:U7675,
7674,0098-1354,0.87,Comput Chem Eng,0.00,1.00,0.25,0,4,,,1,1,1,1,,,,,,,A7676:U7676,
7675,0142-7237,0.83,First Lang,0.00,1.00,0.50,0,4,1,1,,,1,,,1,,,,,A7677:U7677,
7676,0165-0009,1.4,Clim Change,0.00,1.00,0.75,0,4,,2,,1,1,,,,,,,,A7678:U7678,
7677,0178-7675,1.22,Comput Mech,0.00,1.00,0.50,0,4,,2,1,,,,1,,,,,,A7679:U7679,
7678,0198-9715,2.17,Comput Environ Urban Syst,0.00,1.00,0.00,0,4,,,,,,2,1,1,,,,,A7680:U7680,
7679,0226-1766,,Connect (Tor),0.00,1.00,0.25,0,4,1,1,,,,1,,1,,,,,A7681:U7681,
7680,0254-5330,1.17,Ann Oper Res,0.00,1.00,1.00,0,4,,,,,,2,,2,,,,,A7682:U7682,
7681,0263-7758,1.31,Environ Plan D,0.00,1.00,1.00,0,4,,1,,1,,,,2,,,,,A7683:U7683,
7682,0264-2751,1.77,Cities,0.00,1.00,0.25,0,4,,,2,,,1,1,,,,,,A7684:U7684,
7683,0270-174X,,LES Nouv,0.00,1.00,0.00,0,4,,,,1,3,,,,,,,,A7685:U7685,
7684,0272-4944,2.51,J Environ Psychol,0.00,0.75,0.50,0,4,,,,,1,,2,1,,,,,A7686:U7686,
7685,0277-5387,0.38,Polyhedron,0.00,0.50,0.00,0,4,1,,,,,1,,2,,,,,A7687:U7687,
7686,0361-0918,0.47,Commun Stat Simul Comput,0.00,1.00,0.25,0,4,,1,,1,,,2,,,,,,A7688:U7688,
7687,0731-1214,0.65,Sociol Perspect,0.00,1.00,0.50,0,4,,,,3,,1,,,,,,,A7689:U7689,
7688,0734-7324,0.31,Alcohol Treat Q,0.00,1.00,0.50,0,4,,,1,1,,1,1,,,,,,A7690:U7690,
7689,0738-0151,0.69,Child Adolesc Social Work J,0.00,1.00,0.75,0,4,,,,,,3,,1,,,,,A7691:U7691,
7690,0743-1619,0.51,Proc Am Control Conf,0.00,1.00,0.00,0,4,,1,1,,2,,,,,,,,A7692:U7692,
7691,0885-2308,0.7,Comput Speech Lang,0.00,0.75,0.50,0,4,,,,1,,3,,,,,,,A7693:U7693,
7692,0889-1575,0.81,J Food Compost Anal,0.00,1.00,0.50,0,4,,,,,,1,1,2,,,,,A7694:U7694,
7693,0938-8974,1.16,J Nonlinear Sci,0.00,1.00,0.25,0,4,,,1,1,,1,,1,,,,,A7695:U7695,
7694,0943-4062,0.52,Comput Stat,0.00,1.00,0.75,0,4,1,1,1,,1,,,,,,,,A7696:U7696,
7695,0958-1596,0.8,Crit Public Health,0.00,1.00,0.50,0,4,,,,1,,1,2,,,,,,A7697:U7697,
7696,1040-726X,4.84,Educ Psychol Rev,0.00,1.00,1.00,0,4,,,,,,2,1,1,,,,,A7698:U7698,
7697,1051-1482,1.01,Hous Policy Debate,0.00,1.00,0.25,0,4,2,,,2,,,,,,,,,A7699:U7699,
7698,1051-8223,0.56,IEEE Trans Appl Supercond,0.00,0.50,0.75,0,4,1,,,,1,,1,1,,,,,A7700:U7700,
7699,1055-3037,,Public Policy Aging Rep,0.00,0.75,1.00,0,4,,,,,,4,,,,,,,A7701:U7701,
7700,1058-9813,0.17,Prog Pediatr Cardiol,0.00,0.75,0.00,0,4,,,,,,1,2,1,,,,,A7702:U7702,
7701,1064-3842,,ORL Head Neck Nurs,0.00,1.00,1.00,0,4,1,,,,1,2,,,,,,,A7703:U7703,
7702,1066-2316,0.79,Am J Crim Justice,0.00,1.00,0.75,0,4,,,1,,,1,,2,,,,,A7704:U7704,
7703,1081-2865,0.43,Math Mech Solids,0.00,1.00,1.00,0,4,,,,,2,,,2,,,,,A7705:U7705,
7704,1083-4435,2.09,IEEE ASME Trans Mechatron,0.00,1.00,0.75,0,4,1,1,,,,,,2,,,,,A7706:U7706,
7705,1085-7117,0.5,J Agric Biol Environ Stat,0.00,1.00,0.50,0,4,,,1,,2,1,,,,,,,A7707:U7707,
7706,1095-9890,1.06,Plasmid,0.00,0.50,0.00,0,4,,,,,1,1,,2,,,,,A7708:U7708,
7707,1177-3928,0.69,Drug Target Insights,0.00,1.00,0.75,0,4,,1,,1,,,2,,,,,,A7709:U7709,
7708,1359-1789,1.48,Aggress Violent Behav,0.00,1.00,0.25,0,4,2,,1,,,1,,,,,,,A7710:U7710,
7709,1369-1651,,Somatosens Mot Res,0.25,0.00,0.50,0,4,,1,,,,1,2,,,,,,A7711:U7711,
7710,1386-2820,0.94,Ethical Theory Moral Pract,0.00,1.00,1.00,0,4,1,,1,1,1,,,,,,,,A7712:U7712,
7711,1388-6150,0.55,J Therm Anal Calorim,0.00,1.00,1.00,0,4,,1,1,,,,1,1,,,,,A7713:U7713,
7712,1388-7491,,TSG,0.00,1.00,0.50,0,4,,,,,1,2,1,,,,,,A7714:U7714,
7713,1424-3202,1.14,J Evol Equ,0.00,1.00,1.00,0,4,2,,,,,1,,1,,,,,A7715:U7715,
7714,1461-4448,2.72,New Media Soc,0.00,1.00,1.00,0,4,,,1,,,,2,1,,,,,A7716:U7716,
7715,1465-9891,0.34,J Subst Use,0.00,1.00,0.25,0,4,1,,1,1,,1,,,,,,,A7717:U7717,
7716,1522-7227,0.94,Infant Child Dev,0.00,1.00,0.75,0,4,,,2,1,,,1,,,,,,A7718:U7718,
7717,1533-256X,0.27,J Soc Work Pract Addict,0.00,1.00,0.50,0,4,,1,,,,,,3,,,,,A7719:U7719,
7718,1555-4155,0.29,J Nurse Pract,0.00,1.00,0.00,0,4,,,1,1,,1,,1,,,,,A7720:U7720,
7719,1573-0913,2.62,Small Bus Econ (Dordr),0.00,1.00,0.75,0,4,,,,,,2,,2,,,,,A7721:U7721,
7720,1573-7616,0.92,Empir Softw Eng,0.00,1.00,1.00,0,4,,1,,1,1,1,,,,,,,A7722:U7722,
7721,1613-2238,0.56,J Public Health (Berl),0.00,1.00,1.00,0,4,3,,,,,,1,,,,,,A7723:U7723,
7722,1617-4909,0.54,Pers Ubiquitous Comput,0.00,1.00,0.00,4,4,,,4,,,,,,,,,,A7724:U7724,
7723,1618-1301,0.3,Homo,0.00,1.00,0.00,0,4,,,,,,1,3,,,,,,A7725:U7725,
7724,1680-7316,2.27,Atmos Chem Phys,0.00,0.50,0.00,0,4,2,,1,,,,1,,,,,,A7726:U7726,
7725,1680-8584,0.76,Aerosol Air Qual Res,0.00,1.00,0.00,0,4,1,,1,,1,,1,,,,,,A7727:U7727,
7726,1708-6892,0.2,J Can Health Libr Assoc,0.00,1.00,0.00,0,4,,,,,4,,,,,,,,A7728:U7728,
7727,1727-5652,1.23,J Glaciol,0.00,1.00,1.00,0,4,,2,,,,,1,1,,,,,A7729:U7729,
7728,1741-2757,1.36,Eur Union Polit,0.00,1.00,1.00,0,4,,,1,,,2,,1,,,,,A7730:U7730,
7729,1748-0132,2.26,Nano Today,0.00,1.00,0.25,0,4,1,,,,1,1,1,,,,,,A7731:U7731,
7730,1751-9004,1.6,Soc Personal Psychol Compass,0.00,1.00,0.50,0,4,,,,,1,2,1,,,,,,A7732:U7732,
7731,1863-8880,2.46,Laser Photon Rev,0.00,1.00,0.25,0,4,,,,,2,1,1,,,,,,A7733:U7733,
7732,1915-7398,0.43,Ont Health Technol Assess Ser,0.50,1.00,0.00,0,4,,2,,,,2,,,,,,,A7734:U7734,
7733,1935-7524,1.2,Electron J Stat,0.00,1.00,0.25,0,4,,,1,,,2,,1,,,,,A7735:U7735,
7734,1935-942X,,Rural Ment Health,0.00,1.00,0.25,0,4,2,,,,,2,,,,,,,A7736:U7736,
7735,1936-7031,,J Contemp Water Res Educ,0.00,1.00,0.00,0,4,,2,,1,,,1,,,,,,A7737:U7737,
7736,1939-4071,0.57,Environ Justice,0.00,1.00,0.00,0,4,,1,1,,1,1,,,,,,,A7738:U7738,
7737,1945-7359,,Am J Health Behav,0.00,1.00,0.00,0,4,1,,1,,,1,,1,,,,,A7739:U7739,
7738,1946-6315,0.87,Stat Biopharm Res,0.00,1.00,0.00,0,4,,,,,,2,1,1,,,,,A7740:U7740,
7739,1948-1985,0.94,Asian Am J Psychol,0.00,0.75,0.50,0,4,1,,1,1,,,1,,,,,,A7741:U7741,
7740,1948-822X,0.7,J Soc Social Work Res,0.00,0.75,0.00,0,4,,1,1,,,,2,,,,,,A7742:U7742,
7741,1952-4021,0.32,Magnes Res,1.00,0.00,0.00,0,4,,,,,,,4,,,,,,A7743:U7743,
7742,2003-0177,0.63,J Pers Oriented Res,0.00,1.00,0.00,0,4,,,,4,,,,,,,,,A7744:U7744,
7743,2037-0644,0.76,J Anthropol Sci,0.00,1.00,0.00,0,4,,,,2,1,1,,,,,,,A7745:U7745,
7744,2043-8206,1.55,Dialogues Hum Geogr,0.00,1.00,1.00,0,4,1,,,,,,3,,,,,,A7746:U7746,
7745,2048-402X,0.42,Wind Eng,0.00,1.00,1.00,0,4,,,,,3,1,,,,,,,A7747:U7747,
7746,2055-642X,0.37,BMJ Innov,0.00,1.00,0.75,0,4,,,,,,1,2,1,,,,,A7748:U7748,
7747,2058-8437,20.8,Nat Rev Mater,0.00,1.00,0.25,0,4,,1,1,,,1,,1,,,,,A7749:U7749,
7748,2059-5131,,Scars Burn Heal,0.00,1.00,1.00,0,4,,,,,1,,3,,,,,,A7750:U7750,
7749,2072-4292,1.01,Remote Sens (Basel),0.00,0.75,1.00,0,4,1,1,1,,,,,1,,,,,A7751:U7751,
7750,2073-4352,0.5,Crystals (Basel),0.00,1.00,0.25,0,4,,2,,1,,,1,,,,,,A7752:U7752,
7751,2076-3298,0.93,Environments (Basel),0.00,1.00,0.50,0,4,,,,2,,,1,1,,,,,A7753:U7753,
7752,2090-6986,,Case Rep Vasc Med,0.00,1.00,1.00,0,4,,,,2,2,,,,,,,,A7754:U7754,
7753,2155-0751,0.63,Proc ACM Int Conf Inf Knowl Manag,0.00,1.00,0.25,0,4,1,,,1,,,,2,,,,,A7755:U7755,
7754,2159-6859,0.51,MRS Commun,0.00,1.00,1.00,0,4,,,2,,,,2,,,,,,A7756:U7756,
7755,2160-0031,5.54,Psychol Sci Public Interest,0.75,0.25,1.00,0,4,,,,,2,2,,,,,,,A7757:U7757,
7756,2169-4796,2.91,Alcohol Res,0.75,1.00,0.50,0,4,1,,,,1,2,,,,,,,A7758:U7758,
7757,2193-8091,,GMS Interdiscip Plast Reconstr Surg DGPW,0.00,1.00,0.00,0,4,2,,,,2,,,,,,,,A7759:U7759,
7758,2194-7635,,Thorac Cardiovasc Surg Rep,0.00,1.00,1.00,0,4,2,1,,,1,,,,,,,,A7760:U7760,
7759,2195-9595,0.47,Curr Hepatol Rep,0.00,1.00,0.50,0,4,2,,,,1,,1,,,,,,A7761:U7761,
7760,2211-6095,,Int Rev Res Dev Disabil,0.00,1.00,0.50,0,4,1,,2,,,1,,,,,,,A7762:U7762,
7761,2211-7156,0.71,Results Chem,0.00,1.00,0.00,0,4,,1,1,,2,,,,,,,,A7763:U7763,
7762,2212-0025,0.13,Indian J Transpl,0.00,1.00,0.00,0,4,,,,,,,4,,,,,,A7764:U7764,
7763,2299-0631,0.43,Ann Parasitol,1.00,0.00,0.25,0,4,,,4,,,,,,,,,,A7765:U7765,
7764,2329-0501,1.75,Mol Ther Methods Clin Dev,0.00,1.00,0.00,0,4,4,,,,,,,,,,,,A7766:U7766,
7765,2330-6696,1.43,Sociol Sci,0.00,1.00,0.00,0,4,1,,1,1,,,,1,,,,,A7767:U7767,
7766,2366-3987,0.65,Adv Ther (Weinh),0.00,1.00,0.25,0,4,2,1,1,,,,,,,,,,A7768:U7768,
7767,2366-7478,,Adv Biosyst,0.00,1.00,1.00,1,4,,,,,,,4,,,,,,A7769:U7769,
7768,2398-4902,0.83,Sustain Energy Fuels,0.00,1.00,1.00,0,4,1,,,,1,,2,,,,,,A7770:U7770,
7769,2470-752X,0.46,Cardiol Plus,0.00,1.00,0.00,0,4,2,,,,,2,,,,,,,A7771:U7771,
7770,2472-6737,,IEEE Winter Conf Appl Comput Vis,0.00,1.00,0.00,0,4,1,,,,2,,1,,,,,,A7772:U7772,
7771,2475-1456,1.23,IEEE Control Syst Lett,0.00,1.00,0.00,0,4,1,,,,,1,,2,,,,,A7773:U7773,
7772,2513-9886,0.56,Personal Neurosci,0.00,1.00,1.00,0,4,1,,,,1,1,1,,,,,,A7774:U7774,
7773,2516-1040,0.44,Dev Child Welf,0.00,1.00,1.00,0,4,,,3,1,,,,,,,,,A7775:U7775,
7774,2572-1836,,Health Behav Res,0.00,1.00,0.00,0,4,,,,1,,1,2,,,,,,A7776:U7776,
7775,2575-6613,0.57,J Meas Phys Behav,0.00,1.00,0.75,0,4,,2,1,1,,,,,,,,,A7777:U7777,
7776,2576-9499,,Int J Transl Med Res Public Health,0.00,1.00,1.00,0,4,2,,1,,1,,,,,,,,A7778:U7778,
7777,2590-1370,0.81,Biosens Bioelectron X,0.00,1.00,0.75,0,4,,,1,,,1,2,,,,,,A7779:U7779,
7778,2640-4567,1.36,Adv Intell Syst,0.00,1.00,0.25,0,4,,1,,,1,,1,1,,,,,A7780:U7780,
7779,2642-9128,,J Biotechnol Biomed,0.00,1.00,0.00,0,4,,1,1,2,,,,,,,,,A7781:U7781,
7780,2643-4806,,Taxon Rep Int Lepid Surv,0.00,1.00,0.00,0,4,1,,,2,,,1,,,,,,A7782:U7782,
7781,2667-3436,0.59,Sleep Epidemiol,0.00,1.00,0.75,0,4,3,,,,1,,,,,,,,A7783:U7783,
7782,2673-4389,0.6,Livers,0.00,1.00,0.75,0,4,1,,,,,1,,2,,,,,A7784:U7784,
7783,2673-8929,1.39,Microplastics,0.00,1.00,1.00,0,4,,1,1,1,,1,,,,,,,A7785:U7785,
7784,2673-9259,0.46,J Ageing Longev,0.00,1.00,1.00,0,4,,2,,,,2,,,,,,,A7786:U7786,
7785,2691-4581,1.2,IEEE Trans Artif Intell,0.00,1.00,0.25,0,4,1,1,1,,,1,,,,,,,A7787:U7787,
7786,2692-0638,,J Cell Signal,0.00,1.00,0.00,0,4,2,1,1,,,,,,,,,,A7788:U7788,
7787,2692-1952,0.62,ACS Agric Sci Technol,0.00,1.00,1.00,0,4,,,3,1,,,,,,,,,A7789:U7789,
7788,2692-9368,1.98,WIREs Mech Dis,1.00,0.25,1.00,0,4,,1,,,,1,1,1,,,,,A7790:U7790,
7789,2730-5988,1.08,Circ Econ Sustain,0.00,1.00,0.75,0,4,1,,1,1,,,,1,,,,,A7791:U7791,
7790,2730-647X,,Discov Water,0.00,1.00,0.00,0,4,,,,2,,,,2,,,,,A7792:U7792,
7791,2730-6852,0.82,Comput Urban Sci,0.00,1.00,0.75,0,4,2,,,,,,,2,,,,,A7793:U7793,
7792,2731-9598,,Discov Agric,0.00,1.00,0.00,0,4,,2,1,,,1,,,,,,,A7794:U7794,
7793,2767-3219,0.78,PLOS Water,0.00,1.00,1.00,0,4,,,2,,1,1,,,,,,,A7795:U7795,
7794,2772-5014,0.59,Hum Factors Health,0.00,1.00,1.00,0,4,1,,,,,1,1,1,,,,,A7796:U7796,
7795,2813-3757,,Kinases Phosphatases,0.00,1.00,0.25,0,4,,,,,,,2,2,,,,,A7797:U7797,
7796,2813-4605,0.46,Front Lang Sci,0.00,1.00,0.00,0,4,,3,,,1,,,,,,,,A7798:U7798,
7797,2813-6055,,Front Audiol Otol,0.00,1.00,0.50,0,4,,,,,,2,,2,,,,,A7799:U7799,
7798,2813-6934,,Front Lupus,0.00,1.00,0.00,0,4,,1,,,,,3,,,,,,A7800:U7800,
7799,2813-706X,,Front Epigenet Epigenom,0.00,1.00,0.00,0,4,,,1,,,,1,2,,,,,A7801:U7801,
7800,2950-5909,,CMI Commun,0.00,1.00,0.25,0,4,,,,,1,1,2,,,,,,A7802:U7802,
7801,3004-8885,,Discov Med (Singap),0.00,1.00,0.25,0,4,,1,1,1,,,,1,,,,,A7803:U7803,
7802,3049-5245,,Res Connect,0.00,1.00,0.75,0,4,,,,1,1,1,1,,,,,,A7804:U7804,
7803,3050-6417,,Total Environ Microbiol,0.00,0.75,1.00,0,4,,1,1,,1,1,,,,,,,A7805:U7805,
7804,3059-3700,,npj Space Explor,0.00,1.00,0.00,0,4,,1,,1,,1,1,,,,,,A7806:U7806,
7805,3059-3727,,NPJ Metamater,0.00,1.00,0.00,0,4,,,1,1,,2,,,,,,,A7807:U7807,
7806,3059-4499,,Nat Sens,0.00,1.00,1.00,0,4,,1,,,,,2,1,,,,,A7808:U7808,
7807,3066-1536,,ScienceBank,0.00,1.00,0.00,0,4,,4,,,,,,,,,,,A7809:U7809,
7808,3067-6037,,Acs Nutr Sci,0.00,1.00,1.00,0,4,,,2,,1,,1,,,,,,A7810:U7810,
7809,3091-2806,,NPJ Digit Surg,0.00,1.00,0.00,0,4,,,,,1,2,1,,,,,,A7811:U7811,
7810,NLM101619094,,Proc ACM SIGSPATIAL Int Conf Adv Inf,0.00,1.00,0.00,0,4,,,,4,,,,,,,,,A7812:U7812,
7811,NLM101634705,,Ext Abstr Hum Factors Computing Syst,0.00,1.00,0.50,0,4,,,,1,1,1,,1,,,,,A7813:U7813,
7812,NLM101748959,,Adv Geriatr Med Res,0.00,1.00,0.00,0,4,1,,,,,,1,2,,,,,A7814:U7814,
7813,NLM101761124,,Algorithms Bioinform,0.00,1.00,0.75,0,4,,,,2,2,,,,,,,,A7815:U7815,
7814,NLM9918383086306676,,IEEE Int Conf Dev Learn (2021),0.00,1.00,0.00,0,4,,,,,4,,,,,,,,A7816:U7816,
7815,0002-8282,23.49,Am Econ Rev,0.00,1.00,0.00,0,3,,,,1,1,1,,,,,,,A7817:U7817,
7816,0017-8969,0.52,Health Educ J,0.00,1.00,0.67,0,3,2,,1,,,,,,,,,,A7818:U7818,
7817,0018-7267,4.14,Hum Relat,0.00,1.00,1.00,0,3,1,,,,,1,,1,,,,,A7819:U7819,
7818,0018-9219,5.56,Proc IEEE Inst Electr Electron Eng,0.00,1.00,0.00,0,3,,,,,,,,3,,,,,A7820:U7820,
7819,0018-9286,3.93,IEEE Trans Automat Contr,0.00,1.00,0.00,0,3,2,,1,,,,,,,,,,A7821:U7821,
7820,0021-8995,0.52,J Appl Polym Sci,0.00,0.33,0.33,0,3,,,,2,,1,,,,,,,A7822:U7822,
7821,0021-9991,1.55,J Comput Phys,0.00,1.00,0.33,0,3,1,,,,1,,1,,,,,,A7823:U7823,
7822,0022-0116,0.58,J Contemp Psychother,0.00,1.00,0.33,0,3,,1,,1,1,,,,,,,,A7824:U7824,
7823,0022-0892,0.23,J Environ Health,0.00,1.00,0.00,0,3,,,1,1,,,1,,,,,,A7825:U7825,
7824,0022-3239,0.76,J Optim Theory Appl,0.00,1.00,1.00,0,3,,,,1,1,1,,,,,,,A7826:U7826,
7825,0022-3778,0.9,J Plasma Phys,0.00,1.00,1.00,0,3,,,3,,,,,,,,,,A7827:U7827,
7826,0022-5096,1.77,J Mech Phys Solids,0.00,1.00,0.00,0,3,,,,1,1,,1,,,,,,A7828:U7828,
7827,0026-4695,1.01,Minerva,0.00,1.00,1.00,0,3,,,,,,3,,,,,,,A7829:U7829,
7828,0030-7270,0.76,Outlook Agric,0.00,1.00,1.00,0,3,,,2,1,,,,,,,,,A7830:U7830,
7829,0035-8711,1.85,Mon Not R Astron Soc,0.00,1.00,1.00,0,3,,,2,,,,1,,,,,,A7831:U7831,
7830,0038-4941,0.75,Soc Sci Q,0.00,1.00,0.00,0,3,1,,,1,,1,,,,,,,A7832:U7832,
7831,0093-8548,0.88,Crim Justice Behav,0.00,1.00,1.00,0,3,,,1,,1,1,,,,,,,A7833:U7833,
7832,0095-4616,0.91,Appl Math Optim,0.00,1.00,1.00,0,3,,,1,,1,,,1,,,,,A7834:U7834,
7833,0097-6326,0.1,Fed Regist,0.00,1.00,0.00,0,3,,1,1,,1,,,,,,,,A7835:U7835,
7834,0143-1161,0.6,Int J Remote Sens,0.00,0.33,0.67,0,3,,1,,,,1,1,,,,,,A7836:U7836,
7835,0145-482X,0.3,J Vis Impair Blind,0.00,0.33,1.00,0,3,,,,,,2,1,,,,,,A7837:U7837,
7836,0146-7239,1.04,Motiv Emot,0.00,1.00,1.00,0,3,,,,2,,,,1,,,,,A7838:U7838,
7837,0162-2439,1.14,Sci Technol Human Values,0.00,1.00,1.00,0,3,,,,,,1,,2,,,,,A7839:U7839,
7838,0164-0291,0.63,Int J Primatol,0.00,1.00,0.67,0,3,,,,1,,,2,,,,,,A7840:U7840,
7839,0165-9936,2.06,Trends Analyt Chem,0.00,1.00,0.00,0,3,2,,,,1,,,,,,,,A7841:U7841,
7840,0167-577X,0.51,Mater Lett,0.00,1.00,0.67,0,3,1,,,,1,,1,,,,,,A7842:U7842,
7841,0167-7055,0.95,Comput Graph Forum,0.00,1.00,1.00,0,3,,,1,,,,1,1,,,,,A7843:U7843,
7842,0167-7322,0.88,J Mol Liq,0.00,1.00,0.00,0,3,,1,,,,,1,1,,,,,A7844:U7844,
7843,0168-1591,0.61,Appl Anim Behav Sci,0.00,1.00,0.33,0,3,,,1,,1,,1,,,,,,A7845:U7845,
7844,0190-2725,1.02,Soc Psychol Q,0.00,1.00,0.67,0,3,1,1,,,1,,,,,,,,A7846:U7846,
7845,0263-2241,1.15,Measurement (Lond),0.00,1.00,0.33,0,3,,,,,,1,1,1,,,,,A7847:U7847,
7846,0267-9477,0.55,J Anal At Spectrom,0.00,1.00,1.00,0,3,1,,1,,,,,1,,,,,A7848:U7848,
7847,0269-7580,0.66,Int Rev Vict,0.00,1.00,1.00,0,3,,,,,,,,3,,,,,A7849:U7849,
7848,0278-3649,2.02,Int J Rob Res,0.00,1.00,0.67,0,3,,,1,1,,1,,,,,,,A7850:U7850,
7849,0304-3878,3.38,J Dev Econ,0.00,1.00,0.33,0,3,,,,,,2,,1,,,,,A7851:U7851,
7850,0304-8853,0.48,J Magn Magn Mater,0.00,1.00,0.33,0,3,1,,,,,2,,,,,,,A7852:U7852,
7851,0305-7356,0.91,Psychol Music,0.00,1.00,1.00,0,3,,,,2,,,1,,,,,,A7853:U7853,
7852,0308-518X,1.74,Environ Plan A,0.00,1.00,1.00,0,3,,1,2,,,,,,,,,,A7854:U7854,
7853,0309-1325,3.28,Prog Hum Geogr,0.00,1.00,1.00,0,3,,1,1,,,,1,,,,,,A7855:U7855,
7854,0319-5724,0.65,Can J Stat,0.00,1.00,0.67,0,3,,1,,,,,1,1,,,,,A7856:U7856,
7855,0327-9545,0.32,Biocell,0.00,1.00,0.00,0,3,,,2,,,,1,,,,,,A7857:U7857,
7856,0340-5443,0.69,Behav Ecol Sociobiol,0.00,1.00,0.67,0,3,1,,1,,,,,1,,,,,A7858:U7858,
7857,0360-0025,1.23,Sex Roles,0.00,1.00,1.00,0,3,,,1,1,,,1,,,,,,A7859:U7859,
7858,0360-3199,1.66,Int J Hydrogen Energy,0.00,1.00,0.00,0,3,,,1,1,,,1,,,,,,A7860:U7860,
7859,0371-1854,,Soud Lek,1.00,0.00,0.00,0,3,,2,,1,,,,,,,,,A7861:U7861,
7860,0378-1909,0.55,Environ Biol Fishes,0.00,1.00,1.00,0,3,,,2,,1,,,,,,,,A7862:U7862,
7861,0379-7112,0.91,Fire Saf J,0.00,1.00,0.67,0,3,1,,,1,1,,,,,,,,A7863:U7863,
7862,0380-1330,0.94,J Great Lakes Res,0.00,1.00,0.67,0,3,,1,1,,1,,,,,,,,A7864:U7864,
7863,0748-4518,1.4,J Quant Criminol,0.00,1.00,0.67,0,3,,,1,,1,1,,,,,,,A7865:U7865,
7864,0749-596X,1.75,J Mem Lang,0.00,0.67,0.33,0,3,,1,,,1,1,,,,,,,A7866:U7866,
7865,0883-4237,2.09,Stat Sci,0.00,1.00,0.00,0,3,2,,1,,,,,,,,,,A7867:U7867,
7866,0885-6125,1.03,Mach Learn,0.00,1.00,0.00,0,3,,1,,1,,,,1,,,,,A7868:U7868,
7867,0885-7156,0.56,Powder Diffr,0.00,1.00,1.00,0,3,,,,,,,,3,,,,,A7869:U7869,
7868,0891-2416,0.54,J Contemp Ethnogr,0.00,1.00,1.00,0,3,,2,,1,,,,,,,,,A7870:U7870,
7869,0896-3746,0.46,Infants Young Child,0.00,1.00,0.67,0,3,1,,1,,,,1,,,,,,A7871:U7871,
7870,0899-7640,1.29,Nonprofit Volunt Sect Q,0.00,1.00,1.00,0,3,,,,1,,,2,,,,,,A7872:U7872,
7871,0915-1753,,Rinsho Biseibutshu Jinsoku Shindan Kenkyukai Shi,1.00,0.00,0.00,0,3,,3,,,,,,,,,,,A7873:U7873,
7872,0921-2728,0.66,J Paleolimnol,0.00,1.00,0.33,0,3,,,1,1,,1,,,,,,,A7874:U7874,
7873,0921-8971,0.64,J Appl Phycol,0.00,1.00,0.67,0,3,1,,,,1,1,,,,,,,A7875:U7875,
7874,0925-4994,0.41,Crime Law Soc Change,0.00,1.00,1.00,0,3,,1,,,1,,1,,,,,,A7876:U7876,
7875,0933-1433,1.48,J Popul Econ,0.00,1.00,1.00,0,3,,1,,,,1,1,,,,,,A7877:U7877,
7876,0941-0643,1.07,Neural Comput Appl,0.00,1.00,0.67,0,3,,,1,1,1,,,,,,,,A7878:U7878,
7877,0956-5515,1.89,J Intell Manuf,0.00,1.00,1.00,0,3,,1,,,1,1,,,,,,,A7879:U7879,
7878,0957-0233,0.58,Meas Sci Technol,0.00,1.00,1.00,0,3,,,,,,,1,2,,,,,A7880:U7880,
7879,0958-9287,1.18,J Eur Soc Policy,0.00,1.00,1.00,0,3,1,,,2,,,,,,,,,A7881:U7881,
7880,0964-6639,0.64,Soc Leg Stud,0.00,1.00,1.00,0,3,,,1,,1,,1,,,,,,A7882:U7882,
7881,0966-3622,0.63,Fem Leg Stud,0.00,1.00,1.00,0,3,,,,,,,3,,,,,,A7883:U7883,
7882,0967-070X,1.44,Transp Policy (Oxf),0.00,1.00,0.33,0,3,,,1,,,1,,1,,,,,A7884:U7884,
7883,0969-0239,0.81,Cellulose (Lond),0.00,1.00,0.00,0,3,,1,,,1,,1,,,,,,A7885:U7885,
7884,1015-1621,0.71,Aquat Sci,0.00,1.00,0.67,0,3,1,,,1,1,,,,,,,,A7886:U7886,
7885,1017-1398,0.82,Numer Algorithms,0.00,1.00,0.00,0,3,,1,2,,,,,,,,,,A7887:U7887,
7886,1040-0400,0.37,Struct Chem,0.00,1.00,0.00,0,3,,,,,2,,1,,,,,,A7888:U7888,
7887,1041-6080,1.63,Learn Individ Differ,0.00,0.33,0.00,0,3,,1,,,,,2,,,,,,A7889:U7889,
7888,1046-8781,0.57,Simul Gaming,0.00,1.00,1.00,0,3,,,,,,3,,,,,,,A7890:U7890,
7889,1047-4412,0.4,J Educ Psychol Consult,0.00,1.00,0.67,0,3,,,1,1,,,1,,,,,,A7891:U7891,
7890,1049-7315,0.68,Res Soc Work Pract,0.00,1.00,1.00,0,3,1,,1,,,,1,,,,,,A7892:U7892,
7891,1053-587X,1.79,IEEE Trans Signal Process,0.00,1.00,0.33,0,3,1,,1,,,1,,,,,,,A7893:U7893,
7892,1053-5888,2.1,IEEE Signal Process Mag,0.00,1.00,0.00,0,3,,1,1,1,,,,,,,,,A7894:U7894,
7893,1057-7157,0.72,J Microelectromech Syst,0.00,1.00,0.00,0,3,,,,1,,,2,,,,,,A7895:U7895,
7894,1084-8223,0.44,Home Health Care Manag Pract,0.00,1.00,0.33,0,3,,,,1,,,2,,,,,,A7896:U7896,
7895,1088-9981,,EM (Pittsburgh Pa),0.00,1.00,0.00,0,3,,,,,2,1,,,,,,,A7897:U7897,
7896,1090-5138,1.39,Evol Hum Behav,0.00,1.00,0.00,0,3,,,,,1,1,,1,,,,,A7898:U7898,
7897,1092-8464,0.35,Curr Treat Options Cardiovasc Med,0.00,1.00,0.00,0,3,,1,1,,,,,1,,,,,A7899:U7899,
7898,1144-0546,0.44,New J Chem,0.00,1.00,0.67,0,3,,1,,,,1,1,,,,,,A7900:U7900,
7899,1180-4009,0.64,Environmetrics,0.00,1.00,0.67,0,3,,,1,,1,,1,,,,,,A7901:U7901,
7900,1369-703X,0.75,Biochem Eng J,0.00,1.00,0.33,0,3,,1,,,,,,2,,,,,A7902:U7902,
7901,1385-772X,0.43,Des Monomers Polym,0.00,1.00,0.67,0,3,1,,,,1,,,1,,,,,A7903:U7903,
7902,1386-1999,0.63,Extremes (Boston),0.00,1.00,0.00,0,3,,,,,,2,1,,,,,,A7904:U7904,
7903,1387-3326,2.55,Inf Syst Front,0.00,1.00,1.00,0,3,,,,,2,,1,,,,,,A7905:U7905,
7904,1387-3547,0.91,Biol Invasions,0.00,1.00,1.00,0,3,,1,,,,,2,,,,,,A7906:U7906,
7905,1388-0764,0.52,J Nanopart Res,0.00,1.00,0.33,1,3,1,,,,,,1,1,,,,,A7907:U7907,
7906,1423-0062,0.27,Hum Hered,0.67,1.00,0.00,0,3,,,1,,1,,1,,,,,,A7908:U7908,
7907,1423-0100,0.54,Intervirology,0.67,1.00,0.00,0,3,,,1,,,1,1,,,,,,A7909:U7909,
7908,1432-1785,0.68,Manuscr Math,0.00,1.00,1.00,0,3,,,1,,,2,,,,,,,A7910:U7910,
7909,1434-6079,0.32,Eur Phys J D At Mol Opt Phys,0.00,1.00,1.00,0,3,,,,,,,,3,,,,,A7911:U7911,
7910,1466-4437,2.43,J Inf Technol,0.00,1.00,1.00,0,3,,,,,3,,,,,,,,A7912:U7912,
7911,1466-8033,0.44,CrystEngComm,0.00,1.00,1.00,0,3,,1,,,,2,,,,,,,A7913:U7913,
7912,1474-9041,0.9,Eur Educ Res J,0.00,1.00,1.00,0,3,3,,,,,,,,,,,,A7914:U7914,
7913,1524-4865,,Annu Conf Expo (Am Soc Eng Educ),0.00,1.00,0.00,0,3,,,,1,,1,,1,,,,,A7915:U7915,
7914,1529-5192,1.08,Parent Sci Pract,0.00,1.00,0.33,0,3,,,1,,,1,,1,,,,,A7916:U7916,
7915,1536-1004,0.27,Top Magn Reson Imaging,1.00,0.00,0.67,0,3,,,,,1,1,,1,,,,,A7917:U7917,
7916,1538-1501,0.24,J HIV AIDS Soc Serv,0.00,1.00,0.33,0,3,1,1,,1,,,,,,,,,A7918:U7918,
7917,1541-9576,0.26,Food Prot Trends,0.00,1.00,0.00,0,3,1,1,,,,,,1,,,,,A7919:U7919,
7918,1545-0856,0.39,Home Health Care Serv Q,0.00,0.00,1.00,0,3,,,,,,1,,2,,,,,A7920:U7920,
7919,1545-1585,7.97,Annu Rev Physiol,1.00,1.00,0.00,0,3,,3,,,,,,,,,,,A7921:U7921,
7920,1545-4487,3.82,Annu Rev Entomol,0.67,0.67,0.00,0,3,3,,,,,,,,,,,,A7922:U7922,
7921,1545-5955,2.12,IEEE Trans Autom Sci Eng,0.00,1.00,0.00,0,3,,,,1,1,,,1,,,,,A7923:U7923,
7922,1547-8890,,Contact Context,0.00,1.00,1.00,0,3,,,,2,,1,,,,,,,A7924:U7924,
7923,1554-6128,0.49,Am J Sex Educ,0.00,0.67,0.67,0,3,,1,,,,1,,1,,,,,A7925:U7925,
7924,1569-5239,0.98,Rev Econ Househ,0.00,1.00,0.00,0,3,1,,,,,2,,,,,,,A7926:U7926,
7925,1569-8432,2.18,Int J Appl Earth Obs Geoinf,0.00,1.00,0.67,0,3,,,2,,,1,,,,,,,A7927:U7927,
7926,1572-8722,0.32,Int J Semiot Law,0.00,1.00,1.00,0,3,,,,,,1,,2,,,,,A7928:U7928,
7927,1572-9230,0.55,J Theor Probab,0.00,1.00,0.00,0,3,,1,,,1,,,1,,,,,A7929:U7929,
7928,1572-9303,0.6,Ramanujan J,0.00,1.00,0.33,0,3,,1,1,,,,,1,,,,,A7930:U7930,
7929,1573-1529,0.58,Geotech Geol Eng (Dordr),0.00,1.00,0.33,0,3,,,,,2,,,1,,,,,A7931:U7931,
7930,1573-1774,1.24,Int J Sci Math Educ,0.00,1.00,1.00,0,3,2,,,1,,,,,,,,,A7932:U7932,
7931,1574-020X,0.57,Lang Resour Eval,0.00,1.00,0.67,0,3,,,2,,1,,,,,,,,A7933:U7933,
7932,1606-6359,0.75,Addict Res Theory,0.00,1.00,0.33,0,3,1,,,,,1,1,,,,,,A7934:U7934,
7933,1612-4758,1.03,J Pest Sci (2004),0.00,1.00,0.67,0,3,1,,1,1,,,,,,,,,A7935:U7935,
7934,1613-0073,0.17,CEUR Workshop Proc,0.00,1.00,0.67,0,3,,,,1,1,1,,,,,,,A7936:U7936,
7935,1619-1374,0.66,Softw Syst Model,0.00,1.00,0.67,0,3,,,2,,,,1,,,,,,A7937:U7937,
7936,1687-9813,,J Environ Public Health,0.00,1.00,0.00,20,3,,,,1,1,,1,,,,,,A7938:U7938,
7937,1708-3087,1.21,Ecol Soc,0.00,0.00,1.00,0,3,,,2,,,1,,,,,,,A7939:U7939,
7938,1728-4414,0.53,Vienna Yearb Popul Res,0.00,0.67,1.00,0,3,,,1,,2,,,,,,,,A7940:U7940,
7939,1740-3391,0.22,J Circadian Rhythms,0.00,1.00,1.00,0,3,1,,,,1,1,,,,,,,A7941:U7941,
7940,1741-3001,2.09,Journalism (Lond),0.00,1.00,1.00,0,3,,1,,1,,,1,,,,,,A7942:U7942,
7941,1745-0128,0.31,Vulnerable Child Youth Stud,0.00,1.00,0.33,0,3,1,,1,,,,,1,,,,,A7943:U7943,
7942,1745-8552,0.46,Biosocieties,0.00,1.00,1.00,0,3,,,1,,,1,,1,,,,,A7944:U7944,
7943,1747-0161,0.74,Res Ethics,0.00,1.00,1.00,0,3,,,,1,1,,1,,,,,,A7945:U7945,
7944,1748-2798,0.79,J Child Media,0.00,1.00,0.33,0,3,,2,,,,,1,,,,,,A7946:U7946,
7945,1748-6718,,Comput Math Methods Med,0.00,1.00,0.00,65,3,,,,,,,3,,,,,,A7947:U7947,
7946,1749-7221,0.29,J Brachial Plex Peripher Nerve Inj,0.00,1.00,0.33,0,3,,,,1,2,,,,,,,,A7948:U7948,
7947,1750-6980,0.85,Mem Stud,0.00,1.00,1.00,0,3,,,,3,,,,,,,,,A7949:U7949,
7948,1750-9467,,Res Autism Spectr Disord,0.00,1.00,0.00,0,3,,,1,,1,1,,,,,,,A7950:U7950,
7949,1754-0739,1.4,Emot Rev,0.00,1.00,0.33,0,3,1,,1,,1,,,,,,,,A7951:U7951,
7950,1813-4424,0.75,SAHARA J,1.00,1.00,0.33,0,3,,,,1,,1,1,,,,,,A7952:U7952,
7951,1824-7490,0.44,Sport Sci Health,0.00,1.00,1.00,0,3,,,,,,,1,2,,,,,A7953:U7953,
7952,1839-9940,,J Genomics,0.00,1.00,0.00,0,3,1,1,,,1,,,,,,,,A7954:U7954,
7953,1861-1133,2.03,Acta Geotech,0.00,1.00,0.33,0,3,,,,1,,,2,,,,,,A7955:U7955,
7954,1866-9557,0.88,Archaeol Anthropol Sci,0.00,1.00,0.33,0,3,1,,,1,,,,1,,,,,A7956:U7956,
7955,1868-503X,0.68,Biomol Concepts,1.00,1.00,1.00,0,3,,,,,,,3,,,,,,A7957:U7957,
7956,1868-5137,0.76,J Ambient Intell Humaniz Comput,0.00,1.00,1.00,3,3,,,,,,,3,,,,,,A7958:U7958,
7957,1868-8969,0.45,Lebniz Int Proc Inform,0.00,1.00,0.67,0,3,,1,,1,,,,1,,,,,A7959:U7959,
7958,1869-5450,0.68,Soc Netw Anal Min,0.00,1.00,0.67,0,3,2,,,,1,,,,,,,,A7960:U7960,
7959,1872-9312,0.38,Artery Res,0.00,1.00,0.33,0,3,,,1,,,1,,1,,,,,A7961:U7961,
7960,1874-5490,1.07,Neuroethics,0.00,1.00,0.67,0,3,,,1,1,,,,1,,,,,A7962:U7962,
7961,1878-5174,1.22,Eur J Psychol Educ,0.00,1.00,1.00,0,3,1,,1,,,1,,,,,,,A7963:U7963,
7962,1884-8796,0.38,J Smooth Muscle Res,1.00,1.00,0.00,0,3,,,1,,1,,,1,,,,,A7964:U7964,
7963,1931-7212,0.24,Curr Bladder Dysfunct Rep,0.00,1.00,0.67,0,3,,1,,,1,,,1,,,,,A7965:U7965,
7964,1931-9401,2.54,Appl Phys Rev,0.00,1.00,0.67,0,3,1,,,,1,,1,,,,,,A7966:U7966,
7965,1932-9520,0.61,Curr Cardiovasc Risk Rep,0.00,1.00,0.33,0,3,1,1,,,1,,,,,,,,A7967:U7967,
7966,1936-4954,0.78,SIAM J Imaging Sci,0.00,1.00,0.00,0,3,,,,,1,1,,1,,,,,A7968:U7968,
7967,1938-8926,1.12,J Divers High Educ,0.00,1.00,0.67,0,3,1,,,1,,1,,,,,,,A7969:U7969,
7968,1940-8447,,Int Rev Qual Res,0.00,1.00,1.00,0,3,,,1,2,,,,,,,,,A7970:U7970,
7969,1943-4588,0.4,Curr Breast Cancer Rep,0.00,1.00,0.00,0,3,2,,,,1,,,,,,,,A7971:U7971,
7970,1944-9089,0.86,Energy J (Camb),0.00,1.00,0.33,0,3,,,,3,,,,,,,,,A7972:U7972,
7971,1998-0124,1.98,Nano Res,0.00,1.00,0.33,0,3,1,,1,,,1,,,,,,,A7973:U7973,
7972,2041-4137,0.9,Frontline Gastroenterol,0.00,1.00,0.33,0,3,,,1,,,2,,,,,,,A7974:U7974,
7973,2043-8087,0.89,J Exp Psychopathol,0.00,1.00,1.00,0,3,,,,2,,,,1,,,,,A7975:U7975,
7974,2050-1242,0.45,Netw Sci (Camb Univ Press),0.00,1.00,1.00,0,3,,,1,2,,,,,,,,,A7976:U7976,
7975,2050-3385,0.71,Anim Biotelemetry,0.00,1.00,0.33,0,3,1,,,,,2,,,,,,,A7977:U7977,
7976,2050-4608,0.65,Res Educ (Univ Manch),0.00,1.00,1.00,0,3,,,,,2,,1,,,,,,A7978:U7978,
7977,2052-1537,1.36,Mater Chem Front,0.00,1.00,0.67,0,3,,,,,,3,,,,,,,A7979:U7979,
7978,2053-1400,0.8,Environ Sci (Camb),0.00,1.00,1.00,0,3,1,,,,2,,,,,,,,A7980:U7980,
7979,2053-1583,1.09,2d Mater,0.00,1.00,1.00,0,3,,,1,,1,,1,,,,,,A7981:U7981,
7980,2059-7037,2.15,NPJ Clean Water,0.00,1.00,0.00,0,3,,,1,1,,,,1,,,,,A7982:U7982,
7981,2059-8025,0.4,Build Acoust,0.00,1.00,1.00,0,3,,,,3,,,,,,,,,A7983:U7983,
7982,2059-8521,0.27,MRS Adv,0.00,1.00,0.67,0,3,1,1,,,,1,,,,,,,A7984:U7984,
7983,2075-4698,0.54,Societies (Basel),0.00,1.00,1.00,0,3,1,,,1,,1,,,,,,,A7985:U7985,
7984,2079-9292,0.62,Electronics (Basel),0.00,0.67,0.33,0,3,1,,,,1,1,,,,,,,A7986:U7986,
7985,2090-0201,0.4,J Nucleic Acids,0.00,1.00,0.67,1,3,,,,,3,,,,,,,,A7987:U7987,
7986,2160-4150,,Am J Stem Cells,0.00,1.00,0.00,0,3,1,,2,,,,,,,,,,A7988:U7988,
7987,2160-7508,1.51,Conf Comput Vis Pattern Recognit Workshops,0.00,1.00,0.00,0,3,,,,2,,,1,,,,,,A7989:U7989,
7988,2162-3449,,Proc Int AAAI Conf Weblogs Soc Media,0.00,1.00,0.00,0,3,1,,,,1,1,,,,,,,A7990:U7990,
7989,2162-5875,0.37,Adv Mar Biol,0.67,0.00,0.00,0,3,,,,,3,,,,,,,,A7991:U7991,
7990,2163-0070,,J Lat Psychol,0.00,1.00,0.00,0,3,,,,,,2,,1,,,,,A7992:U7992,
7991,2165-591X,,Am J Neurodegener Dis,0.00,1.00,0.00,0,3,1,,,,,,2,,,,,,A7993:U7993,
7992,2165-8110,3.07,Annu Rev Anim Biosci,0.67,0.67,0.00,0,3,,3,,,,,,,,,,,A7994:U7994,
7993,2166-5222,,J Health Dispar Res Pract,0.00,1.00,0.00,0,3,,,,2,,,,1,,,,,A7995:U7995,
7994,2190-7188,0.74,Health Technol (Berl),0.00,1.00,1.00,1,3,,,,1,,1,1,,,,,,A7996:U7996,
7995,2191-1630,0.53,Bionanoscience,0.00,1.00,0.00,0,3,,,1,1,,1,,,,,,,A7997:U7997,
7996,2193-5351,0.28,Arab J Math,0.00,1.00,1.00,0,3,,,,,,,3,,,,,,A7998:U7998,
7997,2193-7192,0.58,J Ornithol,0.00,1.00,1.00,0,3,,,2,,,,1,,,,,,A7999:U7999,
7998,2195-7185,1.29,Rev J Autism Dev Disord,0.00,1.00,1.00,0,3,1,,2,,,,,,,,,,A8000:U8000,
7999,2196-0216,0.88,ChemElectroChem,0.00,1.00,0.33,0,3,,1,,1,,,1,,,,,,A8001:U8001,
8000,2196-8799,0.32,Glob Soc Welf,0.00,1.00,0.33,0,3,,,,2,,1,,,,,,,A8002:U8002,
8001,2197-9847,0.58,Res Math Sci,0.00,1.00,1.00,0,3,,,,1,2,,,,,,,,A8003:U8003,
8002,2198-6452,0.73,J Ocean Eng Mar Energy,0.00,1.00,0.33,0,3,1,,,1,,,1,,,,,,A8004:U8004,
8003,2199-2576,3.46,Ann PDE,0.00,1.00,0.33,0,3,,,,,2,,1,,,,,,A8005:U8005,
8004,2213-7467,0.79,Adv Model Simul Eng Sci,0.00,1.00,0.33,0,3,,,,,1,,1,1,,,,,A8006:U8006,
8005,2214-594X,1.16,Comp Migr Stud,0.00,1.00,0.33,0,3,2,,,1,,,,,,,,,A8007:U8007,
8006,2214-8604,2.64,Addit Manuf,0.00,1.00,0.00,0,3,,,,,1,2,,,,,,,A8008:U8008,
8007,2227-7102,0.88,Educ Sci (Basel),0.00,1.00,0.33,0,3,,,,,2,,1,,,,,,A8009:U8009,
8008,2230-5254,,Integr Pharm Res Pract,0.00,1.00,1.00,0,3,1,1,,,1,,,,,,,,A8010:U8010,
8009,2307-4531,,Int J Sci Basic Appl Res,0.00,1.00,0.00,0,3,,,,,2,1,,,,,,,A8011:U8011,
8010,2325-0984,0.82,J Surv Stat Methodol,0.00,1.00,0.33,0,3,,,1,2,,,,,,,,,A8012:U8012,
8011,2325-3193,0.41,J Mot Learn Dev,0.00,1.00,0.33,0,3,,,,1,1,,1,,,,,,A8013:U8013,
8012,2326-8298,3.49,Annu Rev Stat Appl,0.00,1.00,0.00,0,3,,,,,2,1,,,,,,,A8014:U8014,
8013,2329-3691,0.46,Womens Reprod Health (Phila),0.00,0.67,1.00,0,3,,1,1,,,,1,,,,,,A8015:U8015,
8014,2330-2941,,J Restor Med,0.00,1.00,0.00,0,3,,2,,,,,,1,,,,,A8016:U8016,
8015,2332-8363,1.65,Natl Health Stat Report,1.00,1.00,0.00,0,3,,3,,,,,,,,,,,A8017:U8017,
8016,2332-8584,1.44,AERA Open,0.00,1.00,0.67,0,3,,1,,,1,1,,,,,,,A8018:U8018,
8017,2333-5432,0.3,Int Biomech,1.00,1.00,0.33,0,3,2,,,,1,,,,,,,,A8019:U8019,
8018,2333-9748,,Tob Regul Sci,0.00,1.00,0.00,0,3,,,,,,2,1,,,,,,A8020:U8020,
8019,2365-0524,,Living Rev Comput Astrophys,0.00,1.00,0.67,0,3,,,,,1,1,,1,,,,,A8021:U8021,
8020,2367-0142,,Occup Health Sci,0.00,1.00,1.00,0,3,1,1,,,,1,,,,,,,A8022:U8022,
8021,2372-7322,0.91,Policy Insights Behav Brain Sci,0.00,1.00,1.00,0,3,,2,,1,,,,,,,,,A8023:U8023,
8022,2373-3799,0.44,Pedagogy Health Promot,0.00,1.00,0.67,0,3,,,,1,1,1,,,,,,,A8024:U8024,
8023,2374-8842,,Cities Health,0.00,1.00,0.67,0,3,1,,,2,,,,,,,,,A8025:U8025,
8024,2377-8253,1.53,RSF,0.00,1.00,0.33,0,3,1,,,,,1,1,,,,,,A8026:U8026,
8025,2378-0967,1.49,APL Photonics,0.00,1.00,1.00,0,3,,,,,1,1,,1,,,,,A8027:U8027,
8026,2393-6444,,Rev Univ Educ Fis Deporte,0.00,1.00,0.00,0,3,,,,,,3,,,,,,,A8028:U8028,
8027,2398-9629,7.9,Nat Sustain,0.00,1.00,0.33,0,3,,1,,,,1,,1,,,,,A8029:U8029,
8028,2405-8572,0.19,Int J Surg Open,0.00,1.00,1.00,0,3,,,1,,,,2,,,,,,A8030:U8030,
8029,2451-9103,1.46,Curr Opin Electrochem,0.00,1.00,0.00,0,3,,1,1,,,1,,,,,,,A8031:U8031,
8030,2452-0918,,Clin Epidemiol Glob Health,0.00,1.00,1.00,0,3,,,,,,,1,2,,,,,A8032:U8032,
8031,2468-1113,0.75,Comput Toxicol,0.00,1.00,1.00,0,3,,1,2,,,,,,,,,,A8033:U8033,
8032,2468-1709,0.56,Forensic Chem,0.00,1.00,0.00,0,3,,,,,2,,1,,,,,,A8034:U8034,
8033,2475-1472,0.53,IEEE Sens Lett,0.00,1.00,0.33,0,3,,1,,,,1,1,,,,,,A8035:U8035,
8034,2509-3304,0.48,J Cogn Enhanc,0.00,1.00,0.33,0,3,1,,,1,1,,,,,,,,A8036:U8036,
8035,2509-9434,0.93,Earth Syst Environ,0.00,1.00,1.00,0,3,,,,1,,,2,,,,,,A8037:U8037,
8036,2515-5741,0.54,J Educ (Boston),0.00,1.00,1.00,0,3,,,,3,,,,,,,,,A8038:U8038,
8037,2523-3246,1.06,Cybersecur (Singap),0.00,1.00,0.67,0,3,1,,,1,,,1,,,,,,A8039:U8039,
8038,2524-7840,,Int J Digit Humanit,0.00,1.00,0.33,0,3,,1,,,,,2,,,,,,A8040:U8040,
8039,2577-8161,0.82,AWWA Water Sci,0.00,1.00,0.67,0,3,,,,1,2,,,,,,,,A8041:U8041,
8040,2578-6180,,Ohio J Public Health,0.00,1.00,0.00,0,3,,1,1,,1,,,,,,,,A8042:U8042,
8041,2589-5974,2.18,Trends Chem,0.00,0.67,0.00,0,3,2,,1,,,,,,,,,,A8043:U8043,
8042,2590-0498,1.43,Mater Today Adv,0.00,1.00,0.33,0,3,,1,,,1,,1,,,,,,A8044:U8044,
8043,2590-1621,0.96,Atmos Environ X,0.00,1.00,1.00,0,3,,,1,1,,,,1,,,,,A8045:U8045,
8044,2624-9553,1.33,Front Clim,0.00,1.00,0.00,0,3,,,,1,,,,2,,,,,A8046:U8046,
8045,2633-674X,0.51,Hum Geogr,0.00,1.00,0.67,0,3,,,,2,,,1,,,,,,A8047:U8047,
8046,2634-5161,0.26,Foregut,0.00,1.00,0.33,0,3,,,,1,,1,1,,,,,,A8048:U8048,
8047,2644-2353,,Harv Data Sci Rev,0.00,1.00,0.00,0,3,,,,1,,1,,1,,,,,A8049:U8049,
8048,2662-8643,7.42,eLight,0.00,1.00,0.67,0,3,1,1,,,,,1,,,,,,A8050:U8050,
8049,2666-1446,0.8,Biomark Neuropsychiatry,0.00,1.00,0.33,0,3,1,,,,,1,1,,,,,,A8051:U8051,
8050,2666-9900,1.36,Comput Methods Programs Biomed Update,0.00,1.00,0.33,1,3,,,,,1,,,2,,,,,A8052:U8052,
8051,2667-0321,0.67,Aging Health Res,0.00,1.00,1.00,0,3,,,1,1,,,1,,,,,,A8053:U8053,
8052,2667-1379,0.96,Adv Redox Res,0.00,1.00,1.00,0,3,2,,1,,,,,,,,,,A8054:U8054,
8053,2673-1673,0.49,Microb Physiol,0.67,1.00,0.00,0,3,,,,,1,,1,1,,,,,A8055:U8055,
8054,2673-3005,1.22,Complex Psychiatry,0.00,1.00,0.00,0,3,,2,,,1,,,,,,,,A8056:U8056,
8055,2673-396X,0.58,Endocrines,0.00,1.00,0.67,0,3,,,2,,,,1,,,,,,A8057:U8057,
8056,2673-4125,0.4,Biophysica,0.00,1.00,0.00,0,3,1,1,,,,,1,,,,,,A8058:U8058,
8057,2673-7515,0.64,Front Trop Dis,0.00,1.00,0.00,0,3,1,,,,1,,1,,,,,,A8059:U8059,
8058,2673-8007,0.49,Appl Microbiol (Basel),0.00,1.00,1.00,0,3,,,3,,,,,,,,,,A8060:U8060,
8059,2673-8112,0.28,COVID,0.00,1.00,1.00,0,3,,1,1,1,,,,,,,,,A8061:U8061,
8060,2673-9801,1.23,Oxygen (Basel),0.00,1.00,0.67,0,3,,,,,1,,2,,,,,,A8062:U8062,
8061,2688-4062,2.15,Small Struct,0.00,1.00,0.00,0,3,,,1,1,,1,,,,,,,A8063:U8063,
8062,2688-4518,,Ann LGBTQ Public Popul Health,0.00,1.00,0.00,0,3,1,,,1,1,,,,,,,,A8064:U8064,
8063,2689-0208,1.01,Technol Mind Behav,0.00,1.00,0.33,0,3,,,,1,,1,,1,,,,,A8065:U8065,
8064,2692-1944,0.56,ACS Food Sci Technol,0.00,0.67,1.00,0,3,,,1,1,,,,1,,,,,A8066:U8066,
8065,2694-0884,0.72,IEEE Open J Ultrason Ferroelectr Freq Control,0.00,1.00,1.00,0,3,1,,,1,1,,,,,,,,A8067:U8067,
8066,2694-1473,,J Soc Clin Data Manag,0.00,1.00,0.00,0,3,1,,,,1,1,,,,,,,A8068:U8068,
8067,2731-426X,2.08,NPJ Ocean Sustain,0.00,1.00,0.00,0,3,,,,2,1,,,,,,,,A8069:U8069,
8068,2731-4588,,Global Surg Educ,0.00,1.00,0.67,0,3,,1,1,,,,,1,,,,,A8070:U8070,
8069,2731-6084,5.74,Nat Water,0.00,1.00,1.00,0,3,1,,,,1,,,1,,,,,A8071:U8071,
8070,2737-7474,0.49,Zoonoses,0.00,1.00,0.33,0,3,1,,1,1,,,,,,,,,A8072:U8072,
8071,2751-1219,0.83,Adv Sens Res,0.00,1.00,0.00,0,3,,1,,,1,1,,,,,,,A8073:U8073,
8072,2753-1457,1.09,Energy Adv,0.00,1.00,1.00,0,3,,1,2,,,,,,,,,,A8074:U8074,
8073,2753-801X,2.24,EES Catal,0.00,1.00,1.00,0,3,1,,1,,,,,1,,,,,A8075:U8075,
8074,2754-2726,0.9,ECS Sens Plus,0.00,1.00,1.00,0,3,1,,,,1,1,,,,,,,A8076:U8076,
8075,2754-6330,,Neurodiversity,0.00,1.00,0.67,0,3,,,1,,,1,,1,,,,,A8077:U8077,
8076,2770-0208,0.35,Opt Contin,0.00,1.00,1.00,0,3,1,,,,,1,1,,,,,,A8078:U8078,
8077,2770-5005,,Hum Popul Genet Genom,0.00,1.00,0.33,0,3,,,,,2,,1,,,,,,A8079:U8079,
8078,2771-165X,0.43,J Clin Transl Pathol,0.00,1.00,1.00,0,3,,,,,1,1,1,,,,,,A8080:U8080,
8079,2772-5286,1.08,Neurosci Inform,0.00,1.00,0.33,0,3,,,,1,,,,2,,,,,A8081:U8081,
8080,2772-6118,0.4,EJC Skin Cancer,0.00,1.00,0.67,0,3,2,,,,,,,1,,,,,A8082:U8082,
8081,2773-0492,1.08,Hyg Environ Health Adv,0.00,1.00,0.67,0,3,1,1,,,,,,1,,,,,A8083:U8083,
8082,2791-223X,,CABI One Health,0.00,1.00,0.00,0,3,,,,1,,,,2,,,,,A8084:U8084,
8083,2813-2998,,Drugs Drug Candidates,0.00,1.00,0.67,0,3,,1,1,,,1,,,,,,,A8085:U8085,
8084,2813-3307,,Lymphatics,0.00,1.00,0.67,0,3,,1,,1,,1,,,,,,,A8086:U8086,
8085,2813-7779,0.5,Front Dev Psychol,0.00,1.00,0.00,0,3,1,,,,1,,1,,,,,,A8087:U8087,
8086,2831-3461,,Exerc Sport Mov,0.00,1.00,0.00,0,3,,,,,1,,1,1,,,,,A8088:U8088,
8087,2833-7018,,Eye Bank Corneal Transpl,0.00,1.00,0.00,0,3,,1,,1,,,1,,,,,,A8089:U8089,
8088,2836-1512,,Epigenet Rep,0.00,1.00,0.00,0,3,1,1,,,,1,,,,,,,A8090:U8090,
8089,2837-5319,,Fam Transit,0.00,1.00,0.67,0,3,1,,,,,1,1,,,,,,A8091:U8091,
8090,2942-3899,,Methods Microsc,0.00,1.00,0.33,0,3,1,,,1,1,,,,,,,,A8092:U8092,
8091,2943-9973,,Adv Robot Res,0.00,1.00,1.00,0,3,,,,,1,1,1,,,,,,A8093:U8093,
8092,2948-1600,,Discov Electron,0.00,1.00,0.00,0,3,,1,,,1,1,,,,,,,A8094:U8094,
8093,2948-2119,2.78,Npj Spintron,0.00,1.00,0.00,0,3,,,1,,,1,1,,,,,,A8095:U8095,
8094,2948-2992,0.39,Discov Comput,0.00,1.00,0.00,0,3,1,,,1,1,,,,,,,,A8096:U8096,
8095,2949-8341,,Brain Behav Immun Integr,0.00,1.00,0.33,0,3,,,1,,,1,,1,,,,,A8097:U8097,
8096,2950-1938,0.34,Child Prot Pract,0.00,1.00,0.33,0,3,,,1,,1,,,1,,,,,A8098:U8098,
8097,2950-1997,0.38,Pharmacol Res Nat Prod,0.00,0.67,0.33,0,3,2,,,,,1,,,,,,,A8099:U8099,
8098,2950-3620,0.49,Indoor Environ,0.00,1.00,0.67,0,3,,,,2,,,1,,,,,,A8100:U8100,
8099,2972-4767,,Ageing Cancer Res Treat,0.00,1.00,0.00,0,3,1,1,,1,,,,,,,,,A8101:U8101,
8100,2976-8640,,Dialogues Digit Soc,0.00,1.00,1.00,0,3,,,,3,,,,,,,,,A8102:U8102,
8101,2976-8683,0.56,RSC Mechanochem,0.00,1.00,1.00,0,3,,2,,,,,1,,,,,,A8103:U8103,
8102,2977-0548,,AJE Adv,0.00,1.00,0.67,0,3,,,1,,1,,1,,,,,,A8104:U8104,
8103,2978-5545,,Hum Occup Wellbeing J,0.00,1.00,0.00,0,3,,,2,,1,,,,,,,,A8105:U8105,
8104,2994-0974,,Artif Photosynth,0.00,1.00,1.00,0,3,1,,,1,,,1,,,,,,A8106:U8106,
8105,2994-4376,,J Derm Oncol,0.00,1.00,0.67,0,3,,1,,,1,1,,,,,,,A8107:U8107,
8106,2996-6833,,J Public Health Deep South,0.00,1.00,0.00,0,3,,,1,1,1,,,,,,,,A8108:U8108,
8107,2996-8577,,Reinf Learn J,0.00,1.00,0.00,0,3,,,2,1,,,,,,,,,A8109:U8109,
8108,2997-3376,0.13,J Child Adolesc Subst Use,0.00,1.00,1.00,0,3,,,,,1,1,,1,,,,,A8110:U8110,
8109,2997-8831,,Adv Cancer Educ Qual Improv,0.00,1.00,1.00,0,3,,1,,,2,,,,,,,,A8111:U8111,
8110,2997-9196,,Acad Ment Health Well Being,0.00,1.00,0.00,0,3,,,1,,,1,,1,,,,,A8112:U8112,
8111,3004-8311,,Disc Cities,0.00,1.00,0.00,0,3,,,,1,1,1,,,,,,,A8113:U8113,
8112,3004-863X,,NPJ Biol Phys Mech,0.00,1.00,0.00,0,3,2,,,,,1,,,,,,,A8114:U8114,
8113,3050-4619,,ESMO Rare Cancers,0.00,1.00,0.00,0,3,,,,2,,,1,,,,,,A8115:U8115,
8114,3050-5291,0.55,Transcranial Magn Stimul,0.00,1.00,0.33,0,3,,1,,,,1,1,,,,,,A8116:U8116,
8115,3050-5917,,Brain Environ,0.00,1.00,0.67,0,3,,,1,,1,1,,,,,,,A8117:U8117,
8116,3050-6743,,Aging Adv,0.00,1.00,1.00,0,3,2,,,,,1,,,,,,,A8118:U8118,
8117,3050-8355,,Clean Food Syst,0.00,1.00,0.00,0,3,,,,,,3,,,,,,,A8119:U8119,
8118,3059-3891,,Eye Open,0.00,1.00,1.00,0,3,,3,,,,,,,,,,,A8120:U8120,
8119,3066-9464,,IEEE Trans Ultrason,0.00,1.00,0.00,0,3,,,,,2,1,,,,,,,A8121:U8121,
8120,3091-4523,,J Audio Speech Music Process,0.00,1.00,1.00,0,3,,,1,1,1,,,,,,,,A8122:U8122,
8121,NLM101151802,,Comput Vis ECCV,0.00,1.00,0.00,0,3,,1,1,,1,,,,,,,,A8123:U8123,
8122,NLM101696674,,Funct Imaging Model Heart,0.00,1.00,0.00,0,3,,1,1,1,,,,,,,,,A8124:U8124,
8123,NLM101775599,,Proc ACM Symp User Interface Softw Tech,0.00,1.00,0.33,0,3,,,1,,,1,1,,,,,,A8125:U8125,
8124,NLM9881881,,Occup Health (Auckl),0.00,1.00,1.00,0,3,,,,,1,,1,1,,,,,A8126:U8126,
8125,NLM9918646287606676,,Int Conf Manip Autom Robot Small Scales,0.00,1.00,0.00,0,3,,,,,,2,,1,,,,,A8127:U8127,
8126,NLM9918957861606676,,Mach Learn Clin Neuroimaging (2024),0.00,1.00,0.00,0,3,,1,2,,,,,,,,,,A8128:U8128,
8127,NLM9919208467106676,,Deep Gener Model (2025),0.00,1.00,0.00,0,3,,,2,1,,,,,,,,,A8129:U8129,
8128,NLM9919209771906676,,Find ACL NAACL,0.00,1.00,0.00,0,3,3,,,,,,,,,,,,A8130:U8130,
8129,NLM9919257803506676,,Segmentation Classif Synth Brain Tumors Trauma Brain Inj (2025),0.00,0.67,0.00,0,3,,,,,2,,,1,,,,,A8131:U8131,
8130,NLM9919258115306676,,Proc Conf (Morristown),0.00,1.00,0.00,0,3,,,,1,,2,,,,,,,A8132:U8132,
8131,0001-1541,0.8,AIChE J,0.00,1.00,0.50,0,2,,,,2,,,,,,,,,A8133:U8133,
8132,0002-7820,0.75,J Am Ceram Soc,0.00,1.00,0.50,0,2,,,,,2,,,,,,,,A8134:U8134,
8133,0003-0007,1.97,Bull Am Meteorol Soc,0.00,1.00,0.00,0,2,,,,,1,1,,,,,,,A8135:U8135,
8134,0009-5893,0.29,Chromatographia,0.00,0.50,0.00,0,2,,,,,1,,1,,,,,,A8136:U8136,
8135,0011-1384,2.39,Criminology,0.00,1.00,0.00,0,2,,,,,,2,,,,,,,A8137:U8137,
8136,0013-7944,1.25,Eng Fract Mech,0.00,0.50,0.00,0,2,,,,,2,,,,,,,,A8138:U8138,
8137,0013-9165,1.25,Environ Behav,0.00,1.00,1.00,0,2,,,1,,,,1,,,,,,A8139:U8139,
8138,0014-3057,1.06,Eur Polym J,0.00,1.00,0.00,0,2,,,,,1,1,,,,,,,A8140:U8140,
8139,0014-4851,0.61,Exp Mech,0.00,1.00,0.50,0,2,,,1,,1,,,,,,,,A8141:U8141,
8140,0016-7363,1.38,Geogr Anal,0.00,1.00,0.50,0,2,1,,,,,1,,,,,,,A8142:U8142,
8141,0018-3830,0.39,Holzforschung,0.00,1.00,1.00,0,2,,,1,1,,,,,,,,,A8143:U8143,
8142,0018-7259,0.28,Hum Organ,0.00,1.00,0.50,0,2,,,,,1,,,1,,,,,A8144:U8144,
8143,0018-926X,1.92,IEEE Trans Antennas Propag,0.00,1.00,0.00,0,2,,1,,,,,,1,,,,,A8145:U8145,
8144,0018-9480,1.87,IEEE Trans Microw Theory Tech,0.00,1.00,0.00,0,2,,,,,1,1,,,,,,,A8146:U8146,
8145,0020-1812,0.34,Insectes Soc,0.00,1.00,1.00,0,2,,2,,,,,,,,,,,A8147:U8147,
8146,0020-7020,0.26,Int J,0.00,1.00,0.50,0,2,,,,,,2,,,,,,,A8148:U8148,
8147,0020-7411,0.83,Int J Ment Health,0.00,1.00,1.00,0,2,,,,,,1,,1,,,,,A8149:U8149,
8148,0020-8833,1.64,Int Stud Q,0.00,1.00,1.00,0,2,1,1,,,,,,,,,,,A8150:U8150,
8149,0021-2148,0.61,Isr J Chem,0.00,1.00,0.50,0,2,,,,,,,1,1,,,,,A8151:U8151,
8150,0022-0027,1.89,J Conflict Resolut,0.00,1.00,1.00,0,2,1,,,,1,,,,,,,,A8152:U8152,
8151,0022-0663,2.64,J Educ Psychol,0.00,1.00,0.50,0,2,,,,,1,1,,,,,,,A8153:U8153,
8152,0022-1031,1.9,J Exp Soc Psychol,0.00,1.00,0.00,0,2,,,1,,,,,1,,,,,A8154:U8154,
8153,0022-166X,6.09,J Hum Resour,0.00,1.00,0.00,0,2,,1,1,,,,,,,,,,A8155:U8155,
8154,0022-1694,2.05,J Hydrol (Amst),0.00,1.00,0.00,0,2,1,,,,1,,,,,,,,A8156:U8156,
8155,0022-3727,0.59,J Phys D Appl Phys,0.00,1.00,1.00,0,2,,,1,,,,1,,,,,,A8157:U8157,
8156,0023-2653,0.38,Kolner Z Soz Sozpsychol,0.00,1.00,1.00,0,2,,,,,,2,,,,,,,A8158:U8158,
8157,0024-3590,1.53,Limnol Oceanogr,0.00,1.00,0.50,0,2,1,,,1,,,,,,,,,A8159:U8159,
8158,0024-4066,0.57,Biol J Linn Soc Lond,0.00,0.50,1.00,0,2,,,,,1,,1,,,,,,A8160:U8160,
8159,0025-3162,0.69,Mar Biol,0.00,1.00,1.00,0,2,,,,,,1,1,,,,,,A8161:U8161,
8160,0025-6455,0.44,Meccanica,0.00,1.00,0.00,0,2,,,,,,2,,,,,,,A8162:U8162,
8161,0026-5187,0.14,Min Eng,0.00,1.00,0.00,0,2,,,,1,1,,,,,,,,A8163:U8163,
8162,0026-8976,0.3,Mol Phys,0.00,1.00,0.00,0,2,,,,,1,1,,,,,,,A8164:U8164,
8163,0026-9247,0.34,Monatsh Chem,0.00,1.00,1.00,0,2,,1,1,,,,,,,,,,A8165:U8165,
8164,0030-1876,,J Okla State Med Assoc,0.00,1.00,1.00,0,2,,,,,,,2,,,,,,A8166:U8166,
8165,0032-2687,1.27,Policy Sci,0.00,1.00,0.00,0,2,,,1,,,1,,,,,,,A8167:U8167,
8166,0033-2933,0.64,Psychol Rec,0.00,1.00,1.00,0,2,,,,,1,,1,,,,,,A8168:U8168,
8167,0034-6527,23.62,Rev Econ Stud,0.00,0.50,0.00,0,2,,,,1,,,1,,,,,,A8169:U8169,
8168,0035-4511,0.49,Rheol Acta,0.00,1.00,0.50,0,2,,,,,1,,,1,,,,,A8170:U8170,
8169,0036-0112,0.85,Rural Sociol,0.00,1.00,0.00,0,2,,,,1,,1,,,,,,,A8171:U8171,
8170,0037-5497,0.37,Simulation,0.00,1.00,1.00,0,2,1,,,,,,1,,,,,,A8172:U8172,
8171,0037-7791,1.7,Soc Probl,0.00,1.00,0.00,0,2,,,,,,,1,1,,,,,A8173:U8173,
8172,0037-7961,0.75,Soc Serv Rev,0.00,1.00,0.00,0,2,,,,1,1,,,,,,,,A8174:U8174,
8173,0038-0237,0.34,Sociol Focus,0.00,1.00,1.00,0,2,,,,,,,,2,,,,,A8175:U8175,
8174,0038-0385,1.56,Sociology,0.00,1.00,1.00,0,2,,,,,,,,2,,,,,A8176:U8176,
8175,0038-9986,,Stat,0.00,1.00,0.50,0,2,1,,,,,,,1,,,,,A8177:U8177,
8176,0040-5833,0.64,Theory Decis,0.00,1.00,1.00,0,2,,,,2,,,,,,,,,A8178:U8178,
8177,0042-0972,0.98,Urban Rev,0.00,1.00,1.00,0,2,2,,,,,,,,,,,,A8179:U8179,
8178,0043-1397,1.78,Water Resour Res,0.00,0.00,1.00,0,2,,,,,,2,,,,,,,A8180:U8180,
8179,0043-3284,,W V Med J,0.00,1.00,0.00,0,2,,,2,,,,,,,,,,A8181:U8181,
8180,0044-8435,0.57,Apidologie,0.00,1.00,1.00,0,2,1,,,,,,1,,,,,,A8182:U8182,
8181,0045-7930,0.82,Comput Fluids,0.00,1.00,0.50,0,2,1,,,,1,,,,,,,,A8183:U8183,
8182,0046-2772,1.35,Eur J Soc Psychol,0.00,1.00,1.00,0,2,,,1,,1,,,,,,,,A8184:U8184,
8183,0047-259X,1.02,J Multivar Anal,0.00,0.50,0.00,0,2,1,,,1,,,,,,,,,A8185:U8185,
8184,0090-5917,0.78,Polit Theory,0.00,1.00,0.50,0,2,,,1,,1,,,,,,,,A8186:U8186,
8185,0093-6502,2.3,Communic Res,0.00,1.00,1.00,0,2,,,,,,1,1,,,,,,A8187:U8187,
8186,0095-7984,1.23,J Black Psychol,0.00,1.00,0.50,0,2,,,,,,1,1,,,,,,A8188:U8188,
8187,0134-5486,0.1,Soc Sci,0.00,1.00,1.00,0,2,1,,,,,1,,,,,,,A8189:U8189,
8188,0148-8376,0.41,J Soc Serv Res,0.00,1.00,0.00,0,2,,2,,,,,,,,,,,A8190:U8190,
8189,0160-2896,1.28,Intelligence,0.00,1.00,0.00,0,2,,,1,,,,1,,,,,,A8191:U8191,
8190,0163-9625,0.68,Deviant Behav,0.00,1.00,0.00,0,2,,1,,,,,,1,,,,,A8192:U8192,
8191,0164-212X,0.27,Occup Ther Ment Health,0.00,1.00,0.50,0,2,,,,1,,,1,,,,,,A8193:U8193,
8192,0167-5249,0.19,Law Philos,0.00,1.00,1.00,0,2,,,,1,,,1,,,,,,A8194:U8194,
8193,0167-7152,0.42,Stat Probab Lett,0.00,1.00,1.00,0,2,,,1,,,1,,,,,,,A8195:U8195,
8194,0167-7411,0.63,Topoi (Dordr),0.00,1.00,1.00,0,2,,,,,,2,,,,,,,A8196:U8196,
8195,0167-8655,0.79,Pattern Recognit Lett,0.00,1.00,0.50,0,2,1,,1,,,,,,,,,,A8197:U8197,
8196,0167-9473,0.93,Comput Stat Data Anal,0.00,1.00,0.00,0,2,,,,,,1,,1,,,,,A8198:U8198,
8197,0176-1714,0.49,Soc Choice Welfare,0.00,1.00,1.00,0,2,,1,,,,1,,,,,,,A8199:U8199,
8198,0178-2770,0.5,Distrib Comput,0.00,1.00,0.50,0,2,,,,1,,1,,,,,,,A8200:U8200,
8199,0179-1613,0.48,Ethology,0.00,1.00,1.00,0,2,,,2,,,,,,,,,,A8201:U8201,
8200,0179-5953,2.13,Rev Environ Contam Toxicol,0.00,1.00,1.00,0,2,,,,,,2,,,,,,,A8202:U8202,
8201,0191-5886,0.62,J Nonverbal Behav,0.00,1.00,0.00,0,2,,,,1,,1,,,,,,,A8203:U8203,
8202,0193-7235,0.86,J Sport Soc Issues,0.00,1.00,1.00,0,2,,1,,,,1,,,,,,,A8204:U8204,
8203,0208-5216,1.27,Biocybern Biomed Eng,0.00,1.00,1.00,0,2,,,1,,1,,,,,,,,A8205:U8205,
8204,0219-1377,0.87,Knowl Inf Syst,0.00,1.00,0.50,0,2,,,,,1,,,1,,,,,A8206:U8206,
8205,0254-6299,0.6,S Afr J Bot,0.00,1.00,1.00,0,2,,2,,,,,,,,,,,A8207:U8207,
8206,0266-5611,0.93,Inverse Probl,0.00,1.00,1.00,0,2,,1,,,,,1,,,,,,A8208:U8208,
8207,0267-3843,0.81,Int J Adolesc Youth,0.00,1.00,1.00,0,2,,,,,1,,,1,,,,,A8209:U8209,
8208,0268-005X,2.96,Food Hydrocoll,0.00,0.50,0.50,0,2,,,1,1,,,,,,,,,A8210:U8210,
8209,0272-7757,0.98,Econ Educ Rev,0.00,1.00,0.50,0,2,,,,,1,1,,,,,,,A8211:U8211,
8210,0276-5624,0.92,Res Soc Stratif Mobil,0.00,0.50,0.00,0,2,,,,1,,,1,,,,,,A8212:U8212,
8211,0278-0771,0.29,J Ethnobiol,0.00,1.00,1.00,0,2,,,1,,1,,,,,,,,A8213:U8213,
8212,0278-8403,,Behav Ther (N Y N Y),0.00,1.00,0.00,0,2,,,1,1,,,,,,,,,A8214:U8214,
8213,0303-6898,0.79,Scand Stat Theory Appl,0.00,1.00,0.00,0,2,1,,1,,,,,,,,,,A8215:U8215,
8214,0304-2421,0.73,Theory Soc,0.00,1.00,1.00,0,2,1,1,,,,,,,,,,,A8216:U8216,
8215,0306-8919,,Opt Quantum Electron,0.00,1.00,0.00,0,2,,,,,1,,,1,,,,,A8217:U8217,
8216,0332-4893,0.17,Ir Econ Soc Hist,0.00,1.00,0.50,0,2,,,,2,,,,,,,,,A8218:U8218,
8217,0353-8842,,Neurol Croat,0.00,1.00,0.00,0,2,,1,,,,1,,,,,,,A8219:U8219,
8218,0360-0300,5.99,ACM Comput Surv,0.00,1.00,0.50,0,2,,,1,,,,,1,,,,,A8220:U8220,
8219,0361-0926,0.43,Commun Stat Theory Methods,0.00,1.00,0.00,0,2,1,,,,1,,,,,,,,A8221:U8221,
8220,0377-0427,0.77,J Comput Appl Math,0.00,1.00,0.50,0,2,,,,1,,1,,,,,,,A8222:U8222,
8221,0377-0486,0.44,J Raman Spectrosc,0.00,1.00,0.00,0,2,1,,,,,,1,,,,,,A8223:U8223,
8222,0378-3758,0.66,J Stat Plan Inference,0.00,1.00,0.00,0,2,,,,,1,1,,,,,,,A8224:U8224,
8223,0378-4371,0.65,Physica A,0.00,0.50,0.50,0,2,,,1,,1,,,,,,,,A8225:U8225,
8224,0393-5965,0.54,Aerobiologia (Bologna),0.00,1.00,1.00,0,2,,,,1,,,1,,,,,,A8226:U8226,
8225,0736-7236,0.37,J Soc Clin Psychol,0.00,1.00,1.00,0,2,,,,,1,,1,,,,,,A8227:U8227,
8226,0739-9863,0.19,Hisp J Behav Sci,0.00,1.00,0.50,0,2,,,1,,,,1,,,,,,A8228:U8228,
8227,0741-8825,1.38,Justice Q,0.00,0.50,0.00,0,2,1,,,,,1,,,,,,,A8229:U8229,
8228,0748-8491,0.48,Educ Treat Children,0.00,1.00,1.00,0,2,,,1,1,,,,,,,,,A8230:U8230,
8229,0829-5735,1.76,Can J Sch Psychol,0.00,1.00,1.00,0,2,,,1,,1,,,,,,,,A8231:U8231,
8230,0868-2836,,Tap Chi Y Hoc Du Phong,0.00,1.00,0.00,0,2,,,,,,2,,,,,,,A8232:U8232,
8231,0882-7524,0.25,Top Geriatr Rehabil,0.00,1.00,0.50,0,2,,,,2,,,,,,,,,A8233:U8233,
8232,0884-2914,0.55,J Mater Res,0.00,1.00,0.50,0,2,,2,,,,,,,,,,,A8234:U8234,
8233,0884-8971,0.78,Sociol Forum (Randolph N J),0.00,1.00,1.00,0,2,1,,,,1,,,,,,,,A8235:U8235,
8234,0885-6087,0.88,Hydrol Process,0.00,0.50,1.00,0,2,1,,,,,1,,,,,,,A8236:U8236,
8235,0888-4080,0.73,Appl Cogn Psychol,0.00,1.00,0.50,0,2,,1,,,,1,,,,,,,A8237:U8237,
8236,0889-048X,1.22,Agric Human Values,0.00,1.00,0.50,0,2,,1,,1,,,,,,,,,A8238:U8238,
8237,0889-9746,0.89,J Fluids Struct,0.00,1.00,0.00,0,2,,,,,,,2,,,,,,A8239:U8239,
8238,0892-7553,0.27,J Insect Behav,0.00,1.00,0.50,0,2,1,,,,1,,,,,,,,A8240:U8240,
8239,0894-0886,0.39,Synchrotron Radiat News,0.00,1.00,0.50,0,2,,,,,1,,1,,,,,,A8241:U8241,
8240,0894-3230,0.34,J Phys Org Chem,0.00,1.00,0.50,0,2,,1,,1,,,,,,,,,A8242:U8242,
8241,0894-8453,1.28,J Career Dev,0.00,1.00,0.50,0,2,,,2,,,,,,,,,,A8243:U8243,
8242,0895-9048,1.13,Educ Policy (Los Altos Calif),0.00,1.00,1.00,0,2,,,,1,,,1,,,,,,A8244:U8244,
8243,0907-5682,0.59,Childhood,0.00,1.00,1.00,0,2,,,,1,,,1,,,,,,A8245:U8245,
8244,0911-6044,0.52,J Neurolinguistics,0.00,0.50,0.00,0,2,,,2,,,,,,,,,,A8246:U8246,
8245,0922-4777,1.21,Read Writ,0.00,1.00,1.00,0,2,,,,,,,,2,,,,,A8247:U8247,
8246,0923-4861,0.54,Wetl Ecol Manag,0.00,1.00,0.50,0,2,,,2,,,,,,,,,,A8248:U8248,
8247,0925-8388,1.08,J Alloys Compd,0.00,1.00,0.00,0,2,,,,,,2,,,,,,,A8249:U8249,
8248,0925-9724,0.49,Comput Support Coop Work,0.00,1.00,0.50,0,2,,,,1,,1,,,,,,,A8250:U8250,
8249,0925-9902,0.78,J Intell Inf Syst,0.00,1.00,0.50,0,2,,1,,,1,,,,,,,,A8251:U8251,
8250,0928-1371,0.67,Eur J Crim Pol Res,0.00,1.00,1.00,0,2,,,,,,1,,1,,,,,A8252:U8252,
8251,0931-1890,0.62,Trees (Berl West),0.00,1.00,1.00,0,2,1,,,,,1,,,,,,,A8253:U8253,
8252,0934-0866,0.58,Part Part Syst Charact,0.00,1.00,1.00,0,2,1,,,,1,,,,,,,,A8254:U8254,
8253,0936-9937,0.67,J Evol Econ,0.00,1.00,0.50,0,2,1,,,1,,,,,,,,,A8255:U8255,
8254,0939-1533,0.51,Arch Appl Mech,0.00,1.00,1.00,0,2,,,,,,,2,,,,,,A8256:U8256,
8255,0950-3293,1.16,Food Qual Prefer,0.00,1.00,0.50,0,2,,,,,2,,,,,,,,A8257:U8257,
8256,0950-7051,1.75,Knowl Based Syst,0.00,1.00,0.50,0,2,1,,,1,,,,,,,,,A8258:U8258,
8257,0951-5070,0.86,Couns Psychol Q,0.00,1.00,1.00,0,2,,1,,1,,,,,,,,,A8259:U8259,
8258,0952-6951,0.25,Hist Human Sci,0.00,1.00,1.00,0,2,1,,,,,,,1,,,,,A8260:U8260,
8259,0953-1513,0.87,Learn Publ,0.00,1.00,1.00,0,2,,,1,1,,,,,,,,,A8261:U8261,
8260,0953-2048,1.34,Supercond Sci Technol,0.00,1.00,1.00,0,2,,,,2,,,,,,,,,A8262:U8262,
8261,0958-6946,0.74,Int Dairy J,0.00,0.50,0.50,0,2,,,,1,,,,1,,,,,A8263:U8263,
8262,0959-6526,2.02,J Clean Prod,0.00,1.00,0.50,0,2,,,1,,1,,,,,,,,A8264:U8264,
8263,0959-6836,0.7,Holocene,0.00,1.00,1.00,0,2,,,1,,,1,,,,,,,A8265:U8265,
8264,0960-0779,1.12,Chaos Solitons Fractals,0.00,1.00,0.50,0,2,,,,1,,,,1,,,,,A8266:U8266,
8265,0965-8564,1.84,Transp Res Part A Policy Pract,0.00,1.00,0.00,0,2,1,,,,,,1,,,,,,A8267:U8267,
8266,0965-9978,1.16,Adv Eng Softw,0.00,1.00,0.50,0,2,,,,,,,2,,,,,,A8268:U8268,
8267,0967-6120,0.65,Aquac Int,0.00,1.00,1.00,0,2,,,1,1,,,,,,,,,A8269:U8269,
8268,0968-7637,0.67,Drugs (Abingdon Engl),0.00,1.00,0.00,0,2,,,2,,,,,,,,,,A8270:U8270,
8269,0971-4065,0.29,Indian J Nephrol,0.00,1.00,1.00,0,2,,,,,,,2,,,,,,A8271:U8271,
8270,0976-0334,,East J Psychiatry,0.00,1.00,0.50,0,2,,,,,,,2,,,,,,A8272:U8272,
8271,0976-836X,0.34,Sankhya Ser A,0.00,1.00,1.00,0,2,,,1,,,1,,,,,,,A8273:U8273,
8272,1011-2499,,Inf Process Med Imaging,0.00,1.00,0.50,0,2,1,,1,,,,,,,,,,A8274:U8274,
8273,1024-2589,1.54,Transfer (Bruss),0.00,1.00,0.00,0,2,,,,,,,,2,,,,,A8275:U8275,
8274,1029-8649,0.95,Music Sci,0.00,1.00,1.00,0,2,,,1,,1,,,,,,,,A8276:U8276,
8275,1040-8800,0.25,J Prosthet Orthot,0.00,1.00,0.50,0,2,,,,,,,1,1,,,,,A8277:U8277,
8276,1043-1810,0.24,Oper Tech Otolayngol Head Neck Surg,0.00,0.50,0.00,0,2,,,,,1,1,,,,,,,A8278:U8278,
8277,1044-2073,0.69,J Disabil Policy Stud,0.00,0.00,0.50,0,2,,,,,,,2,,,,,,A8279:U8279,
8278,1045-0823,0.83,IJCAI (U S),0.00,1.00,0.00,0,2,,,,,,,,2,,,,,A8280:U8280,
8279,1045-4527,0.5,Semin Arthroplasty,0.00,1.00,0.00,0,2,1,,,,,1,,,,,,,A8281:U8281,
8280,1046-3356,0.14,Oncol Issues,0.00,1.00,0.00,0,2,1,1,,,,,,,,,,,A8282:U8282,
8281,1047-4838,0.5,JOM (1989),0.00,1.00,0.50,0,2,,,,1,,,1,,,,,,A8283:U8283,
8282,1048-5252,0.47,J Nonparametr Stat,0.00,1.00,0.00,0,2,,,1,1,,,,,,,,,A8284:U8284,
8283,1052-2263,0.5,J Vocat Rehabil,0.00,0.50,0.50,0,2,,,,,,1,1,,,,,,A8285:U8285,
8284,1052-7613,0.7,Aquat Conserv,0.00,0.50,0.50,0,2,,2,,,,,,,,,,,A8286:U8286,
8285,1053-0789,,J Soc Distress Homeless,0.00,1.00,0.50,0,2,,,,,,2,,,,,,,A8287:U8287,
8286,1053-8151,0.67,J Early Interv,0.00,1.00,0.50,0,2,,,,,,,2,,,,,,A8288:U8288,
8287,1057-7408,5.28,J Consum Psychol,0.00,1.00,1.00,0,2,,,,,2,,,,,,,,A8289:U8289,
8288,1058-6393,0.27,Conf Rec Asilomar Conf Signals Syst Comput,0.00,1.00,0.00,0,2,,,,1,,,1,,,,,,A8290:U8290,
8289,1061-0278,0.26,Supramol Chem,0.00,1.00,0.00,0,2,,,,2,,,,,,,,,A8291:U8291,
8290,1064-8275,1.62,SIAM J Sci Comput,0.00,1.00,0.00,0,2,,,2,,,,,,,,,,A8292:U8292,
8291,1070-5309,0.66,Soc Work Res,0.00,0.50,0.00,0,2,,1,,,,1,,,,,,,A8293:U8293,
8292,1070-5511,3.15,Struct Equ Modeling,0.00,1.00,0.50,0,2,1,,,1,,,,,,,,,A8294:U8294,
8293,1070-6631,0.71,Phys Fluids (1994),0.00,1.00,0.00,0,2,1,,,,,,,1,,,,,A8295:U8295,
8294,1070-9908,0.78,IEEE Signal Process Lett,0.00,1.00,1.00,0,2,2,,,,,,,,,,,,A8296:U8296,
8295,1076-9986,1.45,J Educ Behav Stat,0.00,1.00,0.50,0,2,,1,,,,,,1,,,,,A8297:U8297,
8296,1084-4791,0.66,Trends Organ Crime,0.00,1.00,0.50,0,2,1,,,,,,1,,,,,,A8298:U8298,
8297,1084-6999,0.26,Proc IEEE Int Conf Micro Electro Mech Syst,0.00,1.00,0.00,0,2,,,2,,,,,,,,,,A8299:U8299,
8298,1088-4246,0.23,J Porphyr Phthalocyanines,0.00,1.00,0.00,0,2,,2,,,,,,,,,,,A8300:U8300,
8299,1088-8438,1.57,Sci Stud Read,0.00,1.00,1.00,0,2,,,,,,1,,1,,,,,A8301:U8301,
8300,1088-8691,0.96,Appl Dev Sci,0.00,1.00,0.00,0,2,1,1,,,,,,,,,,,A8302:U8302,
8301,1092-6771,0.72,J Aggress Maltreat Trauma,0.00,1.00,0.50,0,2,,,,1,,1,,,,,,,A8303:U8303,
8302,1092-8480,0.48,Curr Treat Options Neurol,0.00,1.00,0.00,0,2,1,,,,1,,,,,,,,A8304:U8304,
8303,1092-8758,0.46,Environ Eng Sci,0.00,1.00,0.00,0,2,,1,,,,,,1,,,,,A8305:U8305,
8304,1126-6708,,J High Energy Phys,0.00,1.00,1.00,0,2,1,1,,,,,,,,,,,A8306:U8306,
8305,1133-0686,0.62,Test (Madr),0.00,1.00,1.00,0,2,,,,,,,,2,,,,,A8307:U8307,
8306,1350-6285,0.6,Vis cogn,0.00,1.00,1.00,0,2,1,,1,,,,,,,,,,A8308:U8308,
8307,1355-2600,0.77,J Sex Aggress,0.00,0.50,0.00,0,2,,,1,1,,,,,,,,,A8309:U8309,
8308,1359-6349,,EJC Suppl,0.00,1.00,0.00,0,2,,,,2,,,,,,,,,A8310:U8310,
8309,1365-8816,1.35,Int J Geogr Inf Sci,0.00,1.00,0.00,0,2,,,,,1,1,,,,,,,A8311:U8311,
8310,1366-8803,0.83,Community Work Fam,0.00,1.00,0.00,0,2,,,,,1,,1,,,,,,A8312:U8312,
8311,1367-0069,0.84,Int J Billing,0.00,1.00,0.50,0,2,,,,,1,1,,,,,,,A8313:U8313,
8312,1368-4302,1.53,Group Process Intergroup Relat,0.00,1.00,1.00,0,2,1,,,,1,,,,,,,,A8314:U8314,
8313,1381-2890,1.26,Soc Psychol Educ,0.00,1.00,1.00,0,2,,,2,,,,,,,,,,A8315:U8315,
8314,1382-6905,0.36,J Comb Optim,0.00,1.00,1.00,0,2,,,,,1,1,,,,,,,A8316:U8316,
8315,1384-5810,1.2,Data Min Knowl Discov,0.00,1.00,0.50,0,2,,,,,1,,1,,,,,,A8317:U8317,
8316,1386-2588,0.52,Aquat Ecol,0.00,1.00,0.50,0,2,,,,1,,,1,,,,,,A8318:U8318,
8317,1389-4978,1.38,J Happiness Stud,0.00,1.00,1.00,0,2,,1,,,,1,,,,,,,A8319:U8319,
8318,1420-8989,0.58,Integr Equ Oper Theory,0.00,1.00,1.00,0,2,,,,1,1,,,,,,,,A8320:U8320,
8319,1422-8890,2.14,Electron Mark,0.00,1.00,1.00,0,2,1,,,,,1,,,,,,,A8321:U8321,
8320,1424-8638,0.15,Neurosignals,1.00,1.00,0.00,0,2,1,,,1,,,,,,,,,A8322:U8322,
8321,1424-9294,0.55,Milan J Math,0.00,1.00,1.00,0,2,,,,,,,2,,,,,,A8323:U8323,
8322,1432-1866,2.21,Miner Depos,0.00,1.00,1.00,0,2,,1,,,1,,,,,,,,A8324:U8324,
8323,1432-4350,0.3,Theory Comput Syst,0.00,1.00,0.50,0,2,,2,,,,,,,,,,,A8325:U8325,
8324,1435-5914,0.59,Graphs Comb,0.00,1.00,1.00,0,2,,,1,,,1,,,,,,,A8326:U8326,
8325,1460-2687,0.37,Sports Eng,0.00,1.00,0.50,0,2,,1,,,1,,,,,,,,A8327:U8327,
8326,1460-3675,1.96,Media Cult Soc,0.00,1.00,1.00,0,2,,,2,,,,,,,,,,A8328:U8328,
8327,1461-3123,0.12,Pract Midwife,0.00,1.00,0.00,0,2,1,,,,,,,1,,,,,A8329:U8329,
8328,1463-4988,0.31,Aquat Ecosyst Health Manag,0.00,1.00,0.00,0,2,,1,,,1,,,,,,,,A8330:U8330,
8329,1468-0475,0.41,Ger Econ Rev,0.00,1.00,1.00,0,2,,,1,,1,,,,,,,,A8331:U8331,
8330,1470-1367,0.16,Women (Abingdon),0.00,1.00,0.50,0,2,,,,1,,1,,,,,,,A8332:U8332,
8331,1470-160X,2.1,Ecol Indic,0.00,0.50,0.50,0,2,,1,,,,,,1,,,,,A8333:U8333,
8332,1473-3250,0.89,Qual Soc Work,0.00,1.00,1.00,0,2,,,,,,,2,,,,,,A8334:U8334,
8333,1477-1535,0.57,Light Res Technol,0.00,1.00,1.00,0,2,,,2,,,,,,,,,,A8335:U8335,
8334,1478-2421,0.27,Cell Polym,0.00,1.00,1.00,0,2,,,,2,,,,,,,,,A8336:U8336,
8335,1479-7194,0.52,J Adult Contin Educ,0.00,1.00,1.00,0,2,,,,2,,,,,,,,,A8337:U8337,
8336,1524-7929,,Ann Longterm Care,0.00,1.00,0.00,0,2,1,,,1,,,,,,,,,A8338:U8338,
8337,1524-8372,1.11,J Cogn Dev,0.00,1.00,0.00,0,2,1,1,,,,,,,,,,,A8339:U8339,
8338,1525-822X,0.53,Field methods,0.00,1.00,0.50,0,2,,,,,1,,1,,,,,,A8340:U8340,
8339,1529-7489,0.65,Anal Soc Issues Public Policy,0.00,1.00,0.50,0,2,,,1,,,,,1,,,,,A8341:U8341,
8340,1530-7980,0.61,J Thermoplast Compos Mater,0.00,1.00,1.00,0,2,,,1,,1,,,,,,,,A8342:U8342,
8341,1531-3204,0.54,J Ethn Cult Divers Soc Work,0.00,1.00,0.00,0,2,,1,,,1,,,,,,,,A8343:U8343,
8342,1532-0863,,J Nephrol Soc Work,0.00,1.00,0.00,0,2,,,,2,,,,,,,,,A8344:U8344,
8343,1532-5024,0.67,J Loss Trauma,0.00,1.00,0.50,0,2,1,,,,,,1,,,,,,A8345:U8345,
8344,1534-6501,0.33,Clin Case Stud,0.00,1.00,0.50,0,2,1,1,,,,,,,,,,,A8346:U8346,
8345,1538-1927,0.74,J Hispanic High Educ,0.00,1.00,1.00,0,2,,,2,,,,,,,,,,A8347:U8347,
8346,1538-6473,1.82,Criminol Public Policy,0.00,1.00,1.00,0,2,,,,1,,,1,,,,,,A8348:U8348,
8347,1540-6520,5.67,Entrep Theory Pract,0.00,1.00,1.00,0,2,,,,2,,,,,,,,,A8349:U8349,
8348,1543-5679,1.11,Proc Annu Int Conf Mob Comput Netw,0.00,1.00,0.00,0,2,2,,,,,,,,,,,,A8350:U8350,
8349,1546-9735,,Biodivers Inform,0.00,1.00,0.50,0,2,,,,1,1,,,,,,,,A8351:U8351,
8350,1547-7215,1.73,J Int Mark,0.00,1.00,0.50,0,2,,,,,2,,,,,,,,A8352:U8352,
8351,1550-4786,0.55,Proc IEEE Int Conf Data Min,0.00,1.00,0.00,0,2,,,1,1,,,,,,,,,A8353:U8353,
8352,1552-3098,3.26,IEEE Trans Robot,0.00,1.00,0.00,0,2,1,,,,,,1,,,,,,A8354:U8354,
8353,1552-6577,1.05,J Plan Educ Res,0.00,1.00,1.00,0,2,,1,,,,,1,,,,,,A8355:U8355,
8354,1552-8014,0.54,Food Cult Soc,0.00,1.00,1.00,0,2,,,2,,,,,,,,,,A8356:U8356,
8355,1554-8732,0.41,J Public Child Welf,0.00,1.00,0.00,0,2,,,,,1,,1,,,,,,A8357:U8357,
8356,1555-4120,0.95,Games Cult,0.00,1.00,1.00,0,2,,,,,2,,,,,,,,A8358:U8358,
8357,1555-4317,,Contrast Media Mol Imaging,0.00,1.00,0.00,13,2,,,1,1,,,,,,,,,A8359:U8359,
8358,1555-5542,0.66,Biol Theory,0.00,1.00,1.00,0,2,,,,,2,,,,,,,,A8360:U8360,
8359,1557-0851,0.86,Fem Criminol,0.00,1.00,0.50,0,2,,1,,,1,,,,,,,,A8361:U8361,
8360,1557-2293,0.29,J Marit Archaeol,0.00,1.00,1.00,0,2,,1,,,,,,1,,,,,A8362:U8362,
8361,1557-5268,,J Clin Pediatr Dent,1.00,1.00,0.50,0,2,,,1,1,,,,,,,,,A8363:U8363,
8362,1557-5284,,J STEM Educ,0.00,1.00,0.00,0,2,,,1,,1,,,,,,,,A8364:U8364,
8363,1557-8399,0.62,Adv Virus Res,1.00,0.00,0.00,0,2,,,,,2,,,,,,,,A8365:U8365,
8364,1558-1551,0.39,Breast Dis,0.50,1.00,1.00,0,2,,,,,,1,1,,,,,,A8366:U8366,
8365,1559-8608,0.35,J Stat Theory Pract,0.00,1.00,0.50,0,2,,,,,1,1,,,,,,,A8367:U8367,
8366,1569-1101,0.18,Gerontechnology,0.00,1.00,0.50,0,2,,,1,,,1,,,,,,,A8368:U8368,
8367,1569-7339,0.13,Handb Behav Neurosci,0.00,1.00,0.00,0,2,1,1,,,,,,,,,,,A8369:U8369,
8368,1570-6478,0.85,Energy Effic,0.00,1.00,0.50,0,2,1,1,,,,,,,,,,,A8370:U8370,
8369,1572-8587,0.47,J Gen Philos Sci,0.00,1.00,1.00,0,2,,,,,,2,,,,,,,A8371:U8371,
8370,1572-865X,0.55,Nat Lang Semant,0.00,1.00,1.00,0,2,,,2,,,,,,,,,,A8372:U8372,
8371,1572-9095,0.63,Appl Categ Struct,0.00,1.00,0.50,0,2,,,,,1,,,1,,,,,A8373:U8373,
8372,1572-9125,1.09,BIT Numer Math,0.00,1.00,0.50,0,2,,,,2,,,,,,,,,A8374:U8374,
8373,1572-9192,0.84,J Algebr Comb (Dordr),0.00,1.00,1.00,0,2,,,1,,,,,1,,,,,A8375:U8375,
8374,1572-9397,0.48,J Heuristics,0.00,1.00,0.50,0,2,2,,,,,,,,,,,,A8376:U8376,
8375,1572-9656,0.6,Math Phys Anal Geom,0.00,1.00,1.00,0,2,,,1,,,,1,,,,,,A8377:U8377,
8376,1573-174X,2.06,High Educ (Dordr),0.00,1.00,1.00,0,2,,1,,1,,,,,,,,,A8378:U8378,
8377,1573-3750,1.07,J Exp Criminol,0.00,1.00,1.00,0,2,1,,,,,,1,,,,,,A8379:U8379,
8378,1573-7586,0.71,Des Codes Cryptogr,0.00,1.00,0.50,0,2,,,,1,,,,1,,,,,A8380:U8380,
8379,1574-9541,1.77,Ecol Inform,0.00,1.00,0.50,0,2,,,,1,,,,1,,,,,A8381:U8381,
8380,1579-1505,0.91,Rev R Acad Cienc Exactas Fis Nat A Mat,0.00,1.00,1.00,0,2,1,,,,,1,,,,,,,A8382:U8382,
8381,1600-0668,0.86,Indoor Air,0.00,1.00,1.00,0,2,,,,,1,,,1,,,,,A8383:U8383,
8382,1609-0985,0.45,J Med Biol Eng,0.00,0.50,0.00,0,2,,,2,,,,,,,,,,A8384:U8384,
8383,1611-8944,0.21,J Mod Eur Hist,0.00,1.00,1.00,0,2,,,2,,,,,,,,,,A8385:U8385,
8384,1612-510X,1.78,Landslides,0.00,1.00,1.00,0,2,1,,1,,,,,,,,,,A8386:U8386,
8385,1613-7035,0.95,Corpus Linguist Linguist Theory,0.00,1.00,1.00,0,2,,2,,,,,,,,,,,A8387:U8387,
8386,1615-5270,1.02,Int J Inf Secur,0.00,1.00,0.50,0,2,,,,,,,2,,,,,,A8388:U8388,
8387,1618-1891,1.0,Ann Mat Pura Appl,0.00,1.00,1.00,0,2,,,,1,,1,,,,,,,A8389:U8389,
8388,1662-9647,0.29,GeroPsych (Bern),0.00,1.00,0.50,0,2,,1,1,,,,,,,,,,A8390:U8390,
8389,1683-1470,0.41,Data Sci J,0.00,1.00,1.00,0,2,,,,,1,,,1,,,,,A8391:U8391,
8390,1729-8814,0.42,Int J Adv Robot Syst,0.00,1.00,1.00,0,2,,,,2,,,,,,,,,A8392:U8392,
8391,1742-6588,0.18,J Phys Conf Ser,0.00,1.00,0.00,0,2,1,1,,,,,,,,,,,A8393:U8393,
8392,1744-2591,0.48,J Build Phys,0.00,1.00,1.00,0,2,,,,,2,,,,,,,,A8394:U8394,
8393,1745-4999,0.54,Res Comp Int Educ,0.00,1.00,1.00,0,2,,2,,,,,,,,,,,A8395:U8395,
8394,1748-7382,1.05,Convergence (Lond),0.00,1.00,1.00,0,2,,,,1,,,1,,,,,,A8396:U8396,
8395,1749-9755,0.76,Cult Sociol,0.00,1.00,0.00,0,2,,,,,,1,,1,,,,,A8397:U8397,
8396,1751-2271,0.63,Mind Brain Educ,0.00,1.00,1.00,0,2,,1,,1,,,,,,,,,A8398:U8398,
8397,1751-8113,0.6,J Phys A Math Theor,0.00,1.00,1.00,0,2,1,,,,,1,,,,,,,A8399:U8399,
8398,1753-8564,0.21,Hist Sci,0.00,1.00,1.00,0,2,,,,,,,,2,,,,,A8400:U8400,
8399,1756-4646,0.8,J Funct Foods,0.00,1.00,0.00,0,2,2,,,,,,,,,,,,A8401:U8401,
8400,1756-8285,0.44,Int J Spray Combust Dyn,0.00,1.00,1.00,0,2,,,,,1,1,,,,,,,A8402:U8402,
8401,1757-9937,,MedNous,0.00,1.00,0.00,0,2,,,,,,,,2,,,,,A8403:U8403,
8402,1759-0876,4.84,Wiley Interdiscip Rev Comput Mol Sci,0.00,1.00,0.50,0,2,1,,,1,,,,,,,,,A8404:U8404,
8403,1866-3370,1.31,Curr Top Behav Neurosci,1.00,0.00,0.00,0,2,,2,,,,,,,,,,,A8405:U8405,
8404,1867-3880,0.9,ChemCatChem,0.00,1.00,0.00,0,2,,,,1,,,,1,,,,,A8406:U8406,
8405,1868-6958,0.85,Cancer Nanotechnol,0.00,1.00,0.00,0,2,2,,,,,,,,,,,,A8407:U8407,
8406,1871-2584,0.96,Appl Res Qual Life,0.00,1.00,0.50,0,2,,,,1,,,,1,,,,,A8408:U8408,
8407,1871-4757,0.4,Nanoethics,0.00,1.00,1.00,0,2,,,1,1,,,,,,,,,A8409:U8409,
8408,1873-0388,0.61,Int J Educ Vocat Guid,0.00,1.00,1.00,0,2,,,,2,,,,,,,,,A8410:U8410,
8409,1873-5320,,Adv Eng Inform,0.00,1.00,0.00,0,2,,,,,1,,1,,,,,,A8411:U8411,
8410,1874-463X,0.63,Appl Spat Anal Policy,0.00,1.00,0.00,0,2,,1,1,,,,,,,,,,A8412:U8412,
8411,1874-8961,0.8,Math Geosci,0.00,1.00,1.00,0,2,,1,1,,,,,,,,,,A8413:U8413,
8412,1876-3820,0.32,Eur J Integr Med,0.00,0.50,1.00,0,2,,1,,,,1,,,,,,,A8414:U8414,
8413,1876-4398,0.38,Hong Kong J Occup Ther,0.00,1.00,1.00,0,2,1,1,,,,,,,,,,,A8415:U8415,
8414,1877-6345,0.54,Empir Res Vocat Educ Train,0.00,1.00,0.50,0,2,,,,1,,1,,,,,,,A8416:U8416,
8415,1878-6669,0.6,Weld World,0.00,1.00,1.00,0,2,,,1,,,1,,,,,,,A8417:U8417,
8416,1879-4246,0.55,Org Agric,0.00,1.00,0.50,0,2,,,1,,,,,1,,,,,A8418:U8418,
8417,1896-530X,0.47,Bioalgorithms Medsyst,0.00,1.00,1.00,0,2,2,,,,,,,,,,,,A8419:U8419,
8418,1927-1271,,J Clin Gynecol Obstet,0.00,1.00,0.50,0,2,1,,,,1,,,,,,,,A8420:U8420,
8419,1931-3918,0.58,Train Educ Prof Psychol,0.00,1.00,0.50,0,2,,,,1,,,1,,,,,,A8421:U8421,
8420,1932-0248,0.41,J Hunger Environ Nutr,0.00,1.00,0.00,0,2,,,1,,,1,,,,,,,A8422:U8422,
8421,1932-1058,0.5,Biomicrofluidics,0.00,1.00,0.00,0,2,,,,1,,1,,,,,,,A8423:U8423,
8422,1932-1864,0.51,Stat Anal Data Min,0.00,1.00,1.00,0,2,,,,1,1,,,,,,,,A8424:U8424,
8423,1932-4553,3.06,IEEE J Sel Top Signal Process,0.00,1.00,0.50,0,2,2,,,,,,,,,,,,A8425:U8425,
8424,1933-0863,,Kidney Cancer J,0.00,1.00,0.00,0,2,1,,1,,,,,,,,,,A8426:U8426,
8425,1933-9747,1.5,Fire Ecol,0.00,1.00,0.50,0,2,,1,,1,,,,,,,,,A8427:U8427,
8426,1936-3761,0.74,Curr Fungal Infect Rep,0.00,1.00,0.00,0,2,,,,,1,,1,,,,,,A8428:U8428,
8427,1938-3738,0.45,For Sci,0.00,1.00,1.00,0,2,,,,1,,,,1,,,,,A8429:U8429,
8428,1938-7989,0.36,Stat Interface,0.00,1.00,0.00,0,2,,,1,,,1,,,,,,,A8430:U8430,
8429,1942-0889,0.36,Commun Integr Biol,0.00,1.00,0.50,0,2,1,1,,,,,,,,,,,A8431:U8431,
8430,1943-0922,0.14,J Radiol Case Rep,0.00,1.00,0.00,0,2,,,,,2,,,,,,,,A8432:U8432,
8431,1943-4685,,Nurs Educ Perspect,1.00,1.00,0.00,0,2,,1,,1,,,,,,,,,A8433:U8433,
8432,1945-7731,7.74,Am Econ J Econ Policy,0.00,1.00,0.00,0,2,,,,1,,,1,,,,,,A8434:U8434,
8433,1947-5454,10.04,Annu Rev Condens Matter Phys,0.00,1.00,0.00,0,2,1,,,,1,,,,,,,,A8435:U8435,
8434,1949-3045,2.49,IEEE Trans Affect Comput,0.00,1.00,0.00,0,2,1,,,1,,,,,,,,,A8436:U8436,
8435,1991-9603,2.13,Geosci Model Dev,0.00,1.00,0.00,0,2,,,,,1,1,,,,,,,A8437:U8437,
8436,2005-9752,0.34,Toxicol Environ Health Sci,0.00,1.00,1.00,0,2,,1,,,,,,1,,,,,A8438:U8438,
8437,2040-6223,0.94,Ther Adv Chronic Dis,0.00,1.00,1.00,0,2,2,,,,,,,,,,,,A8439:U8439,
8438,2041-9139,1.16,Evodevo,0.00,1.00,0.50,0,2,1,1,,,,,,,,,,,A8440:U8440,
8439,2045-0923,0.41,Hepat Oncol,0.00,1.00,0.00,0,2,,,,1,,1,,,,,,,A8441:U8441,
8440,2048-4011,0.64,Adv Struct Eng,0.00,1.00,1.00,0,2,,,,1,,1,,,,,,,A8442:U8442,
8441,2048-4070,0.96,Energy Environ (Brentwood),0.00,1.00,1.00,0,2,,,,2,,,,,,,,,A8443:U8443,
8442,2048-7010,1.09,Agric Food Secur,0.00,1.00,1.00,0,2,,,1,,,,,1,,,,,A8444:U8444,
8443,2048-7703,0.59,APSIPA Trans Signal Inf Process,0.00,1.00,0.00,0,2,1,,,,1,,,,,,,,A8445:U8445,
8444,2049-9647,0.24,J Open Res Softw,0.00,1.00,1.00,0,2,,,,,1,,1,,,,,,A8446:U8446,
8445,2050-1579,1.47,Mob Media Commun,0.00,1.00,1.00,0,2,,,,2,,,,,,,,,A8447:U8447,
8446,2050-9863,0.22,J Open Psychol Data,0.00,1.00,1.00,0,2,,,,,,2,,,,,,,A8448:U8448,
8447,2052-2800,,Br J Neurosci Nurs,0.00,1.00,0.00,0,2,,,,,,,,2,,,,,A8449:U8449,
8448,2053-1591,0.44,Mater Res Express,0.00,1.00,1.00,0,2,,,,,,2,,,,,,,A8450:U8450,
8449,2056-4678,0.43,BJPsych Adv,0.00,1.00,0.50,0,2,,,1,,,1,,,,,,,A8451:U8451,
8450,2057-0155,0.71,Can J Neurol Sci,0.00,1.00,1.00,0,2,1,1,,,,,,,,,,,A8452:U8452,
8451,2058-9565,1.49,Quantum Sci Technol,0.00,0.50,0.50,0,2,,,,,1,,,1,,,,,A8453:U8453,
8452,2058-9689,0.67,Mol Syst Des Eng,0.00,1.00,1.00,0,2,,,,,,1,,1,,,,,A8454:U8454,
8453,2075-2504,0.11,Pharmeur Bio Sci Notes,1.00,0.00,0.00,0,2,,,1,,,,,1,,,,,A8455:U8455,
8454,2075-4442,0.59,Lubricants,0.00,1.00,1.00,0,2,,2,,,,,,,,,,,A8456:U8456,
8455,2076-0760,0.56,Soc Sci (Basel),0.00,1.00,1.00,0,2,,,,,,,1,1,,,,,A8457:U8457,
8456,2077-1444,0.44,Religions (Basel),0.00,1.00,0.50,0,2,2,,,,,,,,,,,,A8458:U8458,
8457,2078-2489,0.81,Information (Basel),0.00,1.00,1.00,0,2,1,,,1,,,,,,,,,A8459:U8459,
8458,2095-8293,1.79,Int J Coal Sci Technol,0.00,1.00,1.00,0,2,1,1,,,,,,,,,,,A8460:U8460,
8459,2150-8925,1.1,Ecosphere,0.00,0.50,1.00,0,2,,,1,,,,,1,,,,,A8461:U8461,
8460,2152-4114,,Int J Biochem Mol Biol,0.00,1.00,0.00,0,2,,,1,,1,,,,,,,,A8462:U8462,
8461,2154-8331,0.29,Hosp Pract (1995),1.00,0.00,0.50,0,2,1,1,,,,,,,,,,,A8463:U8463,
8462,2155-5834,0.12,J Appl Res Child,0.00,1.00,0.00,0,2,,,,1,,,1,,,,,,A8464:U8464,
8463,2159-2020,,Contemp Sch Psychol,0.00,1.00,1.00,0,2,,,,,,1,,1,,,,,A8465:U8465,
8464,2159-449X,0.2,Int J Des Learn,0.00,1.00,0.00,0,2,1,,1,,,,,,,,,,A8466:U8466,
8465,2161-1165,,Epidemiology (Sunnyvale),0.00,1.00,0.00,0,2,,,,,1,,1,,,,,,A8467:U8467,
8466,2163-0453,0.54,Kinesiol Rev (Champaign),0.00,1.00,1.00,0,2,,,,1,,1,,,,,,,A8468:U8468,
8467,2165-7440,0.34,J Peacebuilding Dev,0.00,1.00,0.50,0,2,,,,,2,,,,,,,,A8469:U8469,
8468,2166-2746,0.36,J Vac Sci Technol B Nanotechnol Microelectron,0.00,1.00,0.00,0,2,,,,,,1,,1,,,,,A8470:U8470,
8469,2166-532X,0.99,APL Mater,0.00,1.00,1.00,0,2,,,,,1,1,,,,,,,A8471:U8471,
8470,2167-4868,0.52,Curr Ophthalmol Rep,0.00,1.00,0.50,0,2,,,,,,1,1,,,,,,A8472:U8472,
8471,2168-2291,1.2,IEEE Trans Hum Mach Syst,0.00,1.00,0.00,0,2,1,,,,,1,,,,,,,A8473:U8473,
8472,2169-2459,,Adv Alzheimer Dis,0.00,1.00,0.00,0,2,,,,2,,,,,,,,,A8474:U8474,
8473,2188-2061,,Health Emerg Disaster Nurs,0.00,1.00,0.00,0,2,,,,,,,2,,,,,,A8475:U8475,
8474,2191-7043,,Prog Chem Org Nat Prod,1.00,0.00,1.00,0,2,,,,1,1,,,,,,,,A8476:U8476,
8475,2192-0567,1.3,Energy Sustain Soc,0.00,1.00,0.00,0,2,,1,,1,,,,,,,,,A8477:U8477,
8476,2193-2697,1.2,Environ Syst Res (Heidelb),0.00,1.00,0.00,0,2,,,,1,,1,,,,,,,A8478:U8478,
8477,2193-5807,0.39,Asian J Org Chem,0.00,1.00,0.00,0,2,,1,1,,,,,,,,,,A8479:U8479,
8478,2194-6426,0.3,J Microbio Robot,0.00,1.00,0.00,0,2,,,1,,,,1,,,,,,A8480:U8480,
8479,2195-1071,1.71,Adv Opt Mater,0.00,1.00,0.50,0,2,,,,,,,1,1,,,,,A8481:U8481,
8480,2196-1115,1.96,J Big Data,0.00,1.00,0.50,0,2,,,,2,,,,,,,,,A8482:U8482,
8481,2196-3029,0.66,Curr Transplant Rep,0.00,1.00,0.50,0,2,,,2,,,,,,,,,,A8483:U8483,
8482,2196-5471,1.13,Curr Clin Microbiol Rep,0.00,1.00,0.50,0,2,1,,,,,,,1,,,,,A8484:U8484,
8483,2196-7350,1.05,Adv Mater Interfaces,0.00,1.00,0.00,0,2,,,,,,1,1,,,,,,A8485:U8485,
8484,2196-7822,3.32,Int J STEM Educ,0.00,1.00,0.00,0,2,,,,,,1,1,,,,,,A8486:U8486,
8485,2198-6002,,Curr Treatm Opt Rheumatol,0.00,1.00,0.50,0,2,1,1,,,,,,,,,,,A8487:U8487,
8486,2198-6053,1.09,Complex Intell Systems,0.00,1.00,1.00,0,2,,,1,,,,1,,,,,,A8488:U8488,
8487,2198-6436,2.2,Curr For Rep,0.00,1.00,0.50,0,2,,1,,,1,,,,,,,,A8489:U8489,
8488,2198-7866,0.61,Curr Stem Cell Rep,0.00,1.00,0.00,0,2,,,,,,,2,,,,,,A8490:U8490,
8489,2199-3831,0.64,J Sustain Metall,0.00,1.00,1.00,0,2,1,,,,,,1,,,,,,A8491:U8491,
8490,2199-4730,1.25,Financ Innov,0.00,1.00,1.00,0,2,,2,,,,,,,,,,,A8492:U8492,
8491,2211-1670,1.39,Technol Knowl Learn,0.00,1.00,1.00,0,2,,,,,,,1,1,,,,,A8493:U8493,
8492,2211-2855,3.78,Nano Energy,0.00,1.00,0.00,0,2,,,,,1,,,1,,,,,A8494:U8494,
8493,2212-0963,1.56,Clim Risk Manag,0.00,1.00,1.00,0,2,,,,,,2,,,,,,,A8495:U8495,
8494,2212-4020,0.4,Recent Pat Nanotechnol,0.00,0.00,1.00,0,2,,,,,,,2,,,,,,A8496:U8496,
8495,2212-4209,1.24,Int J Disaster Risk Reduct,0.00,1.00,0.50,0,2,,,,,,2,,,,,,,A8497:U8497,
8496,2212-9790,0.72,Marit Stud,0.00,1.00,1.00,0,2,,,,,1,,1,,,,,,A8498:U8498,
8497,2213-8463,0.54,Manuf Lett,0.00,1.00,0.00,0,2,,,,,1,1,,,,,,,A8499:U8499,
8498,2214-1804,0.63,Sens Biosensing Res,0.00,1.00,0.00,0,2,,,,,,2,,,,,,,A8500:U8500,
8499,2226-471X,0.51,Languages (Basel),0.00,1.00,1.00,0,2,1,,,,,,,1,,,,,A8501:U8501,
8500,2227-9040,0.61,Chemosensors (Basel),0.00,1.00,1.00,0,2,,,,1,1,,,,,,,,A8502:U8502,
8501,2230-522X,,Nursing (Auckl),0.00,1.00,0.50,0,2,1,,,,1,,,,,,,,A8503:U8503,
8502,2235-3151,0.21,Conf Proc Int Res Counc Biomech Inj,0.00,1.00,0.00,0,2,1,,1,,,,,,,,,,A8504:U8504,
8503,2296-6846,,Front Young Minds,0.00,1.00,0.00,0,2,1,,1,,,,,,,,,,A8505:U8505,
8504,2296-7745,0.96,Front Mar Sci,0.00,1.00,0.00,0,2,,2,,,,,,,,,,,A8506:U8506,
8505,2296-987X,0.63,Front Astron Space Sci,0.00,1.00,0.00,0,2,,,,,2,,,,,,,,A8507:U8507,
8506,2297-4687,0.44,Front Appl Math Stat,0.00,1.00,0.00,0,2,,1,1,,,,,,,,,,A8508:U8508,
8507,2304-6732,0.44,Photonics,0.00,1.00,1.00,0,2,,,1,,1,,,,,,,,A8509:U8509,
8508,2311-5521,0.41,Fluids (Basel),0.00,1.00,0.50,0,2,,,,1,,1,,,,,,,A8510:U8510,
8509,2313-5778,0.28,Genealogy (Basel),0.00,1.00,1.00,0,2,,,1,,,,,1,,,,,A8511:U8511,
8510,2324-805X,0.16,J Educ Train Stud,0.00,1.00,0.00,0,2,,,1,1,,,,,,,,,A8512:U8512,
8511,2325-4289,0.35,IEEE Conf Comput Intell Games,0.00,1.00,0.00,0,2,,,,,,,,2,,,,,A8513:U8513,
8512,2326-5523,0.58,Psychol Conscious (Wash D C),0.00,1.00,0.00,0,2,,1,,,,,1,,,,,,A8514:U8514,
8513,2327-3798,0.85,Lang Cogn Neurosci,0.00,1.00,0.00,0,2,,1,,1,,,,,,,,,A8515:U8515,
8514,2327-4662,2.14,IEEE Internet Things J,0.00,1.00,0.00,0,2,,,1,,1,,,,,,,,A8516:U8516,
8515,2327-5081,,J Biosci Med (Irvine),0.00,1.00,1.00,0,2,,,1,,,1,,,,,,,A8517:U8517,
8516,2331-5024,1.04,J Migr Hum Secur,0.00,1.00,0.50,0,2,,,2,,,,,,,,,,A8518:U8518,
8517,2332-3493,2.23,Am J Health Econ,0.00,0.50,0.00,0,2,,,,1,,1,,,,,,,A8519:U8519,
8518,2332-6492,1.38,Sociol Race Ethn (Thousand Oaks),0.00,1.00,0.50,0,2,,1,,1,,,,,,,,,A8520:U8520,
8519,2333-9683,1.82,Annu Rev Linguist,0.00,1.00,0.00,0,2,,,1,,,1,,,,,,,A8521:U8521,
8520,2334-3745,0.58,Perspect Terror,0.00,1.00,0.00,0,2,,,,,,,1,1,,,,,A8522:U8522,
8521,2334-5446,,Appl Radiat Oncol,0.00,1.00,0.50,0,2,,,,,,2,,,,,,,A8523:U8523,
8522,2347-9825,0.65,Chem Biol Lett,0.00,1.00,0.00,0,2,,,,,,2,,,,,,,A8524:U8524,
8523,2349-3259,,Int J Clin Trials,0.00,1.00,0.00,0,2,,2,,,,,,,,,,,A8525:U8525,
8524,2352-2798,,J Soc Stud Res,0.00,1.00,0.50,0,2,,,,,2,,,,,,,,A8526:U8526,
8525,2352-5541,0.97,Sustain Chem Pharm,0.00,1.00,0.00,1,2,1,,,,,,1,,,,,,A8527:U8527,
8526,2352-9148,0.78,Inform Med Unlocked,0.00,1.00,0.50,0,2,,,,2,,,,,,,,,A8528:U8528,
8527,2352-9385,1.07,Remote Sens Appl,0.00,1.00,0.50,0,2,,,1,,,,,1,,,,,A8529:U8529,
8528,2363-5150,0.67,Glass Struct Eng,0.00,1.00,0.50,0,2,,,,,,1,1,,,,,,A8530:U8530,
8529,2363-8427,1.08,Geomech Geophys Geo Energy Ge Resour,0.00,1.00,0.50,0,2,1,,,,,,1,,,,,,A8531:U8531,
8530,2364-2289,,Spat Demogr,0.00,1.00,0.00,0,2,,,,,1,1,,,,,,,A8532:U8532,
8531,2364-3404,,J Int Humanit Action,0.00,1.00,0.00,0,2,,,,1,,1,,,,,,,A8533:U8533,
8532,2369-811X,0.13,Proc World Congr Electr Eng Comput Syst Sci,0.00,1.00,0.00,0,2,2,,,,,,,,,,,,A8534:U8534,
8533,2375-9232,0.27,IEEE Int Conf Data Min Workshops,0.00,1.00,0.50,0,2,,,,1,,,,1,,,,,A8535:U8535,
8534,2376-6786,,Behav Soc Issues,0.00,1.00,1.00,0,2,,,,,1,1,,,,,,,A8536:U8536,
8535,2378-2242,2.09,Limnol Oceanogr Lett,0.00,0.50,1.00,0,2,,,,,,2,,,,,,,A8537:U8537,
8536,2379-2868,0.6,Transl J Am Coll Sports Med,0.00,1.00,0.00,0,2,,,,1,1,,,,,,,,A8538:U8538,
8537,2379-948X,,Ann Otolaryngol Rhinol,0.00,1.00,0.00,0,2,,,,2,,,,,,,,,A8539:U8539,
8538,2381-2362,,J Early Hear Detect Interv,0.00,1.00,0.00,0,2,,,,,2,,,,,,,,A8540:U8540,
8539,2394-4722,0.34,J Cancer Metastasis Treat,0.00,1.00,0.00,0,2,,,,2,,,,,,,,,A8541:U8541,
8540,2399-1623,0.49,J Glob Health Rep,0.00,1.00,1.00,0,2,1,,,1,,,,,,,,,A8542:U8542,
8541,2399-1984,0.82,Nano Futures,0.00,1.00,1.00,0,2,,,1,,,1,,,,,,,A8543:U8543,
8542,2405-6650,1.9,Emerg Contam,0.00,1.00,0.00,0,2,,,1,,1,,,,,,,,A8544:U8544,
8543,2454-4191,,Int J Med Sci Dent Health,0.00,1.00,1.00,0,2,,,1,,,,,1,,,,,A8545:U8545,
8544,2468-0834,0.7,Appl Biol Chem,0.00,1.00,1.00,0,2,,,1,,,,,1,,,,,A8546:U8546,
8545,2468-2276,0.64,Sci Afr,0.00,1.00,0.00,0,2,,,,,,2,,,,,,,A8547:U8547,
8546,2468-2934,,Curr Opin Toxicol,0.00,1.00,0.00,0,2,,,,,,1,,1,,,,,A8548:U8548,
8547,2468-7499,0.67,Eur J Trauma Dissociation,0.00,1.00,0.50,0,2,1,,1,,,,,,,,,,A8549:U8549,
8548,2469-990X,0.87,Phys Rev Fluids,0.00,1.00,1.00,0,2,1,,,1,,,,,,,,,A8550:U8550,
8549,2472-0712,,Explor Res Hypothesis Med,0.00,1.00,1.00,0,2,1,,1,,,,,,,,,,A8551:U8551,
8550,2474-7394,1.41,Collabra Psychol,0.00,1.00,1.00,0,2,1,,,1,,,,,,,,,A8552:U8552,
8551,2475-4757,,J Acad Ophthalmol (2017),0.00,1.00,0.00,0,2,,,,1,,,,1,,,,,A8553:U8553,
8552,2504-477X,0.7,J Compos Sci,0.00,1.00,1.00,0,2,,1,,,,,1,,,,,,A8554:U8554,
8553,2512-2819,0.84,J Photogramm Remote Sens Geoinform Sci,0.00,1.00,1.00,0,2,2,,,,,,,,,,,,A8555:U8555,
8554,2514-183X,,Clin Transl Neurosci,0.00,1.00,1.00,0,2,,,1,1,,,,,,,,,A8556:U8556,
8555,2515-2467,6.09,Adv Methods Pract Psychol Sci,0.00,1.00,1.00,0,2,,,1,,1,,,,,,,,A8557:U8557,
8556,2515-7639,0.97,JPhys Mater,0.00,1.00,1.00,0,2,,,,,,1,1,,,,,,A8558:U8558,
8557,2515-8163,0.27,Cephalalgia Rep,0.00,1.00,1.00,0,2,,,,1,,1,,,,,,,A8559:U8559,
8558,2516-0443,0.3,J Patient Saf Risk Manag,0.00,1.00,1.00,0,2,,,,1,,1,,,,,,,A8560:U8560,
8559,2523-8973,0.2,SN Compr Clin Med,0.00,1.00,0.00,0,2,,,,1,1,,,,,,,,A8561:U8561,
8560,2524-3470,0.47,Min Metall Explor,0.00,1.00,1.00,1,2,,,,,,,2,,,,,,A8562:U8562,
8561,2524-4914,0.86,Quantum Mach Intell,0.00,1.00,0.00,0,2,,,2,,,,,,,,,,A8563:U8563,
8562,2524-6968,0.29,Aerotec Missili Spaz,0.00,1.00,0.00,0,2,,,1,,,,1,,,,,,A8564:U8564,
8563,2524-793X,4.11,Adv Fiber Mater,0.00,1.00,1.00,0,2,1,,,,,,,1,,,,,A8565:U8565,
8564,2542-4351,12.92,Joule,0.00,0.50,0.00,0,2,,,,2,,,,,,,,,A8566:U8566,
8565,2543-1064,0.34,Adv Biomark Sci Technol,0.00,1.00,0.00,0,2,1,,,,1,,,,,,,,A8567:U8567,
8566,2559-9283,0.65,J Psychedelic Stud,0.00,1.00,0.50,0,2,,,1,,,,1,,,,,,A8568:U8568,
8567,2563-9021,0.65,Precis Nutr,0.00,0.50,0.00,0,2,1,,,,,,,1,,,,,A8569:U8569,
8568,2571-6255,0.64,Fire (Basel),0.00,1.00,0.50,0,2,,1,,,,1,,,,,,,A8570:U8570,
8569,2574-1209,0.29,Vessel Plus,0.00,1.00,0.50,0,2,1,,1,,,,,,,,,,A8571:U8571,
8570,2575-6524,,Living J Comput Mol Sci,0.00,1.00,1.00,0,2,1,,,1,,,,,,,,,A8572:U8572,
8571,2575-9612,,J Environ Sci Public Health,0.00,1.00,0.00,0,2,,,,,1,,,1,,,,,A8573:U8573,
8572,2576-6813,0.5,IEEE Glob Commun Conf,0.00,1.00,0.00,0,2,,,2,,,,,,,,,,A8574:U8574,
8573,2577-3577,0.46,J Pancreatol,0.00,1.00,0.00,0,2,,,,1,,,1,,,,,,A8575:U8575,
8574,2582-1121,,Acta Sci Neurol,0.00,1.00,0.00,0,2,,,1,,,1,,,,,,,A8576:U8576,
8575,2590-1230,1.24,Results Eng,0.00,1.00,0.00,0,2,,,,,,,2,,,,,,A8577:U8577,
8576,2590-1397,0.75,World Neurosurg X,0.00,1.00,0.00,1,2,,,,,,,1,1,,,,,A8578:U8578,
8577,2590-1982,1.04,Transp Res Interdiscip Perspect,0.00,1.00,1.00,0,2,,,,1,,1,,,,,,,A8579:U8579,
8578,2590-2792,0.73,Mitochondrial Commun,0.00,1.00,1.00,0,2,1,1,,,,,,,,,,,A8580:U8580,
8579,2617-2798,0.41,Afr J Psychol Assess,0.00,1.00,1.00,0,2,,,,,,,1,1,,,,,A8581:U8581,
8580,2628-9725,0.86,Chem Methods,0.00,1.00,0.50,0,2,,,,1,,1,,,,,,,A8582:U8582,
8581,2633-0032,,Violence,0.00,1.00,1.00,0,2,,,,,2,,,,,,,,A8583:U8583,
8582,2637-5974,0.28,J Psychosoc Oncol Res Pract,0.00,1.00,0.00,0,2,1,,1,,,,,,,,,,A8584:U8584,
8583,2639-1589,0.16,Proc IEEE Int Conf Big Data,0.00,1.00,0.00,0,2,,,1,1,,,,,,,,,A8585:U8585,
8584,2639-8001,0.33,Found Data Sci,0.00,1.00,0.00,0,2,,,1,,,,,1,,,,,A8586:U8586,
8585,2641-7405,,J Pediatr Perinatol Child Health,0.00,1.00,0.00,0,2,,,,,,1,,1,,,,,A8587:U8587,
8586,2653-7583,,J Emot Psychopathol,0.00,1.00,0.50,0,2,1,1,,,,,,,,,,,A8588:U8588,
8587,2654-1459,0.32,Popul Med,0.00,1.00,0.00,0,2,,1,1,,,,,,,,,,A8589:U8589,
8588,2661-8974,0.98,Food Prod Process Nutr,0.00,1.00,0.00,0,2,,,,1,,,,1,,,,,A8590:U8590,
8589,2662-9984,0.82,Discov Sustain,0.00,1.00,0.00,0,2,,,2,,,,,,,,,,A8591:U8591,
8590,2664-3278,0.24,Curr Chall Thorac Surg,0.00,1.00,0.00,0,2,,,,,,,1,1,,,,,A8592:U8592,
8591,2666-2469,,Curr Res Chem Biol,0.00,1.00,0.00,0,2,,,1,1,,,,,,,,,A8593:U8593,
8592,2666-2787,1.48,Energy Clim Chang,0.00,1.00,0.00,0,2,2,,,,,,,,,,,,A8594:U8594,
8593,2666-3511,1.06,Sens Int,0.00,1.00,0.00,0,2,,,,,,,,2,,,,,A8595:U8595,
8594,2666-4593,0.37,Brain Disord,0.00,1.00,0.00,0,2,,,,,,1,1,,,,,,A8596:U8596,
8595,2666-7657,1.49,Environ Adv,0.00,1.00,0.50,0,2,,,1,,,1,,,,,,,A8597:U8597,
8596,2666-8270,1.23,Mach Learn Appl,0.00,1.00,0.50,0,2,,,,,,1,1,,,,,,A8598:U8598,
8597,2666-8319,0.64,Talanta Open,0.00,1.00,1.00,0,2,1,,,,,1,,,,,,,A8599:U8599,
8598,2666-9676,0.3,J Liver Transpl,0.00,1.00,1.00,0,2,,1,,,,1,,,,,,,A8600:U8600,
8599,2666-9706,0.61,Diabet Epidemiol Manag,0.00,1.00,0.00,0,2,1,,,,1,,,,,,,,A8601:U8601,
8600,2667-0496,0.24,Neurol Perspect,0.00,1.00,0.00,0,2,1,,,,,1,,,,,,,A8602:U8602,
8601,2667-0992,,Biomed Eng Adv,0.00,1.00,0.50,0,2,1,,,,,,,1,,,,,A8603:U8603,
8602,2667-2685,0.47,Clin Nutr Open Sci,0.00,1.00,0.00,0,2,,1,,,,,1,,,,,,A8604:U8604,
8603,2667-3185,0.73,Artif Intell Life Sci,0.00,1.00,1.00,0,2,1,1,,,,,,,,,,,A8605:U8605,
8604,2673-2688,1.12,AI (Basel),0.00,1.00,1.00,0,2,,,,2,,,,,,,,,A8606:U8606,
8605,2673-4168,0.46,Obesities,0.00,1.00,1.00,0,2,,,1,1,,,,,,,,,A8607:U8607,
8606,2673-4184,,Women (Basel),0.00,1.00,1.00,0,2,,,1,,,1,,,,,,,A8608:U8608,
8607,2673-4192,0.74,Front Virtual Real,0.00,1.00,0.50,0,2,,,,,,1,,1,,,,,A8609:U8609,
8608,2673-4540,0.66,Diabetology (Basel),0.00,1.00,0.50,0,2,,,,,1,,,1,,,,,A8610:U8610,
8609,2673-592X,0.36,Radiation (Basel),0.00,1.00,1.00,0,2,,,,1,,,1,,,,,,A8611:U8611,
8610,2673-7523,0.32,Onco (Basel),0.00,1.00,0.50,0,2,,,,,1,,1,,,,,,A8612:U8612,
8611,2673-818X,0.56,Front Virol,0.00,1.00,0.00,0,2,,,1,,1,,,,,,,,A8613:U8613,
8612,2673-8236,0.73,Kidney Dial,0.00,1.00,1.00,0,2,,,,,,1,,1,,,,,A8614:U8614,
8613,2673-8430,,BioMed (Basel),0.00,1.00,0.50,0,2,1,1,,,,,,,,,,,A8615:U8615,
8614,2673-8856,,DNA (Basel),0.00,1.00,0.00,0,2,,1,1,,,,,,,,,,A8616:U8616,
8615,2673-8937,0.45,Int J Transl Med (Basel),0.00,1.00,1.00,0,2,1,,,1,,,,,,,,,A8617:U8617,
8616,2674-0583,,SynBio,0.00,1.00,0.50,0,2,,,,,,,1,1,,,,,A8618:U8618,
8617,2688-268X,1.41,View (Beijing),0.00,1.00,1.00,0,2,,,1,,1,,,,,,,,A8619:U8619,
8618,2688-4089,0.94,Biophys Rev (Melville),0.00,1.00,0.00,0,2,,,,,1,,,1,,,,,A8620:U8620,
8619,2690-0297,,J Phys Med Rehabil,0.00,1.00,0.00,0,2,,,1,,,,,1,,,,,A8621:U8621,
8620,2690-1803,0.31,Aging Pathobiol Ther,0.00,1.00,0.00,0,2,,1,,1,,,,,,,,,A8622:U8622,
8621,2691-6541,,J Orthop Exp Innov,0.00,1.00,0.50,0,2,,,,,,1,1,,,,,,A8623:U8623,
8622,2692-496X,0.35,J LGBTQ Issues Couns,0.00,1.00,0.50,0,2,,1,,,1,,,,,,,,A8624:U8624,
8623,2692-7896,,J Cancer Biol,0.00,1.00,0.00,0,2,1,1,,,,,,,,,,,A8625:U8625,
8624,2692-9376,0.31,J Interpret Res,0.00,1.00,0.00,0,2,,,,,2,,,,,,,,A8626:U8626,
8625,2692-9430,0.48,Community Sci,0.00,1.00,1.00,0,2,1,,1,,,,,,,,,,A8627:U8627,
8626,2693-8499,0.35,Cardiol Discov,0.00,1.00,0.00,0,2,,,1,,,1,,,,,,,A8628:U8628,
8627,2693-8960,,J Natl Hisp Med Assoc,0.00,1.00,1.00,0,2,1,,1,,,,,,,,,,A8629:U8629,
8628,2730-7727,0.79,Discov Mater,0.00,1.00,0.00,0,2,,,,1,,,,1,,,,,A8630:U8630,
8629,2730-9657,0.32,Mathematica (N Y),0.00,1.00,1.00,0,2,,,,,1,1,,,,,,,A8631:U8631,
8630,2731-0469,0.47,Discov Soc Sci Health,0.00,1.00,0.50,0,2,1,,1,,,,,,,,,,A8632:U8632,
8631,2731-0574,6.76,Nat Rev Psychol,0.00,1.00,0.50,0,2,,1,,,,,1,,,,,,A8633:U8633,
8632,2731-085X,0.15,J Rare Dis (Berlin),0.00,1.00,0.00,0,2,1,,,,1,,,,,,,,A8634:U8634,
8633,2731-4642,0.42,Asian J Philos,0.00,1.00,1.00,0,2,,1,,,,,,1,,,,,A8635:U8635,
8634,2731-4820,0.76,Biomed Mater Devices,0.00,1.00,0.00,0,2,,1,1,,,,,,,,,,A8636:U8636,
8635,2731-5525,0.56,Discov Educ,0.00,1.00,0.00,0,2,,,,,,1,,1,,,,,A8637:U8637,
8636,2731-6564,0.48,Discov Mech Eng,0.00,1.00,1.00,0,2,,,,,1,,,1,,,,,A8638:U8638,
8637,2731-9431,0.74,Discov Environ,0.00,1.00,0.00,0,2,,,1,1,,,,,,,,,A8639:U8639,
8638,2731-9687,0.36,Discov Glob Soc,0.00,1.00,0.50,0,2,1,,,,,,,1,,,,,A8640:U8640,
8639,2731-9997,,Nat Cities,0.00,1.00,0.50,0,2,,1,,,1,,,,,,,,A8641:U8641,
8640,2752-6143,,Camb Prism Precis Med,0.00,1.00,0.50,0,2,,1,1,,,,,,,,,,A8642:U8642,
8641,2752-6461,,Equity Educ Soc,0.00,1.00,1.00,0,2,,,2,,,,,,,,,,A8643:U8643,
8642,2752-938X,,Evol J Linn Soc,0.00,1.00,1.00,0,2,,,,,,,1,1,,,,,A8644:U8644,
8643,2753-3212,,J Financ Lit Wellbeing,0.00,1.00,0.00,0,2,,,1,,,1,,,,,,,A8645:U8645,
8644,2753-4030,0.42,Ther Adv Allergy Rhinol,0.00,1.00,1.00,0,2,,,,,,2,,,,,,,A8646:U8646,
8645,2753-5932,,Int J Adv Pract,0.00,1.00,0.00,0,2,,,,,,,1,1,,,,,A8647:U8647,
8646,2753-8125,1.01,RSC Sustain,0.00,1.00,1.00,0,2,,,,2,,,,,,,,,A8648:U8648,
8647,2753-8796,,Environ Secur,0.00,1.00,1.00,0,2,,,,2,,,,,,,,,A8649:U8649,
8648,2754-1223,,Trans Plan Urban Res,0.00,1.00,0.00,0,2,,,,,2,,,,,,,,A8650:U8650,
8649,2754-1258,,Dialogues Urban Res,0.00,1.00,1.00,0,2,,,,2,,,,,,,,,A8651:U8651,
8650,2755-0036,,Hamlyn Symp Med Robot,0.00,1.00,0.00,0,2,,,,,,,2,,,,,,A8652:U8652,
8651,2767-3197,1.12,PLOS Sustain Transform,0.00,1.00,0.50,0,2,1,,,,,1,,,,,,,A8653:U8653,
8652,2767-3200,1.55,PLOS Clim,0.00,1.00,1.00,0,2,,,,,,2,,,,,,,A8654:U8654,
8653,2768-167X,0.52,IEEE J Flex Electron,0.00,1.00,0.00,0,2,1,,,,,1,,,,,,,A8655:U8655,
8654,2769-6294,,Int J Biomed Res Pract,0.00,1.00,0.00,0,2,1,,1,,,,,,,,,,A8656:U8656,
8655,2769-6375,0.61,Metab Target Organ Damage,0.00,1.00,0.00,0,2,,1,,,,,,1,,,,,A8657:U8657,
8656,2771-7976,,Lang Dev Res,0.00,1.00,0.50,0,2,,1,1,,,,,,,,,,A8658:U8658,
8657,2772-4166,2.23,J Hazard Mater Adv,0.00,1.00,0.00,0,2,,,,,,1,,1,,,,,A8659:U8659,
8658,2772-4174,0.9,Eur J Med Chem Rep,0.00,1.00,1.00,0,2,,,,1,,1,,,,,,,A8660:U8660,
8659,2772-5987,0.53,Psychiatry Res Commun,0.00,1.00,1.00,0,2,,,1,,,1,,,,,,,A8661:U8661,
8660,2772-610X,0.77,EJC Paediatr Oncol,0.00,1.00,0.50,0,2,,,1,,,1,,,,,,,A8662:U8662,
8661,2773-0212,0.15,Psychiatry Res Case Rep,0.00,1.00,0.50,0,2,,,,,,,,2,,,,,A8663:U8663,
8662,2789-3367,,Dis Res,0.00,1.00,0.00,0,2,,,,1,,,1,,,,,,A8664:U8664,
8663,2799-4104,,J Geriatr Neurol,0.00,1.00,1.00,0,2,,,,,,,,2,,,,,A8665:U8665,
8664,2813-2475,0.28,J Vasc Dis,0.00,1.00,1.00,0,2,,1,,1,,,,,,,,,A8666:U8666,
8665,2813-2564,,Receptors (Basel),0.00,1.00,1.00,0,2,1,1,,,,,,,,,,,A8667:U8667,
8666,2813-3137,,Targets (Basel),0.00,1.00,0.50,0,2,1,1,,,,,,,,,,,A8668:U8668,
8667,2813-480X,0.29,Front Anesthesiol,0.00,1.00,0.00,0,2,,,1,,1,,,,,,,,A8669:U8669,
8668,2813-9909,,Therapeutics (Basel),0.00,1.00,0.00,0,2,,1,,,,1,,,,,,,A8670:U8670,
8669,2832-9376,,J Polit Econ Microecon,0.00,0.50,0.00,0,2,,,,,,1,1,,,,,,A8671:U8671,
8670,2833-1036,,Addict Subst Abus (Middlet),0.00,1.00,0.00,0,2,,1,,1,,,,,,,,,A8672:U8672,
8671,2833-373X,,Evid Based Toxicol,0.00,1.00,1.00,0,2,,,,,,,,2,,,,,A8673:U8673,
8672,2835-5245,,Health Lit Commun Open,0.00,1.00,1.00,0,2,1,,,1,,,,,,,,,A8674:U8674,
8673,2837-1445,0.67,ACS Sustain Resour Manag,0.00,1.00,1.00,0,2,2,,,,,,,,,,,,A8675:U8675,
8674,2949-6888,0.62,Asp Mol Med,0.00,1.00,1.00,0,2,,,,1,,1,,,,,,,A8676:U8676,
8675,2949-916X,,J Med Surg Public Health,0.00,1.00,1.00,0,2,1,,,,1,,,,,,,,A8677:U8677,
8676,2950-5887,,NeuroMarkers,0.00,1.00,0.50,0,2,,,,,1,1,,,,,,,A8678:U8678,
8677,2958-9134,,Delirium (Bielef),0.00,1.00,0.50,0,2,,1,,,,,1,,,,,,A8679:U8679,
8678,2976-601X,0.64,Environ Res Food Syst,0.00,1.00,1.00,0,2,,,,,,,1,1,,,,,A8680:U8680,
8679,2994-1806,,Barrier Immun,0.00,1.00,0.50,0,2,,,,,1,,1,,,,,,A8681:U8681,
8680,2994-2578,,Aging Biol,0.00,1.00,0.00,0,2,,,1,,1,,,,,,,,A8682:U8682,
8681,2994-4694,,J Health Equity,0.00,1.00,0.00,0,2,,,,,2,,,,,,,,A8683:U8683,
8682,2997-7983,,J La Public Health Assoc,0.00,1.00,0.00,0,2,,1,1,,,,,,,,,,A8684:U8684,
8683,2997-979X,,AI Neurosci,0.00,0.50,0.00,0,2,,1,,,,,,1,,,,,A8685:U8685,
8684,2998-7741,,Acad Oncol,0.00,1.00,0.00,0,2,,1,1,,,,,,,,,,A8686:U8686,
8685,3004-8672,,Npj Unconv Comput,0.00,1.00,0.00,0,2,1,,,,,,1,,,,,,A8687:U8687,
8686,3004-894X,,Discov Anim,0.00,1.00,0.00,0,2,1,,,,,1,,,,,,,A8688:U8688,
8687,3004-8958,0.5,J Mater Sci Mater Eng,0.00,1.00,0.00,0,2,,,,1,,,1,,,,,,A8689:U8689,
8688,3004-8966,,J Mater Sci Mater Theory,0.00,1.00,0.50,0,2,,1,,,,,,1,,,,,A8690:U8690,
8689,3004-9261,0.57,Discov Appl Sci,0.00,1.00,0.00,0,2,,1,,,,,1,,,,,,A8691:U8691,
8690,3004-9350,,Discov Mol,0.00,1.00,0.50,0,2,,,1,,,,1,,,,,,A8692:U8692,
8691,3005-1193,,Discov Chem,0.00,1.00,0.50,0,2,,,,,,,2,,,,,,A8693:U8693,
8692,3005-1223,,Discov Soil,0.00,1.00,0.50,0,2,,,,1,,,1,,,,,,A8694:U8694,
8693,3005-1401,,NPJ Sci Plants,0.00,1.00,0.50,0,2,,,,,,1,,1,,,,,A8695:U8695,
8694,3005-1436,,Mach Learn Comput Sci Eng,0.00,1.00,0.00,0,2,,,,,1,1,,,,,,,A8696:U8696,
8695,3005-6152,,AME Clin Trials Rev,0.00,1.00,0.50,0,2,,,,,,1,,1,,,,,A8697:U8697,
8696,3033-4071,,EES Batter,0.00,1.00,1.00,0,2,,,,,,1,1,,,,,,A8698:U8698,
8697,3033-4942,,Environ Res Water,0.00,0.50,1.00,0,2,1,,,,1,,,,,,,,A8699:U8699,
8698,3042-4372,,Populations (Basel),0.00,1.00,1.00,0,2,,2,,,,,,,,,,,A8700:U8700,
8699,3042-4518,,J Dement Alzheimers Dis,0.00,1.00,0.50,0,2,,,1,,,,,1,,,,,A8701:U8701,
8700,3049-7515,,Urban Polit Ecol,0.00,1.00,1.00,0,2,,,,,2,,,,,,,,A8702:U8702,
8701,3050-5380,,Cell Investig,0.00,1.00,0.00,0,2,,,,,,1,,1,,,,,A8703:U8703,
8702,3050-5771,,Eur J Radiol Artif Intell,0.00,1.00,0.00,0,2,,,1,,,,1,,,,,,A8704:U8704,
8703,3050-6085,,Glycosci Ther,0.00,1.00,0.00,0,2,,1,,1,,,,,,,,,A8705:U8705,
8704,3059-2003,,CVIR Oncol,0.00,1.00,1.00,0,2,1,,,,1,,,,,,,,A8706:U8706,
8705,3059-2682,,Discov Endocrinol Metab,0.00,1.00,0.00,0,2,,2,,,,,,,,,,,A8707:U8707,
8706,3059-3158,,Discov Fluid Mech,0.00,1.00,0.00,0,2,,,,,,,2,,,,,,A8708:U8708,
8707,3059-4502,,Space Planet Resour,0.00,1.00,0.50,0,2,,,,1,,,,1,,,,,A8709:U8709,
8708,3066-0777,,Res Health Med,0.00,1.00,0.00,0,2,1,1,,,,,,,,,,,A8710:U8710,
8709,3066-8905,,Spine Open,0.00,1.00,0.00,0,2,1,,,,1,,,,,,,,A8711:U8711,
8710,3070-9989,,Cancer Biome Target Ther,0.00,1.00,1.00,0,2,,,,,,2,,,,,,,A8712:U8712,
8711,3091-3489,,J Mater Sci Polym,0.00,1.00,0.50,0,2,,,,,1,1,,,,,,,A8713:U8713,
8712,3091-4566,,EPJ Res Infrastruct,0.00,1.00,0.00,0,2,,1,,,,1,,,,,,,A8714:U8714,
8713,3122-3354,,Evidance Health Sci,0.00,1.00,1.00,0,2,,,,1,1,,,,,,,,A8715:U8715,
8714,3142-9963,,Brain Health,0.00,1.00,0.50,0,2,,,,,,1,1,,,,,,A8716:U8716,
8715,8756-4793,0.17,J Diagn Med Sonogr,0.00,1.00,0.50,0,2,2,,,,,,,,,,,,A8717:U8717,
8716,NLM101523563,,Proc Symp Appl Comput,0.00,1.00,0.50,0,2,,,,,,1,1,,,,,,A8718:U8718,
8717,NLM101609945,,Int Mech Eng Congress Expo,0.00,1.00,0.00,0,2,,,1,,1,,,,,,,,A8719:U8719,
8718,NLM101776342,,Bioinform Res Appl,0.00,1.00,0.50,0,2,2,,,,,,,,,,,,A8720:U8720,
8719,NLM9918540084706676,,Annu Model Simul Conf ANNSIM,0.00,1.00,0.00,0,2,,1,1,,,,,,,,,,A8721:U8721,
8720,NLM9918541288006676,,Cell Signal (Middlet),0.00,1.00,0.00,0,2,,,,,,,1,1,,,,,A8722:U8722,
8721,NLM9919256716306676,,Proc Conf New Technol Comput Robot Assist Surg,0.00,1.00,0.00,0,2,,,,2,,,,,,,,,A8723:U8723,
8722,NLM9919257806406676,,Complex Netw Appl,0.00,1.00,0.00,0,2,,,,,2,,,,,,,,A8724:U8724,
8723,NLM9919257814906676,,Proc 2025 9th Int Conf Med Health Inform (2025),0.00,1.00,0.00,0,2,,,,2,,,,,,,,,A8725:U8725,
8724,NLM9919260916406676,,Proc Conf Fairness Account Transpar,0.00,1.00,0.50,0,2,,,,,,2,,,,,,,A8726:U8726,
8725,NLM9919261013806676,,2026 IEEE Conf Virtual Real 3D User Interfaces Abstr Workshops (2026),0.00,0.50,0.00,0,2,,,,,,1,1,,,,,,A8727:U8727,
8726,0001-0782,1.54,Commun ACM,0.00,1.00,0.00,0,1,,,1,,,,,,,,,,A8728:U8728,
8727,0001-5903,0.32,Acta Inform,0.00,1.00,0.00,0,1,,,,,,1,,,,,,,A8729:U8729,
8728,0001-5970,0.66,Acta Mech,0.00,1.00,1.00,0,1,,,,1,,,,,,,,,A8730:U8730,
8729,0002-7162,0.99,Ann Am Acad Pol Soc Sci,0.00,1.00,0.00,0,1,,1,,,,,,,,,,,A8731:U8731,
8730,0002-7294,0.84,Am Anthropol,0.00,1.00,0.00,0,1,,,,1,,,,,,,,,A8732:U8732,
8731,0002-7685,0.23,Am Biol Teach,0.00,1.00,0.00,0,1,,1,,,,,,,,,,,A8733:U8733,
8732,0002-9092,2.09,Am J Agric Econ,0.00,1.00,0.00,0,1,,,,1,,,,,,,,,A8734:U8734,
8733,0002-9602,2.19,AJS,0.00,1.00,0.00,0,1,,,,,,,1,,,,,,A8735:U8735,
8734,0003-0996,,Am Sci,0.00,1.00,0.00,0,1,,,,,1,,,,,,,,A8736:U8736,
8735,0003-1232,0.48,Am Sociol,0.00,1.00,1.00,0,1,,,,1,,,,,,,,,A8737:U8737,
8736,0003-3286,,Anglican Theol Rev,0.00,1.00,1.00,0,1,,,,,1,,,,,,,,A8738:U8738,
8737,0003-6900,3.16,Appl Mech Rev,0.00,1.00,0.00,0,1,1,,,,,,,,,,,,A8739:U8739,
8738,0003-9519,0.22,Arch Hist Exact Sci,0.00,1.00,1.00,0,1,,,,,,,1,,,,,,A8740:U8740,
8739,0003-9756,0.71,Arch Eur Sociol,0.00,1.00,1.00,0,1,1,,,,,,,,,,,,A8741:U8741,
8740,0004-3702,1.3,Artif Intell,0.00,1.00,0.00,0,1,1,,,,,,,,,,,,A8742:U8742,
8741,0004-6256,1.97,Astron J,0.00,1.00,1.00,0,1,1,,,,,,,,,,,,A8743:U8743,
8742,0004-6361,2.05,Astron Astrophys,0.00,1.00,0.00,0,1,,,,,,,,1,,,,,A8744:U8744,
8743,0004-9425,0.25,Aust J Chem,0.00,1.00,1.00,0,1,,,,,,,1,,,,,,A8745:U8745,
8744,0005-7959,0.37,Behaviour,0.00,1.00,0.00,0,1,,,,,,1,,,,,,,A8746:U8746,
8745,0006-3088,0.39,Biologia (Bratisl),0.00,1.00,1.00,0,1,,,,,,,1,,,,,,A8747:U8747,
8746,0007-070X,0.85,Br Food J,0.00,0.00,0.00,0,1,,,,,,,1,,,,,,A8748:U8748,
8747,0007-8506,1.35,CIRP Ann Manuf Technol,0.00,1.00,0.00,0,1,,,,,1,,,,,,,,A8749:U8749,
8748,0008-4042,0.28,Can J Chem,0.00,1.00,0.00,0,1,,1,,,,,,,,,,,A8750:U8750,
8749,0008-4301,0.47,Can J Zool,0.00,1.00,0.00,0,1,,,,1,,,,,,,,,A8751:U8751,
8750,0008-6223,2.19,Carbon N Y,0.00,1.00,1.00,0,1,,1,,,,,,,,,,,A8752:U8752,
8751,0009-2509,0.85,Chem Eng Sci,0.00,1.00,1.00,0,1,,,,,,,,1,,,,,A8753:U8753,
8752,0009-2541,1.41,Chem Geol,0.00,1.00,0.00,0,1,,,,,,,1,,,,,,A8754:U8754,
8753,0009-4536,0.32,J Chin Chem Soc,0.00,1.00,0.00,0,1,,,,,,,,1,,,,,A8755:U8755,
8754,0010-4655,1.56,Comput Phys Commun,0.00,1.00,0.00,0,1,,,,,1,,,,,,,,A8756:U8756,
8755,0011-2275,0.49,Cryogenics (Guildf),0.00,1.00,0.00,0,1,,,,,1,,,,,,,,A8757:U8757,
8756,0011-3204,0.69,Curr Anthropol,0.00,1.00,0.00,0,1,,,,1,,,,,,,,,A8758:U8758,
8757,0012-9615,3.78,Ecol Monogr,0.00,0.00,1.00,0,1,,,1,,,,,,,,,,A8759:U8759,
8758,0012-9682,19.94,Econometrica,0.00,1.00,0.00,0,1,,,,,,1,,,,,,,A8760:U8760,
8759,0013-0133,5.18,Econ J (London),0.00,0.00,0.00,0,1,,,,,1,,,,,,,,A8761:U8761,
8760,0013-1245,0.63,Educ Urban Soc,0.00,1.00,1.00,0,1,,,,,,1,,,,,,,A8762:U8762,
8761,0013-161X,1.91,Educ Adm Q,0.00,1.00,1.00,0,1,,1,,,,,,,,,,,A8763:U8763,
8762,0013-4686,0.95,Electrochim Acta,0.00,1.00,0.00,0,1,,,,,,1,,,,,,,A8764:U8764,
8763,0014-3065,0.54,Potato Res,0.00,1.00,1.00,0,1,,,,,,1,,,,,,,A8765:U8765,
8764,0014-4029,1.73,Except Child,0.00,1.00,1.00,0,1,,,,1,,,,,,,,,A8766:U8766,
8765,0015-2684,0.6,Fire Technol,0.00,1.00,1.00,0,1,,,,,,,,1,,,,,A8767:U8767,
8766,0016-7037,2.17,Geochim Cosmochim Acta,0.00,1.00,0.00,0,1,,,,,1,,,,,,,,A8768:U8768,
8767,0016-7878,0.37,Proc Geol Assoc,0.00,1.00,0.00,0,1,,,1,,,,,,,,,,A8769:U8769,
8768,0017-9310,1.22,Int J Heat Mass Transf,0.00,0.00,1.00,0,1,,,,,1,,,,,,,,A8770:U8770,
8769,0018-019X,0.61,Helv Chim Acta,0.00,1.00,0.00,0,1,,,1,,,,,,,,,,A8771:U8771,
8770,0018-716X,1.47,Hum Dev,0.00,1.00,0.00,0,1,,,,,,1,,,,,,,A8772:U8772,
8771,0018-9162,0.54,Computer (Long Beach Calif),0.00,1.00,0.00,0,1,,,,,,1,,,,,,,A8773:U8773,
8772,0018-9200,5.01,IEEE J Solid-State Circuits,0.00,1.00,0.00,0,1,,,,,,1,,,,,,,A8774:U8774,
8773,0018-9375,1.01,IEEE Trans Electromagn Compat,0.00,1.00,0.00,0,1,,,,1,,,,,,,,,A8775:U8775,
8774,0018-9448,1.32,IEEE Trans Inf Theory,0.00,1.00,0.00,0,1,,,,,,1,,,,,,,A8776:U8776,
8775,0019-042X,1.07,IRAL Int Rev Appl Linguist Lang Teach,0.00,1.00,0.00,0,1,,,1,,,,,,,,,,A8777:U8777,
8776,0019-5464,0.23,Indian J Pharm Educ,0.00,1.00,0.00,0,1,,,,1,,,,,,,,,A8778:U8778,
8777,0020-0255,1.51,Inf Sci (N Y),0.00,0.00,0.00,0,1,,1,,,,,,,,,,,A8779:U8779,
8778,0020-7225,1.23,Int J Eng Sci,0.00,1.00,1.00,0,1,,,,,,1,,,,,,,A8780:U8780,
8779,0020-7683,1.0,Int J Solids Struct,0.00,0.00,0.00,0,1,,,,1,,,,,,,,,A8781:U8781,
8780,0020-7985,0.81,Int Migr,0.00,1.00,0.00,0,1,1,,,,,,,,,,,,A8782:U8782,
8781,0020-8566,0.55,Int Rev Educ,0.00,1.00,1.00,0,1,,,,,1,,,,,,,,A8783:U8783,
8782,0021-5236,0.12,Shinrigaku Kenkyu,0.00,1.00,0.00,0,1,,,,,,,,1,,,,,A8784:U8784,
8783,0021-8294,1.07,J Sci Study Relig,0.00,1.00,0.00,0,1,,,,,1,,,,,,,,A8785:U8785,
8784,0021-8723,0.23,J Am Hist,0.00,1.00,0.00,0,1,,,1,,,,,,,,,,A8786:U8786,
8785,0021-8901,1.77,J Appl Ecol,0.00,0.00,1.00,0,1,1,,,,,,,,,,,,A8787:U8787,
8786,0021-9347,0.31,J Black Stud,0.00,1.00,1.00,0,1,,,,,,1,,,,,,,A8788:U8788,
8787,0021-9916,2.08,J Commun,0.00,1.00,0.00,0,1,,,,,1,,,,,,,,A8789:U8789,
8788,0021-9983,0.49,J Compos Mater,0.00,1.00,1.00,0,1,,,,1,,,,,,,,,A8790:U8790,
8789,0022-0175,0.88,J Creat Behav,0.00,1.00,0.00,0,1,,,,1,,,,,,,,,A8791:U8791,
8790,0022-0655,1.03,J Educ Meas,0.00,1.00,0.00,0,1,,,,,1,,,,,,,,A8792:U8792,
8791,0022-0833,0.33,J Eng Math,0.00,1.00,0.00,0,1,,,,,,,,1,,,,,A8793:U8793,
8792,0022-1139,0.35,J Fluor Chem,0.00,0.00,0.00,0,1,,,,,1,,,,,,,,A8794:U8794,
8793,0022-152X,0.39,J Heterocycl Chem,0.00,1.00,0.00,0,1,,,,1,,,,,,,,,A8795:U8795,
8794,0022-1678,0.46,J Humanist Psychol,0.00,1.00,1.00,0,1,,,,1,,,,,,,,,A8796:U8796,
8795,0022-1856,0.81,J Ind Relat,0.00,1.00,1.00,0,1,,1,,,,,,,,,,,A8797:U8797,
8796,0022-328X,0.37,J Organomet Chem,0.00,1.00,0.00,0,1,,,,,1,,,,,,,,A8798:U8798,
8797,0022-3808,16.25,J Polit Econ,0.00,1.00,0.00,0,1,1,,,,,,,,,,,,A8799:U8799,
8798,0022-3816,3.49,J Polit,0.00,1.00,0.00,0,1,,,,1,,,,,,,,,A8800:U8800,
8799,0022-4073,0.78,J Quant Spectrosc Radiat Transf,0.00,0.00,1.00,0,1,,,,,1,,,,,,,,A8801:U8801,
8800,0022-4529,0.26,J Soc Hist,0.00,1.00,1.00,0,1,,1,,,,,,,,,,,A8802:U8802,
8801,0022-7625,,Kagaku,0.00,1.00,0.00,0,1,,,,,1,,,,,,,,A8803:U8803,
8802,0023-6438,1.39,Lebensm Wiss Technol,0.00,1.00,0.00,0,1,,,,1,,,,,,,,,A8804:U8804,
8803,0024-4082,0.99,Zool J Linn Soc,0.00,0.00,1.00,0,1,,,,,,1,,,,,,,A8805:U8805,
8804,0025-3154,0.35,J Mar Biol Assoc U K,0.00,1.00,1.00,0,1,,1,,,,,,,,,,,A8806:U8806,
8805,0026-7074,0.14,Mnemosyne,0.00,1.00,0.00,0,1,,,1,,,,,,,,,,A8807:U8807,
8806,0026-9255,0.54,Mon Hefte Math,0.00,1.00,1.00,0,1,,,,,,1,,,,,,,A8808:U8808,
8807,0028-0283,1.23,Natl Tax J,0.00,1.00,0.00,0,1,,1,,,,,,,,,,,A8809:U8809,
8808,0029-599X,1.45,Numer Math (Heidelb),0.00,0.00,0.00,0,1,1,,,,,,,,,,,,A8810:U8810,
8809,0031-2789,0.41,Pastoral Psychol,0.00,1.00,0.00,0,1,,,,,,1,,,,,,,A8811:U8811,
8810,0031-8949,0.39,Phys Scr,0.00,1.00,1.00,0,1,,,,,1,,,,,,,,A8812:U8812,
8811,0032-3217,1.99,Polit Stud (Oxf),0.00,1.00,1.00,0,1,,1,,,,,,,,,,,A8813:U8813,
8812,0032-3470,0.78,Polit Vierteljahresschr,0.00,1.00,1.00,0,1,,,,,,,,1,,,,,A8814:U8814,
8813,0032-468X,,Popul Bull,0.00,1.00,0.00,0,1,,,,,,,,1,,,,,A8815:U8815,
8814,0033-0124,0.52,Prof Geogr,0.00,1.00,0.00,0,1,,,,,,,1,,,,,,A8816:U8816,
8815,0033-3085,0.83,Psychol Sch,0.00,1.00,1.00,0,1,,,1,,,,,,,,,,A8817:U8817,
8816,0033-4545,0.39,Pure Appl Chem,0.00,1.00,0.00,0,1,1,,,,,,,,,,,,A8818:U8818,
8817,0033-5533,33.07,Q J Econ,0.00,1.00,0.00,0,1,,,,,,1,,,,,,,A8819:U8819,
8818,0034-0006,0.58,Ratio (Oxf),0.00,1.00,1.00,0,1,,,1,,,,,,,,,,A8820:U8820,
8819,0034-0553,1.59,Read Res Q,0.00,1.00,1.00,0,1,,,,,,,,1,,,,,A8821:U8821,
8820,0034-3552,0.8,Rehabil Couns Bull,0.00,1.00,1.00,0,1,,,,,,1,,,,,,,A8822:U8822,
8821,0034-4257,4.27,Remote Sens Environ,0.00,0.00,0.00,0,1,,,,,,,,1,,,,,A8823:U8823,
8822,0034-6446,0.67,Rev Black Polit Econ,0.00,1.00,1.00,0,1,,,1,,,,,,,,,,A8824:U8824,
8823,0034-6535,8.83,Rev Econ Stat,0.00,1.00,0.00,0,1,,,,,,1,,,,,,,A8825:U8825,
8824,0034-6543,5.04,Rev Educ Res,0.00,1.00,1.00,0,1,,,,,1,,,,,,,,A8826:U8826,
8825,0034-6586,1.21,Rev Income Wealth,0.00,1.00,0.00,0,1,,,1,,,,,,,,,,A8827:U8827,
8826,0034-6659,0.31,Nutr Food Sci,0.00,1.00,0.00,0,1,,,1,,,,,,,,,,A8828:U8828,
8827,0034-6861,13.04,Rev Mod Phys,0.00,1.00,1.00,0,1,,,1,,,,,,,,,,A8829:U8829,
8828,0036-1399,0.87,SIAM J Appl Math,0.00,1.00,0.00,0,1,,,,,,1,,,,,,,A8830:U8830,
8829,0036-1445,2.33,SIAM Rev Soc Ind Appl Math,0.00,1.00,0.00,0,1,,,1,,,,,,,,,,A8831:U8831,
8830,0036-8237,0.18,Sci Soc,0.00,1.00,0.00,0,1,,,,1,,,,,,,,,A8832:U8832,
8831,0036-8555,,Sci Teach,0.00,1.00,0.00,0,1,,,,,,1,,,,,,,A8833:U8833,
8832,0037-7910,0.14,Soc Secur Bull,0.00,1.00,0.00,0,1,,,1,,,,,,,,,,A8834:U8834,
8833,0038-0253,0.67,Sociol Q,0.00,1.00,0.00,0,1,,,,,,1,,,,,,,A8835:U8835,
8834,0039-0402,0.51,Stat Neerl,0.00,1.00,0.00,0,1,,,,,,,1,,,,,,A8836:U8836,
8835,0040-6090,0.41,Thin Solid Films,0.00,1.00,1.00,0,1,,,,,,,,1,,,,,A8837:U8837,
8836,0043-7719,0.55,Wood Sci Technol,0.00,1.00,1.00,0,1,,,1,,,,,,,,,,A8838:U8838,
8837,0044-2275,0.81,Z Angew Math Phys,0.00,1.00,0.00,0,1,,1,,,,,,,,,,,A8839:U8839,
8838,0045-7906,1.1,Comput Electr Eng,0.00,1.00,0.00,0,1,,,,,,,,1,,,,,A8840:U8840,
8839,0047-231X,,J Coll Sci Teach,0.00,1.00,0.00,0,1,,,,,,1,,,,,,,A8841:U8841,
8840,0047-2352,0.91,J Crim Justice,0.00,1.00,0.00,0,1,,,,1,,,,,,,,,A8842:U8842,
8841,0048-7333,4.47,Res Policy,0.00,1.00,0.00,0,1,,,,,,,,1,,,,,A8843:U8843,
8842,0049-6979,0.73,Water Air Soil Pollut,0.00,1.00,0.00,0,1,,1,,,,,,,,,,,A8844:U8844,
8843,0079-6425,8.37,Prog Mater Sci,0.00,1.00,1.00,0,1,,,,,,,1,,,,,,A8845:U8845,
8844,0081-1750,1.5,Sociol Methodol,0.00,1.00,1.00,0,1,,,,1,,,,,,,,,A8846:U8846,
8845,0090-3159,0.1,Contemp Ob Gyn,0.00,1.00,0.00,0,1,,,,,,1,,,,,,,A8847:U8847,
8846,0090-3973,0.3,J Test Eval,0.00,1.00,1.00,0,1,,,,1,,,,,,,,,A8848:U8848,
8847,0090-6778,2.97,IEEE Trans Commun,0.00,1.00,0.00,0,1,,,,,1,,,,,,,,A8849:U8849,
8848,0091-3286,0.3,Opt Eng,0.00,1.00,1.00,0,1,,,,,1,,,,,,,,A8850:U8850,
8849,0091-4037,0.48,Int J Polym Mater,0.00,1.00,0.00,0,1,,,,,,,1,,,,,,A8851:U8851,
8850,0092-055X,0.63,Teach Sociol,0.00,1.00,0.00,0,1,,,,,1,,,,,,,,A8852:U8852,
8851,0093-3813,0.47,IEEE Trans Plasma Sci IEEE Nucl Plasma Sci Soc,0.00,1.00,0.00,0,1,,1,,,,,,,,,,,A8853:U8853,
8852,0094-9655,0.52,J Stat Comput Simul,0.00,1.00,0.00,0,1,,,,1,,,,,,,,,A8854:U8854,
8853,0095-4470,1.27,J Phon,0.00,1.00,0.00,0,1,,,1,,,,,,,,,,A8855:U8855,
8854,0096-3003,0.82,Appl Math Comput,0.00,1.00,1.00,0,1,,,,,,,,1,,,,,A8856:U8856,
8855,0096-3070,,Fla State Univ Law Rev,0.00,1.00,0.00,0,1,,,,,,,1,,,,,,A8857:U8857,
8856,0097-7004,0.71,Mod China,0.00,1.00,0.00,0,1,,,,,,1,,,,,,,A8858:U8858,
8857,0097-8493,0.55,Comput Graph,0.00,1.00,1.00,0,1,,,,,,,1,,,,,,A8859:U8859,
8858,0098-1818,,Mon Labor Rev,0.00,1.00,0.00,0,1,,1,,,,,,,,,,,A8860:U8860,
8859,0098-6283,0.8,Teach Psychol,0.00,1.00,1.00,0,1,,,,,,1,,,,,,,A8861:U8861,
8860,0125-1678,,J Public Health (Bangkok),0.00,1.00,1.00,0,1,,,,,,,,1,,,,,A8862:U8862,
8861,0125-2208,0.13,J Med Assoc Thai,0.00,1.00,0.00,1,1,,1,,,,,,,,,,,A8863:U8863,
8862,0137-5881,0.49,Acta Physiol Plant,0.00,1.00,1.00,0,1,,,,,1,,,,,,,,A8864:U8864,
8863,0138-4821,0.38,Beitr Algebra Geom,0.00,1.00,1.00,0,1,,,,,,,,1,,,,,A8865:U8865,
8864,0138-9130,1.08,Scientometrics,0.00,1.00,1.00,0,1,1,,,,,,,,,,,,A8866:U8866,
8865,0139-3006,0.29,Acta Aliment,0.00,1.00,0.00,0,1,,,1,,,,,,,,,,A8867:U8867,
8866,0141-0296,1.92,Eng Struct,0.00,1.00,0.00,0,1,,,,,,,,1,,,,,A8868:U8868,
8867,0141-3910,1.25,Polym Degrad Stab,0.00,1.00,0.00,0,1,,,,,1,,,,,,,,A8869:U8869,
8868,0141-6707,0.36,Afr J Ecol,0.00,1.00,0.00,0,1,1,,,,,,,,,,,,A8870:U8870,
8869,0141-7789,0.41,Fem Rev,0.00,1.00,0.00,0,1,,,,1,,,,,,,,,A8871:U8871,
8870,0141-9382,0.64,Displays,0.00,1.00,0.00,0,1,,,,,,1,,,,,,,A8872:U8872,
8871,0141-9870,0.85,Ethn Racial Stud,0.00,1.00,1.00,0,1,,,,,,1,,,,,,,A8873:U8873,
8872,0143-4632,1.51,J Multiling Multicult Dev,0.00,1.00,0.00,0,1,,,,1,,,,,,,,,A8874:U8874,
8873,0143-6228,1.6,Appl Geogr,0.00,1.00,0.00,0,1,,,,,,,,1,,,,,A8875:U8875,
8874,0143-7208,0.61,Dyes Pigm,0.00,1.00,1.00,0,1,,,,,,1,,,,,,,A8876:U8876,
8875,0143-8166,0.82,Opt Lasers Eng,0.00,1.00,1.00,0,1,,,,,,,1,,,,,,A8877:U8877,
8876,0143-9782,0.95,J Time Ser Anal,0.00,1.00,1.00,0,1,,,,,,1,,,,,,,A8878:U8878,
8877,0144-333X,0.53,Int J Sociol Soc Policy,0.00,1.00,0.00,0,1,,,,,1,,,,,,,,A8879:U8879,
8878,0144-3410,1.27,Educ Psychol (Lond),0.00,1.00,1.00,0,1,,,1,,,,,,,,,,A8880:U8880,
8879,0145-8876,0.58,J Food Process Eng,0.00,1.00,1.00,0,1,,,,,1,,,,,,,,A8881:U8881,
8880,0145-935X,0.29,Child Youth Serv,0.00,1.00,0.00,0,1,,,1,,,,,,,,,,A8882:U8882,
8881,0146-1044,0.46,Sex Disabil,0.00,1.00,0.00,0,1,,1,,,,,,,,,,,A8883:U8883,
8882,0146-9428,0.67,J Food Qual,0.00,1.00,0.00,0,1,,1,,,,,,,,,,,A8884:U8884,
8883,0157-244X,1.2,Res Sci Educ,0.00,1.00,1.00,0,1,,1,,,,,,,,,,,A8885:U8885,
8884,0160-791X,2.79,Technol Soc,0.00,1.00,1.00,0,1,,,,1,,,,,,,,,A8886:U8886,
8885,0161-5440,1.06,Hist Methods,0.00,1.00,1.00,0,1,,,,,1,,,,,,,,A8887:U8887,
8886,0161-6463,0.13,Am Indian Cult Res J,0.00,1.00,0.00,0,1,,,,1,,,,,,,,,A8888:U8888,
8887,0162-0436,0.49,Qual Sociol,0.00,1.00,1.00,0,1,,,,,,1,,,,,,,A8889:U8889,
8888,0165-0157,1.18,Linguist Philos,0.00,1.00,1.00,0,1,,,,,,,,1,,,,,A8890:U8890,
8889,0165-1684,0.8,Signal Processing,0.00,1.00,0.00,0,1,,1,,,,,,,,,,,A8891:U8891,
8890,0165-1765,0.72,Econ Lett,0.00,1.00,0.00,0,1,,,,,,,1,,,,,,A8892:U8892,
8891,0165-2516,0.45,Int J Soc Lang,0.00,1.00,1.00,0,1,,,,,,,1,,,,,,A8893:U8893,
8892,0166-218X,0.66,Discrete Appl Math,0.00,1.00,0.00,0,1,,,1,,,,,,,,,,A8894:U8894,
8893,0167-1987,2.01,Soil Tillage Res,0.00,1.00,0.00,0,1,1,,,,,,,,,,,,A8895:U8895,
8894,0167-4048,1.6,Comput Secur,0.00,1.00,1.00,0,1,1,,,,,,,,,,,,A8896:U8896,
8895,0167-5427,0.41,Aquat Mamm,0.00,1.00,0.00,0,1,1,,,,,,,,,,,,A8897:U8897,
8896,0167-6393,0.6,Speech Commun,0.00,1.00,0.00,0,1,,,,,1,,,,,,,,A8898:U8898,
8897,0167-6636,0.92,Mech Mater,0.00,1.00,0.00,0,1,,,,,,,1,,,,,,A8899:U8899,
8898,0167-806X,0.76,Nat Lang Linguist Theory,0.00,1.00,0.00,0,1,,,,,,,,1,,,,,A8900:U8900,
8899,0167-8809,2.09,Agric Ecosyst Environ,0.00,0.00,0.00,0,1,,,,,,1,,,,,,,A8901:U8901,
8900,0167-9236,2.08,Decis Support Syst,0.00,1.00,0.00,0,1,,,,,,,1,,,,,,A8902:U8902,
8901,0168-1699,2.17,Comput Electron Agric,0.00,1.00,1.00,0,1,,,,,,,,1,,,,,A8903:U8903,
8902,0168-1923,2.05,Agric For Meteorol,0.00,1.00,0.00,0,1,1,,,,,,,,,,,,A8904:U8904,
8903,0168-583X,0.37,Nucl Instrum Methods Phys Res B,0.00,1.00,0.00,0,1,,,,,,,,1,,,,,A8905:U8905,
8904,0168-9002,0.45,Nucl Instrum Methods Phys Res A,0.00,1.00,0.00,0,1,,,,,,1,,,,,,,A8906:U8906,
8905,0169-2046,2.95,Landsc Urban Plan,0.00,1.00,0.00,0,1,,,,1,,,,,,,,,A8907:U8907,
8906,0169-2070,2.27,Int J Forecast,0.00,0.00,0.00,0,1,,,,,1,,,,,,,,A8908:U8908,
8907,0169-3298,1.68,Surv Geophys,0.00,1.00,1.00,0,1,,,,,1,,,,,,,,A8909:U8909,
8908,0169-3867,0.68,Biol Philos,0.00,1.00,1.00,0,1,,1,,,,,,,,,,,A8910:U8910,
8909,0169-4332,1.12,Appl Surf Sci,0.00,1.00,0.00,0,1,,,,,,,,1,,,,,A8911:U8911,
8910,0169-8141,0.71,Int J Ind Ergon,0.00,1.00,0.00,0,1,,,,1,,,,,,,,,A8912:U8912,
8911,0171-6468,0.72,OR Spectr,0.00,1.00,1.00,0,1,,,,,1,,,,,,,,A8913:U8913,
8912,0177-798X,0.77,Theor Appl Climatol,0.00,1.00,1.00,0,1,,,,,,1,,,,,,,A8914:U8914,
8913,0178-2762,2.01,Biol Fertil Soils,0.00,1.00,1.00,0,1,,1,,,,,,,,,,,A8915:U8915,
8914,0178-2789,0.6,Vis Comput,0.00,1.00,0.00,0,1,,,,,1,,,,,,,,A8916:U8916,
8915,0179-9541,0.5,Plant Breed,0.00,1.00,1.00,0,1,,,,,,1,,,,,,,A8917:U8917,
8916,0185-013X,,Foro Int,0.00,1.00,0.00,0,1,,,,,1,,,,,,,,A8918:U8918,
8917,0190-9320,2.96,Polit Behav,0.00,1.00,1.00,0,1,,1,,,,,,,,,,,A8919:U8919,
8918,0191-5096,0.2,J Sociol Soc Welf,0.00,1.00,0.00,0,1,,1,,,,,,,,,,,A8920:U8920,
8919,0195-6744,1.14,Am J Educ (Chic Ill),0.00,1.00,1.00,0,1,,,,,,,1,,,,,,A8921:U8921,
8920,0195-928X,0.45,Int J Thermophys,0.00,1.00,0.00,0,1,,,,,,,1,,,,,,A8922:U8922,
8921,0196-2892,2.65,IEEE Trans Geosci Remote Sens,0.00,1.00,0.00,0,1,1,,,,,,,,,,,,A8923:U8923,
8922,0196-8858,0.67,Adv Appl Math,0.00,0.00,0.00,0,1,,,,,1,,,,,,,,A8924:U8924,
8923,0218-2130,0.32,Int J Artif Intell Tools,0.00,1.00,0.00,0,1,1,,,,,,,,,,,,A8925:U8925,
8924,0260-8774,1.13,J Food Eng,0.00,1.00,0.00,0,1,1,,,,,,,,,,,,A8926:U8926,
8925,0261-0183,0.88,Crit Soc Policy,0.00,1.00,1.00,0,1,,,,1,,,,,,,,,A8927:U8927,
8926,0263-2764,1.03,Theory Cult Soc,0.00,1.00,1.00,0,1,,,,,,,,1,,,,,A8928:U8928,
8927,0264-6196,0.39,Br J Vis Impair,0.00,1.00,1.00,0,1,,,,,1,,,,,,,,A8929:U8929,
8928,0266-4666,1.62,Econ Theory (N Y),0.00,1.00,1.00,0,1,,,,,,,1,,,,,,A8930:U8930,
8929,0266-4674,0.43,J Trop Ecol,0.00,0.00,1.00,0,1,,1,,,,,,,,,,,A8931:U8931,
8930,0269-1728,0.87,Soc Epistemol,0.00,1.00,1.00,0,1,1,,,,,,,,,,,,A8932:U8932,
8931,0269-8803,0.42,J Psychophysiol,0.00,1.00,0.00,0,1,1,,,,,,,,,,,,A8933:U8933,
8932,0270-2711,0.55,Read Psychol,0.00,1.00,0.00,0,1,1,,,,,,,,,,,,A8934:U8934,
8933,0271-8294,0.53,Top Lang Disord,0.00,1.00,0.00,0,1,,,,1,,,,,,,,,A8935:U8935,
8934,0272-2631,2.51,Stud Second Lang Acquis,0.00,1.00,1.00,0,1,,,,,,1,,,,,,,A8936:U8936,
8935,0273-5024,0.68,J Teach Phys Educ,0.00,1.00,0.00,0,1,,,,,,1,,,,,,,A8937:U8937,
8936,0276-7783,4.06,MIS Q,0.00,1.00,1.00,0,1,,,1,,,,,,,,,,A8938:U8938,
8937,0277-3791,1.36,Quat Sci Rev,0.00,1.00,0.00,0,1,,,,,,,1,,,,,,A8939:U8939,
8938,0277-5395,0.64,Womens Stud Int Forum,0.00,1.00,1.00,0,1,,,,,,,,1,,,,,A8940:U8940,
8939,0288-4534,0.5,Kona,0.00,1.00,0.00,0,1,,,,1,,,,,,,,,A8941:U8941,
8940,0295-5075,0.43,Europhys Lett,0.00,1.00,0.00,0,1,,,,1,,,,,,,,,A8942:U8942,
8941,0300-7839,0.52,Hum Ecol Interdiscip J,0.00,1.00,1.00,0,1,,1,,,,,,,,,,,A8943:U8943,
8942,0301-0104,0.41,Chem Phys,0.00,1.00,0.00,0,1,,,,,,1,,,,,,,A8944:U8944,
8943,0301-4215,2.52,Energy Policy,0.00,1.00,1.00,0,1,,,,,,,,1,,,,,A8945:U8945,
8944,0304-3770,0.86,Aquat Bot,0.00,1.00,0.00,0,1,1,,,,,,,,,,,,A8946:U8946,
8945,0305-0270,1.36,J Biogeogr,0.00,1.00,1.00,0,1,,,,,,1,,,,,,,A8947:U8947,
8946,0306-1973,0.1,Lit Hist,0.00,1.00,1.00,0,1,,,1,,,,,,,,,,A8948:U8948,
8947,0306-2619,2.86,Appl Energy,0.00,1.00,0.00,0,1,,,,,,,1,,,,,,A8949:U8949,
8948,0306-4379,0.98,Inf Syst,0.00,1.00,0.00,0,1,,,,,,,,1,,,,,A8950:U8950,
8949,0307-6946,0.63,Ecol Entomol,0.00,1.00,1.00,0,1,,,,1,,,,,,,,,A8951:U8951,
8950,0308-521X,1.61,Agric Syst,0.00,1.00,0.00,0,1,,,,,1,,,,,,,,A8952:U8952,
8951,0308-5694,0.11,Imago Mundi,0.00,1.00,1.00,0,1,,,1,,,,,,,,,,A8953:U8953,
8952,0309-1708,1.02,Adv Water Resour,0.00,1.00,0.00,0,1,1,,,,,,,,,,,,A8954:U8954,
8953,0334-5114,0.61,Symbiosis,0.00,1.00,1.00,0,1,,,1,,,,,,,,,,A8955:U8955,
8954,0360-3989,1.75,Hum Commun Res,0.00,1.00,1.00,0,1,1,,,,,,,,,,,,A8956:U8956,
8955,0361-476X,1.86,Contemp Educ Psychol,0.00,1.00,1.00,0,1,,,,,,,,1,,,,,A8957:U8957,
8956,0361-6843,1.24,Psychol Women Q,0.00,1.00,1.00,0,1,,,,,,,,1,,,,,A8958:U8958,
8957,0363-7751,0.87,Commun Monogr,0.00,1.00,0.00,0,1,,,1,,,,,,,,,,A8959:U8959,
8958,0368-2048,0.49,J Electron Spectros Relat Phenomena,0.00,1.00,0.00,0,1,,,,,,,1,,,,,,A8960:U8960,
8959,0369-7827,0.21,Osiris,0.00,1.00,0.00,0,1,1,,,,,,,,,,,,A8961:U8961,
8960,0374-3535,0.4,J Elast,0.00,1.00,0.00,0,1,,,,,,1,,,,,,,A8962:U8962,
8961,0376-7388,1.66,J Memb Sci,0.00,1.00,0.00,0,1,,1,,,,,,,,,,,A8963:U8963,
8962,0376-9429,0.75,Int J Fract,0.00,1.00,0.00,0,1,,,,,,,1,,,,,,A8964:U8964,
8963,0377-0257,0.73,J Nonnewton Fluid Mech,0.00,1.00,1.00,0,1,,,,,1,,,,,,,,A8965:U8965,
8964,0377-7332,0.62,Empir Econ,0.00,1.00,1.00,0,1,,1,,,,,,,,,,,A8966:U8966,
8965,0377-8401,0.69,Anim Feed Sci Technol,0.00,1.00,0.00,0,1,,,,,,,1,,,,,,A8967:U8967,
8966,0378-1127,1.33,For Ecol Manage,0.00,1.00,1.00,0,1,,,,1,,,,,,,,,A8968:U8968,
8967,0378-7753,1.6,J Power Sources,0.00,1.00,1.00,0,1,,,,,,,1,,,,,,A8969:U8969,
8968,0380-1489,0.38,Can Stud Popul,0.00,1.00,0.00,0,1,,,1,,,,,,,,,,A8970:U8970,
8969,0439-755X,0.68,Xin Li Xue Bao,0.00,0.00,0.00,0,1,,,,,,,,1,,,,,A8971:U8971,
8970,0570-1864,0.75,Ann Reg Sci,0.00,1.00,0.00,0,1,,,,,1,,,,,,,,A8972:U8972,
8971,0580-7247,,MLO Med Lab Obs,0.00,1.00,0.00,0,1,,,1,,,,,,,,,,A8973:U8973,
8972,0584-8547,0.58,Spectrochim Acta Part B At Spectrosc,0.00,1.00,0.00,0,1,1,,,,,,,,,,,,A8974:U8974,
8973,0711-6780,,Environments,0.00,1.00,0.00,0,1,,,,,,,1,,,,,,A8975:U8975,
8974,0723-2632,1.8,Rock Mech Rock Eng,0.00,1.00,1.00,0,1,,,,,1,,,,,,,,A8976:U8976,
8975,0730-8078,1.34,Proc ACM SIGMOD Int Conf Manag Data,0.00,1.00,0.00,0,1,,,,1,,,,,,,,,A8977:U8977,
8976,0730-8884,2.84,Work Occup,0.00,1.00,1.00,0,1,,,,1,,,,,,,,,A8978:U8978,
8977,0732-118X,1.16,New Ideas Psychol,0.00,1.00,0.00,0,1,,,,,,,,1,,,,,A8979:U8979,
8978,0733-9372,0.48,J Environ Eng (New York),0.00,1.00,1.00,0,1,,,,,1,,,,,,,,A8980:U8980,
8979,0734-2829,0.71,J Psychoeduc Assess,0.00,1.00,1.00,0,1,,,,,1,,,,,,,,A8981:U8981,
8980,0734-306X,6.77,J Labor Econ,0.00,0.00,0.00,0,1,,,1,,,,,,,,,,A8982:U8982,
8981,0734-6875,0.36,Music Ther Perspect,0.00,1.00,1.00,0,1,,,1,,,,,,,,,,A8983:U8983,
8982,0735-2166,0.83,J Urban Aff,0.00,1.00,0.00,0,1,,,,,,,,1,,,,,A8984:U8984,
8983,0735-6722,,J Health Adm Educ,0.00,1.00,0.00,0,1,,,1,,,,,,,,,,A8985:U8985,
8984,0735-7028,0.75,Prof Psychol Res Pr,0.00,1.00,0.00,0,1,,,1,,,,,,,,,,A8986:U8986,
8985,0738-0593,0.86,Int J Educ Dev,0.00,1.00,1.00,0,1,,,,,,1,,,,,,,A8987:U8987,
8986,0738-4602,0.75,AI Mag,0.00,1.00,1.00,0,1,,,,,,,1,,,,,,A8988:U8988,
8987,0740-3224,0.45,J Opt Soc Am B,0.00,1.00,0.00,0,1,,,,,,1,,,,,,,A8989:U8989,
8988,0741-9325,1.35,Remedial Spec Educ,0.00,1.00,1.00,0,1,,,,,,1,,,,,,,A8990:U8990,
8989,0742-4787,0.48,J Tribol,0.00,1.00,0.00,0,1,,,,,,1,,,,,,,A8991:U8991,
8990,0742-5627,0.93,Innov High Educ,0.00,1.00,0.00,0,1,,,,1,,,,,,,,,A8992:U8992,
8991,0743-1546,0.6,Proc IEEE Conf Decis Control,0.00,1.00,0.00,0,1,,,,,,1,,,,,,,A8993:U8993,
8992,0743-5584,1.08,J Adolesc Res,0.00,1.00,0.00,0,1,,,,,1,,,,,,,,A8994:U8994,
8993,0746-1739,0.38,Nurs Econ,0.00,1.00,0.00,0,1,,,,,,1,,,,,,,A8995:U8995,
8994,0748-383X,,Health Matrix Clevel,0.00,1.00,0.00,0,1,,,1,,,,,,,,,,A8996:U8996,
8995,0748-9633,0.76,J Couns Dev,0.00,1.00,1.00,0,1,,,,,,1,,,,,,,A8997:U8997,
8996,0749-6737,,Insecta mundi,0.00,1.00,0.00,0,1,1,,,,,,,,,,,,A8998:U8998,
8997,0824-0469,0.62,Mar Mamm Sci,0.00,1.00,1.00,0,1,,,,,,1,,,,,,,A8999:U8999,
8998,0850-5780,,Etude Popul Afr,0.00,1.00,0.00,0,1,1,,,,,,,,,,,,A9000:U9000,
8999,0883-7066,1.1,Syst Dyn Rev,0.00,1.00,1.00,0,1,,,,,,1,,,,,,,A9001:U9001,
9000,0883-7252,3.55,J Appl Econ (Chichester Engl),0.00,1.00,0.00,0,1,1,,,,,,,,,,,,A9002:U9002,
9001,0883-9115,0.36,J Bioact Compat Polym,0.00,1.00,1.00,0,1,,,,1,,,,,,,,,A9003:U9003,
9002,0883-9514,0.79,Appl Artif Intell,0.00,1.00,1.00,0,1,,,1,,,,,,,,,,A9004:U9004,
9003,0885-2014,0.94,Cogn Dev,0.00,0.00,0.00,0,1,,,1,,,,,,,,,,A9005:U9005,
9004,0886-1099,0.88,Affilia,0.00,1.00,1.00,0,1,1,,,,,,,,,,,,A9006:U9006,
9005,0886-7356,0.79,Cult Anthropol,0.00,1.00,1.00,0,1,,,1,,,,,,,,,,A9007:U9007,
9006,0886-9383,0.34,J Chemom,0.00,1.00,0.00,0,1,,,1,,,,,,,,,,A9008:U9008,
9007,0887-8250,0.32,J Sens Stud,0.00,1.00,0.00,0,1,,,,,,1,,,,,,,A9009:U9009,
9008,0888-3254,0.52,East Eur Polit Soc,0.00,1.00,1.00,0,1,,,,,,,1,,,,,,A9010:U9010,
9009,0888-4552,,Pract Anthropol,0.00,1.00,1.00,0,1,,,,,,,,1,,,,,A9011:U9011,
9010,0889-8480,0.46,Math Popul Stud,0.00,1.00,0.00,0,1,,1,,,,,,,,,,,A9012:U9012,
9011,0892-7022,0.3,Mol Simul,0.00,1.00,0.00,0,1,,,1,,,,,,,,,,A9013:U9013,
9012,0892-7936,0.51,Anthrozoos,0.00,1.00,0.00,0,1,,,,,1,,,,,,,,A9014:U9014,
9013,0892-9912,2.01,J Technol Transf,0.00,1.00,0.00,0,1,,1,,,,,,,,,,,A9015:U9015,
9014,0893-7400,0.25,JAAPA,1.00,1.00,0.00,0,1,,,,,,1,,,,,,,A9016:U9016,
9015,0893-9659,0.91,Appl Math Lett,0.00,1.00,0.00,0,1,,,1,,,,,,,,,,A9017:U9017,
9016,0896-8381,,J Iowa Acad Sci,0.00,1.00,0.00,0,1,,,,1,,,,,,,,,A9018:U9018,
9017,0897-4454,0.53,Women Crim Justice,0.00,1.00,0.00,0,1,,,,,1,,,,,,,,A9019:U9019,
9018,0898-1221,,Comput Math Appl,0.00,0.00,0.00,0,1,1,,,,,,,,,,,,A9020:U9020,
9019,0906-7590,2.3,Ecography,0.00,1.00,0.00,0,1,1,,,,,,,,,,,,A9021:U9021,
9020,0920-5489,1.02,Comput Stand Interfaces,0.00,1.00,0.00,1,1,,,,,,,,1,,,,,A9022:U9022,
9021,0921-3449,2.63,Resour Conserv Recycl,0.00,1.00,0.00,0,1,,,1,,,,,,,,,,A9023:U9023,
9022,0921-4526,0.48,Physica B Condens Matter,0.00,1.00,0.00,0,1,,,,,,,,1,,,,,A9024:U9024,
9023,0924-4247,0.8,Sens Actuators A Phys,0.00,1.00,0.00,0,1,,,,,,,1,,,,,,A9025:U9025,
9024,0924-6495,1.45,Minds Mach (Dordr),0.00,1.00,1.00,0,1,,,1,,,,,,,,,,A9026:U9026,
9025,0925-3467,0.65,Opt Mater (Amst),0.00,1.00,1.00,0,1,,,,,,1,,,,,,,A9027:U9027,
9026,0925-5001,0.81,J Glob Optim,0.00,1.00,1.00,0,1,,,,,,,1,,,,,,A9028:U9028,
9027,0925-7535,1.44,Saf Sci,0.00,0.00,0.00,0,1,,,,,,,1,,,,,,A9029:U9029,
9028,0925-8531,0.48,J Logic Lang Inf,0.00,1.00,1.00,0,1,,,,,,,,1,,,,,A9030:U9030,
9029,0926-7220,1.16,Sci Educ (Dordr),0.00,1.00,1.00,0,1,,,,1,,,,,,,,,A9031:U9031,
9030,0927-0256,0.72,Comput Mater Sci,0.00,1.00,0.00,0,1,,,,1,,,,,,,,,A9032:U9032,
9031,0927-796X,4.18,Mater Sci Eng R Rep,0.00,1.00,1.00,0,1,,,1,,,,,,,,,,A9033:U9033,
9032,0928-0707,0.6,J Solgel Sci Technol,0.00,1.00,0.00,0,1,,1,,,,,,,,,,,A9034:U9034,
9033,0929-5607,0.57,Adsorption (Boston),0.00,1.00,1.00,0,1,,,,,,,,1,,,,,A9035:U9035,
9034,0932-5026,0.67,Stat Pap (Berl),0.00,1.00,0.00,0,1,,,,,,1,,,,,,,A9036:U9036,
9035,0933-2480,,Chance (N Y),0.00,1.00,0.00,0,1,,,,1,,,,,,,,,A9037:U9037,
9036,0934-9839,0.65,Res Eng Des,0.00,1.00,1.00,0,1,,,,,,1,,,,,,,A9038:U9038,
9037,0935-4964,0.89,Theor Comput Fluid Dyn,0.00,1.00,0.00,0,1,1,,,,,,,,,,,,A9039:U9039,
9038,0936-5907,0.82,Cogn Linguist,0.00,1.00,1.00,0,1,,,1,,,,,,,,,,A9040:U9040,
9039,0938-1287,0.49,Shock Waves,0.00,1.00,1.00,0,1,,,1,,,,,,,,,,A9041:U9041,
9040,0938-8249,1.37,Manag Int Rev,0.00,1.00,1.00,0,1,,,,1,,,,,,,,,A9042:U9042,
9041,0947-7047,0.52,Ionics (Kiel),0.00,1.00,0.00,0,1,,1,,,,,,,,,,,A9043:U9043,
9042,0947-8396,0.47,Appl Phys A Mater Sci Process,0.00,1.00,0.00,0,1,,,,,,1,,,,,,,A9044:U9044,
9043,0950-0693,0.88,Int J Sci Educ,0.00,1.00,0.00,0,1,,,,,1,,,,,,,,A9045:U9045,
9044,0950-5431,1.09,Sci Cult (Lond),0.00,1.00,1.00,0,1,,,,,,1,,,,,,,A9046:U9046,
9045,0951-5089,0.79,Philos Psychol,0.00,1.00,1.00,0,1,1,,,,,,,,,,,,A9047:U9047,
9046,0951-8398,0.74,Int J Qual Stud Educ,0.00,1.00,0.00,0,1,,,,1,,,,,,,,,A9048:U9048,
9047,0954-1748,0.65,J Int Dev,0.00,1.00,1.00,0,1,,,1,,,,,,,,,,A9049:U9049,
9048,0957-8811,0.66,Eur J Dev Res,0.00,1.00,1.00,0,1,,,,1,,,,,,,,,A9050:U9050,
9049,0958-2029,0.69,Res Eval,0.00,1.00,1.00,0,1,,,,1,,,,,,,,,A9051:U9051,
9050,0959-3020,0.27,Isokinet Exerc Sci,0.00,1.00,1.00,0,1,,,,,1,,,,,,,,A9052:U9052,
9051,0959-3535,0.79,Fem Psychol,0.00,1.00,1.00,0,1,1,,,,,,,,,,,,A9053:U9053,
9052,0959-3780,3.28,Glob Environ Change,0.00,1.00,1.00,0,1,,,,,,,,1,,,,,A9054:U9054,
9053,0959-4752,2.53,Learn Instr,0.00,1.00,1.00,0,1,,1,,,,,,,,,,,A9055:U9055,
9054,0959-9428,,J Mater Chem,0.00,1.00,0.00,0,1,1,,,,,,,,,,,,A9056:U9056,
9055,0960-1317,0.45,J Micromech Microeng,0.00,1.00,1.00,0,1,,,,,1,,,,,,,,A9057:U9057,
9056,0960-1481,1.89,Renew Energy,0.00,1.00,0.00,0,1,,,,,,,1,,,,,,A9058:U9058,
9057,0960-3166,1.52,Rev Fish Biol Fish,0.00,1.00,1.00,0,1,,,,,,1,,,,,,,A9059:U9059,
9058,0960-7773,0.4,Contemp Eur Hist,0.00,1.00,1.00,0,1,1,,,,,,,,,,,,A9060:U9060,
9059,0963-2719,0.48,Environ Values,0.00,1.00,1.00,0,1,,,1,,,,,,,,,,A9061:U9061,
9060,0965-4283,0.49,Health Educ (Lond),0.00,1.00,0.00,0,1,,,,,,,,1,,,,,A9062:U9062,
9061,0966-6923,1.69,J Transp Geogr,0.00,1.00,0.00,0,1,,,,,,1,,,,,,,A9063:U9063,
9062,0967-0335,0.34,J Near Infrared Spectrosc,0.00,1.00,1.00,0,1,,,1,,,,,,,,,,A9064:U9064,
9063,0967-0637,0.76,Deep Sea Res 1 Oceanogr Res Pap,0.00,1.00,0.00,0,1,1,,,,,,,,,,,,A9065:U9065,
9064,0967-0645,0.95,Deep Sea Res 2 Top Stud Oceanogr,0.00,1.00,1.00,0,1,,1,,,,,,,,,,,A9066:U9066,
9065,0968-3445,0.13,War Hist,0.00,1.00,1.00,0,1,,,,,,,1,,,,,,A9067:U9067,
9066,0968-7599,1.06,Disabil Soc,0.00,1.00,0.00,0,1,,,1,,,,,,,,,,A9068:U9068,
9067,0969-806X,0.54,Radiat Phys Chem Oxf Engl 1993,0.00,1.00,0.00,0,1,,,,,1,,,,,,,,A9069:U9069,
9068,0972-4567,0.1,Curr Trends Immunol,0.00,1.00,0.00,0,1,,,,,,1,,,,,,,A9070:U9070,
9069,0973-709X,,J Clin Diagn Res,0.00,1.00,0.00,0,1,,,,,1,,,,,,,,A9071:U9071,
9070,0973-712X,0.2,Resonance (Bangalore),0.00,1.00,0.00,0,1,,,1,,,,,,,,,,A9072:U9072,
9071,0975-8844,0.17,J Orofac Sci,0.00,1.00,0.00,0,1,,1,,,,,,,,,,,A9073:U9073,
9072,1006-3471,0.77,Dian Hua Xue,0.00,1.00,0.00,0,1,,,1,,,,,,,,,,A9074:U9074,
9073,1010-6030,0.68,J Photochem Photobiol A Chem,0.00,1.00,1.00,0,1,,,,,,1,,,,,,,A9075:U9075,
9074,1011-372X,0.46,Catal Letters,0.00,1.00,1.00,0,1,,,1,,,,,,,,,,A9076:U9076,
9075,1023-263X,0.33,Maastrich J Eur Comp Law,0.00,1.00,1.00,0,1,,,1,,,,,,,,,,A9077:U9077,
9076,1024-5294,1.44,Compet Change,0.00,1.00,1.00,0,1,,,,,,,1,,,,,,A9078:U9078,
9077,1025-5109,,Stud Nepali Hist Soc,0.00,1.00,0.00,0,1,,,,,,,,1,,,,,A9079:U9079,
9078,1025-5834,0.55,J Inequal Appl,0.00,1.00,1.00,0,1,,,,,,,1,,,,,,A9080:U9080,
9079,1040-0397,0.4,Electroanalysis,0.00,1.00,0.00,0,1,,,,1,,,,,,,,,A9081:U9081,
9080,1040-2381,0.45,Lake Reserv Manag,0.00,0.00,0.00,0,1,,,,,1,,,,,,,,A9082:U9082,
9081,1040-9289,1.16,Early Educ Dev,0.00,1.00,0.00,0,1,1,,,,,,,,,,,,A9083:U9083,
9082,1041-3200,1.27,J Appl Sport Psychol,0.00,1.00,0.00,0,1,,,1,,,,,,,,,,A9084:U9084,
9083,1041-4347,3.03,IEEE Trans Knowl Data Eng,0.00,1.00,0.00,0,1,,,,1,,,,,,,,,A9085:U9085,
9084,1042-1629,1.84,Educ Technol Res Dev,0.00,1.00,1.00,0,1,,,,,1,,,,,,,,A9086:U9086,
9085,1042-7147,0.57,Polym Adv Technol,0.00,1.00,0.00,0,1,,,,,,1,,,,,,,A9087:U9087,
9086,1043-1489,0.22,Semin Colon Rectal Surg,0.00,1.00,0.00,0,1,,,,,,,1,,,,,,A9088:U9088,
9087,1043-2256,0.21,J Calif Dent Assoc,0.00,1.00,0.00,0,1,,,1,,,,,,,,,,A9089:U9089,
9088,1043-9463,0.93,Policing Soc,0.00,1.00,1.00,0,1,,,,,,1,,,,,,,A9090:U9090,
9089,1043-9862,0.37,J Contemp Crim Justice,0.00,1.00,1.00,0,1,,1,,,,,,,,,,,A9091:U9091,
9090,1044-7318,1.38,Int J Hum Comput Interact,0.00,1.00,1.00,0,1,,,,,,,1,,,,,,A9092:U9092,
9091,1046-4964,1.01,Small Group Res,0.00,1.00,1.00,0,1,,,,,1,,,,,,,,A9093:U9093,
9092,1046-560X,0.89,J Sci Teacher Educ,0.00,1.00,1.00,0,1,,,,,,1,,,,,,,A9094:U9094,
9093,1047-1987,4.37,Polit Anal,0.00,1.00,1.00,0,1,,,,1,,,,,,,,,A9095:U9095,
9094,1048-9223,0.79,Lang Acquis,0.00,1.00,0.00,0,1,,,,1,,,,,,,,,A9096:U9096,
9095,1049-0965,0.79,PS Polit Sci Polit,0.00,1.00,1.00,0,1,,,,1,,,,,,,,,A9097:U9097,
9096,1049-9644,0.83,Biol Control,0.00,1.00,1.00,0,1,,,,,,,,1,,,,,A9098:U9098,
9097,1050-0472,0.82,J Mech Des N Y,0.00,1.00,0.00,0,1,,,,,,,,1,,,,,A9099:U9099,
9098,1050-8619,0.77,Int J Psychol Relig,0.00,1.00,1.00,0,1,,,,,,,,1,,,,,A9100:U9100,
9099,1050-9674,,J Offender Rehabil,0.00,1.00,1.00,0,1,1,,,,,,,,,,,,A9101:U9101,
9100,1051-0974,0.52,Commun Stud,0.00,1.00,1.00,0,1,1,,,,,,,,,,,,A9102:U9102,
9101,1051-2004,0.71,Digit Signal Process,0.00,1.00,1.00,0,1,,1,,,,,,,,,,,A9103:U9103,
9102,1051-8215,2.22,IEEE Trans Circuits Syst Video Technol,0.00,1.00,0.00,0,1,,,,,,,1,,,,,,A9104:U9104,
9103,1053-0479,0.8,J Psychother Integr,0.00,1.00,0.00,0,1,,1,,,,,,,,,,,A9105:U9105,
9104,1053-816X,,Urol Nurs,0.00,1.00,1.00,0,1,,,,,,,,1,,,,,A9106:U9106,
9105,1054-1373,0.36,Illn Crises Loss,0.00,1.00,1.00,0,1,,,1,,,,,,,,,,A9107:U9107,
9106,1056-6171,0.47,J Appl Poult Res,0.00,1.00,1.00,0,1,,,,,,,1,,,,,,A9108:U9108,
9107,1057-3569,0.75,Read Writ Q,0.00,1.00,0.00,0,1,,,,,,1,,,,,,,A9109:U9109,
9108,1058-0476,0.88,J Fam Econ Issues,0.00,1.00,1.00,0,1,,,,1,,,,,,,,,A9110:U9110,
9109,1063-4266,1.25,J Emot Behav Disord,0.00,1.00,0.00,0,1,,,,,,,1,,,,,,A9111:U9111,
9110,1063-5203,1.42,Appl Comput Harmon Anal,0.00,0.00,0.00,0,1,,1,,,,,,,,,,,A9112:U9112,
9111,1063-6536,1.71,IEEE Trans Control Syst Technol,0.00,1.00,0.00,0,1,,,,,1,,,,,,,,A9113:U9113,
9112,1064-2684,0.29,GLQ,0.00,1.00,0.00,0,1,,,,,1,,,,,,,,A9114:U9114,
9113,1064-7554,0.6,J Mamm Evol,0.00,1.00,0.00,0,1,,,,,1,,,,,,,,A9115:U9115,
9114,1065-9129,1.61,Polit Res Q,0.00,1.00,1.00,0,1,,,,,,,1,,,,,,A9116:U9116,
9115,1066-8888,1.26,VLDB J,0.00,1.00,1.00,0,1,,,,,,1,,,,,,,A9117:U9117,
9116,1068-0667,0.7,J Adult Dev,0.00,1.00,1.00,0,1,1,,,,,,,,,,,,A9118:U9118,
9117,1069-4404,1.24,Sociol Relig,0.00,1.00,0.00,0,1,,,,,,,,1,,,,,A9119:U9119,
9118,1070-2385,,Visualization (Los Alamitos Calif),0.00,1.00,0.00,0,1,1,,,,,,,,,,,,A9120:U9120,
9119,1070-5422,0.39,J Community Pract,0.00,1.00,0.00,0,1,,,,,,,,1,,,,,A9121:U9121,
9120,1070-9428,0.7,J Hymenopt Res,0.00,1.00,0.00,0,1,,,,,,1,,,,,,,A9122:U9122,
9121,1071-5568,,J Cult Divers,0.00,1.00,0.00,0,1,,,,,,,,1,,,,,A9123:U9123,
9122,1071-5819,1.13,Int J Hum Comput Stud,0.00,1.00,0.00,0,1,,,,1,,,,,,,,,A9124:U9124,
9123,1072-5245,0.81,Int J Stress Manag,0.00,1.00,0.00,0,1,,,,,,,,1,,,,,A9125:U9125,
9124,1072-8325,0.71,J Women Minor Sci Eng,0.00,1.00,0.00,0,1,,,,1,,,,,,,,,A9126:U9126,
9125,1075-5470,1.26,Sci Commun,0.00,1.00,1.00,0,1,,,,,,1,,,,,,,A9127:U9127,
9126,1076-8971,0.59,Psychol Public Policy Law,0.00,1.00,1.00,0,1,,,,,1,,,,,,,,A9128:U9128,
9127,1077-6990,1.14,Journal Mass Commun Q,0.00,1.00,1.00,0,1,,,,,1,,,,,,,,A9129:U9129,
9128,1079-6533,0.14,J Clin Outcomes Manag,0.00,1.00,0.00,0,1,,1,,,,,,,,,,,A9130:U9130,
9129,1080-7039,0.67,Hum Ecol Risk Assess,0.00,0.00,1.00,0,1,,,,1,,,,,,,,,A9131:U9131,
9130,1081-602X,0.33,Hist Fam,0.00,1.00,0.00,0,1,1,,,,,,,,,,,,A9132:U9132,
9131,1083-8155,0.87,Urban Ecosyst,0.00,1.00,1.00,0,1,,1,,,,,,,,,,,A9133:U9133,
9132,1086-4431,,J Theory Constr Test,0.00,1.00,0.00,0,1,,,1,,,,,,,,,,A9134:U9134,
9133,1087-1357,0.72,J Manuf Sci Eng,0.00,1.00,0.00,0,1,,,,,,,,1,,,,,A9135:U9135,
9134,1088-7350,,AUA News,0.00,1.00,0.00,0,1,1,,,,,,,,,,,,A9136:U9136,
9135,1091-367X,0.63,Meas Phys Educ Exerc Sci,0.00,1.00,0.00,0,1,,,,,,,1,,,,,,A9137:U9137,
9136,1092-1206,0.3,Issues Sci Technol Librariansh,0.00,1.00,0.00,0,1,1,,,,,,,,,,,,A9138:U9138,
9137,1092-8472,,Curr Treat Options Gastroenterol,0.00,1.00,0.00,0,1,,,,,,,1,,,,,,A9139:U9139,
9138,1093-474X,1.03,J Am Water Resour Assoc,0.00,1.00,1.00,0,1,,,1,,,,,,,,,,A9140:U9140,
9139,1094-3420,0.64,Int J High Perform Comput Appl,0.00,1.00,1.00,0,1,,,,,,1,,,,,,,A9141:U9141,
9140,1094-429X,0.35,Syst Pract Action Res,0.00,1.00,1.00,0,1,1,,,,,,,,,,,,A9142:U9142,
9141,1095-5143,0.68,Sex Cult,0.00,1.00,1.00,0,1,,1,,,,,,,,,,,A9143:U9143,
9142,1097-184X,0.81,Men Masc,0.00,1.00,1.00,0,1,,,,,,,,1,,,,,A9144:U9144,
9143,1099-0852,0.5,Child Abuse Rev,0.00,0.00,0.00,0,1,,,,,,,,1,,,,,A9145:U9145,
9144,1099-1425,0.67,J Sched,0.00,1.00,1.00,0,1,,,,1,,,,,,,,,A9146:U9146,
9145,1105-2333,0.39,Psychiatriki,1.00,1.00,0.00,0,1,,,,,,,1,,,,,,A9147:U9147,
9146,1110-5704,0.23,Afr J Urol,0.00,1.00,1.00,0,1,,1,,,,,,,,,,,A9148:U9148,
9147,1110-7782,,Egypt J Intern Med,0.00,1.00,0.00,0,1,,,,,,,,1,,,,,A9149:U9149,
9148,1129-6569,0.24,Decis Econ Financ,0.00,1.00,1.00,0,1,1,,,,,,,,,,,,A9150:U9150,
9149,1162-9088,0.42,Eur Rev Appl Psychol,0.00,1.00,0.00,1,1,,,,,,,,1,,,,,A9151:U9151,
9150,1172-0360,0.2,Drugs Ther Perspect,0.00,1.00,1.00,0,1,,,,,,1,,,,,,,A9152:U9152,
9151,1179-8602,1.04,Int J Wellbeing,0.00,1.00,0.00,0,1,,,,,,,1,,,,,,A9153:U9153,
9152,1179-9897,,Botanics,0.00,1.00,0.00,0,1,,,1,,,,,,,,,,A9154:U9154,
9153,1286-4560,0.87,Ann For Sci,0.00,1.00,0.00,0,1,,,,,,1,,,,,,,A9155:U9155,
9154,1311-0454,1.0,Fract Calc Appl Anal,0.00,1.00,1.00,0,1,,1,,,,,,,,,,,A9156:U9156,
9155,1322-9400,0.84,J Fam Stud,0.00,1.00,1.00,0,1,,,,1,,,,,,,,,A9157:U9157,
9156,1337-2211,0.42,Math Slovaca,0.00,1.00,0.00,0,1,,,,,,1,,,,,,,A9158:U9158,
9157,1340-9050,,Interdiscip Inf Sci,0.00,1.00,0.00,0,1,,,,1,,,,,,,,,A9159:U9159,
9158,1343-8786,0.27,Entomol Sci,0.00,1.00,1.00,0,1,,1,,,,,,,,,,,A9160:U9160,
9159,1350-486X,0.54,Appl Math Finance,0.00,1.00,0.00,0,1,,,,1,,,,,,,,,A9161:U9161,
9160,1350-5084,1.97,Organization (Lond),0.00,1.00,1.00,0,1,,,,,,1,,,,,,,A9162:U9162,
9161,1350-7265,1.34,Bernoulli (Andover),0.00,1.00,0.00,0,1,,,1,,,,,,,,,,A9163:U9163,
9162,1352-8505,0.42,Environ Ecol Stat,0.00,1.00,0.00,0,1,,,,,,,,1,,,,,A9164:U9164,
9163,1354-4187,0.66,Br J Learn Disabil,0.00,1.00,0.00,0,1,1,,,,,,,,,,,,A9165:U9165,
9164,1355-2546,0.66,Rapid Prototyp J,0.00,1.00,0.00,0,1,,,,1,,,,,,,,,A9166:U9166,
9165,1359-4311,1.56,Appl Therm Eng,0.00,1.00,0.00,0,1,,,,,1,,,,,,,,A9167:U9167,
9166,1360-2357,2.13,Educ Inf Technol (Dordr),0.00,1.00,1.00,1,1,,,,,,,1,,,,,,A9168:U9168,
9167,1361-1682,0.55,Trans GIS,0.00,1.00,0.00,0,1,,,1,,,,,,,,,,A9169:U9169,
9168,1361-6536,0.29,Network,1.00,0.00,0.00,1,1,,,,,1,,,,,,,,A9170:U9170,
9169,1361-9209,2.03,Transp Res D Transp Environ,0.00,1.00,0.00,0,1,,1,,,,,,,,,,,A9171:U9171,
9170,1362-4806,0.8,Theor Criminol,0.00,1.00,1.00,0,1,,,1,,,,,,,,,,A9172:U9172,
9171,1363-3554,0.29,Hist Workshop J,0.00,1.00,1.00,0,1,,,,,,1,,,,,,,A9173:U9173,
9172,1364-5021,0.74,Proc Math Phys Eng Sci,0.00,1.00,1.00,0,1,,,,,,,,1,,,,,A9174:U9174,
9173,1367-2630,0.79,New J Phys,0.00,1.00,0.00,0,1,,,,,,1,,,,,,,A9175:U9175,
9174,1367-4676,0.38,Ment Health Relig Cult,0.00,0.00,0.00,0,1,1,,,,,,,,,,,,A9176:U9176,
9175,1367-5788,3.69,Annu Rev Control,0.00,0.00,0.00,0,1,1,,,,,,,,,,,,A9177:U9177,
9176,1369-118X,1.79,Inf Commun Soc,0.00,1.00,1.00,0,1,,,,,,1,,,,,,,A9178:U9178,
9177,1369-1481,1.51,Br J Polit Int Relat,0.00,1.00,1.00,0,1,1,,,,,,,,,,,,A9179:U9179,
9178,1370-4621,0.67,Neural Process Lett,0.00,1.00,0.00,0,1,1,,,,,,,,,,,,A9180:U9180,
9179,1384-5640,0.82,Multibody Syst Dyn,0.00,1.00,0.00,0,1,,,1,,,,,,,,,,A9181:U9181,
9180,1387-2532,0.72,Auton Agent Multi Agent Syst,0.00,1.00,0.00,0,1,,1,,,,,,,,,,,A9182:U9182,
9181,1387-2842,0.35,Cont Philos Rev,0.00,1.00,0.00,0,1,,,,,,1,,,,,,,A9183:U9183,
9182,1388-1957,1.51,Ethics Inf Technol,0.00,1.00,0.00,0,1,1,,,,,,,,,,,,A9184:U9184,
9183,1389-9341,1.29,For Policy Econ,0.00,1.00,0.00,0,1,,,,1,,,,,,,,,A9185:U9185,
9184,1420-326X,0.61,Indoor Built Environ,0.00,1.00,1.00,0,1,,,,1,,,,,,,,,A9186:U9186,
9185,1420-9004,1.0,Nonlinear Differ Equ Appl,0.00,1.00,0.00,0,1,,1,,,,,,,,,,,A9187:U9187,
9186,1420-9012,0.68,Results Math,0.00,1.00,1.00,0,1,,,,,,1,,,,,,,A9188:U9188,
9187,1420-9136,0.51,Pure Appl Geophys,0.00,1.00,0.00,0,1,,,,,1,,,,,,,,A9189:U9189,
9188,1422-8599,0.14,Molbank,0.00,1.00,1.00,0,1,,,1,,,,,,,,,,A9190:U9190,
9189,1424-2818,0.6,Diversity (Basel),0.00,1.00,1.00,0,1,,,,,,,,1,,,,,A9191:U9191,
9190,1431-2174,0.77,Hydrogeol J,0.00,1.00,1.00,0,1,,,,1,,,,,,,,,A9192:U9192,
9191,1432-0754,9.3,Astron Astrophys Rev,0.00,1.00,1.00,0,1,,,,1,,,,,,,,,A9193:U9193,
9192,1432-0959,0.49,Contin Mech Thermodyn,0.00,1.00,0.00,0,1,,,,,,1,,,,,,,A9194:U9194,
9193,1432-1300,0.45,Int J Digit Libr,0.00,1.00,1.00,0,1,,,,,,1,,,,,,,A9195:U9195,
9194,1432-2994,0.48,Math Methods Oper Res (Heidelb),0.00,1.00,0.00,0,1,,,,,,,1,,,,,,A9196:U9196,
9195,1433-2833,0.44,Int J Doc Anal Recognit,0.00,1.00,0.00,0,1,,,,,,1,,,,,,,A9197:U9197,
9196,1433-7541,0.66,Pattern Anal Appl,0.00,0.00,0.00,0,1,,,,,,,,1,,,,,A9198:U9198,
9197,1434-1948,0.38,Eur J Inorg Chem,0.00,1.00,1.00,0,1,,,,,1,,,,,,,,A9199:U9199,
9198,1435-246X,0.54,Cent Eur J Oper Res,0.00,1.00,1.00,0,1,1,,,,,,,,,,,,A9200:U9200,
9199,1435-5558,0.84,Cogn Technol Work,0.00,1.00,0.00,0,1,,,,,1,,,,,,,,A9201:U9201,
9200,1435-568X,0.93,Math Control Signal Syst,0.00,1.00,0.00,0,1,,,,,,1,,,,,,,A9202:U9202,
9201,1435-5930,0.8,J Geogr Syst,0.00,1.00,1.00,0,1,1,,,,,,,,,,,,A9203:U9203,
9202,1436-3240,0.84,Stoch Environ Res Risk Assess,0.00,1.00,0.00,0,1,,,,,1,,,,,,,,A9204:U9204,
9203,1436-3798,1.11,Reg Environ Change,0.00,1.00,1.00,0,1,,1,,,,,,,,,,,A9205:U9205,
9204,1437-3254,0.64,Int J Earth Sci,0.00,1.00,1.00,0,1,,,,1,,,,,,,,,A9206:U9206,
9205,1438-1656,0.69,Adv Eng Mater,0.00,1.00,0.00,0,1,,,,,,1,,,,,,,A9207:U9207,
9206,1438-5627,0.55,Forum Qual Soc Res,0.00,1.00,0.00,0,1,,,,,1,,,,,,,,A9208:U9208,
9207,1439-6092,0.58,Org Divers Evol,0.00,1.00,1.00,0,1,1,,,,,,,,,,,,A9209:U9209,
9208,1439-8516,0.53,Acta Math Sin Engl Ser,0.00,1.00,0.00,0,1,,,,1,,,,,,,,,A9210:U9210,
9209,1440-0952,,Aust J Earth Sci,0.00,1.00,1.00,0,1,,,,,1,,,,,,,,A9211:U9211,
9210,1442-7591,0.48,J Occup Sci,0.00,1.00,1.00,0,1,,,,,,,1,,,,,,A9212:U9212,
9211,1460-3624,1.19,Discourse Soc,0.00,1.00,1.00,0,1,,,,1,,,,,,,,,A9213:U9213,
9212,1460-3713,1.78,Eur J Int Relat,0.00,1.00,1.00,0,1,,,,,1,,,,,,,,A9214:U9214,
9213,1460-4086,0.29,Trauma,0.00,1.00,1.00,0,1,,,,,,1,,,,,,,A9215:U9215,
9214,1460-7425,0.87,J Artif Soc Soc Simul,0.00,1.00,1.00,0,1,,,,,,1,,,,,,,A9216:U9216,
9215,1461-4456,0.6,Discourse Stud,0.00,1.00,1.00,0,1,,,1,,,,,,,,,,A9217:U9217,
9216,1461-7099,1.15,Econ Ind Democr,0.00,1.00,1.00,0,1,1,,,,,,,,,,,,A9218:U9218,
9217,1461-7293,0.41,Lang Lit (Harlow),0.00,1.00,1.00,0,1,,,,1,,,,,,,,,A9219:U9219,
9218,1461-7358,0.44,Ration Soc,0.00,1.00,1.00,0,1,,,,,,,,1,,,,,A9220:U9220,
9219,1461-7463,0.67,Time Soc,0.00,1.00,1.00,0,1,,,,,,,1,,,,,,A9221:U9221,
9220,1464-3855,0.25,Q J Mech Appl Math,0.00,1.00,1.00,0,1,,,1,,,,,,,,,,A9222:U9222,
9221,1465-7317,0.33,Int J Cult Prop,0.00,1.00,1.00,0,1,,,1,,,,,,,,,,A9223:U9223,
9222,1466-4321,0.91,Build Res Inf,0.00,1.00,1.00,0,1,,,,,1,,,,,,,,A9224:U9224,
9223,1466-822X,2.65,Glob Ecol Biogeogr,0.00,0.00,0.00,0,1,1,,,,,,,,,,,,A9225:U9225,
9224,1468-0173,0.76,J Soc Work (Lond),0.00,1.00,1.00,0,1,,,,,,1,,,,,,,A9226:U9226,
9225,1468-7941,1.97,Qual Res,0.00,1.00,1.00,0,1,,,,,,1,,,,,,,A9227:U9227,
9226,1468-7968,0.72,Ethnicities,0.00,1.00,1.00,0,1,1,,,,,,,,,,,,A9228:U9228,
9227,1471-1842,0.54,Health Info Libr J,1.00,0.00,1.00,0,1,1,,,,,,,,,,,,A9229:U9229,
9228,1474-0540,1.01,Camb Archaeol J,0.00,1.00,1.00,0,1,,,,,,1,,,,,,,A9230:U9230,
9229,1474-919X,0.88,Ibis (Lond 1859),0.00,1.00,1.00,0,1,,1,,,,,,,,,,,A9231:U9231,
9230,1475-9217,1.36,Struct Health Monit,0.00,1.00,1.00,0,1,,,,1,,,,,,,,,A9232:U9232,
9231,1476-718X,0.65,J Early Child Res,0.00,1.00,1.00,0,1,,,,,,1,,,,,,,A9233:U9233,
9232,1476-7503,0.55,Action Res (Lond),0.00,1.00,1.00,0,1,,,,,,,1,,,,,,A9234:U9234,
9233,1476-9018,0.33,J Integr Care (Brighton),0.00,1.00,1.00,0,1,,,,,,,,1,,,,,A9235:U9235,
9234,1477-0954,2.05,Lang Teach Res,0.00,1.00,1.00,0,1,,,,,,,1,,,,,,A9236:U9236,
9235,1477-268X,0.85,Int J Pavement Eng,0.00,1.00,0.00,0,1,,,,,,,1,,,,,,A9237:U9237,
9236,1477-8211,0.59,Soc Theory Health,0.00,1.00,0.00,0,1,,,,,1,,,,,,,,A9238:U9238,
9237,1478-2103,0.67,Policy Futur Educ,0.00,1.00,1.00,0,1,,,,,,,,1,,,,,A9239:U9239,
9238,1478-2413,0.35,Prog Rubber Plast Recycl Technol,0.00,1.00,1.00,0,1,,,,,1,,,,,,,,A9240:U9240,
9239,1478-9302,0.8,Polit Stud Rev,0.00,1.00,1.00,0,1,,,,,,,,1,,,,,A9241:U9241,
9240,1488-3473,0.75,J Int Migr Integr,0.00,1.00,1.00,0,1,,,,1,,,,,,,,,A9242:U9242,
9241,1499-9013,0.39,Int J Forensic Ment Health,0.00,1.00,1.00,0,1,,,,1,,,,,,,,,A9243:U9243,
9242,1520-6149,,Proc IEEE Int Conf Acoust Speech Signal Process,0.00,1.00,0.00,0,1,,,1,,,,,,,,,,A9244:U9244,
9243,1520-9210,1.99,IEEE Trans Multimedia,0.00,1.00,0.00,0,1,,1,,,,,,,,,,,A9245:U9245,
9244,1521-0251,1.03,J Coll Stud Ret,0.00,1.00,1.00,0,1,,,,,,,1,,,,,,A9246:U9246,
9245,1521-0731,0.79,Stud Confl Terror,0.00,1.00,1.00,0,1,,,,,,,,1,,,,,A9247:U9247,
9246,1521-1886,1.45,GPS Solut,0.00,1.00,0.00,0,1,,,1,,,,,,,,,,A9248:U9248,
9247,1522-4880,0.39,Proc Int Conf Image Proc,0.00,1.00,0.00,0,1,1,,,,,,,,,,,,A9249:U9249,
9248,1523-0406,0.59,Cartogr Geogr Inf Sci,0.00,1.00,0.00,0,1,1,,,,,,,,,,,,A9250:U9250,
9249,1523-0430,0.59,Arct Antarct Alp Res,0.00,1.00,1.00,0,1,,,1,,,,,,,,,,A9251:U9251,
9250,1523-3847,0.8,Curr Infect Dis Rep,0.00,1.00,0.00,0,1,,,1,,,,,,,,,,A9252:U9252,
9251,1524-1602,1.16,Strength Cond J,0.00,1.00,0.00,0,1,1,,,,,,,,,,,,A9253:U9253,
9252,1525-3384,,Uncertain Artif Intell,0.00,1.00,0.00,0,1,,,,,,,1,,,,,,A9254:U9254,
9253,1526-5455,7.93,Organ Sci (Linthicum),0.00,1.00,0.00,0,1,1,,,,,,,,,,,,A9255:U9255,
9254,1527-3342,0.46,IEEE Microw Mag,0.00,1.00,0.00,0,1,,,1,,,,,,,,,,A9256:U9256,
9255,1528-9168,0.36,J Infant Child Adolesc Psychother,0.00,0.00,1.00,0,1,,,,,,1,,,,,,,A9257:U9257,
9256,1529-3181,0.82,Commun Assoc Inf Syst,0.00,1.00,1.00,0,1,,,1,,,,,,,,,,A9258:U9258,
9257,1530-9282,,Leonardo (Oxf),0.00,1.00,1.00,0,1,,,,,1,,,,,,,,A9259:U9259,
9258,1531-2445,0.32,Fam Court Rev,0.00,1.00,0.00,0,1,,,,1,,,,,,,,,A9260:U9260,
9259,1531-3492,0.74,Discrete Continuous Dyn Syst Ser B,0.00,1.00,0.00,0,1,,,,,,,,1,,,,,A9261:U9261,
9260,1531-7331,3.56,Annu Rev Mater Res,0.00,1.00,0.00,0,1,,,,1,,,,,,,,,A9262:U9262,
9261,1532-0626,0.45,Concurr Comput,0.00,1.00,0.00,1,1,,,,,,,1,,,,,,A9263:U9263,
9262,1532-2300,0.59,Dry Technol,0.00,1.00,0.00,0,1,,,,,,1,,,,,,,A9264:U9264,
9263,1532-2777,0.26,Med Hypotheses,0.00,1.00,0.00,0,1,,,,1,,,,,,,,,A9265:U9265,
9264,1532-4796,1.46,Ann Behav Med,1.00,1.00,1.00,0,1,1,,,,,,,,,,,,A9266:U9266,
9265,1532-7086,0.44,Cult Stud Crit Methodol,0.00,1.00,1.00,0,1,,,,1,,,,,,,,,A9267:U9267,
9266,1533-2985,0.4,Soc Work Ment Health,0.00,1.00,0.00,0,1,,,1,,,,,,,,,,A9268:U9268,
9267,1533-5399,1.04,ACM Trans Internet Technol,0.00,1.00,1.00,0,1,,1,,,,,,,,,,,A9269:U9269,
9268,1534-5084,0.47,Assess Eff Interv,0.00,1.00,1.00,0,1,,,,,,1,,,,,,,A9270:U9270,
9269,1535-6841,1.18,City Community,0.00,1.00,1.00,0,1,,,,1,,,,,,,,,A9271:U9271,
9270,1536-1276,3.68,IEEE Trans Wirel Commun,0.00,1.00,0.00,0,1,,,,,1,,,,,,,,A9272:U9272,
9271,1536-4585,,Am J Undergrad Res,0.00,1.00,0.00,0,1,,,,,,,1,,,,,,A9273:U9273,
9272,1536-6367,0.45,Measurement ( Mahwah N J),0.00,1.00,1.00,0,1,,,,,,1,,,,,,,A9274:U9274,
9273,1536-867X,1.7,Stata J,0.00,1.00,0.00,0,1,,,,,,,,1,,,,,A9275:U9275,
9274,1537-2073,0.43,Int J MS Care,0.00,1.00,0.00,0,1,,,,,,,1,,,,,,A9276:U9276,
9275,1537-7938,0.41,J Ethn Crim Justice,0.00,1.00,1.00,0,1,,,,,1,,,,,,,,A9277:U9277,
9276,1538-7887,0.49,J Stat Theory Appl,0.00,1.00,0.00,0,1,,1,,,,,,,,,,,A9278:U9278,
9277,1538-8220,0.74,J Sch Violence,0.00,1.00,1.00,0,1,,1,,,,,,,,,,,A9279:U9279,
9278,1539-3399,,Online J Rural Nurs Health Care,0.00,1.00,0.00,0,1,,,,,,,1,,,,,,A9280:U9280,
9279,1539-4026,,J Young Investig,0.00,1.00,0.00,0,1,,,1,,,,,,,,,,A9281:U9281,
9280,1539-8285,0.2,J Consum Health Internet,0.00,1.00,0.00,0,1,,,,,,1,,,,,,,A9282:U9282,
9281,1540-7993,0.64,IEEE Secur Priv,0.00,1.00,0.00,0,1,,,,,,1,,,,,,,A9283:U9283,
9282,1541-1672,0.94,IEEE Intell Syst,0.00,1.00,1.00,0,1,,,,,,,,1,,,,,A9284:U9284,
9283,1541-3780,0.29,J Tech Writ Commun,0.00,1.00,1.00,0,1,,,,1,,,,,,,,,A9285:U9285,
9284,1541-4140,2.46,J Educ Comput Res,0.00,1.00,1.00,0,1,,,,,1,,,,,,,,A9286:U9286,
9285,1541-4493,0.64,Empir Stud Arts,0.00,1.00,1.00,0,1,,,,,,1,,,,,,,A9287:U9287,
9286,1541-6003,,J Undergrad Chem Res,0.00,1.00,0.00,0,1,,1,,,,,,,,,,,A9288:U9288,
9287,1541-7891,0.2,Cardiopulm Phys Ther J,0.00,1.00,1.00,0,1,,,,,1,,,,,,,,A9289:U9289,
9288,1542-4766,7.26,J Eur Econ Assoc,0.00,0.00,0.00,0,1,,,,,,1,,,,,,,A9290:U9290,
9289,1543-3218,,Proc Am Stat Assoc,0.00,1.00,0.00,0,1,,,1,,,,,,,,,,A9291:U9291,
9290,1544-8444,0.92,Popul Space Place,0.00,1.00,1.00,0,1,,,,1,,,,,,,,,A9292:U9292,
9291,1545-8601,27.97,MMWR Recomm Rep,0.00,1.00,0.00,0,1,,,,,1,,,,,,,,A9293:U9293,
9292,1545-8822,0.4,J Energ Mater,0.00,1.00,1.00,0,1,,,,,1,,,,,,,,A9294:U9294,
9293,1547-3325,0.27,Ann Clin Psychiatry,0.00,1.00,1.00,0,1,,,,1,,,,,,,,,A9295:U9295,
9294,1547-5441,0.79,Lang Learn Dev,0.00,1.00,0.00,0,1,,,,,,,,1,,,,,A9296:U9296,
9295,1547-8424,0.21,Meridians (Middlet),0.00,1.00,0.00,0,1,,,,,,,1,,,,,,A9297:U9297,
9296,1548-1603,1.81,GIsci Remote Sens,0.00,1.00,1.00,0,1,,1,,,,,,,,,,,A9298:U9298,
9297,1548-3746,0.27,Conf Proc (Midwest Symp Circuits Syst),0.00,1.00,0.00,0,1,,1,,,,,,,,,,,A9299:U9299,
9298,1548-7148,0.31,J Addict Nurs,0.00,0.00,0.00,0,1,,1,,,,,,,,,,,A9300:U9300,
9299,1548-7660,3.68,J Stat Softw,0.00,1.00,1.00,0,1,,,,,,1,,,,,,,A9301:U9301,
9300,1549-3199,,Indiana Health Law Rev,0.00,1.00,0.00,0,1,,,1,,,,,,,,,,A9302:U9302,
9301,1550-5782,0.16,Proc IEEE Southwest Symp Image Anal Interpret,0.00,1.00,0.00,0,1,,,,,,1,,,,,,,A9303:U9303,
9302,1550-7033,0.38,J Biomed Nanotechnol,0.00,1.00,0.00,0,1,,,,,,,1,,,,,,A9304:U9304,
9303,1551-3963,1.6,Found Trends Hum Comput Interact,0.00,1.00,0.00,0,1,1,,,,,,,,,,,,A9305:U9305,
9304,1551-7012,0.16,ARKIVOC,0.00,1.00,0.00,0,1,1,,,,,,,,,,,,A9306:U9306,
9305,1552-6658,0.84,J Manag Educ (Newbury Park),0.00,1.00,1.00,0,1,,,,1,,,,,,,,,A9307:U9307,
9306,1553-4014,12.06,Annu Rev Pathol,1.00,1.00,0.00,0,1,1,,,,,,,,,,,,A9308:U9308,
9307,1555-1415,0.46,J Comput Nonlinear Dyn,0.00,1.00,1.00,0,1,1,,,,,,,,,,,,A9309:U9309,
9308,1555-3884,0.32,Gene Expr,0.00,1.00,1.00,0,1,,1,,,,,,,,,,,A9310:U9310,
9309,1555-5240,0.41,J Workplace Behav Health,0.00,1.00,0.00,0,1,,,1,,,,,,,,,,A9311:U9311,
9310,1556-1623,1.85,Metacogn Learn,0.00,1.00,1.00,0,1,1,,,,,,,,,,,,A9312:U9312,
9311,1556-1836,1.33,Terror Political Violence,0.00,1.00,0.00,0,1,,,,,,,,1,,,,,A9313:U9313,
9312,1558-0660,2.4,IEEE Trans Mob Comput,0.00,1.00,0.00,0,1,1,,,,,,,,,,,,A9314:U9314,
9313,1558-0830,,IEEE Circuits Syst Mag,0.00,1.00,0.00,0,1,,,,,,,1,,,,,,A9315:U9315,
9314,1558-6898,3.24,J Mix Methods Res,0.00,1.00,0.00,0,1,,1,,,,,,,,,,,A9316:U9316,
9315,1558-9544,0.38,Forum Health Econ Policy,1.00,0.00,1.00,0,1,,,,,,,,1,,,,,A9317:U9317,
9316,1559-0410,0.44,J Quant Anal Sports,0.00,1.00,0.00,0,1,,,,,,1,,,,,,,A9318:U9318,
9317,1566-2535,4.2,Inf Fusion,0.00,1.00,0.00,0,1,,,1,,,,,,,,,,A9319:U9319,
9318,1567-7818,0.49,Nat Comput,0.00,1.00,0.00,0,1,,,,,,1,,,,,,,A9320:U9320,
9319,1568-4555,0.95,Lang Policy,0.00,1.00,1.00,0,1,,,,,,,,1,,,,,A9321:U9321,
9320,1569-8025,0.38,J Comput Electron,0.00,1.00,1.00,0,1,,,,,,,,1,,,,,A9322:U9322,
9321,1570-0755,0.44,Quantum Inf Process,0.00,1.00,0.00,0,1,,,1,,,,,,,,,,A9323:U9323,
9322,1570-1727,1.0,J Acad Ethics,0.00,1.00,1.00,0,1,,,,,,1,,,,,,,A9324:U9324,
9323,1572-6657,0.71,J Electroanal Chem (Lausanne),0.00,0.00,0.00,0,1,,,,,1,,,,,,,,A9325:U9325,
9324,1572-8382,0.91,Artif Intell Law (Dordr),0.00,1.00,1.00,0,1,,,,,1,,,,,,,,A9326:U9326,
9325,1572-8463,,Found Chem,0.00,1.00,0.00,0,1,,,1,,,,,,,,,,A9327:U9327,
9326,1572-8986,0.59,Plasma Chem Plasma Process,0.00,1.00,0.00,0,1,,,,,,,,1,,,,,A9328:U9328,
9327,1572-9060,0.68,Ann Glob Anal Geom (Dordr),0.00,1.00,0.00,0,1,,,,,1,,,,,,,,A9329:U9329,
9328,1572-9168,0.65,Geom Dedic,0.00,1.00,0.00,0,1,,,,,,,1,,,,,,A9330:U9330,
9329,1572-9478,0.54,Celest Mech Dyn Astron,0.00,1.00,0.00,0,1,,,,1,,,,,,,,,A9331:U9331,
9330,1572-9508,0.79,Exp Astron (Dordr),0.00,1.00,0.00,0,1,1,,,,,,,,,,,,A9332:U9332,
9331,1572-9826,2.64,Rev Environ Sci Biotechnol,0.00,1.00,1.00,0,1,,,,1,,,,,,,,,A9333:U9333,
9332,1572-9974,0.46,Comput Econ,0.00,1.00,1.00,0,1,,,,,1,,,,,,,,A9334:U9334,
9333,1573-0670,0.31,J Autom Reason,0.00,1.00,0.00,0,1,,,,,,,1,,,,,,A9335:U9335,
9334,1573-0700,0.71,J Consum Policy (Dordr),0.00,1.00,1.00,0,1,,,,,,,1,,,,,,A9336:U9336,
9335,1573-0867,0.74,Nutr Cycl Agroecosyst,0.00,1.00,1.00,0,1,,,,,1,,,,,,,,A9337:U9337,
9336,1573-0948,0.26,Stud East Eur Thought,0.00,1.00,1.00,0,1,,,1,,,,,,,,,,A9338:U9338,
9337,1573-1456,1.01,Bull Earthq Eng,0.00,1.00,1.00,0,1,,,,,,,,1,,,,,A9339:U9339,
9338,1573-1650,1.21,Water Resour Manag (Dordr),0.00,1.00,1.00,0,1,,,,,,1,,,,,,,A9340:U9340,
9339,1573-2975,0.97,Environ Dev Sustain,0.00,1.00,0.00,0,1,,,1,,,,,,,,,,A9341:U9341,
9340,1573-482X,0.49,J Mater Sci Mater Electron,0.00,1.00,1.00,0,1,,,,,,1,,,,,,,A9342:U9342,
9341,1573-4897,0.61,Appl Compos Mater (Dordr),0.00,1.00,0.00,0,1,,,,,,,1,,,,,,A9343:U9343,
9342,1573-5095,0.54,New For (Dordr),0.00,1.00,1.00,0,1,,,,,,,1,,,,,,A9344:U9344,
9343,1573-6970,0.74,Int Tax Public Financ,0.00,1.00,0.00,0,1,,,1,,,,,,,,,,A9345:U9345,
9344,1573-7497,0.89,Appl Intell (Dordr),0.00,1.00,0.00,0,1,,,,,1,,,,,,,,A9346:U9346,
9345,1573-7764,1.5,J Archaeol Method Theory,0.00,1.00,1.00,0,1,,,,,,1,,,,,,,A9347:U9347,
9346,1574-9282,0.27,Int J Hindu Stud,0.00,1.00,1.00,0,1,,,,,1,,,,,,,,A9348:U9348,
9347,1581-1980,1.28,J Int Relat Dev (Ljubl),0.00,1.00,0.00,0,1,,1,,,,,,,,,,,A9349:U9349,
9348,1592-1638,,Heroin Addict Relat Clin Probl,0.00,1.00,0.00,0,1,,,,,1,,,,,,,,A9350:U9350,
9349,1594-2848,,Trends Med,0.00,1.00,0.00,0,1,,,,,,1,,,,,,,A9351:U9351,
9350,1607-5889,0.7,Int Rev Red Cross,0.00,1.00,1.00,0,1,1,,,,,,,,,,,,A9352:U9352,
9351,1609-3607,0.17,Curr Allergy Clin Immunol,0.00,1.00,1.00,0,1,,1,,,,,,,,,,,A9353:U9353,
9352,1611-8227,0.74,J Mater Cycles Waste Manag,0.00,1.00,1.00,0,1,1,,,,,,,,,,,,A9354:U9354,
9353,1612-4642,0.52,Eur J Wildl Res,0.00,1.00,1.00,0,1,,,,,,,,1,,,,,A9355:U9355,
9354,1613-3676,0.84,Linguist Rev,0.00,1.00,1.00,0,1,,1,,,,,,,,,,,A9356:U9356,
9355,1613-396X,0.65,Linguistics,0.00,1.00,1.00,0,1,,,,,,1,,,,,,,A9357:U9357,
9356,1613-4982,0.37,Microfluid Nanofluidics,0.00,1.00,0.00,0,1,,,,,,,1,,,,,,A9358:U9358,
9357,1614-1881,0.66,Methodology (Gott),0.00,1.00,0.00,0,1,1,,,,,,,,,,,,A9359:U9359,
9358,1614-6832,7.68,Adv Energy Mater,0.00,1.00,0.00,0,1,,,,,1,,,,,,,,A9360:U9360,
9359,1615-5297,0.81,Univers Access Inf Soc,0.00,1.00,1.00,0,1,,,,,,,,1,,,,,A9361:U9361,
9360,1616-7341,0.75,Ocean Dyn,0.00,1.00,1.00,0,1,,1,,,,,,,,,,,A9362:U9362,
9361,1617-1381,0.77,J Nat Conserv,0.00,1.00,0.00,0,1,,,,,,1,,,,,,,A9363:U9363,
9362,1617-416X,0.64,Mycol Prog,0.00,1.00,1.00,0,1,1,,,,,,,,,,,,A9364:U9364,
9363,1618-2510,0.41,Stat Methods Appt,0.00,1.00,1.00,0,1,,,,,1,,,,,,,,A9365:U9365,
9364,1618-8667,2.01,Urban For Urban Green,0.00,1.00,0.00,0,1,,,,,,,1,,,,,,A9366:U9366,
9365,1618-9558,0.89,Clean Technol Environ Policy,0.00,1.00,0.00,0,1,,,,1,,,,,,,,,A9367:U9367,
9366,1619-6988,0.63,Comput Manag Sci,0.00,1.00,0.00,0,1,1,,,,,,,,,,,,A9368:U9368,
9367,1634-2941,0.29,Population (Engl Ed),0.00,1.00,0.00,0,1,,,,,,1,,,,,,,A9369:U9369,
9368,1661-4909,0.44,Adv Appl Clifford Algebr,0.00,1.00,1.00,0,1,1,,,,,,,,,,,,A9370:U9370,
9369,1661-8262,0.52,Complex Anal Oper Theory,0.00,1.00,0.00,0,1,,,,,,,,1,,,,,A9371:U9371,
9370,1664-204X,0.15,Cardiovasc Med (Basel),0.00,1.00,1.00,0,1,,,,,,,,1,,,,,A9372:U9372,
9371,1686-4360,,Comput Aided Des Appl,0.00,1.00,1.00,0,1,,,,,,,1,,,,,,A9373:U9373,
9372,1687-1472,0.59,EURASIP J Wirel Commun Netw,0.00,1.00,1.00,0,1,1,,,,,,,,,,,,A9374:U9374,
9373,1687-2770,0.5,Bound Value Probl,0.00,1.00,0.00,0,1,,,1,,,,,,,,,,A9375:U9375,
9374,1687-4722,0.48,EURASIP J Audio Speech Music Process,0.00,1.00,1.00,0,1,1,,,,,,,,,,,,A9376:U9376,
9375,1687-5982,,Egypt J Neurosurg,0.00,1.00,1.00,0,1,,,1,,,,,,,,,,A9377:U9377,
9376,1687-8140,0.4,Adv Mech Eng,0.00,1.00,1.00,0,1,,,,,1,,,,,,,,A9378:U9378,
9377,1687-952X,,J Probab Stat,0.00,1.00,0.00,0,1,,,,,,1,,,,,,,A9379:U9379,
9378,1688-7026,,Psicol Conoc Soc,0.00,1.00,1.00,0,1,,,,,1,,,,,,,,A9380:U9380,
9379,1696-7240,0.15,Psicooncologia (Pozuelo de Alarcon),0.00,1.00,0.00,0,1,,,,,,1,,,,,,,A9381:U9381,
9380,1740-0236,1.12,J Glob Hist,0.00,1.00,1.00,0,1,1,,,,,,,,,,,,A9382:U9382,
9381,1740-1453,0.47,J Empir Leg Stud,0.00,1.00,0.00,0,1,,,,,,1,,,,,,,A9383:U9383,
9382,1740-9705,0.13,Signif (Oxf),0.00,1.00,0.00,0,1,,,,,,,,1,,,,,A9384:U9384,
9383,1741-1122,0.86,J Policy Pract Intellect Disabil,0.00,1.00,0.00,0,1,,1,,,,,,,,,,,A9385:U9385,
9384,1741-1416,1.11,Acta Polit,0.00,1.00,1.00,0,1,,,1,,,,,,,,,,A9386:U9386,
9385,1741-2862,0.95,Int Relat (David Davies Mem Inst Int Stud),0.00,1.00,1.00,0,1,,,,,,,,1,,,,,A9387:U9387,
9386,1741-2919,0.81,J Early Child Lit,0.00,1.00,1.00,0,1,,,,1,,,,,,,,,A9388:U9388,
9387,1741-3079,0.91,Probat J,0.00,1.00,0.00,0,1,,1,,,,,,,,,,,A9389:U9389,
9388,1741-3095,0.97,Punishm Soc,0.00,1.00,1.00,0,1,,,,,,1,,,,,,,A9390:U9390,
9389,1742-058X,0.54,Du Bois Rev,0.00,1.00,1.00,0,1,,1,,,,,,,,,,,A9391:U9391,
9390,1742-1241,0.68,Int J Clin Pract,0.00,1.00,0.00,8,1,,,,,,,,1,,,,,A9392:U9392,
9391,1742-3600,1.02,Episteme (Edinb),0.00,1.00,1.00,0,1,,,1,,,,,,,,,,A9393:U9393,
9392,1742-9528,,Adv Speech Lang Pathol,0.00,1.00,0.00,0,1,1,,,,,,,,,,,,A9394:U9394,
9393,1743-2782,0.34,Corros Eng Sci Technol,0.00,1.00,1.00,0,1,,,,1,,,,,,,,,A9395:U9395,
9394,1743-2804,3.53,Int Mater Rev,0.00,1.00,1.00,0,1,,,,1,,,,,,,,,A9396:U9396,
9395,1743-2936,0.72,Sci Technol Weld Join,0.00,1.00,1.00,0,1,,,,,,1,,,,,,,A9397:U9397,
9396,1743-2944,0.36,Surf Eng,0.00,1.00,0.00,0,1,,,,,1,,,,,,,,A9398:U9398,
9397,1743-9760,1.76,J Posit Psychol,0.00,1.00,0.00,0,1,1,,,,,,,,,,,,A9399:U9399,
9398,1744-0580,0.68,Glob Crime,0.00,1.00,1.00,0,1,,,,,,,1,,,,,,A9400:U9400,
9399,1745-2759,1.69,Virtual Phys Prototyp,0.00,1.00,0.00,0,1,1,,,,,,,,,,,,A9401:U9401,
9400,1746-0689,0.31,Int J Osteopath Med,0.00,1.00,0.00,0,1,,,,,,1,,,,,,,A9402:U9402,
9401,1746-0794,0.29,Future Virol,0.00,1.00,1.00,0,1,,,,,1,,,,,,,,A9403:U9403,
9402,1747-0803,0.27,Congenit Heart Dis,0.00,1.00,1.00,0,1,,,,,,,1,,,,,,A9404:U9404,
9403,1748-0221,0.39,J Instrum,0.00,1.00,1.00,0,1,,,,,,,1,,,,,,A9405:U9405,
9404,1748-8958,0.63,Criminol Crim Justice,0.00,1.00,1.00,0,1,,,1,,,,,,,,,,A9406:U9406,
9405,1748-9733,0.4,J Locat Based Serv,0.00,1.00,1.00,0,1,,,,1,,,,,,,,,A9407:U9407,
9406,1749-4613,1.29,Fungal Biol Rev,0.00,1.00,1.00,0,1,,,,,,,,1,,,,,A9408:U9408,
9407,1753-8351,0.73,Int J Workplace Health Manag,0.00,1.00,0.00,0,1,,,,,1,,,,,,,,A9409:U9409,
9408,1754-338X,0.4,Proc Inst Mech Eng P J Sport Eng Technol,0.00,1.00,1.00,0,1,,,1,,,,,,,,,,A9410:U9410,
9409,1755-263X,2.27,Conserv Lett,0.00,1.00,1.00,0,1,,,1,,,,,,,,,,A9411:U9411,
9410,1756-1108,0.66,Chem Educ Res Pract,0.00,1.00,1.00,0,1,,,,,,,1,,,,,,A9412:U9412,
9411,1756-2570,1.66,J Fam Theory Rev,0.00,1.00,0.00,0,1,,,,,1,,,,,,,,A9413:U9413,
9412,1757-6466,0.14,J Lit Cult Disabil Stud,0.00,1.00,1.00,0,1,,1,,,,,,,,,,,A9414:U9414,
9413,1757-7780,3.38,Wiley Interdiscip Rev Clim Change,0.00,1.00,1.00,0,1,,,1,,,,,,,,,,A9415:U9415,
9414,1758-194X,,Colorectal Cancer,0.00,1.00,0.00,0,1,,,,,,,,1,,,,,A9416:U9416,
9415,1758-2008,,Neuropsychiatry (London),0.00,1.00,0.00,0,1,,,,,,,1,,,,,,A9417:U9417,
9416,1758-4000,,US Neurol,0.00,1.00,0.00,0,1,1,,,,,,,,,,,,A9418:U9418,
9417,1758-7778,,J Manag Psychol,0.00,1.00,0.00,0,1,,1,,,,,,,,,,,A9419:U9419,
9418,1759-7382,0.22,Br J Healthcare Manag,0.00,1.00,0.00,0,1,,,,,,,,1,,,,,A9420:U9420,
9419,1783-8738,0.48,J Multimodal User Interfaces,0.00,1.00,1.00,0,1,,,1,,,,,,,,,,A9421:U9421,
9420,1793-6438,,Int J High Speed Electron Syst,0.00,1.00,0.00,0,1,,,,1,,,,,,,,,A9422:U9422,
9421,1817-6127,3.24,Health Syst Transit,1.00,0.00,0.00,0,1,,,1,,,,,,,,,,A9423:U9423,
9422,1820-1202,0.1,Acta Stomatol Naissi,0.00,1.00,0.00,0,1,,,,,,,,1,,,,,A9424:U9424,
9423,1820-6530,0.16,J Serbian Soc Comput Mech,0.00,1.00,1.00,0,1,,,,,1,,,,,,,,A9425:U9425,
9424,1833-2595,1.94,Int J Educ Integr,0.00,1.00,1.00,0,1,,,,,,1,,,,,,,A9426:U9426,
9425,1834-2612,0.45,J Smok Cessat,0.00,1.00,1.00,0,1,,,,,,,,1,,,,,A9427:U9427,
9426,1834-5530,1.17,Res Stud Music Educ,0.00,1.00,1.00,0,1,,,,1,,,,,,,,,A9428:U9428,
9427,1857-4696,,Mold J Health Sci,0.00,1.00,1.00,0,1,,,,,,,1,,,,,,A9429:U9429,
9428,1862-2984,0.25,J Math Cryptol,0.00,1.00,1.00,0,1,,,,,,1,,,,,,,A9430:U9430,
9429,1862-4472,0.59,Optim Lett,0.00,1.00,1.00,0,1,,,,,,,,1,,,,,A9431:U9431,
9430,1862-5347,0.7,Adv Data Anal Classif,0.00,1.00,0.00,0,1,,,,1,,,,,,,,,A9432:U9432,
9431,1862-9660,0.49,Math Financ Econ,0.00,1.00,1.00,0,1,,,,,,,,1,,,,,A9433:U9433,
9432,1863-8171,0.58,Adv Stat Anal,0.00,1.00,1.00,0,1,1,,,,,,,,,,,,A9434:U9434,
9433,1864-3361,0.53,Surv Res Methods,0.00,1.00,0.00,0,1,,,1,,,,,,,,,,A9435:U9435,
9434,1864-6956,1.27,Methoden Daten Anal,0.00,1.00,0.00,0,1,,,,1,,,,,,,,,A9436:U9436,
9435,1865-0473,0.76,Earth Sci Inform,0.00,1.00,0.00,0,1,,,1,,,,,,,,,,A9437:U9437,
9436,1866-3508,7.2,Earth Syst Sci Data,0.00,1.00,0.00,0,1,,,,,,1,,,,,,,A9438:U9438,
9437,1866-6280,0.7,Environ Earth Sci,0.00,1.00,1.00,0,1,,1,,,,,,,,,,,A9439:U9439,
9438,1866-9956,1.2,Cognit Comput,0.00,1.00,0.00,0,1,,,,1,,,,,,,,,A9440:U9440,
9439,1867-1616,0.57,Mar Biodivers,0.00,1.00,1.00,0,1,,,1,,,,,,,,,,A9441:U9441,
9440,1867-3236,,Rev Socionetwork Strateg,0.00,1.00,1.00,0,1,,,,1,,,,,,,,,A9442:U9442,
9441,1868-2510,0.56,CEAS Space J,0.00,1.00,1.00,0,1,,,,,1,,,,,,,,A9443:U9443,
9442,1868-6311,1.7,Appl Linguist Rev,0.00,1.00,1.00,0,1,,,,,,1,,,,,,,A9444:U9444,
9443,1869-2672,0.33,GEM,0.00,1.00,1.00,0,1,,,,1,,,,,,,,,A9445:U9445,
9444,1869-4187,0.48,SERIEs (Berl),0.00,1.00,1.00,0,1,,,1,,,,,,,,,,A9446:U9446,
9445,1869-5590,0.51,CEAS Aeronaut J,0.00,1.00,0.00,0,1,,,,,,1,,,,,,,A9447:U9447,
9446,1871-5656,0.63,Morphology (Dordr),0.00,1.00,1.00,0,1,,,,,,,1,,,,,,A9448:U9448,
9447,1872-5120,0.37,J Pharm Innov,0.00,1.00,0.00,0,1,1,,,,,,,,,,,,A9449:U9449,
9448,1873-3085,,Solid State Sci,0.00,1.00,0.00,0,1,,,,,,,,1,,,,,A9450:U9450,
9449,1874-1738,0.48,Theor Ecol,0.00,1.00,1.00,0,1,1,,,,,,,,,,,,A9451:U9451,
9450,1874-1924,0.14,Open Cardiovasc Med J,0.00,1.00,0.00,0,1,,,,1,,,,,,,,,A9452:U9452,
9451,1874-4702,1.02,Curr Mol Pharmacol,1.00,1.00,0.00,0,1,,,,,,,,1,,,,,A9453:U9453,
9452,1874-6349,0.42,Acta Anal,0.00,1.00,1.00,0,1,,1,,,,,,,,,,,A9454:U9454,
9453,1874-7698,,Open Magn Reson Rev,0.00,1.00,0.00,0,1,,,,,,1,,,,,,,A9455:U9455,
9454,1874-897X,0.81,Child Indic Res,0.00,1.00,1.00,0,1,,1,,,,,,,,,,,A9456:U9456,
9455,1875-4791,1.12,Int J Soc Robot,0.00,1.00,1.00,0,1,,,,,,,1,,,,,,A9457:U9457,
9456,1876-407X,0.95,Asia Pac Educ Rev,0.00,1.00,0.00,0,1,,,,1,,,,,,,,,A9458:U9458,
9457,1876-7745,,Comput Sci Rev,0.00,1.00,0.00,0,1,,,,,,1,,,,,,,A9459:U9459,
9458,1877-2641,0.58,Waste Biomass Valorization,0.00,1.00,1.00,0,1,,,,,1,,,,,,,,A9460:U9460,
9459,1877-3435,2.23,Curr Opin Environ Sustain,0.00,1.00,0.00,0,1,,,,,,,1,,,,,,A9461:U9461,
9460,1878-0504,0.64,J Chem Health Saf,0.00,1.00,1.00,0,1,1,,,,,,,,,,,,A9462:U9462,
9461,1878-4518,0.67,Int J Gastron Food Sci,0.00,1.00,0.00,0,1,,,,,,1,,,,,,,A9463:U9463,
9462,1878-5093,0.38,J Berry Res,0.00,1.00,1.00,0,1,,,,1,,,,,,,,,A9464:U9464,
9463,1878-5204,0.38,React Kinet Mech Catal,0.00,1.00,0.00,0,1,,,,,,,,1,,,,,A9465:U9465,
9464,1879-0178,,Int Commun Heat Mass Transf,0.00,1.00,0.00,0,1,,,1,,,,,,,,,,A9466:U9466,
9465,1879-2154,,Int J Plast,0.00,1.00,0.00,0,1,,,,,,,1,,,,,,A9467:U9467,
9466,1879-2529,,Stud Educ Eval,0.00,1.00,1.00,0,1,,,,,,,1,,,,,,A9468:U9468,
9467,1884-4057,1.76,NPG Asia Mater,0.00,1.00,1.00,0,1,,,1,,,,,,,,,,A9469:U9469,
9468,1886-1784,2.42,Arch Comput Methods Eng,0.00,1.00,0.00,0,1,,1,,,,,,,,,,,A9470:U9470,
9469,1897-7499,0.22,Pozn Stud Contemp Linguist,0.00,1.00,1.00,0,1,,,1,,,,,,,,,,A9471:U9471,
9470,1909-0544,0.17,Rev MVZ Cordoba,0.00,1.00,1.00,0,1,,,,1,,,,,,,,,A9472:U9472,
9471,1916-9736,,Glob J Health Sci,0.00,1.00,1.00,0,1,,,,1,,,,,,,,,A9473:U9473,
9472,1920-7603,0.45,J Pollinat Ecol,0.00,1.00,0.00,0,1,,,1,,,,,,,,,,A9474:U9474,
9473,1923-2845,,J Neurol Res,0.00,1.00,0.00,0,1,,,1,,,,,,,,,,A9475:U9475,
9474,1923-4031,,Int J Financ Res,0.00,1.00,0.00,0,1,,1,,,,,,,,,,,A9476:U9476,
9475,1925-4040,,J Nurs Educ Pract,0.00,1.00,0.00,0,1,,,,,,,1,,,,,,A9477:U9477,
9476,1925-7066,0.39,Int J Alcohol Drug Res,0.00,1.00,0.00,0,1,,1,,,,,,,,,,,A9478:U9478,
9477,1927-7229,,J Anal Oncol,0.00,1.00,0.00,0,1,,,,,,,1,,,,,,A9479:U9479,
9478,1930-8337,0.54,Inverse Probl Imaging (Springfield),0.00,1.00,0.00,0,1,,,,,,,1,,,,,,A9480:U9480,
9479,1932-3883,0.26,J Trauma Nurs,1.00,1.00,1.00,0,1,,1,,,,,,,,,,,A9481:U9481,
9480,1932-4510,0.47,IEEE Nanotechnol Mag,0.00,1.00,0.00,0,1,,,,1,,,,,,,,,A9482:U9482,
9481,1932-5150,,J Micro Nanolithogr MEMS MOEMS,0.00,1.00,1.00,0,1,,,,,1,,,,,,,,A9483:U9483,
9482,1932-8036,0.67,Int J Commun,0.00,1.00,0.00,0,1,,1,,,,,,,,,,,A9484:U9484,
9483,1933-7760,,ICCAD IEEE ACM Int Conf Comput Aided Des,0.00,1.00,0.00,0,1,,,,,,,,1,,,,,A9485:U9485,
9484,1934-2608,0.23,J Nanophotonics,0.00,1.00,1.00,0,1,,,,,1,,,,,,,,A9486:U9486,
9485,1935-5130,1.07,Food Bioproc Tech,0.00,1.00,0.00,0,1,,1,,,,,,,,,,,A9487:U9487,
9486,1935-9756,0.4,Trop Plant Biol,0.00,1.00,1.00,0,1,,,,,1,,,,,,,,A9488:U9488,
9487,1936-007X,,Cityscape,0.00,1.00,0.00,0,1,,,,,,,,1,,,,,A9489:U9489,
9488,1936-7228,0.46,ACM Trans Access Comput,0.00,1.00,1.00,0,1,,,,,,1,,,,,,,A9490:U9490,
9489,1936-9751,0.53,Food Anal Methods,0.00,1.00,0.00,0,1,,,,1,,,,,,,,,A9491:U9491,
9490,1937-321X,0.43,J Neurosci Psychol Econ,0.00,1.00,0.00,0,1,,,,,,,,1,,,,,A9492:U9492,
9491,1937-4151,0.93,IEEE Trans Comput Aided Des Integr Circuits Syst,0.00,1.00,0.00,0,1,,1,,,,,,,,,,,A9493:U9493,
9492,1938-3746,0.56,J For,0.00,1.00,1.00,0,1,,,,,,,1,,,,,,A9494:U9494,
9493,1938-7261,0.15,Assist Technol Outcomes Benefits,0.00,1.00,0.00,0,1,,,,1,,,,,,,,,A9495:U9495,
9494,1939-1560,,Sch Psychol Q,0.00,1.00,0.00,0,1,,,,,,1,,,,,,,A9496:U9496,
9495,1939-4225,,New Horiz Adult Educ Hum Resour Dev,0.00,1.00,1.00,0,1,,,,,,,1,,,,,,A9497:U9497,
9496,1939-5108,1.49,Wiley Interdiscip Rev Comput Stat,0.00,1.00,1.00,0,1,,,,,,1,,,,,,,A9498:U9498,
9497,1939-800X,0.21,Proc Meet Acoust,0.00,1.00,0.00,0,1,,1,,,,,,,,,,,A9499:U9499,
9498,1940-1612,2.86,Int J Press Polit,0.00,1.00,1.00,0,1,,,1,,,,,,,,,,A9500:U9500,
9499,1940-7041,0.18,Curr Orthop Pract,0.00,1.00,1.00,0,1,,1,,,,,,,,,,,A9501:U9501,
9500,1941-1022,1.28,Psycholog Relig Spiritual,0.00,1.00,0.00,0,1,1,,,,,,,,,,,,A9502:U9502,
9501,1942-3888,0.26,Int J Gaming Comput Mediat Simul,0.00,1.00,1.00,0,1,1,,,,,,,,,,,,A9503:U9503,
9502,1942-678X,,Vanderbilt J Entertain Technol Law,0.00,1.00,0.00,0,1,,,,,,,,1,,,,,A9504:U9504,
9503,1943-0655,0.55,IEEE Photonics J,0.00,1.00,1.00,0,1,,,,,,,,1,,,,,A9505:U9505,
9504,1943-5452,,J Water Resour Plan Manag,0.00,1.00,1.00,0,1,,,,,1,,,,,,,,A9506:U9506,
9505,1944-1207,,J Community Engagem Scholarsh,0.00,1.00,0.00,0,1,,,,,,1,,,,,,,A9507:U9507,
9506,1944-7396,0.71,J Healthc Manag,1.00,1.00,0.00,0,1,1,,,,,,,,,,,,A9508:U9508,
9507,1944-7930,,Discov Med,0.00,1.00,0.00,0,1,1,,,,,,,,,,,,A9509:U9509,
9508,1944-9771,0.31,J Financ Ther,0.00,1.00,0.00,0,1,,,,,1,,,,,,,,A9510:U9510,
9509,1947-1629,0.39,IEEE Workshop Appl Signal Process Audio Acoust,0.00,1.00,0.00,0,1,,,1,,,,,,,,,,A9511:U9511,
9510,1948-1756,,Int J Mol Epidemiol Genet,0.00,1.00,0.00,0,1,1,,,,,,,,,,,,A9512:U9512,
9511,1948-5719,0.27,IEEE Int Ultrason Symp,0.00,1.00,0.00,0,1,,,1,,,,,,,,,,A9513:U9513,
9512,1955-2505,0.54,Int J Interact Des Manuf,0.00,1.00,0.00,1,1,,,,,,,,1,,,,,A9514:U9514,
9513,1973-4409,0.47,Rend Circ Mat Palermo,0.00,1.00,0.00,0,1,,,,,,,1,,,,,,A9515:U9515,
9514,1976-0280,1.09,Biochip J,0.00,1.00,1.00,0,1,,,,,,,,1,,,,,A9516:U9516,
9515,1984-8234,0.12,Filos Unisinos,0.00,1.00,0.00,0,1,,1,,,,,,,,,,,A9517:U9517,
9516,1988-2807,1.01,Rev Mat Complut,0.00,1.00,1.00,0,1,,,,,,,,1,,,,,A9518:U9518,
9517,1989-9386,0.36,Psyecology,0.00,1.00,1.00,0,1,,,,,1,,,,,,,,A9519:U9519,
9518,1990-7478,0.34,Biochem (Mosc) Suppl Ser A Membr Cell Biol,0.00,1.00,0.00,0,1,,1,,,,,,,,,,,A9520:U9520,
9519,1991-1513,,Taiwan Yun Dong Jiao Yu Xue Bao,0.00,1.00,0.00,0,1,,,,1,,,,,,,,,A9521:U9521,
9520,1994-3032,0.22,SAJCH,0.00,1.00,0.00,0,1,,,,,,,1,,,,,,A9522:U9522,
9521,1999-5903,0.85,Future Internet,0.00,1.00,1.00,0,1,,,,,1,,,,,,,,A9523:U9523,
9522,2000-0669,0.28,Nord Pulp Paper Res J,0.00,1.00,1.00,0,1,,1,,,,,,,,,,,A9524:U9524,
9523,2000-8686,0.56,Infect Ecol Epidemiol,0.00,1.00,0.00,0,1,1,,,,,,,,,,,,A9525:U9525,
9524,2036-7473,0.55,Microbiol Res (Pavia),0.00,1.00,1.00,0,1,,,,,,,,1,,,,,A9526:U9526,
9525,2038-4815,0.5,Collect Math,0.00,1.00,1.00,0,1,,1,,,,,,,,,,,A9527:U9527,
9526,2038-6583,,Contesti,0.00,1.00,0.00,0,1,,,1,,,,,,,,,,A9528:U9528,
9527,2040-5790,1.29,Appl Econ Perspect Policy,0.00,1.00,0.00,0,1,,,1,,,,,,,,,,A9529:U9529,
9528,2041-210X,2.61,Methods Ecol Evol,0.00,1.00,1.00,0,1,,,,1,,,,,,,,,A9530:U9530,
9529,2041-4943,,Geochemistry (Bath),0.00,1.00,1.00,0,1,,,,,1,,,,,,,,A9531:U9531,
9530,2043-6106,0.43,Glob Stud Child,0.00,1.00,1.00,0,1,,,,,,,,1,,,,,A9532:U9532,
9531,2044-1827,,Qual Ageing Older Adults,0.00,1.00,0.00,0,1,,,,,,1,,,,,,,A9533:U9533,
9532,2045-0885,0.4,Melanoma Manag,0.00,1.00,1.00,0,1,,1,,,,,,,,,,,A9534:U9534,
9533,2047-7422,0.5,Interest Groups Advocacy,0.00,1.00,0.00,0,1,,,,,1,,,,,,,,A9535:U9535,
9534,2049-100X,,Proc Eur Conf Games Based Learn,0.00,1.00,0.00,0,1,,,,,,,1,,,,,,A9536:U9536,
9535,2049-1948,2.5,WIREs Water,0.00,1.00,1.00,0,1,,,,1,,,,,,,,,A9537:U9537,
9536,2049-4173,0.17,Neurol Clin Neurosci,0.00,1.00,1.00,0,1,,,1,,,,,,,,,,A9538:U9538,
9537,2050-3245,,Drug Sci Policy Law,0.00,1.00,0.00,0,1,,,1,,,,,,,,,,A9539:U9539,
9538,2051-2953,0.2,Commun Optim Theory,0.00,1.00,0.00,0,1,,,,,,,,1,,,,,A9540:U9540,
9539,2052-2835,0.16,Gastrointest Nurs,0.00,1.00,0.00,0,1,1,,,,,,,,,,,,A9541:U9541,
9540,2052-2940,,Pract Nurs,0.00,1.00,0.00,0,1,1,,,,,,,,,,,,A9542:U9542,
9541,2054-0892,0.38,J Demogr Economics,0.00,1.00,1.00,0,1,,,,,,1,,,,,,,A9543:U9543,
9542,2054-5703,0.79,R Soc Open Sci,0.00,1.00,1.00,0,1,,,1,,,,,,,,,,A9544:U9544,
9543,2055-0286,,Adv Soc Sci Res J,0.00,1.00,1.00,0,1,1,,,,,,,,,,,,A9545:U9545,
9544,2056-3051,2.09,Soc Media Soc,0.00,1.00,1.00,0,1,,,,1,,,,,,,,,A9546:U9546,
9545,2056-354X,,BJHS Themes,0.00,1.00,1.00,0,1,,,,,,,1,,,,,,A9547:U9547,
9546,2057-1739,,Converg Sci Phys Oncol,0.00,1.00,0.00,0,1,,,,,,,1,,,,,,A9548:U9548,
9547,2058-8585,0.6,Flex Print Electron,0.00,1.00,1.00,0,1,,,,,,,,1,,,,,A9549:U9549,
9548,2058-9883,0.57,React Chem Eng,0.00,1.00,1.00,0,1,,,,,,1,,,,,,,A9550:U9550,
9549,2059-7002,,J Concussion,0.00,1.00,1.00,0,1,,,,,,1,,,,,,,A9551:U9551,
9550,2059-7800,,Cell Gene Ther Insights,0.00,1.00,0.00,0,1,,,,,,,1,,,,,,A9552:U9552,
9551,2065-0019,,Farmacia (Bucur),0.00,1.00,0.00,0,1,,,,,,1,,,,,,,A9553:U9553,
9552,2073-4395,0.8,Agronomy (Basel),0.00,1.00,0.00,0,1,,,,,,1,,,,,,,A9554:U9554,
9553,2073-4441,0.81,Water (Basel),0.00,1.00,1.00,0,1,,,,,1,,,,,,,,A9555:U9555,
9554,2073-4859,0.48,R J,0.00,1.00,1.00,0,1,1,,,,,,,,,,,,A9556:U9556,
9555,2073-8994,0.42,Symmetry (Basel),0.00,1.00,1.00,0,1,,1,,,,,,,,,,,A9557:U9557,
9556,2075-1680,,Axioms,0.00,1.00,0.00,0,1,,1,,,,,,,,,,,A9558:U9558,
9557,2076-0825,0.48,Actuators,0.00,1.00,1.00,0,1,,,,,,1,,,,,,,A9559:U9559,
9558,2077-1312,0.61,J Mar Sci Eng,0.00,1.00,1.00,0,1,,,,,,,,1,,,,,A9560:U9560,
9559,2078-5127,,Afr J Health Prof Educ,0.00,1.00,1.00,0,1,,,,,,,,1,,,,,A9561:U9561,
9560,2079-3197,0.48,Computation (Basel),0.00,1.00,1.00,0,1,,,,,,,,1,,,,,A9562:U9562,
9561,2079-6412,0.56,Coatings (Basel),0.00,1.00,1.00,0,1,,,,,1,,,,,,,,A9563:U9563,
9562,2090-0163,,Cardiovasc Psychiatry Neurol,0.00,1.00,0.00,0,1,,,,,,,,1,,,,,A9564:U9564,
9563,2090-8334,0.14,J Drug Alcohol Res,0.00,1.00,0.00,0,1,,,1,,,,,,,,,,A9565:U9565,
9564,2090-8652,,ISRN Educ,0.00,1.00,0.00,0,1,,,,,,1,,,,,,,A9566:U9566,
9565,2093-3134,0.47,J Anal Sci Technol,0.00,1.00,1.00,0,1,,,,,1,,,,,,,,A9567:U9567,
9566,2093-4718,0.3,J Power Electron,0.00,1.00,1.00,0,1,,1,,,,,,,,,,,A9568:U9568,
9567,2093-5552,0.95,J Pharm Investig,0.00,1.00,1.00,0,1,1,,,,,,,,,,,,A9569:U9569,
9568,2093-9175,0.26,Sleep Med Res,0.00,1.00,0.00,0,1,,1,,,,,,,,,,,A9570:U9570,
9569,2095-8099,1.9,Engineering (Beijing),0.00,1.00,0.00,0,1,1,,,,,,,,,,,,A9571:U9571,
9570,2096-5745,2.61,CCS Chem,0.00,1.00,0.00,0,1,,1,,,,,,,,,,,A9572:U9572,
9571,2097-3993,,Opto Electron Adv,0.00,1.00,0.00,0,1,,,,,,1,,,,,,,A9573:U9573,
9572,2097-8227,,Oral Sci Homeost Med,0.00,1.00,0.00,0,1,,,1,,,,,,,,,,A9574:U9574,
9573,2100-014X,0.2,EPJ Web Conf,0.00,1.00,0.00,0,1,,,,,1,,,,,,,,A9575:U9575,
9574,2116-7052,0.83,J Decis Syst,0.00,1.00,1.00,0,1,,,,,1,,,,,,,,A9576:U9576,
9575,2146-4618,,J Pediatr Intensive Care,0.00,1.00,1.00,0,1,,1,,,,,,,,,,,A9577:U9577,
9576,2150-3435,,Hydrol Sci J,0.00,0.00,1.00,0,1,,,,,,,,1,,,,,A9578:U9578,
9577,2150-6787,0.85,Environ Soc (N.Y.),0.00,1.00,0.00,0,1,,,,,1,,,,,,,,A9579:U9579,
9578,2150-704X,0.43,Remote Sens Lett,0.00,0.00,0.00,0,1,,,,1,,,,,,,,,A9580:U9580,
9579,2152-0798,,J Agric Food Syst Community Dev,0.00,1.00,1.00,0,1,,,1,,,,,,,,,,A9581:U9581,
9580,2152-2820,0.47,Account Econ Law,0.00,1.00,1.00,0,1,,,,,1,,,,,,,,A9582:U9582,
9581,2152-4092,,IEEE Int Conf Robot Autom,0.00,1.00,0.00,0,1,1,,,,,,,,,,,,A9583:U9583,
9582,2152-5080,0.83,Int J Uncertain Quantif,0.00,1.00,0.00,0,1,,,,,,1,,,,,,,A9584:U9584,
9583,2153-2648,0.37,Int J Progn Health Manag,0.00,1.00,0.00,0,1,,,,,,1,,,,,,,A9585:U9585,
9584,2153-3687,0.81,Race Justice,0.00,1.00,1.00,0,1,,,1,,,,,,,,,,A9586:U9586,
9585,2153-7003,0.27,IEEE Int Geosci Remote Sens Symp Proc,0.00,1.00,0.00,0,1,,1,,,,,,,,,,,A9587:U9587,
9586,2153-957X,0.29,Ann Anthropol Pract,0.00,1.00,0.00,0,1,,,,,,,,1,,,,,A9588:U9588,
9587,2154-0098,0.24,Trans R Soc S Afr,0.00,1.00,0.00,0,1,,,1,,,,,,,,,,A9589:U9589,
9588,2154-1647,0.32,Educ Train Autism Dev Disabil,0.00,1.00,1.00,0,1,,,,,,,1,,,,,,A9590:U9590,
9589,2154-400X,0.25,Young Except Child,0.00,1.00,1.00,0,1,,1,,,,,,,,,,,A9591:U9591,
9590,2154-8978,0.4,Polar J,0.00,1.00,1.00,0,1,,,,,,1,,,,,,,A9592:U9592,
9591,2155-3297,0.51,Numer Algebr Control Optim,0.00,1.00,0.00,0,1,,,,,,,,1,,,,,A9593:U9593,
9592,2155-8256,1.69,J Nurs Regul,0.00,1.00,0.00,0,1,,,1,,,,,,,,,,A9594:U9594,
9593,2155-9600,,J Nutr Food Sci,0.00,1.00,0.00,0,1,,,1,,,,,,,,,,A9595:U9595,
9594,2155-9899,,J Clin Cell Immunol,0.00,1.00,0.00,0,1,,,,,,,,1,,,,,A9596:U9596,
9595,2156-5287,0.17,Int J Childbirth,0.00,1.00,0.00,0,1,,,,,1,,,,,,,,A9597:U9597,
9596,2156-8960,0.17,Int J Health Wellness Soc,0.00,1.00,0.00,0,1,,,1,,,,,,,,,,A9598:U9598,
9597,2157-3883,0.4,Int Perspect Psychol,0.00,1.00,0.00,0,1,,,1,,,,,,,,,,A9599:U9599,
9598,2157-6904,2.07,ACM Trans Intell Syst Technol,0.00,1.00,1.00,0,1,,,,1,,,,,,,,,A9600:U9600,
9599,2158-2041,0.88,Contemp Soc Sci,0.00,1.00,0.00,0,1,,,1,,,,,,,,,,A9601:U9601,
9600,2158-2440,0.54,Sage Open,0.00,1.00,1.00,0,1,,,,1,,,,,,,,,A9602:U9602,
9601,2158-3595,,J High Educ Theory Pract,0.00,1.00,0.00,0,1,,,,,,1,,,,,,,A9603:U9603,
9602,2159-3930,0.65,Opt Mater Express,0.00,1.00,1.00,0,1,,,,,1,,,,,,,,A9604:U9604,
9603,2159-7200,,J Med Act Plants,0.00,1.00,0.00,0,1,1,,,,,,,,,,,,A9605:U9605,
9604,2160-0473,,J Transp Technol,0.00,1.00,0.00,0,1,,,,1,,,,,,,,,A9606:U9606,
9605,2160-3308,6.49,Phys Rev X,0.00,1.00,0.00,0,1,1,,,,,,,,,,,,A9607:U9607,
9606,2160-3715,,Qual Rep,0.00,1.00,0.00,0,1,,,,,1,,,,,,,,A9608:U9608,
9607,2160-5289,,J Appl Instr Des,0.00,1.00,0.00,0,1,,,,,,,1,,,,,,A9609:U9609,
9608,2160-5866,,J Behav Brain Sci,0.00,1.00,0.00,0,1,,,1,,,,,,,,,,A9610:U9610,
9609,2161-0363,0.27,IEEE Int Workshop Mach Learn Signal Process,0.00,1.00,0.00,0,1,,1,,,,,,,,,,,A9611:U9611,
9610,2161-3303,,Curr Obstet Gynecol Rep,0.00,1.00,0.00,0,1,,,1,,,,,,,,,,A9612:U9612,
9611,2161-4326,1.11,Journal Mass Commun Educ,0.00,1.00,0.00,0,1,,,,,,1,,,,,,,A9613:U9613,
9612,2161-8070,0.28,IEEE Int Conf Automation Sci Eng (CASE),0.00,1.00,0.00,0,1,,,1,,,,,,,,,,A9614:U9614,
9613,2162-450X,,Open J Immunol,0.00,1.00,0.00,0,1,,,,1,,,,,,,,,A9615:U9615,
9614,2162-8769,0.39,ECS J Solid State Sci Technol,0.00,1.00,1.00,0,1,,,,,1,,,,,,,,A9616:U9616,
9615,2164-0408,,Adv Phys Educ,0.00,1.00,0.00,0,1,,,,1,,,,,,,,,A9617:U9617,
9616,2164-1668,,Nonsite,0.00,1.00,0.00,0,1,,1,,,,,,,,,,,A9618:U9618,
9617,2164-1846,0.57,Fatigue,0.00,1.00,0.00,0,1,,,,,,,,1,,,,,A9619:U9619,
9618,2164-229X,,IEEE Int Conf Comput Adv Bio Med Sci,0.00,1.00,1.00,0,1,,,,,1,,,,,,,,A9620:U9620,
9619,2164-9987,0.14,J Hosp Tour Cases,0.00,1.00,1.00,0,1,,,,1,,,,,,,,,A9621:U9621,
9620,2165-1434,0.69,Career Dev Transit Except Individ,0.00,1.00,0.00,0,1,,,,,,,,1,,,,,A9622:U9622,
9621,2165-3445,,Comput Mol Biosci,0.00,1.00,0.00,0,1,,,,,,,1,,,,,,A9623:U9623,
9622,2165-3798,,J Secur Intell Resil Educ,0.00,1.00,0.00,0,1,,,,1,,,,,,,,,A9624:U9624,
9623,2166-0999,,J Oncol Navig Surviv,0.00,1.00,0.00,0,1,,,,,,,1,,,,,,A9625:U9625,
9624,2166-3750,0.64,J Int Stud,0.00,1.00,1.00,0,1,,,,,1,,,,,,,,A9626:U9626,
9625,2167-0102,,Proc SIAM Int Conf Data Min,0.00,1.00,0.00,0,1,1,,,,,,,,,,,,A9627:U9627,
9626,2167-2148,0.63,ACM IEEE Int Conf Hum Robot Interact,0.00,1.00,0.00,0,1,,,,1,,,,,,,,,A9628:U9628,
9627,2167-4833,0.4,Curr Phys Med Rehabil Rep,0.00,1.00,1.00,0,1,,,,,,1,,,,,,,A9629:U9629,
9628,2168-0094,,Surv Pract,0.00,1.00,0.00,0,1,,,,,,,1,,,,,,A9630:U9630,
9629,2168-023X,0.17,Bariatr Surg Pract Patient Care,0.00,0.00,1.00,0,1,,,,,,1,,,,,,,A9631:U9631,
9630,2168-5436,,Int J Med Phys Clin Eng Radiat Oncol,0.00,1.00,0.00,0,1,,,,,1,,,,,,,,A9632:U9632,
9631,2177-8264,,J Bras Doencas Sex Transm,0.00,1.00,1.00,0,1,,,,,,,1,,,,,,A9633:U9633,
9632,2180-4206,0.55,Bull Malays Math Sci Soc,0.00,1.00,0.00,0,1,,,,1,,,,,,,,,A9634:U9634,
9633,2190-0493,,Psychol Test Assess Model,0.00,1.00,0.00,0,1,,,,,,,,1,,,,,A9635:U9635,
9634,2190-4707,1.6,Environ Sci Eur,0.00,1.00,0.00,0,1,1,,,,,,,,,,,,A9636:U9636,
9635,2190-6483,0.58,J Environ Stud Sci,0.00,1.00,1.00,0,1,,,,,,,,1,,,,,A9637:U9637,
9636,2190-6807,0.16,Oasics,0.00,1.00,1.00,0,1,,,,1,,,,,,,,,A9638:U9638,
9637,2190-6904,,Z Bild Forsch,0.00,1.00,1.00,0,1,,,,,,,1,,,,,,A9639:U9639,
9638,2191-5040,0.55,J Appl Volcanol,0.00,1.00,0.00,0,1,,,,,1,,,,,,,,A9640:U9640,
9639,2192-6360,0.61,Prog Artif Intell,0.00,1.00,0.00,0,1,,,,,,1,,,,,,,A9641:U9641,
9640,2192-6611,1.07,Int J Multimed Inf Retr,0.00,1.00,0.00,0,1,,,,,,1,,,,,,,A9642:U9642,
9641,2192-6662,0.48,Netw Model Anal Health Inform Bioinform,0.00,1.00,1.00,0,1,,1,,,,,,,,,,,A9643:U9643,
9642,2193-567X,0.55,Arab J Sci Eng,0.00,1.00,0.00,0,1,,1,,,,,,,,,,,A9644:U9644,
9643,2193-9764,0.6,Integr Mater Manuf Innov,0.00,1.00,1.00,0,1,,,,,,1,,,,,,,A9645:U9645,
9644,2194-5411,0.64,Environ Syst Decis,0.00,1.00,0.00,0,1,,,1,,,,,,,,,,A9646:U9646,
9645,2194-6310,,Stat Commun Infect Dis,0.00,1.00,0.00,0,1,,1,,,,,,,,,,,A9647:U9647,
9646,2194-9263,0.38,Epidemiol Methods,0.00,1.00,0.00,0,1,,,1,,,,,,,,,,A9648:U9648,
9647,2195-3899,0.36,J Control Autom Electr Syst,0.00,1.00,0.00,0,1,,,,,,,1,,,,,,A9649:U9649,
9648,2195-7045,0.47,EPJ Tech Instrum,0.00,1.00,1.00,0,1,,,,1,,,,,,,,,A9650:U9650,
9649,2196-0739,1.1,Large Scale Assess Educ,0.00,1.00,0.00,0,1,1,,,,,,,,,,,,A9651:U9651,
9650,2196-2987,0.6,Curr Dev Disord Rep,0.00,1.00,0.00,0,1,,,1,,,,,,,,,,A9652:U9652,
9651,2196-3002,0.39,Curr Oral Health Rep,0.00,1.00,0.00,0,1,1,,,,,,,,,,,,A9653:U9653,
9652,2196-3010,0.89,Curr Sustain Renew Energy Rep,0.00,1.00,0.00,0,1,,,,1,,,,,,,,,A9654:U9654,
9653,2196-3061,1.27,Curr Treat Options Psychiatry,0.00,1.00,0.00,0,1,,,,,,,,1,,,,,A9655:U9655,
9654,2196-4092,0.94,Geosci Lett,0.00,1.00,0.00,0,1,,,,,1,,,,,,,,A9656:U9656,
9655,2196-4378,0.64,Comput Part Mech,0.00,1.00,1.00,0,1,,1,,,,,,,,,,,A9657:U9657,
9656,2196-7865,0.41,Curr Geriatr Rep,0.00,1.00,0.00,0,1,,,1,,,,,,,,,,A9658:U9658,
9657,2197-120X,0.27,Complex Analysis Synerg,0.00,1.00,0.00,0,1,,,,,,,,1,,,,,A9659:U9659,
9658,2197-4284,1.05,Prog Earth Planet Sci,0.00,1.00,1.00,0,1,,,,,,,1,,,,,,A9660:U9660,
9659,2198-2759,0.31,Boll Unione Mat Ital (2008),0.00,1.00,1.00,0,1,,,,,,1,,,,,,,A9661:U9661,
9660,2198-4239,0.46,J Bio Tribocorros,0.00,1.00,0.00,0,1,,,,,,1,,,,,,,A9662:U9662,
9661,2198-6088,0.24,Curr Treat Options Pediatr,0.00,1.00,0.00,0,1,,,1,,,,,,,,,,A9663:U9663,
9662,2198-9885,0.46,Evol Psychol Sci,0.00,0.00,0.00,0,1,,1,,,,,,,,,,,A9664:U9664,
9663,2199-160X,1.33,Adv Electron Mater,0.00,1.00,0.00,0,1,,,1,,,,,,,,,,A9665:U9665,
9664,2199-2428,,Curr Pulmonol Rep,0.00,1.00,0.00,0,1,,,,,1,,,,,,,,A9666:U9666,
9665,2199-2681,,J Pediatr Neuropsychol,0.00,1.00,0.00,0,1,,,,1,,,,,,,,,A9667:U9667,
9666,2199-3858,0.51,Shap Mem Superelasticity,0.00,1.00,1.00,0,1,1,,,,,,,,,,,,A9668:U9668,
9667,2199-4749,0.35,Mar Syst Ocean Technol,0.00,1.00,1.00,0,1,,1,,,,,,,,,,,A9669:U9669,
9668,2199-692X,0.49,ChemNanoMat,0.00,1.00,1.00,0,1,,,,,,,,1,,,,,A9670:U9670,
9669,2199-7454,0.53,J Dyn Behav Mater,0.00,1.00,0.00,0,1,,,,,,1,,,,,,,A9671:U9671,
9670,2200-467X,0.83,Media Int Aust,0.00,1.00,1.00,0,1,,1,,,,,,,,,,,A9672:U9672,
9671,2201-0610,,Educ Soc (Melb),0.00,1.00,0.00,0,1,,1,,,,,,,,,,,A9673:U9673,
9672,2204-9207,0.3,J Appl Youth Stud,0.00,1.00,1.00,0,1,,,,1,,,,,,,,,A9674:U9674,
9673,2208-522X,0.12,Emotions,0.00,1.00,1.00,0,1,1,,,,,,,,,,,,A9675:U9675,
9674,2210-6715,2.98,Sustain Cities Soc,0.00,1.00,0.00,0,1,,1,,,,,,,,,,,A9676:U9676,
9675,2211-3649,0.87,J Obsessive Compuls Relat Disord,0.00,1.00,0.00,0,1,,,1,,,,,,,,,,A9677:U9677,
9676,2211-3681,0.79,J Appl Res Mem Cogn,0.00,1.00,0.00,0,1,,,,,,1,,,,,,,A9678:U9678,
9677,2211-6753,0.89,Spat Stat,0.00,1.00,0.00,0,1,,,,,,1,,,,,,,A9679:U9679,
9678,2211-9264,0.91,Algal Res,0.00,1.00,1.00,0,1,1,,,,,,,,,,,,A9680:U9680,
9679,2212-0947,2.3,Weather Clim Extrem,0.00,1.00,1.00,0,1,,,,,,1,,,,,,,A9681:U9681,
9680,2212-1447,1.26,J Contextual Behav Sci,0.00,0.00,0.00,0,1,,,,,,,1,,,,,,A9682:U9682,
9681,2212-4292,1.12,Food Biosci,0.00,0.00,0.00,0,1,,1,,,,,,,,,,,A9683:U9683,
9682,2212-4748,1.05,Comput Law Secur Rev,0.00,1.00,0.00,0,1,,,,,,,1,,,,,,A9684:U9684,
9683,2212-828X,1.01,J Econ Ageing,0.00,1.00,1.00,0,1,,,,,,,1,,,,,,A9685:U9685,
9684,2212-9820,1.54,J CO2 Util,0.00,1.00,0.00,0,1,,,,,,,,1,,,,,A9686:U9686,
9685,2213-1248,1.43,J King Saud Univ Comput Inf Sci,0.00,1.00,0.00,0,1,,,1,,,,,,,,,,A9687:U9687,
9686,2213-2929,1.27,J Environ Chem Eng,0.00,1.00,0.00,0,1,,,,,1,,,,,,,,A9688:U9688,
9687,2213-5154,0.56,Int Sports Law J,0.00,1.00,0.00,0,1,,1,,,,,,,,,,,A9689:U9689,
9688,2213-9621,1.28,Micro Nano Syst Lett,0.00,1.00,0.00,0,1,1,,,,,,,,,,,,A9690:U9690,
9689,2214-0697,1.29,J Mater Res Technol,0.00,1.00,1.00,0,1,,,,,,1,,,,,,,A9691:U9691,
9690,2214-1391,0.45,Int J Afr Nurs Sci,0.00,1.00,1.00,0,1,,,,,,,1,,,,,,A9692:U9692,
9691,2214-6296,2.43,Energy Res Soc Sci,0.00,1.00,0.00,0,1,,,,,,,,1,,,,,A9693:U9693,
9692,2214-7144,1.23,J Water Process Eng,0.00,1.00,0.00,0,1,,,,1,,,,,,,,,A9694:U9694,
9693,2214-7519,0.25,Interdiscip Neurosurg,0.00,1.00,1.00,0,1,,1,,,,,,,,,,,A9695:U9695,
9694,2214-854X,0.44,Transl Res Anat,0.00,1.00,1.00,0,1,,,1,,,,,,,,,,A9696:U9696,
9695,2214-9937,1.48,Sustain Mater Technol,0.00,1.00,0.00,0,1,,,,,,,,1,,,,,A9697:U9697,
9696,2215-0986,0.96,Eng Sci Technol,0.00,1.00,0.00,0,1,,,,,,,,1,,,,,A9698:U9698,
9697,2218-2004,0.38,Atoms,0.00,1.00,0.00,0,1,,,,,,,1,,,,,,A9699:U9699,
9698,2225-1154,0.87,Climate (Basel),0.00,1.00,1.00,0,1,,,,,,,1,,,,,,A9700:U9700,
9699,2227-9717,0.58,Processes (Basel),0.00,1.00,0.00,0,1,,,,1,,,,,,,,,A9701:U9701,
9700,2228-3501,,Acta Kinesiol Univ Tartu,0.00,1.00,0.00,0,1,,,1,,,,,,,,,,A9702:U9702,
9701,2230-2034,,Vet Med (Auckl),0.00,1.00,1.00,0,1,,,1,,,,,,,,,,A9703:U9703,
9702,2233-890X,,Child Stud Divers Context,0.00,1.00,0.00,0,1,,,,,,1,,,,,,,A9704:U9704,
9703,2234-358X,0.64,Nucl Eng Technol,0.00,1.00,1.00,0,1,,,1,,,,,,,,,,A9705:U9705,
9704,2235-6282,0.33,Swiss J Econ Stat,0.00,1.00,0.00,0,1,,,,,1,,,,,,,,A9706:U9706,
9705,2241-9144,,Hell Urol,0.00,1.00,0.00,0,1,,,1,,,,,,,,,,A9707:U9707,
9706,2248-2997,0.43,Germs,0.00,1.00,1.00,0,1,,,,1,,,,,,,,,A9708:U9708,
9707,2249-9245,,Bull Pharm Res,0.00,1.00,0.00,0,1,,,,,,,1,,,,,,A9709:U9709,
9708,2254-6081,,Arch Cancer Res,0.00,1.00,0.00,0,1,,1,,,,,,,,,,,A9710:U9710,
9709,2258-093X,,Arts Savoirs,0.00,1.00,0.00,0,1,,,,,,,1,,,,,,A9711:U9711,
9710,2276-7096,,J Med Trop,0.00,1.00,0.00,0,1,1,,,,,,,,,,,,A9712:U9712,
9711,2278-330X,0.31,South Asian J Cancer,0.00,1.00,1.00,0,1,,,,1,,,,,,,,,A9713:U9713,
9712,2278-5388,,Panam J Trauma Crit Care Emerg Surg,0.00,1.00,1.00,0,1,,1,,,,,,,,,,,A9714:U9714,
9713,2281-9177,0.14,Metodo (Milano),0.00,1.00,0.00,0,1,,1,,,,,,,,,,,A9715:U9715,
9714,2296-424X,0.47,Front Phys,0.00,1.00,0.00,0,1,1,,,,,,,,,,,,A9716:U9716,
9715,2296-4754,,Surv Methods Insights Field,0.00,1.00,0.00,0,1,1,,,,,,,,,,,,A9717:U9717,
9716,2296-665X,0.94,Front Environ Sci,0.00,1.00,0.00,0,1,,,1,,,,,,,,,,A9718:U9718,
9717,2296-701X,0.86,Front Ecol Evol,0.00,1.00,0.00,0,1,,1,,,,,,,,,,,A9719:U9719,
9718,2299-0984,,Proc Priv Enhanc Technol,0.00,1.00,0.00,0,1,,,,,1,,,,,,,,A9720:U9720,
9719,2304-6740,0.53,Inorganics (Basel),0.00,1.00,1.00,0,1,,1,,,,,,,,,,,A9721:U9721,
9720,2306-5729,0.54,Data (Basel),0.00,1.00,1.00,0,1,,,1,,,,,,,,,,A9722:U9722,
9721,2308-3840,,World J Metaanal,0.00,1.00,1.00,0,1,,,1,,,,,,,,,,A9723:U9723,
9722,2311-777X,0.1,J Plast,0.00,1.00,0.00,0,1,,,,,,1,,,,,,,A9724:U9724,
9723,2318-1265,0.35,J Anim Behav Biometeorol,0.00,1.00,1.00,0,1,,,,1,,,,,,,,,A9725:U9725,
9724,2324-7347,0.24,IEEE Haptics Symp,0.00,1.00,0.00,0,1,,,,,,1,,,,,,,A9726:U9726,
9725,2324-9110,,J Clin Exp Oncol,0.00,1.00,0.00,0,1,1,,,,,,,,,,,,A9727:U9727,
9726,2325-0216,,J Asian Health,0.00,1.00,0.00,0,1,,,,,,1,,,,,,,A9728:U9728,
9727,2325-3940,,J South Assoc Inf Syst,0.00,1.00,0.00,0,1,1,,,,,,,,,,,,A9729:U9729,
9728,2325-4416,0.3,Med Sci Monit Basic Res,0.00,1.00,0.00,1,1,,,,,,1,,,,,,,A9730:U9730,
9729,2325-5870,2.08,IEEE Trans Control Netw Syst,0.00,1.00,0.00,0,1,1,,,,,,,,,,,,A9731:U9731,
9730,2325-6516,0.3,Proc IEEE Int Conf Semant Comput,0.00,1.00,0.00,0,1,,,,,1,,,,,,,,A9732:U9732,
9731,2325-9590,,J Vet Sci Med Diagn,0.00,1.00,0.00,0,1,,,1,,,,,,,,,,A9733:U9733,
9732,2325-9620,,J Regen Med,0.00,1.00,0.00,0,1,,,1,,,,,,,,,,A9734:U9734,
9733,2326-0793,,J Proteom Genom Res,0.00,1.00,0.00,0,1,1,,,,,,,,,,,,A9735:U9735,
9734,2326-263X,0.46,Brain Comput Interfaces (Abingdon),0.00,1.00,1.00,0,1,,1,,,,,,,,,,,A9736:U9736,
9735,2326-6856,,Ann Emerg Dispatch Response,0.00,1.00,0.00,0,1,,,1,,,,,,,,,,A9737:U9737,
9736,2327-4697,1.88,IEEE Trans Netw Sci Eng,0.00,1.00,1.00,0,1,,,,,1,,,,,,,,A9738:U9738,
9737,2327-5626,0.18,SAE Int J Transp Saf,0.00,1.00,0.00,0,1,,,,,,1,,,,,,,A9739:U9739,
9738,2329-2237,0.68,MRS Energy Sustain,0.00,1.00,1.00,0,1,,,,,1,,,,,,,,A9740:U9740,
9739,2329-4922,0.71,Bus Prof Commun Q,0.00,1.00,1.00,0,1,,,,,,1,,,,,,,A9741:U9741,
9740,2329-6682,,Gene Technol,0.00,1.00,0.00,0,1,,,,,1,,,,,,,,A9742:U9742,
9741,2329-9096,,Int J Phys Med Rehabil,0.00,1.00,0.00,0,1,1,,,,,,,,,,,,A9743:U9743,
9742,2330-0558,,Receptors Clin Investig,0.00,1.00,0.00,0,1,1,,,,,,,,,,,,A9744:U9744,
9743,2331-1886,0.49,Cogent Soc Sci,0.00,1.00,1.00,0,1,1,,,,,,,,,,,,A9745:U9745,
9744,2331-1932,0.56,Cogent Food Agric,0.00,1.00,0.00,0,1,,,,1,,,,,,,,,A9746:U9746,
9745,2331-7175,,Lab Animal Sci Prof,0.00,1.00,0.00,0,1,,,,,1,,,,,,,,A9747:U9747,
9746,2332-2713,0.52,J Hum Traffick,0.00,1.00,1.00,0,1,,,,,,1,,,,,,,A9748:U9748,
9747,2332-2780,,Int J Anesthesiol Res,0.00,1.00,0.00,0,1,,,,,,,,1,,,,,A9749:U9749,
9748,2332-7804,0.68,IEEE Trans Mol Biol Multiscale Commun,0.00,1.00,0.00,0,1,,,1,,,,,,,,,,A9750:U9750,
9749,2332-8878,0.95,Ecosyst Health Sustain,0.00,1.00,0.00,0,1,,,,,,,,1,,,,,A9751:U9751,
9750,2333-0872,4.31,Vital Health Stat 2,1.00,1.00,0.00,0,1,,,,,,,,1,,,,,A9752:U9752,
9751,2333-2433,,Vital Health Stat 3,1.00,1.00,0.00,0,1,,1,,,,,,,,,,,A9753:U9753,
9752,2333-7095,,J Radiol Radiat Ther,0.00,1.00,0.00,0,1,,,1,,,,,,,,,,A9754:U9754,
9753,2347-212X,0.34,J Appl Biol Biotechnol,0.00,1.00,0.00,0,1,,,,,,1,,,,,,,A9755:U9755,
9754,2348-1552,,Int J Educ,0.00,1.00,0.00,0,1,,,,,,1,,,,,,,A9756:U9756,
9755,2349-3674,,Biomed Res J,0.00,1.00,0.00,0,1,1,,,,,,,,,,,,A9757:U9757,
9756,2351-9894,1.03,Glob Ecol Conserv,0.00,1.00,0.00,0,1,,,,,,1,,,,,,,A9758:U9758,
9757,2352-1864,1.49,Environ Technol Innov,0.00,1.00,0.00,0,1,,,,,,1,,,,,,,A9759:U9759,
9758,2352-409X,0.74,J Archaeol Sci Rep,0.00,1.00,0.00,0,1,,,,,,,,1,,,,,A9760:U9760,
9759,2352-4146,0.32,Asian Pac J Trop Med,0.00,1.00,0.00,0,1,,,,,,,1,,,,,,A9761:U9761,
9760,2352-5134,0.87,Aquac Rep,0.00,1.00,1.00,0,1,,,,,,,1,,,,,,A9762:U9762,
9761,2352-7102,1.7,J Build Eng,0.00,0.00,0.00,0,1,,,,1,,,,,,,,,A9763:U9763,
9762,2353-9801,,J Med Sci (Pozn),0.00,1.00,1.00,0,1,1,,,,,,,,,,,,A9764:U9764,
9763,2356-6868,0.48,Adv Public Health,0.00,1.00,0.00,0,1,,,,,,1,,,,,,,A9765:U9765,
9764,2363-8346,3.28,Adolesc Res Rev,0.00,1.00,0.00,0,1,,,,,,,,1,,,,,A9766:U9766,
9765,2364-0006,,Int J Ethics Educ,0.00,1.00,1.00,0,1,,,1,,,,,,,,,,A9767:U9767,
9766,2364-0022,,Z Weiterbildungsforsch Rep,0.00,1.00,1.00,0,1,,,,,,,1,,,,,,A9768:U9768,
9767,2364-6861,0.45,Food Ethics,0.00,1.00,0.00,0,1,1,,,,,,,,,,,,A9769:U9769,
9768,2364-8228,0.48,Appl Netw Sci,0.00,1.00,0.00,0,1,1,,,,,,,,,,,,A9770:U9770,
9769,2365-6549,0.34,ChemistrySelect,0.00,1.00,0.00,0,1,,,,,,,1,,,,,,A9771:U9771,
9770,2366-7486,1.12,Adv Sustain Syst,0.00,1.00,0.00,0,1,,,,,,,1,,,,,,A9772:U9772,
9771,2367-1734,0.85,J Appl Comput Topol,0.00,1.00,0.00,0,1,,,1,,,,,,,,,,A9773:U9773,
9772,2367-198X,1.16,Sol RRL,0.00,1.00,0.00,0,1,,,,,,1,,,,,,,A9774:U9774,
9773,2368-6111,0.17,J Fluid Flow Heat Mass Transf,0.00,1.00,0.00,0,1,,,1,,,,,,,,,,A9775:U9775,
9774,2372-6601,,J Hematol Oncol Res,0.00,1.00,0.00,0,1,,,1,,,,,,,,,,A9776:U9776,
9775,2373-1044,,J Clin Investig Dermatol,0.00,1.00,1.00,0,1,,,,1,,,,,,,,,A9777:U9777,
9776,2373-6445,,J Psychol Clin Psychiatry,0.00,1.00,0.00,0,1,,,1,,,,,,,,,,A9778:U9778,
9777,2373-7484,0.17,Commun Stat Case Stud Data Anal Appl,0.00,1.00,0.00,0,1,,,,1,,,,,,,,,A9779:U9779,
9778,2373-9363,,J Subst Abus Alcohol,0.00,1.00,0.00,0,1,,,,,,,,1,,,,,A9780:U9780,
9779,2373-9487,,JSM Gastroenterol Hepatol,0.00,1.00,0.00,0,1,,,,,,,,1,,,,,A9781:U9781,
9780,2374-4731,0.42,Sci Technol Built Environ,0.00,1.00,0.00,0,1,,,,,,,,1,,,,,A9782:U9782,
9781,2374-4979,,Artif Intell Appl,0.00,1.00,1.00,0,1,,,,1,,,,,,,,,A9783:U9783,
9782,2374-6149,2.52,Adv Phys X,0.00,1.00,1.00,0,1,,,1,,,,,,,,,,A9784:U9784,
9783,2375-0197,,Proc Int Conf Tools Artif Intell TAI,0.00,1.00,0.00,0,1,,,,1,,,,,,,,,A9785:U9785,
9784,2376-4252,,Appl Hum Factors Ergon Conf,0.00,1.00,0.00,0,1,,,1,,,,,,,,,,A9786:U9786,
9785,2377-3677,,DADD Online J,0.00,1.00,0.00,0,1,,1,,,,,,,,,,,A9787:U9787,
9786,2377-889X,,Pract Innov (Wash D C),0.00,1.00,0.00,0,1,,,,,1,,,,,,,,A9788:U9788,
9787,2378-3672,,Int J Immunol Immunother,0.00,1.00,0.00,0,1,,,1,,,,,,,,,,A9789:U9789,
9788,2378-3826,,Proc Int Conf 3D Vis,0.00,1.00,0.00,0,1,,,,,,1,,,,,,,A9790:U9790,
9789,2378-9344,,Ann Vasc Med Res,0.00,1.00,0.00,0,1,,,,,1,,,,,,,,A9791:U9791,
9790,2379-6111,0.47,J Sustain Water Built Environ,0.00,0.00,1.00,0,1,,,,,1,,,,,,,,A9792:U9792,
9791,2379-8793,0.54,IEEE J Multiscale Multiphys Comput Tech,0.00,1.00,0.00,0,1,,,,,,1,,,,,,,A9793:U9793,
9792,2380-3312,,Catalyst (San Diego),0.00,1.00,0.00,0,1,,,1,,,,,,,,,,A9794:U9794,
9793,2380-5048,,Itch (Phila),0.00,1.00,0.00,0,1,,,,1,,,,,,,,,A9795:U9795,
9794,2380-8993,0.25,Expert Rev Precis Med Drug Dev,0.00,1.00,1.00,0,1,,,,,,1,,,,,,,A9796:U9796,
9795,2381-2338,,Coll Stud Affairs J,0.00,1.00,0.00,0,1,,,,,,,1,,,,,,A9797:U9797,
9796,2381-8662,,HSOA J Gerontol Geriatr Med,0.00,1.00,0.00,0,1,,,,,,,,1,,,,,A9798:U9798,
9797,2382-6533,,J Clin Transl Res,0.00,1.00,0.00,0,1,,,,,,,1,,,,,,A9799:U9799,
9798,2384-1095,,Investig Magn Reson Imaging,0.00,1.00,0.00,0,1,,,,,1,,,,,,,,A9800:U9800,
9799,2397-0030,1.23,Ger J Hum Resour Manag,0.00,1.00,1.00,0,1,,,,,1,,,,,,,,A9801:U9801,
9800,2398-385X,,J Psychiatr Brain Sci,0.00,1.00,0.00,0,1,,1,,,,,,,,,,,A9802:U9802,
9801,2398-9181,0.28,Camb Int Law J,0.00,1.00,0.00,0,1,1,,,,,,,,,,,,A9803:U9803,
9802,2399-3707,,J Onconephrol,0.00,1.00,0.00,0,1,,1,,,,,,,,,,,A9804:U9804,
9803,2399-5556,0.3,Eur Labour Law J,0.00,1.00,1.00,0,1,,,,1,,,,,,,,,A9805:U9805,
9804,2399-7532,0.72,Multifunct Mater,0.00,1.00,1.00,0,1,,1,,,,,,,,,,,A9806:U9806,
9805,2405-4496,,Timing Time Percept Rev,0.00,1.00,0.00,0,1,,1,,,,,,,,,,,A9807:U9807,
9806,2405-4526,0.53,J Interprof Educ Pract,0.00,1.00,1.00,0,1,,,,,1,,,,,,,,A9808:U9808,
9807,2405-8289,,Energy Storage Mater,0.00,1.00,1.00,0,1,,,,,1,,,,,,,,A9809:U9809,
9808,2405-8807,1.34,Clim Serv,0.00,1.00,0.00,0,1,,1,,,,,,,,,,,A9810:U9810,
9809,2405-8963,0.32,IFAC Pap OnLine,0.00,1.00,0.00,0,1,,1,,,,,,,,,,,A9811:U9811,
9810,2410-7972,0.35,Afr Hum Mobil Rev,0.00,1.00,1.00,0,1,,,,,1,,,,,,,,A9812:U9812,
9811,2413-8053,,Engag Sci Technol Soc,0.00,1.00,0.00,0,1,,,1,,,,,,,,,,A9813:U9813,
9812,2414-4088,0.61,Multimodal Technol Interact,0.00,1.00,1.00,0,1,,,1,,,,,,,,,,A9814:U9814,
9813,2414-6447,0.74,Glob Health J,0.00,1.00,0.00,0,1,,,,,,1,,,,,,,A9815:U9815,
9814,2424-7723,0.81,Int J Bioprint,0.00,1.00,0.00,0,1,1,,,,,,,,,,,,A9816:U9816,
9815,2425-6897,,Rev Agric Food Environ Stud,0.00,1.00,1.00,0,1,,,1,,,,,,,,,,A9817:U9817,
9816,2432-2725,0.6,J Comput Soc Sci,0.00,1.00,1.00,0,1,1,,,,,,,,,,,,A9818:U9818,
9817,2435-1210,,Jpn J Gastroenterol Hepatol,0.00,1.00,0.00,0,1,,,,,1,,,,,,,,A9819:U9819,
9818,2436-4975,,Oper Dent Endodontol Periodontol,0.00,1.00,0.00,0,1,,,,,1,,,,,,,,A9820:U9820,
9819,2437-0061,,JSAP Rev,0.00,1.00,0.00,0,1,1,,,,,,,,,,,,A9821:U9821,
9820,2444-8672,,Porto Biomed J,0.00,0.00,1.00,0,1,,,1,,,,,,,,,,A9822:U9822,
9821,2448-6760,0.22,Vet Mex OA,0.00,1.00,1.00,0,1,,,,1,,,,,,,,,A9823:U9823,
9822,2451-8476,0.52,Obes Med,0.00,1.00,0.00,0,1,,,,1,,,,,,,,,A9824:U9824,
9823,2451-9588,1.44,Comput Hum Behav Rep,0.00,1.00,1.00,0,1,,,,,,,1,,,,,,A9825:U9825,
9824,2451-9596,0.26,Transpl Rep,0.00,1.00,0.00,0,1,,,,,1,,,,,,,,A9826:U9826,
9825,2452-1760,0.11,Adv Ophthalmol Optom,0.00,1.00,0.00,0,1,,,,,,,,1,,,,,A9827:U9827,
9826,2454-6186,,Int J Res Innov Soc Sci,0.00,1.00,0.00,0,1,,,,,,,1,,,,,,A9828:U9828,
9827,2456-9577,,Isci Notes,0.00,1.00,1.00,0,1,,1,,,,,,,,,,,A9829:U9829,
9828,2468-1725,0.58,Pers Med Psychiatry,0.00,1.00,1.00,0,1,,,,,1,,,,,,,,A9830:U9830,
9829,2468-5011,0.83,Transl Med Aging,0.00,1.00,0.00,0,1,1,,,,,,,,,,,,A9831:U9831,
9830,2468-6484,0.48,Heart Mind,0.00,1.00,0.00,0,1,,,1,,,,,,,,,,A9832:U9832,
9831,2468-9122,0.27,Burns Open,0.00,1.00,1.00,0,1,,,,,1,,,,,,,,A9833:U9833,
9832,2469-5831,,Int J Clin Biostat Biom,0.00,1.00,0.00,0,1,,,,,,1,,,,,,,A9834:U9834,
9833,2469-7257,,IEEE J Electromagn RF Microw Med Biol,0.00,1.00,0.00,0,1,,,,,,1,,,,,,,A9835:U9835,
9834,2471-9773,,J Ga Public Health Assoc,0.00,1.00,0.00,0,1,,,,1,,,,,,,,,A9836:U9836,
9835,2472-1573,,Proc Int Conf Data Sci Adv Anal,0.00,1.00,0.00,0,1,,,1,,,,,,,,,,A9837:U9837,
9836,2472-3401,,JAACAP Connect,0.00,1.00,1.00,0,1,1,,,,,,,,,,,,A9838:U9838,
9837,2472-873X,,Dig Dis Interv,0.00,1.00,0.00,0,1,,,1,,,,,,,,,,A9839:U9839,
9838,2473-0726,,Int Symp Mix Augment Real,0.00,1.00,0.00,0,1,,,,1,,,,,,,,,A9840:U9840,
9839,2473-3350,,J Coast Zone Manag,0.00,1.00,0.00,0,1,,,,,,,,1,,,,,A9841:U9841,
9840,2473-5493,,Spora,0.00,1.00,0.00,0,1,,1,,,,,,,,,,,A9842:U9842,
9841,2474-1655,,Ann Clin Case Rep,0.00,1.00,0.00,0,1,,,,,1,,,,,,,,A9843:U9843,
9842,2474-8684,0.15,Urban Soc Work,0.00,1.00,0.00,0,1,,,,1,,,,,,,,,A9844:U9844,
9843,2474-9192,,J Inform Nurs,0.00,1.00,0.00,0,1,,,,,1,,,,,,,,A9845:U9845,
9844,2475-1987,0.41,Justice Eval J,0.00,1.00,1.00,0,1,,,1,,,,,,,,,,A9846:U9846,
9845,2475-7004,,Proc ASME BATH Symp Fluid Power Motion Control,0.00,1.00,0.00,0,1,,,,,,,,1,,,,,A9847:U9847,
9846,2475-9953,0.89,Phys Rev Mater,0.00,1.00,1.00,0,1,,,,,,1,,,,,,,A9848:U9848,
9847,2476-8332,,Palgo J Educ Res,0.00,1.00,0.00,0,1,1,,,,,,,,,,,,A9849:U9849,
9848,2496-0799,,J Nurs Home Res Sci,0.00,1.00,0.00,0,1,,,1,,,,,,,,,,A9850:U9850,
9849,2499-6564,0.24,J Gerontol Geriatr,0.00,1.00,0.00,0,1,,,,,,,1,,,,,,A9851:U9851,
9850,2504-3110,0.71,Fractal Fract,0.00,1.00,0.00,0,1,,,1,,,,,,,,,,A9852:U9852,
9851,2504-463X,,J Otorhinolaryngol Hear Balanc Med,0.00,1.00,1.00,0,1,,,,,,,1,,,,,,A9853:U9853,
9852,2504-4990,1.55,Mach Learn Knowl Extr,0.00,1.00,1.00,0,1,,,,1,,,,,,,,,A9854:U9854,
9853,2508-1349,0.18,J Neurocritical Care,0.00,1.00,1.00,0,1,,1,,,,,,,,,,,A9855:U9855,
9854,2511-249X,0.53,Inf Geom,0.00,1.00,0.00,0,1,,,,,1,,,,,,,,A9856:U9856,
9855,2516-3817,,Open Access Gov,0.00,1.00,1.00,0,1,1,,,,,,,,,,,,A9857:U9857,
9856,2519-0792,0.18,Video Assist Thorac Surg,0.00,1.00,1.00,0,1,,,,,,1,,,,,,,A9858:U9858,
9857,2520-0054,0.27,J Public Health Emerg,0.00,1.00,0.00,0,1,,,,1,,,,,,,,,A9859:U9859,
9858,2520-1018,0.51,J Cult Cogn Sci,0.00,1.00,1.00,0,1,,,,,,,1,,,,,,A9860:U9860,
9859,2520-8101,,Asian Archaeol,0.00,1.00,1.00,0,1,1,,,,,,,,,,,,A9861:U9861,
9860,2520-8128,0.66,Nanomanuf Metrol,0.00,1.00,1.00,0,1,1,,,,,,,,,,,,A9862:U9862,
9861,2520-8136,8.08,Electrochem Energ Rev,0.00,1.00,1.00,0,1,,1,,,,,,,,,,,A9863:U9863,
9862,2520-8152,0.42,Entrep Educ,0.00,1.00,1.00,0,1,,,,,,1,,,,,,,A9864:U9864,
9863,2520-8454,,Surg Exp Pathol,0.00,1.00,1.00,0,1,,,,,1,,,,,,,,A9865:U9865,
9864,2521-361X,0.51,Ann Blood,0.00,1.00,1.00,0,1,,,,1,,,,,,,,,A9866:U9866,
9865,2522-574X,0.73,Emergent Mater,0.00,1.00,1.00,0,1,,,1,,,,,,,,,,A9867:U9867,
9866,2522-5820,9.59,Nat Rev Phys,0.00,1.00,0.00,0,1,,,,1,,,,,,,,,A9868:U9868,
9867,2522-8552,1.38,Biodes Manuf,0.00,1.00,1.00,0,1,,,1,,,,,,,,,,A9869:U9869,
9868,2523-0816,0.12,Ann Afr Surg,0.00,1.00,1.00,0,1,,,,,1,,,,,,,,A9870:U9870,
9869,2523-3688,0.33,Water Waves,0.00,1.00,0.00,0,1,,,,,1,,,,,,,,A9871:U9871,
9870,2523-3971,,SN Appl Sci,0.00,1.00,1.00,0,1,,,1,,,,,,,,,,A9872:U9872,
9871,2523-8965,,China Popul Dev Stud,0.00,1.00,1.00,0,1,,,1,,,,,,,,,,A9873:U9873,
9872,2524-3985,,Jus Cogens,0.00,1.00,0.00,0,1,,,,,,1,,,,,,,A9874:U9874,
9873,2524-4167,1.08,Phytopathol Res,0.00,1.00,0.00,0,1,1,,,,,,,,,,,,A9875:U9875,
9874,2524-4868,1.53,Postdigit Sci Educ,0.00,1.00,1.00,0,1,,,,,1,,,,,,,,A9876:U9876,
9875,2524-4884,,Hum Intell Syst Integr,0.00,1.00,1.00,0,1,,1,,,,,,,,,,,A9877:U9877,
9876,2524-4957,0.38,KN J Cartogr Geogr Inf,0.00,1.00,1.00,0,1,,,,,,1,,,,,,,A9878:U9878,
9877,2524-5244,0.44,Int J Child Maltreat,0.00,1.00,1.00,0,1,,,1,,,,,,,,,,A9879:U9879,
9878,2524-5287,0.58,Socioecol Pract Res,0.00,1.00,0.00,0,1,,,,1,,,,,,,,,A9880:U9880,
9879,2524-5309,0.59,Int J Community Wellbeing,0.00,1.00,1.00,0,1,,,,,,,1,,,,,,A9881:U9881,
9880,2524-6992,0.68,Adv Aerodyn,0.00,1.00,1.00,0,1,1,,,,,,,,,,,,A9882:U9882,
9881,2524-8154,,Mater Circ Econ,0.00,1.00,0.00,0,1,1,,,,,,,,,,,,A9883:U9883,
9882,2524-8162,,Urban Transform,0.00,1.00,1.00,0,1,,,,1,,,,,,,,,A9884:U9884,
9883,2531-6745,0.43,Acta Biomed,0.00,1.00,0.00,0,1,,,,,,1,,,,,,,A9885:U9885,
9884,2532-7518,,J Interdiscip Res Appl Med,0.00,1.00,1.00,0,1,,,,,,1,,,,,,,A9886:U9886,
9885,2538-225X,0.41,Adv Oper Theory,0.00,1.00,0.00,0,1,,,,,,1,,,,,,,A9887:U9887,
9886,2542-6605,1.56,Internet Things (Amst),0.00,1.00,1.00,0,1,1,,,,,,,,,,,,A9888:U9888,
9887,2557-0250,,4Open,0.00,1.00,0.00,0,1,1,,,,,,,,,,,,A9889:U9889,
9888,2563-9269,,Int Health Trends Perspect,0.00,1.00,0.00,0,1,,1,,,,,,,,,,,A9890:U9890,
9889,2571-581X,0.77,Front Sustain Food Syst,0.00,1.00,1.00,0,1,,,,,1,,,,,,,,A9891:U9891,
9890,2571-6980,0.56,Neuroglia,0.00,1.00,1.00,0,1,,,,,,,,1,,,,,A9892:U9892,
9891,2571-905X,0.3,Stats (Basel),0.00,1.00,1.00,0,1,,,,,,1,,,,,,,A9893:U9893,
9892,2572-2611,1.12,Plants People Planet,0.00,1.00,1.00,0,1,,1,,,,,,,,,,,A9894:U9894,
9893,2572-3928,0.16,Smart Sustain Manuf Syst,0.00,1.00,0.00,0,1,,,,,1,,,,,,,,A9895:U9895,
9894,2572-7966,,J Eng Sci Med Diagn Ther,0.00,0.00,0.00,0,1,,,,,,,1,,,,,,A9896:U9896,
9895,2572-9365,,Arch Microbiol Immunol,0.00,1.00,0.00,0,1,,1,,,,,,,,,,,A9897:U9897,
9896,2572-9861,0.59,Tapuya,0.00,1.00,1.00,0,1,,,,,,1,,,,,,,A9898:U9898,
9897,2573-3311,,Int Conf Inf Sci Technol,0.00,1.00,0.00,0,1,,1,,,,,,,,,,,A9899:U9899,
9898,2573-5144,3.43,Annu Rev Control Robot Auton Syst,0.00,1.00,0.00,0,1,,,1,,,,,,,,,,A9900:U9900,
9899,2574-0776,,AEA Pap Proc,0.00,1.00,0.00,0,1,,1,,,,,,,,,,,A9901:U9901,
9900,2574-1225,0.22,Mini Invasive Surg,0.00,1.00,1.00,0,1,,,,,,,,1,,,,,A9902:U9902,
9901,2574-1624,0.17,Skin (Milwood),0.00,1.00,0.00,0,1,,,,,,1,,,,,,,A9903:U9903,
9902,2574-2450,,Audit Percept Cogn,0.00,1.00,1.00,0,1,,,1,,,,,,,,,,A9904:U9904,
9903,2574-7754,,Ann Case Rep,0.00,1.00,0.00,0,1,,,1,,,,,,,,,,A9905:U9905,
9904,2575-7105,,Curr Res HIV AIDS,0.00,1.00,0.00,0,1,,,1,,,,,,,,,,A9906:U9906,
9905,2575-9752,,Proc Python Sci Conf,0.00,1.00,1.00,0,1,,,,,,,1,,,,,,A9907:U9907,
9906,2576-215X,,Pac J Health (Stockt),0.00,1.00,0.00,0,1,,,,,,,1,,,,,,A9908:U9908,
9907,2577-0187,1.17,SIAM J Math Data Sci,0.00,1.00,0.00,0,1,1,,,,,,,,,,,,A9909:U9909,
9908,2577-2058,,Am J Diagn Imaging,0.00,1.00,0.00,0,1,,,,,,,1,,,,,,A9910:U9910,
9909,2577-5421,4.37,Adv Photonics,0.00,1.00,1.00,0,1,,,,,,1,,,,,,,A9911:U9911,
9910,2578-1553,,J Pharm Pharmacol Res,0.00,1.00,0.00,0,1,,,,1,,,,,,,,,A9912:U9912,
9911,2578-2118,,J Res Tech Careers,0.00,1.00,0.00,0,1,,1,,,,,,,,,,,A9913:U9913,
9912,2578-2304,0.21,Int J Hum Caring,0.00,1.00,0.00,0,1,,1,,,,,,,,,,,A9914:U9914,
9913,2578-3009,,J Immunol Sci,0.00,1.00,0.00,0,1,,,,,,1,,,,,,,A9915:U9915,
9914,2578-3718,,JSM Sex Med,0.00,1.00,0.00,0,1,,,,1,,,,,,,,,A9916:U9916,
9915,2578-8094,0.8,J Latinx Psychol,0.00,1.00,1.00,0,1,1,,,,,,,,,,,,A9917:U9917,
9916,2578-8965,,J Obstet Gynecol Reprod Sci,0.00,1.00,0.00,0,1,,,,,1,,,,,,,,A9918:U9918,
9917,2579-0153,,J Sci Innov Med,0.00,1.00,1.00,0,1,,,,1,,,,,,,,,A9919:U9919,
9918,2581-3226,,Acta Sci Microbiol,0.00,1.00,0.00,0,1,,,,1,,,,,,,,,A9920:U9920,
9919,2588-8420,1.47,Mater Today Nano,0.00,1.00,0.00,0,1,,,,,,,1,,,,,,A9921:U9921,
9920,2589-014X,0.87,Bioresour Technol Rep,0.00,0.00,0.00,0,1,,1,,,,,,,,,,,A9922:U9922,
9921,2589-0336,0.6,Theor Appl Mech Lett,0.00,1.00,0.00,0,1,,,,,1,,,,,,,,A9923:U9923,
9922,2589-238X,0.43,Brain Hemorrhages,0.00,1.00,0.00,0,1,,,,,1,,,,,,,,A9924:U9924,
9923,2589-5613,,Rhinol Online,0.00,1.00,0.00,0,1,,,,,,,,1,,,,,A9925:U9925,
9924,2589-8728,0.31,Reprod Dev Med,0.00,1.00,0.00,0,1,,1,,,,,,,,,,,A9926:U9926,
9925,2589-9457,0.19,J Int Soc Phys Rehabil Med,0.00,1.00,0.00,0,1,,,1,,,,,,,,,,A9927:U9927,
9926,2589-9791,0.69,J Behav Cogn Ther,0.00,1.00,1.00,0,1,,,,,,,1,,,,,,A9928:U9928,
9927,2590-0307,0.27,Tech Innov Gastrointest Endosc,0.00,0.00,0.00,0,1,,,1,,,,,,,,,,A9929:U9929,
9928,2590-1834,1.29,Smart Mater Med,0.00,1.00,0.00,0,1,,,1,,,,,,,,,,A9930:U9930,
9929,2616-2741,0.2,Ann Pancreat Cancer,0.00,1.00,1.00,0,1,,,,,,,,1,,,,,A9931:U9931,
9930,2616-2768,0.23,Ther Radiol Oncol,0.00,1.00,0.00,0,1,,,,,,,,1,,,,,A9932:U9932,
9931,2617-1627,0.23,Dig Med Res,0.00,1.00,0.00,0,1,,,,,,1,,,,,,,A9933:U9933,
9932,2617-5428,0.32,Pediatr Med,0.00,1.00,0.00,0,1,,,,,,1,,,,,,,A9934:U9934,
9933,2624-845X,,J Nanotheranostics,0.00,1.00,0.00,0,1,1,,,,,,,,,,,,A9935:U9935,
9934,2626-8493,0.39,Int J Online Biomed Eng,0.00,1.00,0.00,0,1,1,,,,,,,,,,,,A9936:U9936,
9935,2631-3103,0.41,J White Collar Corp Crime,0.00,1.00,1.00,0,1,,,,,1,,,,,,,,A9937:U9937,
9936,2631-4940,0.63,BMJ Surg Interv Health Technol,0.00,1.00,1.00,0,1,1,,,,,,,,,,,,A9938:U9938,
9937,2631-7990,4.1,Int J Extrem Manuf,0.00,1.00,1.00,0,1,,,,1,,,,,,,,,A9939:U9939,
9938,2631-8695,0.32,Eng Res Express,0.00,1.00,1.00,0,1,,,,,,,,1,,,,,A9940:U9940,
9939,2631-9659,,J Sch Leadersh,0.00,1.00,1.00,0,1,,,,1,,,,,,,,,A9941:U9941,
9940,2631-9667,,Collections (Walnut Creek),0.00,1.00,1.00,0,1,,,,1,,,,,,,,,A9942:U9942,
9941,2632-072X,0.48,J Phys Complex,0.00,1.00,1.00,0,1,,,,,,1,,,,,,,A9943:U9943,
9942,2632-3249,0.67,Data Policy,0.00,1.00,1.00,0,1,,1,,,,,,,,,,,A9944:U9944,
9943,2632-850X,,Current (Glos Point),0.00,1.00,0.00,0,1,1,,,,,,,,,,,,A9945:U9945,
9944,2633-5603,,ADCES Pract,0.00,1.00,0.00,0,1,,,,,,,1,,,,,,A9946:U9946,
9945,2634-4068,1.63,Oxf Open Clim Chang,0.00,1.00,1.00,0,1,,,1,,,,,,,,,,A9947:U9947,
9946,2634-4602,0.65,Environ Data Sci,0.00,1.00,1.00,0,1,,,1,,,,,,,,,,A9948:U9948,
9947,2637-4560,,Obstet Gynecol Res,0.00,1.00,0.00,0,1,,,,,,,,1,,,,,A9949:U9949,
9948,2638-0668,,J Undergrad Res (Gainesv),0.00,1.00,0.00,0,1,,,,,,1,,,,,,,A9950:U9950,
9949,2638-5120,,Arch Ophthalmol Optom,0.00,1.00,0.00,0,1,,,,,1,,,,,,,,A9951:U9951,
9950,2639-0035,,NABE J Res Pract,0.00,1.00,0.00,0,1,,1,,,,,,,,,,,A9952:U9952,
9951,2639-0175,0.49,Digit Gov (N Y),0.00,1.00,0.00,0,1,,1,,,,,,,,,,,A9953:U9953,
9952,2639-5940,0.83,Environ Pollut Bioavailab,0.00,1.00,0.00,0,1,,,,,,,1,,,,,,A9954:U9954,
9953,2642-9500,,ACM IEEE Int Conf Cyber Phys Syst,0.00,1.00,0.00,0,1,,,,,,1,,,,,,,A9955:U9955,
9954,2643-8909,0.87,Aging Cancer,0.00,1.00,0.00,0,1,,,1,,,,,,,,,,A9956:U9956,
9955,2643-959X,,Maine Policy Rev,0.00,1.00,0.00,0,1,,,,1,,,,,,,,,A9957:U9957,
9956,2643-9662,0.41,Rural Educ,0.00,1.00,0.00,0,1,,,1,,,,,,,,,,A9958:U9958,
9957,2644-1268,1.36,IEEE Open J Comput Soc,0.00,1.00,1.00,0,1,,,,,,1,,,,,,,A9959:U9959,
9958,2644-1322,0.61,IEEE Open J Signal Process,0.00,1.00,1.00,0,1,,,,1,,,,,,,,,A9960:U9960,
9959,2644-1349,1.76,IEEE Open J Solid State Circuits Soc,0.00,1.00,1.00,0,1,,,1,,,,,,,,,,A9961:U9961,
9960,2653-6234,0.32,Int J Drug Discov Pharm,0.00,1.00,0.00,0,1,,,,1,,,,,,,,,A9962:U9962,
9961,2662-138X,17.08,Nat Rev Earth Environ,0.00,1.00,0.00,0,1,1,,,,,,,,,,,,A9963:U9963,
9962,2662-2653,,J Health Serv Psychol,0.00,1.00,0.00,0,1,,1,,,,,,,,,,,A9964:U9964,
9963,2662-9283,0.35,SN Soc Sci,0.00,1.00,1.00,0,1,,,1,,,,,,,,,,A9965:U9965,
9964,2662-9976,,Int Criminol,0.00,1.00,1.00,0,1,,,,1,,,,,,,,,A9966:U9966,
9965,2664-777X,0.38,Front Oral Maxillofac Med,0.00,1.00,1.00,0,1,,,,,,,1,,,,,,A9967:U9967,
9966,2665-2056,0.2,Rev Investig Innov Cienc Salud,0.00,1.00,0.00,0,1,,,1,,,,,,,,,,A9968:U9968,
9967,2666-0164,1.19,Case Stud Chem Environ Eng,0.00,1.00,0.00,1,1,,,,,,,1,,,,,,A9969:U9969,
9968,2666-0539,1.0,Sens Actuators Rep,0.00,1.00,1.00,0,1,1,,,,,,,,,,,,A9970:U9970,
9969,2666-1470,,J Artif Intell Med Sci,0.00,1.00,0.00,0,1,,,,,,,1,,,,,,A9971:U9971,
9970,2666-1497,0.66,Hum Nutr Metab,0.00,1.00,0.00,0,1,,,,,,,,1,,,,,A9972:U9972,
9971,2666-3961,0.52,Endocr Metab Sci,0.00,1.00,0.00,0,1,1,,,,,,,,,,,,A9973:U9973,
9972,2666-4410,0.58,J Magn Reson Open,0.00,1.00,1.00,0,1,,,,,,1,,,,,,,A9974:U9974,
9973,2666-450X,,Adv Small Anim Care,0.00,1.00,0.00,0,1,,,,,,1,,,,,,,A9975:U9975,
9974,2666-4690,0.58,J Photochem Photobiol,0.00,1.00,1.00,0,1,,,1,,,,,,,,,,A9976:U9976,
9975,2666-5182,0.84,Curr Res Behav Sci,0.00,1.00,0.00,0,1,,,,,,1,,,,,,,A9977:U9977,
9976,2666-5212,0.65,Intell Based Med,0.00,1.00,1.00,0,1,,,,1,,,,,,,,,A9978:U9978,
9977,2666-5557,0.28,Radiat Med Prot,0.00,1.00,0.00,0,1,,,1,,,,,,,,,,A9979:U9979,
9978,2666-6219,0.19,Curr Probl Cancer Case Rep,0.00,1.00,0.00,0,1,,,1,,,,,,,,,,A9980:U9980,
9979,2666-6227,0.95,Curr Res Ecol Soc Psychol,0.00,1.00,1.00,0,1,,1,,,,,,,,,,,A9981:U9981,
9980,2666-7207,0.74,Results Control Optim,0.00,1.00,1.00,0,1,,,1,,,,,,,,,,A9982:U9982,
9981,2666-8459,0.78,Results Surf Interfaces,0.00,1.00,0.00,0,1,,,,,,,,1,,,,,A9983:U9983,
9982,2666-853X,,Adv Oncol,0.00,1.00,0.00,0,1,,,,,,1,,,,,,,A9984:U9984,
9983,2666-8939,1.03,Carbohydr Polym Technol Appl,0.00,1.00,0.00,0,1,,,,,,1,,,,,,,A9985:U9985,
9984,2666-9110,2.52,J Hazard Mater Lett,0.00,1.00,0.00,0,1,,,,,1,,,,,,,,A9986:U9986,
9985,2666-9781,1.32,Nano Trends,0.00,1.00,0.00,0,1,,,,1,,,,,,,,,A9987:U9987,
9986,2667-0097,0.42,Glob Pediatr,0.00,1.00,1.00,0,1,,,,,,1,,,,,,,A9988:U9988,
9987,2667-0100,1.34,Environ Chall (Amst),0.00,1.00,1.00,0,1,,,,,,,,1,,,,,A9989:U9989,
9988,2667-0259,0.94,Food Hydrocoll Health,0.00,1.00,1.00,0,1,,,,,,,1,,,,,,A9990:U9990,
9989,2667-3827,0.49,Adv Psychiatry Behav Health,0.00,1.00,0.00,0,1,,,,,,,,1,,,,,A9991:U9991,
9990,2670-6865,,Kronika,0.00,1.00,0.00,0,1,1,,,,,,,,,,,,A9992:U9992,
9991,2671-2008,0.14,Arch Psychiatry Res,0.00,1.00,0.00,0,1,,,,1,,,,,,,,,A9993:U9993,
9992,2673-1592,0.6,Prosthesis (Basel),0.00,1.00,1.00,0,1,,,,,1,,,,,,,,A9994:U9994,
9993,2673-2718,0.66,Front Chem Eng,0.00,1.00,0.00,0,1,,,1,,,,,,,,,,A9995:U9995,
9994,2673-4095,0.33,Surgeries (Basel),0.00,1.00,1.00,0,1,,,1,,,,,,,,,,A9996:U9996,
9995,2673-4397,,Uro (Basel),0.00,1.00,0.00,0,1,,,,,1,,,,,,,,A9997:U9997,
9996,2673-4524,0.83,Front Sustain (Lausanne),0.00,1.00,0.00,0,1,,,,,,1,,,,,,,A9998:U9998,
9997,2673-4532,0.94,Analytica (Basel),0.00,1.00,1.00,0,1,,,,1,,,,,,,,,A9999:U9999,
9998,2673-4591,0.25,Eng Proc,0.00,1.00,0.00,0,1,,1,,,,,,,,,,,A10000:U10000,
9999,2673-5261,0.58,J Mol Pathol (Basel),0.00,1.00,1.00,0,1,1,,,,,,,,,,,,A10001:U10001,
10000,2673-5601,0.71,Immuno,0.00,1.00,0.00,0,1,,,1,,,,,,,,,,A10002:U10002,
10001,2673-5857,,Front Electron,0.00,1.00,0.00,0,1,,,,,1,,,,,,,,A10003:U10003,
10002,2673-611X,0.72,Front Conserv Sci,0.00,1.00,0.00,0,1,1,,,,,,,,,,,,A10004:U10004,
10003,2673-6373,0.34,Oral (Basel),0.00,1.00,1.00,0,1,,,,1,,,,,,,,,A10005:U10005,
10004,2673-6853,0.48,Front Photon,0.00,1.00,0.00,0,1,,,,,1,,,,,,,,A10006:U10006,
10005,2673-7078,0.33,Biomechanics (Basel),0.00,1.00,1.00,0,1,1,,,,,,,,,,,,A10007:U10007,
10006,2673-7272,0.44,Disabilities (Basel),0.00,1.00,1.00,0,1,,,,,,,1,,,,,,A10008:U10008,
10007,2673-7426,0.75,BioMedInformatics,0.00,1.00,1.00,0,1,1,,,,,,,,,,,,A10009:U10009,
10008,2673-8449,0.56,Biologics (Basel),0.00,1.00,1.00,0,1,,,,,,1,,,,,,,A10010:U10010,
10009,2673-964X,0.52,Coasts (Basel),0.00,1.00,1.00,0,1,,,,,1,,,,,,,,A10011:U10011,
10010,2673-995X,,Youth (Basel),0.00,1.00,0.00,0,1,,,1,,,,,,,,,,A10012:U10012,
10011,2674-0710,,Venereology (Basel),0.00,1.00,1.00,0,1,,,,,,1,,,,,,,A10013:U10013,
10012,2687-7996,,Anesth Crit Care,0.00,1.00,0.00,0,1,,,,1,,,,,,,,,A10014:U10014,
10013,2687-8046,,J Spine Res Surg,0.00,1.00,0.00,0,1,,,1,,,,,,,,,,A10015:U10015,
10014,2688-111X,,J Contemp Chiropr,0.00,1.00,0.00,0,1,,,,1,,,,,,,,,A10016:U10016,
10015,2688-4011,,Nano Sel,0.00,1.00,1.00,0,1,,,,,,1,,,,,,,A10017:U10017,
10016,2689-6575,0.66,Psychol Pop Media,0.00,1.00,1.00,0,1,,,,1,,,,,,,,,A10018:U10018,
10017,2689-9558,,Adv Glob Health,0.00,1.00,0.00,0,1,,,,1,,,,,,,,,A10019:U10019,
10018,2689-9655,0.61,Comput Syst Oncol,0.00,1.00,0.00,0,1,,,,,1,,,,,,,,A10020:U10020,
10019,2690-2672,,J Libr Outreach Engagem,0.00,1.00,0.00,0,1,,,,,1,,,,,,,,A10021:U10021,
10020,2690-4837,,Int J Infect Prev,0.00,1.00,0.00,0,1,,,,,,,1,,,,,,A10022:U10022,
10021,2690-6678,,Int J Health Nutr Exerc Sci,0.00,1.00,1.00,0,1,,,1,,,,,,,,,,A10023:U10023,
10022,2692-2819,,J Exp Neurol,0.00,1.00,0.00,0,1,,,,,,1,,,,,,,A10024:U10024,
10023,2692-3106,0.49,Explor Med,0.00,1.00,1.00,0,1,1,,,,,,,,,,,,A10025:U10025,
10024,2692-3998,0.25,Int J Syst Ther,0.00,1.00,1.00,0,1,1,,,,,,,,,,,,A10026:U10026,
10025,2692-4560,3.01,Aggregate (Hoboken),0.00,1.00,1.00,0,1,,,,1,,,,,,,,,A10027:U10027,
10026,2692-630X,,J Nanotechnol Nanomater,0.00,1.00,0.00,0,1,,,,,,,1,,,,,,A10028:U10028,
10027,2692-8388,1.05,IEEE J Microw,0.00,1.00,1.00,0,1,,,,,1,,,,,,,,A10029:U10029,
10028,2693-1508,0.15,Alife,0.00,1.00,0.00,0,1,,,1,,,,,,,,,,A10030:U10030,
10029,2693-2431,,Utah Womens Health Rev,0.00,1.00,0.00,0,1,1,,,,,,,,,,,,A10031:U10031,
10030,2693-5910,,J Biomed Res (Middlet),0.00,1.00,0.00,0,1,,,,,1,,,,,,,,A10032:U10032,
10031,2693-8847,0.41,Aquac Fish Fish,0.00,1.00,1.00,0,1,,,,,,1,,,,,,,A10033:U10033,
10032,2694-4030,,INFORMS J Data Sci,0.00,1.00,1.00,0,1,,,,,,,,1,,,,,A10034:U10034,
10033,2698-6248,0.77,Nat Sci (Weinh),0.00,1.00,1.00,0,1,,,,,,,,1,,,,,A10035:U10035,
10034,2698-6388,,GMS Health Innov Technol,0.00,1.00,0.00,0,1,,,,,,,1,,,,,,A10036:U10036,
10035,2699-0369,0.65,Philos Mind Sci,0.00,1.00,1.00,0,1,1,,,,,,,,,,,,A10037:U10037,
10036,2700-0710,,Personal Sci,0.00,1.00,1.00,0,1,,,,,,,,1,,,,,A10038:U10038,
10037,2703-4135,,Reo,0.00,1.00,0.00,0,1,1,,,,,,,,,,,,A10039:U10039,
10038,2705-0734,,INNOSC Theranostics Pharmacol Sci,0.00,1.00,1.00,0,1,,,,,1,,,,,,,,A10040:U10040,
10039,2709-6106,0.72,Water Reuse,0.00,1.00,1.00,0,1,,,,,,,1,,,,,,A10041:U10041,
10040,2724-5780,,Minerva Pediatr (Torino),0.00,1.00,0.00,0,1,,,,,1,,,,,,,,A10042:U10042,
10041,2730-616X,1.0,Auton Intell Syst,0.00,1.00,1.00,0,1,,,,,,1,,,,,,,A10043:U10043,
10042,2730-6305,0.64,Glob Public Policy Gov,0.00,1.00,1.00,0,1,,1,,,,,,,,,,,A10044:U10044,
10043,2730-7034,,Epigenetics Commun,0.00,1.00,0.00,0,1,,,,1,,,,,,,,,A10045:U10045,
10044,2730-7239,1.12,Discov Internet Things,0.00,1.00,0.00,0,1,,,,,1,,,,,,,,A10046:U10046,
10045,2730-7719,,Discov Energy,0.00,1.00,0.00,0,1,,,,,,,,1,,,,,A10047:U10047,
10046,2731-4235,0.42,Adv Contin Discret Model,0.00,1.00,1.00,0,1,,,1,,,,,,,,,,A10048:U10048,
10047,2731-4286,0.57,Discov Food,0.00,1.00,0.00,0,1,,,,,,,,1,,,,,A10049:U10049,
10048,2731-4529,0.7,Holist Integr Oncol,0.00,1.00,0.00,0,1,,,,1,,,,,,,,,A10050:U10050,
10049,2731-4537,0.48,Discov Psychol,0.00,1.00,1.00,0,1,,1,,,,,,,,,,,A10051:U10051,
10050,2731-5398,1.89,Mach Intell Res,0.00,1.00,1.00,0,1,,,,,,,1,,,,,,A10052:U10052,
10051,2731-6963,1.1,Urban Inform,0.00,1.00,0.00,0,1,,,,,,1,,,,,,,A10053:U10053,
10052,2731-8117,,Discov Anal,0.00,1.00,0.00,0,1,,,1,,,,,,,,,,A10054:U10054,
10053,2731-8400,0.51,High Temp Corros Mater,0.00,1.00,0.00,0,1,,,,,1,,,,,,,,A10055:U10055,
10054,2731-9970,,One Health Adv,0.00,1.00,0.00,0,1,,,,,,,1,,,,,,A10056:U10056,
10055,2732-4745,,Incl Pract,0.00,1.00,0.00,0,1,1,,,,,,,,,,,,A10057:U10057,
10056,2732-5016,0.2,FACE (Thousand Oaks),0.00,1.00,1.00,0,1,,,,,,,,1,,,,,A10058:U10058,
10057,2737-4173,0.28,J Comput Biophys Chem,0.00,1.00,1.00,0,1,,1,,,,,,,,,,,A10059:U10059,
10058,2750-2562,,Cult Text,0.00,1.00,1.00,0,1,,,,,,1,,,,,,,A10060:U10060,
10059,2751-4765,,ChemistryEurope,0.00,1.00,0.00,0,1,,,1,,,,,,,,,,A10061:U10061,
10060,2751-7446,3.67,BMEmat,0.00,1.00,1.00,0,1,,,1,,,,,,,,,,A10062:U10062,
10061,2752-5724,2.34,Mater Futur,0.00,1.00,1.00,0,1,,,,,1,,,,,,,,A10063:U10063,
10062,2752-9460,,Res Dir One Health,0.00,1.00,1.00,0,1,,,,,,,,1,,,,,A10064:U10064,
10063,2753-6955,,Microbiota Host,0.00,1.00,0.00,0,1,,,,,,,1,,,,,,A10065:U10065,
10064,2753-7919,,Br J Healthc Med Res,0.00,1.00,0.00,0,1,,,,,1,,,,,,,,A10066:U10066,
10065,2753-8699,,Possib Stud Soc,0.00,1.00,1.00,0,1,,,,,1,,,,,,,,A10067:U10067,
10066,2753-8702,,DIY Altern Cult Soc,0.00,1.00,1.00,0,1,,,,1,,,,,,,,,A10068:U10068,
10067,2754-5849,,RPS Pharm Pharmacol Rep,0.00,1.00,1.00,0,1,,,,,1,,,,,,,,A10069:U10069,
10068,2755-113X,,Touch Rev Infect Dis,0.00,1.00,0.00,0,1,,,1,,,,,,,,,,A10070:U10070,
10069,2766-2276,,J Biomed Res Environ Sci,0.00,1.00,0.00,0,1,,,,,,1,,,,,,,A10071:U10071,
10070,2767-7761,,IEEE MTT-S Int Microw Biomed Conf,0.00,1.00,0.00,0,1,,,,,,1,,,,,,,A10072:U10072,
10071,2768-0770,,Control Technol Appl,0.00,1.00,0.00,0,1,,,,,,1,,,,,,,A10073:U10073,
10072,2768-4911,,Biomed Transl Sci,0.00,1.00,0.00,0,1,,,,,,,,1,,,,,A10074:U10074,
10073,2768-6655,0.39,Explor Immunol,0.00,1.00,1.00,0,1,,,1,,,,,,,,,,A10075:U10075,
10074,2768-7228,,Reprod Female Child Health,0.00,1.00,1.00,0,1,,,,,,,1,,,,,,A10076:U10076,
10075,2769-4534,,IEEE Int Conf Soft Robot,0.00,1.00,0.00,0,1,1,,,,,,,,,,,,A10077:U10077,
10076,2769-6448,1.5,MedComm Oncol,0.00,1.00,1.00,0,1,,,,,1,,,,,,,,A10078:U10078,
10077,2770-5846,0.65,Portal Hypertens Cirrhosis,0.00,1.00,0.00,0,1,,,,,,,1,,,,,,A10079:U10079,
10078,2770-7571,,Cogent Public Health,0.00,1.00,1.00,0,1,,,,1,,,,,,,,,A10080:U10080,
10079,2770-9019,1.02,APL Mach Learn,0.00,1.00,1.00,0,1,1,,,,,,,,,,,,A10081:U10081,
10080,2771-2893,0.39,Rare Dis Orphan Drug J,0.00,1.00,1.00,0,1,,1,,,,,,,,,,,A10082:U10082,
10081,2771-5949,1.05,J Environ Expo Assess,0.00,1.00,0.00,0,1,,,,1,,,,,,,,,A10083:U10083,
10082,2771-6538,,IEEE Workshop Vis Anal Healthc,0.00,1.00,0.00,0,1,,,,,,,1,,,,,,A10084:U10084,
10083,2771-9014,,J Biotechnol Appl,0.00,1.00,0.00,0,1,,,,,,,1,,,,,,A10085:U10085,
10084,2771-9553,,IEEE Vis Conf,0.00,1.00,1.00,0,1,,,,,,1,,,,,,,A10086:U10086,
10085,2772-4158,0.51,J Comput Math Data Sci,0.00,1.00,0.00,0,1,,1,,,,,,,,,,,A10087:U10087,
10086,2772-4425,1.6,Healthc Anal (N Y),0.00,1.00,0.00,0,1,,1,,,,,,,,,,,A10088:U10088,
10087,2772-6525,,Res Diagn Interv Imaging,0.00,1.00,0.00,0,1,1,,,,,,,,,,,,A10089:U10089,
10088,2772-655X,0.93,World Dev Sustain,0.00,1.00,1.00,0,1,,,,,,,1,,,,,,A10090:U10090,
10089,2772-6878,0.15,Ann Vasc Surg Brief Rep Innov,0.00,1.00,1.00,0,1,,,,1,,,,,,,,,A10091:U10091,
10090,2773-157X,0.18,J Orthop Rep,0.00,1.00,0.00,0,1,,,,,,,,1,,,,,A10092:U10092,
10091,2773-2320,,JEM Rep,0.00,1.00,1.00,0,1,,,,1,,,,,,,,,A10093:U10093,
10092,2785-5309,0.16,Bleeding Thromb Vasc Biol,0.00,1.00,0.00,0,1,,,,,1,,,,,,,,A10094:U10094,
10093,2796-0072,,Eur J Artif Intell Mach Learn,0.00,1.00,0.00,0,1,,1,,,,,,,,,,,A10095:U10095,
10094,2804-3871,0.92,Peer Community J,0.00,1.00,1.00,0,1,,,,1,,,,,,,,,A10096:U10096,
10095,2810-9007,0.41,Innov Emerg Technol,0.00,1.00,1.00,0,1,1,,,,,,,,,,,,A10097:U10097,
10096,2810-9635,0.62,Mater Sci Addit Manuf,0.00,1.00,1.00,0,1,1,,,,,,,,,,,,A10098:U10098,
10097,2811-0021,,Glob Transl Med,0.00,1.00,1.00,0,1,,,,,1,,,,,,,,A10099:U10099,
10098,2811-003X,,Gene Protein Dis,0.00,1.00,1.00,0,1,,,,,1,,,,,,,,A10100:U10100,
10099,2813-0227,0.39,Zoonotic Dis,0.00,1.00,1.00,0,1,,1,,,,,,,,,,,A10101:U10101,
10100,2813-0618,0.35,Pharmacoepidemiology,0.00,1.00,1.00,0,1,,1,,,,,,,,,,,A10102:U10102,
10101,2813-141X,0.45,Int Med Educ,0.00,1.00,1.00,0,1,,,,,,,1,,,,,,A10103:U10103,
10102,2813-2181,,Front Quantum Sci Technol,0.00,1.00,0.00,0,1,,,,,,1,,,,,,,A10104:U10104,
10103,2813-2882,,Future (Basel),0.00,1.00,0.00,0,1,,,,,,1,,,,,,,A10105:U10105,
10104,2813-3315,,Front Imaging,0.00,1.00,0.00,0,1,1,,,,,,,,,,,,A10106:U10106,
10105,2813-3749,,Front Biomater Sci,0.00,1.00,0.00,0,1,,,,,,,,1,,,,,A10107:U10107,
10106,2813-4699,,Front Mamm Sci,0.00,1.00,0.00,0,1,,,,,1,,,,,,,,A10108:U10108,
10107,2813-530X,0.44,Front Chem Biol,0.00,1.00,0.00,0,1,,,,1,,,,,,,,,A10109:U10109,
10108,2813-5563,,Front Cell Death,0.00,1.00,0.00,0,1,,,1,,,,,,,,,,A10110:U10110,
10109,2813-558X,0.5,Front Environ Health,0.00,1.00,0.00,0,1,,,,,,,1,,,,,,A10111:U10111,
10110,2813-5806,,Anesth Res,0.00,1.00,1.00,0,1,1,,,,,,,,,,,,A10112:U10112,
10111,2813-6330,,Front Sci,0.00,1.00,0.00,0,1,,1,,,,,,,,,,,A10113:U10113,
10112,2813-7116,,Front RNA Res,0.00,1.00,0.00,0,1,,,,,1,,,,,,,,A10114:U10114,
10113,2813-7183,,Front Biophys,0.00,1.00,0.00,0,1,,1,,,,,,,,,,,A10115:U10115,
10114,2813-7302,,Front Disaster Emerg Med,0.00,1.00,0.00,0,1,,,,1,,,,,,,,,A10116:U10116,
10115,2813-7396,,Front Malar,0.00,1.00,0.00,0,1,1,,,,,,,,,,,,A10117:U10117,
10116,2813-7876,0.6,Front Soc Psychol,0.00,1.00,0.00,0,1,1,,,,,,,,,,,,A10118:U10118,
10117,2813-835X,,Front Cancer Control Soc,0.00,1.00,0.00,0,1,,,,,,1,,,,,,,A10119:U10119,
10118,2813-883X,,Front Musculoskelet Disord,0.00,1.00,0.00,0,1,,,,,,,,1,,,,,A10120:U10120,
10119,2813-8856,,Laboratories,0.00,1.00,1.00,0,1,,,,1,,,,,,,,,A10121:U10121,
10120,2813-9054,0.21,Acta Microbiol Hell,0.00,1.00,0.00,0,1,,,,,,1,,,,,,,A10122:U10122,
10121,2816-7414,,J City Clim Policy Econ,0.00,1.00,0.00,0,1,,,,1,,,,,,,,,A10123:U10123,
10122,2818-4734,,Syst Control Trans,0.00,1.00,0.00,0,1,,,,,1,,,,,,,,A10124:U10124,
10123,2831-3690,,Int Symp Med Robot,0.00,1.00,0.00,0,1,,,,,,1,,,,,,,A10125:U10125,
10124,2832-8280,,JOSPT Open,0.00,1.00,0.00,0,1,,,,,,1,,,,,,,A10126:U10126,
10125,2832-8469,0.4,ASME J Heat Mass Transf,0.00,1.00,0.00,0,1,,,,,,1,,,,,,,A10127:U10127,
10126,2833-1141,,J Cell Mol Immunol,0.00,1.00,0.00,0,1,,,,,,,1,,,,,,A10128:U10128,
10127,2833-6321,,Explor Dig Dis,0.00,1.00,1.00,0,1,,,,1,,,,,,,,,A10129:U10129,
10128,2834-457X,,J Disaster Stud,0.00,1.00,0.00,0,1,,,,1,,,,,,,,,A10130:U10130,
10129,2834-7714,,Organelle,0.00,1.00,0.00,0,1,,,,,,,1,,,,,,A10131:U10131,
10130,2836-208X,,IEEE Trans Priv,0.00,1.00,1.00,0,1,1,,,,,,,,,,,,A10132:U10132,
10131,2836-7499,,J Mil Soc Work Behav Health Serv,0.00,1.00,1.00,0,1,,,,,,1,,,,,,,A10133:U10133,
10132,2836-8525,,Clin Med Res Stud,0.00,1.00,0.00,0,1,,1,,,,,,,,,,,A10134:U10134,
10133,2836-9211,0.44,Sci Tradit Chin Med,0.00,1.00,0.00,0,1,,,,1,,,,,,,,,A10135:U10135,
10134,2837-1739,0.52,Adv Comput Sci Eng,0.00,1.00,0.00,0,1,,1,,,,,,,,,,,A10136:U10136,
10135,2837-3219,,Clin Neuroimaging (Hoboken),0.00,1.00,0.00,0,1,,,,,1,,,,,,,,A10137:U10137,
10136,2837-4010,0.19,Acad Biol,0.00,1.00,0.00,0,1,,,,,,,1,,,,,,A10138:U10138,
10137,2837-4940,,Int Conf Smart Appl Commun Netw,0.00,1.00,0.00,0,1,1,,,,,,,,,,,,A10139:U10139,
10138,2837-5076,,Explor Asthma Allergy,0.00,1.00,0.00,0,1,1,,,,,,,,,,,,A10140:U10140,
10139,2837-8830,,PLOS Complex Syst,0.00,1.00,0.00,0,1,,,,,1,,,,,,,,A10141:U10141,
10140,2943-9981,,Adv Intell Discov,0.00,1.00,1.00,0,1,,1,,,,,,,,,,,A10142:U10142,
10141,2948-1368,0.6,Data Sci Transp,0.00,1.00,1.00,0,1,,,,,1,,,,,,,,A10143:U10143,
10142,2948-1554,,Discov Atmos,0.00,1.00,0.00,0,1,,1,,,,,,,,,,,A10144:U10144,
10143,2948-1562,,Discov Ocean,0.00,1.00,0.00,0,1,,,,1,,,,,,,,,A10145:U10145,
10144,2948-1589,,Discov Geosci,0.00,1.00,0.00,0,1,,,,,1,,,,,,,,A10146:U10146,
10145,2948-1597,,Comput Sci Eng (Cham),0.00,1.00,1.00,0,1,,,,,,1,,,,,,,A10147:U10147,
10146,2948-1627,,Sustain Nexus Forum,0.00,1.00,1.00,0,1,,,1,,,,,,,,,,A10148:U10148,
10147,2949-6683,0.22,WFUMB Ultrasound Open,0.00,1.00,0.00,0,1,,1,,,,,,,,,,,A10149:U10149,
10148,2949-8244,0.59,Food Humanit,0.00,1.00,1.00,0,1,,,,,,,1,,,,,,A10150:U10150,
10149,2949-8775,,Meas Eval Cancer Care,0.00,1.00,0.00,0,1,,,,,1,,,,,,,,A10151:U10151,
10150,2949-8821,,Comput Hum Behav Artif Hum,0.00,1.00,0.00,0,1,,,,,1,,,,,,,,A10152:U10152,
10151,2949-9151,0.49,IJID One Health,0.00,1.00,0.00,0,1,,,,,1,,,,,,,,A10153:U10153,
10152,2949-9216,,Brain Organoid Syst Neurosci J,0.00,1.00,1.00,0,1,,,,,,,1,,,,,,A10154:U10154,
10153,2949-9283,2.08,Hlife,0.00,1.00,0.00,0,1,1,,,,,,,,,,,,A10155:U10155,
10154,2949-9690,,JAPhA Pract Innov,0.00,1.00,0.00,0,1,,,,1,,,,,,,,,A10156:U10156,
10155,2950-0087,0.28,Rare,0.00,1.00,0.00,0,1,,,,,,,1,,,,,,A10157:U10157,
10156,2950-2004,,Pharmacol Res Rep,0.00,1.00,0.00,0,1,1,,,,,,,,,,,,A10158:U10158,
10157,2950-3051,1.6,Environ Pollut Manag,0.00,1.00,0.00,0,1,,,,,1,,,,,,,,A10159:U10159,
10158,2950-3078,,Arch Gerontol Geriatr Plus,0.00,1.00,1.00,0,1,,,,,1,,,,,,,,A10160:U10160,
10159,2950-3639,,Comput Struct Biotechnol Rep,0.00,1.00,0.00,0,1,,,,1,,,,,,,,,A10161:U10161,
10160,2950-5518,,J Mot Control Learn,0.00,1.00,0.00,0,1,,,,,,1,,,,,,,A10162:U10162,
10161,2950-5534,,JCA Adv,0.00,1.00,0.00,0,1,1,,,,,,,,,,,,A10163:U10163,
10162,2951-9853,,Afr J Bioeth,0.00,1.00,1.00,0,1,,,,1,,,,,,,,,A10164:U10164,
10163,2952-8526,,J Biomed Syst Emerg Technol,0.00,1.00,0.00,0,1,,,,,1,,,,,,,,A10165:U10165,
10164,2958-6526,,J Soc Health Sci,0.00,1.00,0.00,0,1,,,,1,,,,,,,,,A10166:U10166,
10165,2959-5150,,Innov Discov,0.00,1.00,0.00,0,1,,,1,,,,,,,,,,A10167:U10167,
10166,2960-0391,,J Metab Health,0.00,1.00,1.00,0,1,,,,1,,,,,,,,,A10168:U10168,
10167,2972-4392,,Adv Radiother Nucl Med,0.00,1.00,1.00,0,1,,1,,,,,,,,,,,A10169:U10169,
10168,2972-4570,,Glob Health Econ Sustain,0.00,1.00,0.00,0,1,,,,,,,,1,,,,,A10170:U10170,
10169,2974-3257,,HPB Cancer Int,0.00,1.00,1.00,0,1,,,,,,,,1,,,,,A10171:U10171,
10170,2976-5293,,Camb Prism Drylands,0.00,1.00,1.00,0,1,,,,,,,1,,,,,,A10172:U10172,
10171,2976-7202,,J Glob Ageing,0.00,1.00,0.00,0,1,,,,1,,,,,,,,,A10173:U10173,
10172,2976-8675,0.38,Ther Adv Pulm Crit Care Med,0.00,1.00,1.00,0,1,,,1,,,,,,,,,,A10174:U10174,
10173,2977-0173,,Public Humanit,0.00,1.00,1.00,0,1,,,,,1,,,,,,,,A10175:U10175,
10174,2977-3504,,Sustain Sci Technol,0.00,1.00,1.00,0,1,,,,,1,,,,,,,,A10176:U10176,
10175,2977-7488,,Glob Perspect Nutr,0.00,1.00,1.00,0,1,,,,,,,1,,,,,,A10177:U10177,
10176,2978-8293,,Bioconjugate Insights,0.00,1.00,1.00,0,1,,,,,,1,,,,,,,A10178:U10178,
10177,2978-882X,,Wellbeing Futures,0.00,1.00,0.00,0,1,,,,1,,,,,,,,,A10179:U10179,
10178,2982-3439,,Trans Artif Intell,0.00,1.00,0.00,0,1,,,1,,,,,,,,,,A10180:U10180,
10179,2982-3463,,Work Health,0.00,1.00,0.00,0,1,,1,,,,,,,,,,,A10181:U10181,
10180,2990-8779,,Neuropharmacol Ther,0.00,1.00,0.00,0,1,,,,,,,,1,,,,,A10182:U10182,
10181,2993-0928,,AI Precis Oncol,0.00,1.00,0.00,0,1,,,,,,1,,,,,,,A10183:U10183,
10182,2993-303X,,Sex Gend Divers Soc Serv,0.00,1.00,0.00,0,1,,,1,,,,,,,,,,A10184:U10184,
10183,2994-1393,,Liver Int Commun,0.00,1.00,1.00,0,1,,,,,,,,1,,,,,A10185:U10185,
10184,2994-175X,,Organ Med,0.00,1.00,0.00,0,1,,,,,,1,,,,,,,A10186:U10186,
10185,2994-7324,,J Micro Nano Sci Eng,0.00,1.00,0.00,0,1,,,,,,,1,,,,,,A10187:U10187,
10186,2994-8452,,Beijing J Pure Appl Math,0.00,1.00,0.00,0,1,,,1,,,,,,,,,,A10188:U10188,
10187,2994-8754,,J Transl Gastroenterol,0.00,1.00,1.00,0,1,,1,,,,,,,,,,,A10189:U10189,
10188,2995-7478,,IEEE Sens Rev,0.00,1.00,1.00,0,1,,,,,,1,,,,,,,A10190:U10190,
10189,2996-1017,,Int Conf Future Internet Things Cloud,0.00,0.00,1.00,0,1,,1,,,,,,,,,,,A10191:U10191,
10190,2996-1394,,JCSM Commun,0.00,1.00,1.00,0,1,1,,,,,,,,,,,,A10192:U10192,
10191,2996-6647,,IEEE Trans Circuits Syst Artif Intell,0.00,1.00,0.00,0,1,1,,,,,,,,,,,,A10193:U10193,
10192,2996-900X,,Int J LGBTQ+ Youth Stud,0.00,1.00,1.00,0,1,,,,1,,,,,,,,,A10194:U10194,
10193,2997-2671,,Psychedelics (N Y),0.00,1.00,1.00,0,1,,,,,,,1,,,,,,A10195:U10195,
10194,2997-2876,,SMART MD J Precis Med,0.00,1.00,0.00,0,1,,,,,,,1,,,,,,A10196:U10196,
10195,2997-4100,,J Psychol AI,0.00,1.00,1.00,0,1,,,,,1,,,,,,,,A10197:U10197,
10196,2997-4720,,Eng J (N Y),0.00,1.00,0.00,0,1,,,,,1,,,,,,,,A10198:U10198,
10197,2997-8874,,Sens Neurosci,0.00,1.00,1.00,0,1,,,,,,,,1,,,,,A10199:U10199,
10198,2997-9668,0.39,Justice Oppor Rehabil,0.00,1.00,1.00,0,1,,,,1,,,,,,,,,A10200:U10200,
10199,2997-9676,,Stat Data Sci Imaging,0.00,1.00,1.00,0,1,1,,,,,,,,,,,,A10201:U10201,
10200,2997-9811,,DNA Cell Biol Rep,0.00,1.00,0.00,0,1,,,,1,,,,,,,,,A10202:U10202,
10201,2998-4173,,IEEE Trans Audio Speech Lang Process (2025),0.00,1.00,0.00,0,1,,,1,,,,,,,,,,A10203:U10203,
10202,2998-6702,,Diabetes Technol Obes Med,0.00,1.00,0.00,0,1,,,,,1,,,,,,,,A10204:U10204,
10203,3004-8621,,NPJ Adv Manuf,0.00,1.00,0.00,0,1,,1,,,,,,,,,,,A10205:U10205,
10204,3004-8648,,Biosci Nanotechnol,0.00,1.00,0.00,0,1,,,,,,1,,,,,,,A10206:U10206,
10205,3004-8680,,Moore More,0.00,1.00,1.00,0,1,,,1,,,,,,,,,,A10207:U10207,
10206,3004-8710,,BMC Environ Sci,0.00,1.00,0.00,0,1,,,,,,,,1,,,,,A10208:U10208,
10207,3004-9377,,Discov Polym,0.00,1.00,0.00,0,1,,,1,,,,,,,,,,A10209:U10209,
10208,3004-9784,,Discov Conserv,0.00,1.00,1.00,0,1,1,,,,,,,,,,,,A10210:U10210,
10209,3004-9814,,Vet Oncol,0.00,1.00,0.00,0,1,,,,,,,1,,,,,,A10211:U10211,
10210,3005-0677,,Nat Rev Biodivers,0.00,1.00,1.00,0,1,,,1,,,,,,,,,,A10212:U10212,
10211,3005-0715,,Poult Sci Manag,0.00,1.00,0.00,0,1,,,,,,1,,,,,,,A10213:U10213,
10212,3005-1185,,Discov Immun,0.00,1.00,1.00,0,1,,,,,,,1,,,,,,A10214:U10214,
10213,3005-1207,,Discov Plants,0.00,1.00,1.00,0,1,,,,1,,,,,,,,,A10215:U10215,
10214,3005-1215,,Discov Electrochem,0.00,1.00,0.00,0,1,,,,1,,,,,,,,,A10216:U10216,
10215,3005-1746,,J Disaster Sci Manag (Singap),0.00,1.00,0.00,0,1,,,,1,,,,,,,,,A10217:U10217,
10216,3005-1835,,Discov Pharm Sci,0.00,1.00,0.00,0,1,,,,,,,1,,,,,,A10218:U10218,
10217,3005-1851,,Discov Sens,0.00,1.00,0.00,0,1,,,1,,,,,,,,,,A10219:U10219,
10218,3005-1932,,BMC Agric,0.00,1.00,0.00,0,1,,,1,,,,,,,,,,A10220:U10220,
10219,3006-3906,,Cardiovasc Sci,0.00,1.00,0.00,0,1,1,,,,,,,,,,,,A10221:U10221,
10220,3029-276X,,Appl Psychol Res,0.00,1.00,1.00,0,1,,,,1,,,,,,,,,A10222:U10222,
10221,3033-3563,,Obes Endocrinol,0.00,1.00,0.00,0,1,,,,,,1,,,,,,,A10223:U10223,
10222,3033-3717,,Sex Sex,0.00,1.00,1.00,0,1,,,,,1,,,,,,,,A10224:U10224,
10223,3033-3997,,J Crit Public Health,0.00,1.00,1.00,0,1,,,,,,1,,,,,,,A10225:U10225,
10224,3035-5478,,Surg Geriatr Frailty,0.00,1.00,0.00,0,1,1,,,,,,,,,,,,A10226:U10226,
10225,3035-692X,,J Community Syst Health,0.00,1.00,1.00,0,1,,,,,,1,,,,,,,A10227:U10227,
10226,3042-6693,,Fam Sci (Basel),0.00,1.00,1.00,0,1,,,,,,1,,,,,,,A10228:U10228,
10227,3042-7614,,Precis Oncol,0.00,1.00,1.00,0,1,,,,,1,,,,,,,,A10229:U10229,
10228,3049-575X,,BMJ Digit Health Ai,0.00,1.00,1.00,0,1,,,,,,,1,,,,,,A10230:U10230,
10229,3049-5784,,BMJ Connect Oncol,0.00,1.00,1.00,0,1,,,1,,,,,,,,,,A10231:U10231,
10230,3049-7108,,Adv Soc Sci Manag,0.00,1.00,1.00,0,1,,,,1,,,,,,,,,A10232:U10232,
10231,3049-7442,,Environ Endocrinol,0.00,1.00,1.00,0,1,,1,,,,,,,,,,,A10233:U10233,
10232,3050-4562,,Mass Gather Med,0.00,1.00,0.00,0,1,,,,,,1,,,,,,,A10234:U10234,
10233,3050-5798,,Res Neurodivers,0.00,1.00,0.00,0,1,,,,,,1,,,,,,,A10235:U10235,
10234,3051-0597,,J Hazard Mater Org,0.00,1.00,1.00,0,1,,,,,,,1,,,,,,A10236:U10236,
10235,3051-1720,,Gut Microbiol,0.00,1.00,0.00,0,1,,,,,,,1,,,,,,A10237:U10237,
10236,3059-2232,,Npj Clean Energy,0.00,1.00,0.00,0,1,,,,,,1,,,,,,,A10238:U10238,
10237,3059-2933,,Perform Nutr,0.00,1.00,0.00,0,1,,,,1,,,,,,,,,A10239:U10239,
10238,3059-3042,0.84,Int J Cogn Behav Ther,0.00,1.00,0.00,0,1,,,,1,,,,,,,,,A10240:U10240,
10239,3059-3247,0.47,Discov Dev Biol,0.00,1.00,0.00,0,1,,,,,,1,,,,,,,A10241:U10241,
10240,3059-3263,,NPJ Soft Matter,0.00,1.00,0.00,0,1,,,,,,1,,,,,,,A10242:U10242,
10241,3059-3271,,NPJ Environ Soc Sci,0.00,1.00,0.00,0,1,,,,,,1,,,,,,,A10243:U10243,
10242,3059-3298,,Npj Entomol,0.00,1.00,0.00,0,1,,,,,,,,1,,,,,A10244:U10244,
10243,3059-3492,,Math Found Mach Learn,0.00,1.00,0.00,0,1,,,,,1,,,,,,,,A10245:U10245,
10244,3059-3697,,BMC Plast Reconstr Surg,0.00,1.00,1.00,0,1,,1,,,,,,,,,,,A10246:U10246,
10245,3059-3735,,NPJ Energy Mater,0.00,1.00,0.00,0,1,,,,,,,,1,,,,,A10247:U10247,
10246,3059-4529,,Discov Quantum Sci,0.00,1.00,0.00,0,1,,,1,,,,,,,,,,A10248:U10248,
10247,3059-4979,,BMC Mar Sci,0.00,1.00,0.00,0,1,,,,,,,,1,,,,,A10249:U10249,
10248,3065-2693,,Asian Heart J,0.00,1.00,1.00,0,1,,1,,,,,,,,,,,A10250:U10250,
10249,3065-5102,,J Sex Health AIDS Res,0.00,1.00,0.00,0,1,,,,1,,,,,,,,,A10251:U10251,
10250,3065-7660,,Anim Adv,0.00,1.00,0.00,0,1,,,,,,,,1,,,,,A10252:U10252,
10251,3065-8195,,JOSPT Methods,0.00,1.00,0.00,0,1,,,,,,,1,,,,,,A10253:U10253,
10252,3065-8942,,Int J Phys Medicat Rehabil,0.00,1.00,0.00,0,1,,1,,,,,,,,,,,A10254:U10254,
10253,3066-4608,,RNA Nanomed,0.00,1.00,0.00,0,1,,,,1,,,,,,,,,A10255:U10255,
10254,3066-9200,,Glob Chang Biol Commun,0.00,1.00,0.00,0,1,,,,,1,,,,,,,,A10256:U10256,
10255,3067-1132,,J Cell Neurosci,0.00,1.00,0.00,0,1,,,,,,,1,,,,,,A10257:U10257,
10256,3067-1345,,Acad Nutr Diet,0.00,1.00,0.00,0,1,,,,,,,1,,,,,,A10258:U10258,
10257,3067-2767,,Inew Med,0.00,1.00,0.00,0,1,,,,,1,,,,,,,,A10259:U10259,
10258,3067-3011,,Educ Psychol Policy Pract,0.00,1.00,0.00,0,1,,,,,,1,,,,,,,A10260:U10260,
10259,3070-3530,,Acad Med Health,0.00,1.00,0.00,0,1,,,1,,,,,,,,,,A10261:U10261,
10260,3071-0324,,Acad Glob Public Health,0.00,1.00,0.00,0,1,,,,,,,1,,,,,,A10262:U10262,
10261,3079-2754,,Int J Environ Epidemiol,0.00,0.00,1.00,0,1,,,,,1,,,,,,,,A10263:U10263,
10262,3082-849X,,Eng Sci Addit Manuf,0.00,1.00,0.00,0,1,1,,,,,,,,,,,,A10264:U10264,
10263,3091-292X,,Commun AI Comput,0.00,1.00,0.00,0,1,,,,,,,,1,,,,,A10265:U10265,
10264,3091-3241,,Metabologia,0.00,1.00,1.00,0,1,,,,,1,,,,,,,,A10266:U10266,
10265,3091-3276,,Uterine Res,0.00,1.00,1.00,0,1,,,,,,,,1,,,,,A10267:U10267,
10266,3091-3322,,Ethics Soc,0.00,1.00,1.00,0,1,,,,,1,,,,,,,,A10268:U10268,
10267,3091-3721,,Adv Mater Join,0.00,1.00,0.00,0,1,,,,,,1,,,,,,,A10269:U10269,
10268,3091-4507,,J Adv Signal Process,0.00,1.00,0.00,0,1,,,,,,,,1,,,,,A10270:U10270,
10269,3107-0361,,IJTLD Chronic Respir Dis,0.00,1.00,0.00,0,1,,,,1,,,,,,,,,A10271:U10271,
10270,3117-3470,,Trends Open,0.00,1.00,0.00,0,1,,,,,,,,1,,,,,A10272:U10272,
10271,3117-6666,,J Atheroscler Prev Treat,0.00,1.00,0.00,0,1,,,,1,,,,,,,,,A10273:U10273,
10272,3120-4082,,Creat Influ Stud,0.00,1.00,1.00,0,1,,,,,,,,1,,,,,A10274:U10274,
10273,3135-4920,,Arch ISPRM,0.00,1.00,0.00,0,1,,,,,,,1,,,,,,A10275:U10275,
10274,3141-7094,,Adv Transl Res,0.00,1.00,1.00,0,1,,,,,,1,,,,,,,A10276:U10276,
10275,8755-4615,0.9,Comput Compos,0.00,0.00,0.00,0,1,1,,,,,,,,,,,,A10277:U10277,
10276,NLM101550260,,Proc Int Conf Mach Learn Appl,0.00,1.00,0.00,0,1,,,,1,,,,,,,,,A10278:U10278,
10277,NLM101577951,,Proc ACM Int Conf Ubiquitous Comput,0.00,1.00,0.00,0,1,1,,,,,,,,,,,,A10279:U10279,
10278,NLM101582521,,Proc ACM Int Conf Multimed,0.00,1.00,0.00,0,1,,,,1,,,,,,,,,A10280:U10280,
10279,NLM101591751,,Proc Conf,0.00,1.00,0.00,0,1,,1,,,,,,,,,,,A10281:U10281,
10280,NLM101604142,,CSCW Conf Comput Support Coop Work,0.00,1.00,1.00,0,1,1,,,,,,,,,,,,A10282:U10282,
10281,NLM101607840,,Cogsci,0.00,1.00,0.00,0,1,,,1,,,,,,,,,,A10283:U10283,
10282,NLM101615119,,Tex Public Health J,0.00,1.00,0.00,0,1,,,,,1,,,,,,,,A10284:U10284,
10283,NLM101622799,,J Neurol Disord Stroke,0.00,1.00,0.00,0,1,,,1,,,,,,,,,,A10285:U10285,
10284,NLM101639963,,Proc USENIX Secur Symp,0.00,1.00,0.00,0,1,,,1,,,,,,,,,,A10286:U10286,
10285,NLM101640180,,LREC Int Conf Lang Resour Eval,0.00,1.00,0.00,0,1,,,,,,,1,,,,,,A10287:U10287,
10286,NLM101640493,,J Emerg Investig,0.00,1.00,0.00,0,1,,,,1,,,,,,,,,A10288:U10288,
10287,NLM101641981,,Mach Learn Med Imaging,0.00,1.00,0.00,0,1,1,,,,,,,,,,,,A10289:U10289,
10288,NLM101644125,,Comput Help People Spec Needs,0.00,1.00,1.00,0,1,,,,,,,,1,,,,,A10290:U10290,
10289,NLM101649720,,Proc Int World Wide Web Conf,0.00,1.00,0.00,0,1,,,1,,,,,,,,,,A10291:U10291,
10290,NLM101652633,,Ann Gerontol Geriatr Res,0.00,1.00,0.00,0,1,,,,,1,,,,,,,,A10292:U10292,
10291,NLM101656132,,Biomed Image Regist Proc,0.00,1.00,0.00,0,1,,,,,,1,,,,,,,A10293:U10293,
10292,NLM101656249,,Mach Learn Knowl Discov Databases,0.00,1.00,0.00,0,1,,,,1,,,,,,,,,A10294:U10294,
10293,NLM101681066,,Clin Image Based Proced,0.00,1.00,0.00,0,1,,,,,,,1,,,,,,A10295:U10295,
10294,NLM101692031,,Int Conf Pervasive Technol Relat Assist Environ,0.00,1.00,1.00,0,1,,,1,,,,,,,,,,A10296:U10296,
10295,NLM101692752,,Neurology (ECronicon),0.00,1.00,0.00,0,1,,,1,,,,,,,,,,A10297:U10297,
10296,NLM101693740,,J Oncol Transl Res,0.00,1.00,0.00,0,1,,1,,,,,,,,,,,A10298:U10298,
10297,NLM101709716,,DIS (Des Interact Syst Conf),0.00,1.00,1.00,0,1,,,1,,,,,,,,,,A10299:U10299,
10298,NLM101712928,,Bull Tech Comm Data Eng,0.00,1.00,0.00,0,1,,,1,,,,,,,,,,A10300:U10300,
10299,NLM101718979,,Proc Int Conf Embed Netw Sens Syst,0.00,1.00,0.00,0,1,1,,,,,,,,,,,,A10301:U10301,
10300,NLM101732989,,FDG,0.00,1.00,0.00,0,1,,,,,,,,1,,,,,A10302:U10302,
10301,NLM101733757,,EC Pulmonol Respir Med,0.00,1.00,0.00,0,1,,,1,,,,,,,,,,A10303:U10303,
10302,NLM101735486,,EC Psychol Psychiatr,0.00,1.00,0.00,0,1,,,,,1,,,,,,,,A10304:U10304,
10303,NLM101737743,,Acta Sci Cancer Biol,0.00,1.00,0.00,0,1,,,1,,,,,,,,,,A10305:U10305,
10304,NLM101738801,,EC Gynaecol,0.00,1.00,0.00,0,1,,,,,,1,,,,,,,A10306:U10306,
10305,NLM101740388,,Int J Cerebrovasc Dis Stroke,0.00,1.00,0.00,0,1,,,,,1,,,,,,,,A10307:U10307,
10306,NLM101750769,,Artif Intell Med Conf Artif Intell Med (2005-),0.00,1.00,1.00,0,1,,,,1,,,,,,,,,A10308:U10308,
10307,NLM101758324,,Domain Adapt Represent Transf Med Image Learn Less Labels Imperfect Data (2019),0.00,1.00,0.00,0,1,,,,,,,1,,,,,,A10309:U10309,
10308,NLM101766207,,BMVC,0.00,1.00,0.00,0,1,,,,1,,,,,,,,,A10310:U10310,
10309,NLM101772568,,Predict Intell Med,0.00,1.00,0.00,0,1,,,,1,,,,,,,,,A10311:U10311,
10310,NLM101773120,,Biomed Opt,0.00,1.00,0.00,0,1,,,,,,1,,,,,,,A10312:U10312,
10311,NLM101775555,,Arch Stem Cell Ther,0.00,1.00,0.00,0,1,1,,,,,,,,,,,,A10313:U10313,
10312,NLM9918248413506676,,JEMS Exclus,0.00,1.00,0.00,0,1,,,1,,,,,,,,,,A10314:U10314,
10313,NLM9918316187806676,,Phys Ther J Policy Adm Leadersh,0.00,1.00,0.00,0,1,,,1,,,,,,,,,,A10315:U10315,
10314,NLM9918351281806676,,Proc AAAI ACM Conf AI Ethics Soc,0.00,1.00,0.00,0,1,,,,1,,,,,,,,,A10316:U10316,
10315,NLM9918402383506676,,Ann Public Health Epidemiol,0.00,1.00,0.00,0,1,,,,,,1,,,,,,,A10317:U10317,
10316,NLM9918418388606676,,EC Paediatr,0.00,1.00,0.00,0,1,,,,,1,,,,,,,,A10318:U10318,
10317,NLM9918645488106676,,Comput Diffus MRI,0.00,1.00,1.00,0,1,,1,,,,,,,,,,,A10319:U10319,
10318,NLM9918733586606676,,Mach Learn Clin Neuroimaging (2023),0.00,1.00,0.00,0,1,,,1,,,,,,,,,,A10320:U10320,
10319,NLM9918880085206676,,Med Image Underst Anal,0.00,1.00,0.00,0,1,,,1,,,,,,,,,,A10321:U10321,
10320,NLM9918938625706676,,Dis Biol Genet Socioecology,0.00,1.00,0.00,0,1,,,,,,,,1,,,,,A10322:U10322,
10321,NLM9919014195606676,,J Soc Int Educ Nurses,0.00,1.00,0.00,0,1,,,,,,1,,,,,,,A10323:U10323,
10322,NLM9919052437206676,,Comput Struct Bioinform (2024),0.00,1.00,1.00,0,1,1,,,,,,,,,,,,A10324:U10324,
10323,NLM9919165914206676,,Perinat Preterm Paediatr Image Anal (2025),0.00,1.00,0.00,0,1,,,,1,,,,,,,,,A10325:U10325,
10324,NLM9919210472006676,,Annot Real World Data Artif Intell Syst (2025),0.00,1.00,1.00,0,1,1,,,,,,,,,,,,A10326:U10326,
10325,NLM9919227356906676,,Urban Reg Ecol,0.00,1.00,0.00,0,1,1,,,,,,,,,,,,A10327:U10327,
10326,NLM9919227357506676,,Soc Sci Insights Appl,0.00,1.00,1.00,0,1,1,,,,,,,,,,,,A10328:U10328,
10327,NLM9919227856506676,,icSPORTS,0.00,1.00,1.00,0,1,1,,,,,,,,,,,,A10329:U10329,
10328,NLM9919228823206676,,Proc Int Conf Bioinform Biomed Technol,0.00,1.00,0.00,0,1,1,,,,,,,,,,,,A10330:U10330,
10329,NLM9919229519406676,,Proc Platf Adv Sci Comput Conf,0.00,1.00,0.00,0,1,,1,,,,,,,,,,,A10331:U10331,
10330,NLM9919229523506676,,IEEE EMBS Spec Top Conf Data Sci Eng Healthc Med Biol,0.00,1.00,0.00,0,1,1,,,,,,,,,,,,A10332:U10332,
10331,NLM9919230022206676,,Proc (UNIX Secur Symp),0.00,1.00,0.00,0,1,,1,,,,,,,,,,,A10333:U10333,
10332,NLM9919230022706676,,Appl Med Artif Intel (2025),0.00,1.00,0.00,0,1,,,,1,,,,,,,,,A10334:U10334,
10333,NLM9919231222206676,,Proc Annu Conf Compos Adv Ceram Mater Struct A Ceram Eng Sci Proc,0.00,1.00,0.00,0,1,,1,,,,,,,,,,,A10335:U10335,
10334,NLM9919231222406676,,Reconstr Imaging Motion Estim Graph Biomed Image Anal (2025),0.00,1.00,0.00,0,1,,1,,,,,,,,,,,A10336:U10336,
10335,NLM9919231222606676,,Sages Femmes,0.00,0.00,0.00,0,1,,,1,,,,,,,,,,A10337:U10337,
10336,NLM9919231223006676,,HCI Int 2021 Late Break Pap Multimodality Ext Real Artif Intell (2021),0.00,1.00,0.00,0,1,,,,,1,,,,,,,,A10338:U10338,
10337,NLM9919231323606676,,Vital Link,0.00,1.00,0.00,0,1,,1,,,,,,,,,,,A10339:U10339,
10338,NLM9919250716806676,,Proc Int Symp Intell Comp Netw 2025 (2025),0.00,1.00,0.00,0,1,,1,,,,,,,,,,,A10340:U10340,
10339,NLM9919251116606676,,Workshop Nat Lang Gener Eval Metr,0.00,1.00,0.00,0,1,,1,,,,,,,,,,,A10341:U10341,
10340,NLM9919251415306676,,Adv Lipoprotein A Res,0.00,1.00,0.00,0,1,,1,,,,,,,,,,,A10342:U10342,
10341,NLM9919251415606676,,Proc Int Workshop Health Text Min Inf Anal,0.00,1.00,0.00,0,1,,,1,,,,,,,,,,A10343:U10343,
10342,NLM9919251415806676,,Clin Nat Lang Process Workshop,0.00,1.00,0.00,0,1,,1,,,,,,,,,,,A10344:U10344,
10343,NLM9919251716306676,,Int J Expo Toxicol,0.00,1.00,0.00,0,1,,1,,,,,,,,,,,A10345:U10345,
10344,NLM9919252016806676,,Artif Intell Imaging Diagn Treat Chall Breast Care (2024),0.00,1.00,0.00,0,1,,1,,,,,,,,,,,A10346:U10346,
10345,NLM9919253016706676,,Proc Comput Humanit Res Conf,0.00,1.00,1.00,0,1,,,1,,,,,,,,,,A10347:U10347,
10346,NLM9919253516206676,,Pediatr Lifesp Data Sci (2024),0.00,1.00,1.00,0,1,,,1,,,,,,,,,,A10348:U10348,
10347,NLM9919254716106676,,Asian J Biol Sci,0.00,1.00,0.00,0,1,,,1,,,,,,,,,,A10349:U10349,
10348,NLM9919257214806676,,Jpn J Cancer Oncol Res,0.00,1.00,0.00,0,1,,,,,,,1,,,,,,A10350:U10350,
10349,NLM9919257815006676,,Int Workshop Spok Dialogue Syst Technol,0.00,1.00,0.00,0,1,,,,,1,,,,,,,,A10351:U10351,
10350,NLM9919257979006676,,Air Pollut Model Appl,0.00,1.00,1.00,0,1,,,,,,1,,,,,,,A10352:U10352,
10351,NLM9919258007506676,,J Aging Age Relat Dis,0.00,1.00,0.00,0,1,,,,,1,,,,,,,,A10353:U10353,
10352,NLM9919259516806676,,Knowl Graphs Semantic Web (2025),0.00,1.00,1.00,0,1,,,,,1,,,,,,,,A10354:U10354,
10353,NLM9919260000606676,,Natl High Sch J Sci,0.00,1.00,0.00,0,1,,,,,,1,,,,,,,A10355:U10355,
10354,NLM9919260203606676,,Intermt Eng Technol Comput,0.00,1.00,0.00,0,1,,,,,,1,,,,,,,A10356:U10356,
10355,NLM9919260203706676,,Convergence (2022),0.00,1.00,0.00,0,1,,,,,,1,,,,,,,A10357:U10357,
10356,NLM9919260204406676,,Learn Longitud Med Images Data (2025),0.00,1.00,0.00,0,1,,,,,,1,,,,,,,A10358:U10358,
10357,NLM9919268753206676,,2026 Int Bienn Conf Adv Artif Intell Data Sci (IBAAIDS) (2026),0.00,1.00,0.00,0,1,,,,,,,,1,,,,,A10359:U10359,
